{
	"format_version": "1.8.0",
	"animations": {
		"animation.seadra.ground_idle": {
			"loop": true,
			"bones": {
				"body": {
					"rotation": [32.5, 0, 0],
					"position": [0, -8.75, -3]
				},
				"head": {
					"rotation": ["-math.sin(q.anim_time*90*2-90)*4", 0, "-math.sin(q.anim_time*90*1)*2"]
				},
				"tail": {
					"rotation": [21.70708, -28.69263, -79.9052],
					"position": [0, -2, 0.5]
				},
				"torso": {
					"rotation": ["-17.5+math.sin(q.anim_time*90*2-90)*4", 0, "math.sin(q.anim_time*90*1)*2"]
				},
				"fin_right": {
					"rotation": [0, "-math.sin(q.anim_time*90*2)*10", 0]
				},
				"seadra": {
					"position": [0, 1, 0]
				},
				"fin_left": {
					"rotation": [0, "-math.sin(q.anim_time*90*2)*-10", 0]
				}
			}
		},
		"animation.seadra.ground_walk": {
			"loop": true,
			"bones": {
				"body": {
					"rotation": [32.5, 0, 0],
					"position": [0, -8.75, "-3+math.sin(q.anim_time*90*3+66)*3"]
				},
				"head": {
					"rotation": [
						"-math.sin(q.anim_time*90*3-90)*10+(math.sin(q.anim_time*90*3-45)*1+0.5)*10",
						0,
						"math.sin(q.anim_time*90*1)*2+math.sin(q.anim_time*90*2)*4"
					]
				},
				"tail": {
					"rotation": [21.70708, -28.69263, -79.9052],
					"position": [0, -2, 0.5]
				},
				"torso": {
					"rotation": ["-10+math.sin(q.anim_time*90*3-90)*10", 0, "math.sin(q.anim_time*90*1.5)*2"]
				},
				"fin_right": {
					"rotation": [0, "-math.sin(q.anim_time*90*3*2)*4", 0]
				},
				"fin_left": {
					"rotation": [0, "-math.sin(q.anim_time*90*3*2)*-4", 0]
				}
			}
		},
		"animation.seadra.water_idle": {
			"loop": true,
			"bones": {
				"body": {
					"rotation": ["math.sin(q.anim_time*90*2+33)*6+1", 0, 0],
					"position": [0, "math.sin(q.anim_time*90*2)*0.5", 0]
				},
				"head": {
					"rotation": ["-5-math.sin(q.anim_time*90*2+33)*2-math.sin(q.anim_time*90*2+33)*2", 0, 0]
				},
				"tail": {
					"rotation": ["-2.5+math.sin(q.anim_time*90*2-33*0)*4+2+math.clamp(math.sin(q.anim_time*90*2+33)*4,-4,0)", 0, 0]
				},
				"fin_right": {
					"rotation": [0, "5-math.sin(q.anim_time*90*4*2+33)*10", 0]
				},
				"torso": {
					"rotation": [5, 0, 0]
				},
				"tail2": {
					"rotation": [-12.5, 0, 0]
				},
				"tail3": {
					"rotation": [-22.5, 0, 0]
				},
				"fin_left": {
					"rotation": [0, "-5-math.sin(q.anim_time*90*4*2+33)*-10", 0]
				}
			}
		},
		"animation.seadra.water_swim": {
			"loop": true,
			"bones": {
				"body": {
					"rotation": ["35+math.sin(q.anim_time*90*4+33)*4", 0, 0],
					"position": [0, "math.sin(q.anim_time*90*2)*0.5", 0]
				},
				"head": {
					"rotation": ["-math.sin(q.anim_time*90*4+33)*2-math.sin(q.anim_time*90*4+33)*2", 0, 0]
				},
				"tail": {
					"rotation": ["math.sin(q.anim_time*90*4-33*0)*3+3", 0, 0]
				},
				"fin_right": {
					"rotation": [-15, "-math.sin(q.anim_time*90*4*3+33)*15", 0]
				},
				"fin_left": {
					"rotation": [-15, "-math.sin(q.anim_time*90*4*3+33)*-15", 0]
				}
			}
		},
		"animation.seadra.blink": {
			"animation_length": 0.1667,
			"bones": {
				"pupil_right": {
					"position": {
						"0.0": [0, 0, 0.1],
						"0.125": [0, 0, 0.1],
						"0.1667": [0, 0, 0]
					}
				},
				"pupil_left": {
					"position": {
						"0.0": [0, 0, 0.1],
						"0.125": [0, 0, 0.1],
						"0.1667": [0, 0, 0]
					}
				},
				"eyelid_right": {
					"position": {
						"0.0": [-0.1, 0, -0.1],
						"0.125": [-0.1, 0, -0.1],
						"0.1667": [0, 0, 0]
					}
				},
				"eyelid_left": {
					"position": {
						"0.0": [0.1, 0, -0.1],
						"0.125": [0.1, 0, -0.1],
						"0.1667": [0, 0, 0]
					}
				}
			}
		},
		"animation.seadra.sad": {
			"loop": true,
			"bones": {
				"mouth": {
					"rotation": [15, 0, 0]
				},
				"pupil_right": {
					"position": [0.3, 0.15, 0],
					"scale": [1, 1.15, 1]
				},
				"pupil_left": {
					"position": [-0.3, 0.15, 0],
					"scale": [1, 1.15, 1]
				},
				"eye_emote_left3": {
					"position": [-1, 0.25, -0.1],
					"scale": [1, 1.5, 1]
				},
				"eye_emote_left": {
					"position": [-1, 0, 0],
					"scale": [1.5, 1, 1]
				},
				"eye_emote_right": {
					"position": [1, 0, 0],
					"scale": [1.5, 1, 1]
				},
				"eye_emote_right3": {
					"position": [1, 0.25, -0.1],
					"scale": [1, 1.5, 1]
				},
				"eye_emote_right2": {
					"position": [0, 0, 0]
				},
				"eye_emote_left2": {
					"position": [0, 0, 0]
				}
			}
		},
		"animation.seadra.surprised": {
			"loop": true,
			"bones": {
				"mouth": {
					"rotation": [-12.5, 0, 0]
				},
				"eye_emote_right3": {
					"position": [0.5, 0.25, -0.1],
					"scale": [2, 1.5, 1]
				},
				"pupil_right": {
					"position": [0.3, 0.15, 0],
					"scale": [0.6, 0.6, 1]
				},
				"eye_emote_left3": {
					"position": [-0.5, 0.25, -0.1],
					"scale": [2, 1.5, 1]
				},
				"pupil_left": {
					"position": [-0.3, 0.15, 0],
					"scale": [0.6, 0.6, 1]
				}
			}
		},
		"animation.seadra.happy": {
			"loop": true,
			"bones": {
				"mouth": {
					"rotation": [-7.5, 0, 0]
				},
				"pupil_right": {
					"position": [0, 0, 0.1]
				},
				"pupil_left": {
					"position": [0, 0, 0.1]
				},
				"eyelid_happy_right": {
					"position": [-0.1, 0, -0.1]
				},
				"eyelid_happy_left": {
					"position": [0.1, 0, -0.1]
				}
			}
		},
		"animation.seadra.angry": {
			"loop": true,
			"bones": {
				"pupil_right": {
					"scale": [1, 0.7, 1]
				},
				"pupil_left": {
					"scale": [1, 0.7, 1]
				}
			}
		},
		"animation.seadra.cry": {
			"animation_length": 1.2,
			"sound_effects": {
				"0.04": {
					"effect": "pokemon.seadra.cry"
				}
			}
		}
	}
}