{
  "portraitScale": 1.27,
  "portraitTranslation": [-0.44, 2.17, 0.0],
  "profileScale": 0.48,
  "profileTranslation": [0.04, 1.16, 0.0],
  "rootBone": "kingdra",
  "animations": {
    "cry": "q.bedrock_stateful('kingdra', 'cry')"
  },
  "poses": {
    "standing": {
      "poseTypes": ["STAND", "NONE"],
      "animations": ["q.look('head')", "q.bedrock('kingdra', 'water_idle')"],
      "quirks": ["q.bedrock_quirk('kingdra', 'blink')"]
    },
    "walking": {
      "poseTypes": ["WALK"],
      "animations": ["q.look('head')", "q.bedrock('kingdra', 'water_idle')"],
      "quirks": ["q.bedrock_quirk('kingdra', 'blink')"]
    },
    "float": {
      "poseTypes": ["FLOAT", "PORTRAIT", "PROFILE"],
      "animations": ["q.look('head')", "q.bedrock('kingdra', 'water_idle')"],
      "quirks": ["q.bedrock_quirk('kingdra', 'blink')"]
    },
    "swim": {
      "poseTypes": ["SWIM"],
      "animations": ["q.look('head')", "q.bedrock('kingdra', 'water_idle')"],
      "quirks": ["q.bedrock_quirk('kingdra', 'blink')"]
    }
  }
}
