{
	"format_version": "1.8.0",
	"animations": {
		"animation.pignite.ground_idle": {
			"loop": true,
			"bones": {
				"torso": {
					"rotation": ["1+0.5*math.cos(q.anim_time*90*2-40)", 0, "0.3*math.sin(q.anim_time*90*1-65)"],
					"position": [0, "-0.1*math.cos(q.anim_time*90*2)", "0.1*math.cos(q.anim_time*90*2)"]
				},
				"waist": {
					"rotation": ["0.9+0.7*math.cos(q.anim_time*90*2-80)", 0, "0.6*math.sin(q.anim_time*90*1-95)"]
				},
				"head": {
					"rotation": ["2.25+1*math.cos(q.anim_time*90*2-110)", 0, 0]
				},
				"ear_left": {
					"rotation": ["-2.5+5*math.cos(q.anim_time*90*2-140)", 0, 5]
				},
				"ear_right": {
					"rotation": ["-2.5+5*math.cos(q.anim_time*90*2-140)", 0, -5]
				},
				"arm_left": {
					"rotation": ["4.4147+3*math.cos(q.anim_time*90*2-125)", 15.32664, "41.4091+2*math.cos(q.anim_time*90*2-80)"]
				},
				"arm_left2": {
					"rotation": [1.93029, "15.9075+2*math.cos(q.anim_time*90*2-155)", "7.6519+1*math.cos(q.anim_time*90*2-120)"]
				},
				"finger_left": {
					"rotation": [0, 0, 25]
				},
				"finger_left2": {
					"rotation": [0, 0, 25]
				},
				"arm_right": {
					"rotation": ["4.4147+3*math.cos(q.anim_time*90*2-125)", -15.32664, "-41.4091-2*math.cos(q.anim_time*90*2-80)"]
				},
				"arm_right2": {
					"rotation": [1.93029, "-15.9075-2*math.cos(q.anim_time*90*2-155)", "-7.6519-1*math.cos(q.anim_time*90*2-120)"]
				},
				"finger_right": {
					"rotation": [0, 0, -25]
				},
				"finger_right2": {
					"rotation": [0, 0, -25]
				},
				"leg_left": {
					"rotation": ["-12-2*math.cos(q.anim_time*90*2)", -25, 0],
					"position": ["-0.055*math.cos(q.anim_time*90*2)", "-0.375-0.06*math.cos(q.anim_time*90*2)", "0.12*math.cos(q.anim_time*90*2)"]
				},
				"leg_left2": {
					"rotation": ["12+2*math.cos(q.anim_time*90*2)", 0, 0]
				},
				"leg_right": {
					"rotation": ["-12-2*math.cos(q.anim_time*90*2)", 25, 0],
					"position": ["0.055*math.cos(q.anim_time*90*2)", "-0.375-0.06*math.cos(q.anim_time*90*2)", "0.12*math.cos(q.anim_time*90*2)"]
				},
				"leg_right2": {
					"rotation": ["12+2*math.cos(q.anim_time*90*2)", 0, 0]
				},
				"tail": {
					"rotation": ["1.75+1.7*math.cos(q.anim_time*90*2-95)", "3*math.cos(q.anim_time*90*1-25)", "1.3*math.sin(q.anim_time*90*1-25)"]
				},
				"tail2": {
					"rotation": ["6+1.7*math.cos(q.anim_time*90*2-135)", "4*math.cos(q.anim_time*90*1-55)", "2*math.sin(q.anim_time*90*1-55)"]
				},
				"tail3": {
					"rotation": ["3.75+2.3*math.cos(q.anim_time*90*2-175)", "6*math.cos(q.anim_time*90*1-95)", "3*math.sin(q.anim_time*90*1-95)"]
				}
			}
		},
		"animation.pignite.battle_idle": {
			"loop": true,
			"bones": {
				"torso": {
					"rotation": ["-0.4231+0.7*math.cos(q.anim_time*90*2-20)", 13.5774, "0.857-0.5*math.sin(q.anim_time*90*1-70)"],
					"position": [0.6, "-0.875-0.25*math.cos(q.anim_time*90*2)", "0.032+0.12*math.cos(q.anim_time*90*2)"]
				},
				"waist": {
					"rotation": ["-1.4553+1*math.cos(q.anim_time*90*2-55)", -6.8143, -0.9089]
				},
				"head": {
					"rotation": ["2.5505-1.3*math.cos(q.anim_time*90*1-95)", -6.4403, "-0.8701+0.5*math.sin(q.anim_time*90*1-70)"]
				},
				"ear_left": {
					"rotation": ["-2.3623+3.2*math.cos(q.anim_time*90*2-115)", 0.35399, 5.7304]
				},
				"ear_right": {
					"rotation": ["-2.3623+3.2*math.cos(q.anim_time*90*2-115)", -0.35399, -5.7304]
				},
				"arm_left": {
					"rotation": ["-170.474+1.6*math.cos(q.anim_time*90*2-75)", "10.4481+0.6*math.sin(q.anim_time*90*2-75)", "-25.9502+5*math.cos(q.anim_time*90*2-55)"],
					"position": [1.825, 0, 0]
				},
				"arm_left2": {
					"rotation": ["0.0068+1.3*math.cos(q.anim_time*90*2-105)", 0.06708, "69-3*math.cos(q.anim_time*90*2-95)"],
					"position": [-0.95, -0.45, 0]
				},
				"finger_left": {
					"rotation": [0, 0, 25]
				},
				"finger_left2": {
					"rotation": [0, 0, 25]
				},
				"arm_right": {
					"rotation": ["-170.474+1.6*math.cos(q.anim_time*90*2-75)", "-10.4481-0.6*math.sin(q.anim_time*90*2-75)", "25.9502-5*math.cos(q.anim_time*90*2-55)"],
					"position": [-1.825, 0, 0]
				},
				"arm_right2": {
					"rotation": ["0.0068+1.3*math.cos(q.anim_time*90*2-105)", -0.06708, "-69+3*math.cos(q.anim_time*90*2-95)"],
					"position": [0.95, -0.45, 0]
				},
				"finger_right": {
					"rotation": [0, 0, -25]
				},
				"finger_right2": {
					"rotation": [0, 0, -25]
				},
				"leg_left": {
					"rotation": ["-28-2*math.cos(q.anim_time*90*2)", -18, 0],
					"position": ["0.775-0.03*math.cos(q.anim_time*90*2)", "-0.97-0.097*math.cos(q.anim_time*90*2)", "-0.575+0.103*math.cos(q.anim_time*90*2)"]
				},
				"leg_left2": {
					"rotation": ["28+2*math.cos(q.anim_time*90*2)", 0, 0]
				},
				"leg_right": {
					"rotation": ["-28-2*math.cos(q.anim_time*90*2)", 58.25, 0],
					"position": ["0.275+0.091*math.cos(q.anim_time*90*2)", "-0.97-0.097*math.cos(q.anim_time*90*2)", "1.89+0.055*math.cos(q.anim_time*90*2)"]
				},
				"leg_right2": {
					"rotation": ["28+2*math.cos(q.anim_time*90*2)", 0, 0]
				},
				"body": {
					"position": [0, 0, 1]
				},
				"tail": {
					"rotation": ["8-2*math.cos(q.anim_time*90*2-60)", "5*math.cos(q.anim_time*90*1-35)", "1.3*math.sin(q.anim_time*90*1-25)"]
				},
				"tail2": {
					"rotation": ["7.5-2*math.cos(q.anim_time*90*2-90)", "7*math.cos(q.anim_time*90*1-65)", "2.3*math.sin(q.anim_time*90*1-55)"]
				},
				"tail3": {
					"rotation": ["1.552-2*math.cos(q.anim_time*90*2-130)", "8.5*math.cos(q.anim_time*90*1-105)", "-0.8307+3.3*math.sin(q.anim_time*90*1-95)"]
				},
				"mouth_smile": {
					"position": [0, 0, 0.1]
				},
				"mouth_frown": {
					"position": [0, 0, -0.1]
				},
				"pupil_left": {
					"position": [0, -0.325, 0]
				},
				"pupil_right": {
					"position": [0, -0.325, 0]
				}
			}
		},
		"animation.pignite.ground_walk": {
			"loop": true,
			"animation_length": 1.3333,
			"bones": {
				"torso": {
					"rotation": ["0.25+0.7*math.cos(q.anim_time*90*6-40)", "15*math.cos(q.anim_time*90*3+0)", "5*math.sin(q.anim_time*90*3+20)"],
					"position": [0, "-0.45*math.cos(q.anim_time*90*6)", "-1.1-0.15*math.cos(q.anim_time*90*6)"]
				},
				"waist": {
					"rotation": ["-0.25+1.3*math.cos(q.anim_time*90*6-70)", "-6*math.cos(q.anim_time*90*3-50)", "1.5*math.cos(q.anim_time*90*3-40)"]
				},
				"head": {
					"rotation": ["0.75+1.5*math.cos(q.anim_time*90*6-120)", "-7.75*math.cos(q.anim_time*90*3+20)", "-2*math.cos(q.anim_time*90*3-120)"]
				},
				"ear_left": {
					"rotation": ["-1+6*math.cos(q.anim_time*90*6-170)", 0, "5-7*math.cos(q.anim_time*90*3-20)"]
				},
				"ear_right": {
					"rotation": ["-1+6*math.cos(q.anim_time*90*6-170)", 0, "-5-7*math.cos(q.anim_time*90*3-20)"]
				},
				"arm_left": {
					"rotation": ["0.8098-5.1647*math.cos(q.anim_time*90*3-25)", "11.2154-17*math.cos(q.anim_time*90*3-5)", "31.4158+4*math.cos(q.anim_time*90*3-20)"],
					"position": [0, 0, "1*math.cos(q.anim_time*90*3+0)"]
				},
				"arm_left2": {
					"rotation": [8.54144, "10.7744-10*math.cos(q.anim_time*90*3-25)", "5.8028+1.5*math.cos(q.anim_time*90*6-80)"]
				},
				"finger_left": {
					"rotation": [0, 0, 25]
				},
				"finger_left2": {
					"rotation": [0, 0, 25]
				},
				"arm_right": {
					"rotation": ["0.8098+5.1647*math.cos(q.anim_time*90*3-25)", "-11.2154-17*math.cos(q.anim_time*90*3-5)", "-31.4158+4*math.cos(q.anim_time*90*3-20)"],
					"position": [0, 0, "-1*math.cos(q.anim_time*90*3+0)"]
				},
				"arm_right2": {
					"rotation": [8.54144, "-10.7744-10*math.cos(q.anim_time*90*3-25)", "-5.8028+1.5*math.cos(q.anim_time*90*6-80)"]
				},
				"finger_right": {
					"rotation": [0, 0, -25]
				},
				"finger_right2": {
					"rotation": [0, 0, -25]
				},
				"leg_left": {
					"rotation": {
						"0.0": [-23, -10, 0],
						"0.6667": [5, -10, 0],
						"0.75": [9.25, -10, -1.125],
						"0.875": {
							"pre": [11.835, -9.35, -3.925],
							"post": [11.835, -9.35, -3.925],
							"lerp_mode": "catmullrom"
						},
						"1.0": {
							"post": [0.84, -8.46, -4.225],
							"lerp_mode": "catmullrom"
						},
						"1.125": {
							"post": [-17.15, -8.64, -2.525],
							"lerp_mode": "catmullrom"
						},
						"1.25": [-22.275, -9.3, 0],
						"1.3333": [-23, -10, 0]
					},
					"position": {
						"0.0": [-0.3, -0.75, -2.55],
						"0.3333": [-0.09, -0.24, -0.7],
						"0.6667": [0.125, 0.105, 1.145],
						"0.75": [0.125, 0.155, 0.915],
						"0.8333": {
							"pre": [0.1, 0.705, 0.335],
							"post": [0.1, 0.705, 0.335],
							"lerp_mode": "catmullrom"
						},
						"0.9583": {
							"post": [0.05, 0.94, -0.405],
							"lerp_mode": "catmullrom"
						},
						"1.1667": {
							"post": [-0.105, 0.87, -1.41],
							"lerp_mode": "catmullrom"
						},
						"1.25": [-0.2, 0.175, -1.925],
						"1.3333": [-0.3, -0.75, -2.55]
					}
				},
				"leg_left2": {
					"rotation": {
						"0.0": [23, 0, 0],
						"0.6667": [3.5, 0, 0],
						"0.75": [12, 0, 0],
						"0.9167": {
							"pre": [19.31, 0, 0],
							"post": [19.31, 0, 0],
							"lerp_mode": "catmullrom"
						},
						"1.0417": {
							"post": [19.62, 0, 0],
							"lerp_mode": "catmullrom"
						},
						"1.1667": {
							"post": [0.18, 0, 0],
							"lerp_mode": "catmullrom"
						},
						"1.25": [2.75, 0, 0],
						"1.3333": [23, 0, 0]
					}
				},
				"leg_right": {
					"rotation": {
						"0.0": [5, 10, 0],
						"0.0833": [9.25, 10, 1.125],
						"0.2083": {
							"pre": [11.835, 9.35, 3.925],
							"post": [11.835, 9.35, 3.925],
							"lerp_mode": "catmullrom"
						},
						"0.3333": {
							"post": [0.84, 8.46, 4.225],
							"lerp_mode": "catmullrom"
						},
						"0.4583": {
							"post": [-17.15, 8.64, 2.525],
							"lerp_mode": "catmullrom"
						},
						"0.5833": [-22.275, 9.3, 0],
						"0.6667": [-23, 10, 0],
						"1.3333": [5, 10, 0]
					},
					"position": {
						"0.0": [-0.125, 0.105, 1.145],
						"0.0833": [-0.125, 0.155, 0.915],
						"0.1667": {
							"pre": [-0.1, 0.705, 0.335],
							"post": [-0.1, 0.705, 0.335],
							"lerp_mode": "catmullrom"
						},
						"0.2917": {
							"post": [-0.05, 0.94, -0.405],
							"lerp_mode": "catmullrom"
						},
						"0.5": {
							"post": [0.105, 0.87, -1.41],
							"lerp_mode": "catmullrom"
						},
						"0.5833": [0.2, 0.175, -1.925],
						"0.6667": [0.3, -0.75, -2.55],
						"1.0": [0.09, -0.24, -0.7],
						"1.3333": [-0.125, 0.105, 1.145]
					}
				},
				"leg_right2": {
					"rotation": {
						"0.0": [3.5, 0, 0],
						"0.0833": [12, 0, 0],
						"0.25": {
							"pre": [19.31, 0, 0],
							"post": [19.31, 0, 0],
							"lerp_mode": "catmullrom"
						},
						"0.375": {
							"post": [19.62, 0, 0],
							"lerp_mode": "catmullrom"
						},
						"0.5": {
							"post": [0.18, 0, 0],
							"lerp_mode": "catmullrom"
						},
						"0.5833": [2.75, 0, 0],
						"0.6667": [23, 0, 0],
						"1.3333": [3.5, 0, 0]
					}
				},
				"tail": {
					"rotation": ["0.7*math.cos(q.anim_time*90*6-35)", "9*math.cos(q.anim_time*90*3-80)", "-3*math.cos(q.anim_time*90*3-45)"]
				},
				"tail2": {
					"rotation": ["1*math.cos(q.anim_time*90*6-65)", "12*math.cos(q.anim_time*90*3-110)", "-5*math.cos(q.anim_time*90*3-75)"]
				},
				"tail3": {
					"rotation": ["1.5*math.cos(q.anim_time*90*6-105)", "10*math.cos(q.anim_time*90*3-150)", "-7*math.cos(q.anim_time*90*3-115)"]
				}
			}
		},
		"animation.pignite.sleep": {
			"loop": true,
			"bones": {
				"torso": {
					"rotation": [-1, 0, 0]
				},
				"waist": {
					"rotation": ["-0.25-0.3*math.cos(q.anim_time*90*1-60)", 0, 0]
				},
				"head": {
					"rotation": ["-12.4656+0.9*math.cos(q.anim_time*90*1-70)", 2.97354, -4.21054]
				},
				"ear_left": {
					"rotation": ["-25.7603-2*math.cos(q.anim_time*90*1-120)", -2.08538, 5.84963]
				},
				"ear_right": {
					"rotation": ["-21.3411-2*math.cos(q.anim_time*90*1-120)", -5.41917, -3.07487]
				},
				"arm_left": {
					"rotation": [-89.5432, "-55.6547+1*math.cos(q.anim_time*90*1-30)", 11.68455],
					"position": ["-0.07*math.cos(q.anim_time*90*1-30)", "0.02*math.cos(q.anim_time*90*1-30)", "-0.04*math.cos(q.anim_time*90*1-30)"]
				},
				"arm_left2": {
					"rotation": ["1.0205+0.655*math.cos(q.anim_time*90*1-30)", 5.70007, "46.2941-1*math.cos(q.anim_time*90*1-30)"],
					"position": [-0.375, 0, 0]
				},
				"finger_left": {
					"rotation": [0, 0, 25]
				},
				"finger_left2": {
					"rotation": [0, 0, 25]
				},
				"arm_right": {
					"rotation": [-53.67244, "-57.5986-1*math.cos(q.anim_time*90*1-90)", "-21.6565-1*math.cos(q.anim_time*90*1-90)"],
					"position": ["-0.175+0.05*math.cos(q.anim_time*90*1-60)", -0.6, "-0.725+0.1*math.cos(q.anim_time*90*1-60)"]
				},
				"arm_right2": {
					"rotation": [-3.30761, -10.7927, "-45.4425+3*math.cos(q.anim_time*90*1-75)"],
					"position": [1.175, 0, 0]
				},
				"finger_right": {
					"rotation": [0, 0, -25]
				},
				"finger_right2": {
					"rotation": [0, 0, -25]
				},
				"leg_left": {
					"rotation": ["23.9117-0.9*math.cos(q.anim_time*90*1-90)", "-18.9595-1*math.cos(q.anim_time*90*1-100)", -17.5198],
					"position": [0, -0.325, 0]
				},
				"leg_left2": {
					"rotation": ["35.75-1.3*math.cos(q.anim_time*90*1-130)", 0, "1.4*math.cos(q.anim_time*90*1-140)"]
				},
				"leg_right": {
					"rotation": ["23.9117-0.9*math.cos(q.anim_time*90*1-90)", "18.9595+1*math.cos(q.anim_time*90*1-100)", 17.5198],
					"position": [0, -0.325, 0]
				},
				"leg_right2": {
					"rotation": ["35.75-1.3*math.cos(q.anim_time*90*1-130)", 0, "-1.4*math.cos(q.anim_time*90*1-140)"]
				},
				"body": {
					"rotation": ["-88.7488-0.3*math.cos(q.anim_time*90*1-20)", -0.04798, -2.74958],
					"position": [0, "-5.825-0.05*math.cos(q.anim_time*90*1)", "0.05*math.cos(q.anim_time*90*1-40)"]
				},
				"tail": {
					"rotation": [0, 85.25, 0],
					"position": [0.35, 0, 0]
				},
				"tail2": {
					"rotation": [0, 26, 0]
				},
				"tail3": {
					"rotation": ["19.5-0.1*math.cos(q.anim_time*90*1)", -22, "0.6*math.cos(q.anim_time*90*1)"]
				},
				"snout": {
					"rotation": ["2.3*math.cos(q.anim_time*90*1-30)", 0, 0]
				},
				"mouth_smile": {
					"position": [0, 0, 0.1]
				},
				"mouth_neutral": {
					"position": [0, 0, -0.1]
				},
				"eyelid_left": {
					"position": [0, 0, -0.1]
				},
				"eyelid_right": {
					"position": [0, 0, -0.1]
				}
			}
		},
		"animation.pignite.cry": {
			"animation_length": 2.5,
			"bones": {
				"mouth_smile": {
					"position": {
						"0.1667": [0, 0, 0],
						"0.25": {"pre": [0, 0, 0], "post": [0, 0, 1]},
						"1.2917": {"pre": [0, 0, 1], "post": [0, 0, 0]}
					}
				},
				"mouth_frown": {
					"position": {
						"0.1667": [0, 0, 0],
						"0.25": {"pre": [0, 0, 0], "post": [0, 0, 1]},
						"1.2917": {"pre": [0, 0, 1], "post": [0, 0, 0]}
					}
				},
				"mouth_neutral": {
					"position": {
						"0.0": [0, 0, 0],
						"0.0833": {"pre": [0, 0, 0], "post": [0, 0, 1]},
						"1.125": {"pre": [0, 0, 1], "post": [0, 0, 0]}
					}
				},
				"mouth_open_curve_up": {
					"position": {
						"0.1667": [0, 0, 0],
						"0.5": {"pre": [0, 0, 0], "post": [0, 0, -0.1]},
						"0.7917": {"pre": [0, 0, -0.1], "post": [0, 0, 0]}
					}
				},
				"mouth_open_o": {
					"position": {
						"0.1667": [0, 0, 0],
						"0.25": {"pre": [0, 0, 0], "post": [0, 0, -0.1]},
						"0.5": {"pre": [0, 0, -0.1], "post": [0, 0, 0]},
						"0.7917": {"pre": [0, 0, 0], "post": [0, 0, -0.1]},
						"1.2917": {"pre": [0, 0, -0.1], "post": [0, 0, 0]}
					}
				},
				"torso": {
					"rotation": {
						"0.0": [0, 0, 0],
						"0.125": {
							"pre": [0.25, 0, 0],
							"post": [0.25, 0, 0],
							"lerp_mode": "catmullrom"
						},
						"0.375": {
							"post": [-0.915, 0, 1.025],
							"lerp_mode": "catmullrom"
						},
						"0.625": {
							"post": [2.2, 0, 1.025],
							"lerp_mode": "catmullrom"
						},
						"0.7917": {
							"post": [2.34, 0, 0],
							"lerp_mode": "catmullrom"
						},
						"1.0417": {
							"post": [-0.825, 0, -0.9],
							"lerp_mode": "catmullrom"
						},
						"1.375": {
							"post": [-0.965, 0, -0.7],
							"lerp_mode": "catmullrom"
						},
						"1.875": {
							"post": [0, 0, 0],
							"lerp_mode": "catmullrom"
						},
						"2.5": [0, 0, 0]
					},
					"position": {
						"0.0": [0, 0, 0],
						"0.125": {
							"pre": [0, 0, 0],
							"post": [0, 0, 0],
							"lerp_mode": "catmullrom"
						},
						"0.2917": {
							"post": [0, 0.08, 0],
							"lerp_mode": "catmullrom"
						},
						"0.5": {
							"post": [0, -0.04, 0],
							"lerp_mode": "catmullrom"
						},
						"0.6667": {
							"post": [0, 0.115, 0],
							"lerp_mode": "catmullrom"
						},
						"0.875": {
							"post": [0, -0.01, 0],
							"lerp_mode": "catmullrom"
						},
						"1.0417": {
							"post": [0, 0.19, 0],
							"lerp_mode": "catmullrom"
						},
						"1.5833": {
							"post": [0, 0.14, 0],
							"lerp_mode": "catmullrom"
						},
						"2.0833": {
							"post": [0, 0, 0],
							"lerp_mode": "catmullrom"
						},
						"2.5": [0, 0, 0]
					}
				},
				"waist": {
					"rotation": {
						"0.0": [0, 0, 0],
						"0.2083": {
							"pre": [-1.25, 0, 0],
							"post": [-1.25, 0, 0],
							"lerp_mode": "catmullrom"
						},
						"0.4583": {
							"post": [-0.915, 0, 0.675],
							"lerp_mode": "catmullrom"
						},
						"0.7083": {
							"post": [2.2, 0, 0.675],
							"lerp_mode": "catmullrom"
						},
						"0.875": {
							"post": [2.34, 0, 0],
							"lerp_mode": "catmullrom"
						},
						"1.125": {
							"post": [-0.825, 0, -0.625],
							"lerp_mode": "catmullrom"
						},
						"1.4167": {
							"post": [-0.965, 0, -0.625],
							"lerp_mode": "catmullrom"
						},
						"1.9583": {
							"post": [0, 0, 0],
							"lerp_mode": "catmullrom"
						},
						"2.5": [0, 0, 0]
					}
				},
				"tail": {
					"rotation": {
						"0.0": [0, 0, 0],
						"0.25": {
							"pre": [0.25, 0, 0],
							"post": [0.25, 0, 0],
							"lerp_mode": "catmullrom"
						},
						"0.5": {
							"post": [-0.915, 0, 1.025],
							"lerp_mode": "catmullrom"
						},
						"0.75": {
							"post": [2.2, 0, 1.025],
							"lerp_mode": "catmullrom"
						},
						"1.1667": {
							"post": [-4.225, 0, -2.775],
							"lerp_mode": "catmullrom"
						},
						"1.5": {
							"post": [-4.365, 0, -2.575],
							"lerp_mode": "catmullrom"
						},
						"2.0": {
							"post": [0, 0, 0],
							"lerp_mode": "catmullrom"
						},
						"2.5": [0, 0, 0]
					}
				},
				"tail2": {
					"rotation": {
						"0.0": [0, 0, 0],
						"0.375": {
							"pre": [0.25, 0, 0],
							"post": [0.25, 0, 0],
							"lerp_mode": "catmullrom"
						},
						"0.625": {
							"post": [-0.915, 0, 1.025],
							"lerp_mode": "catmullrom"
						},
						"0.875": {
							"post": [2.2, 0, 1.025],
							"lerp_mode": "catmullrom"
						},
						"1.2917": {
							"post": [-3.85, 0, -2.825],
							"lerp_mode": "catmullrom"
						},
						"1.625": {
							"post": [-3.99, 0, -2.625],
							"lerp_mode": "catmullrom"
						},
						"2.125": {
							"post": [0, 0, 0],
							"lerp_mode": "catmullrom"
						},
						"2.5": [0, 0, 0]
					}
				},
				"tail3": {
					"rotation": {
						"0.0": [0, 0, 0],
						"0.5417": {
							"pre": [0.25, 0, 0],
							"post": [0.25, 0, 0],
							"lerp_mode": "catmullrom"
						},
						"0.7917": {
							"post": [-0.915, 0, 1.025],
							"lerp_mode": "catmullrom"
						},
						"1.0417": {
							"post": [2.2, 0, 1.025],
							"lerp_mode": "catmullrom"
						},
						"1.4583": {
							"post": [-4.4, 0, -2.4],
							"lerp_mode": "catmullrom"
						},
						"1.7917": {
							"post": [-4.54, 0, -2.2],
							"lerp_mode": "catmullrom"
						},
						"2.25": {
							"post": [0, 0, 0],
							"lerp_mode": "catmullrom"
						},
						"2.5": [0, 0, 0]
					}
				},
				"head": {
					"rotation": {
						"0.0": [0, 0, 0],
						"0.3333": {
							"pre": [0.25, 0, 0],
							"post": [0.25, 0, 0],
							"lerp_mode": "catmullrom"
						},
						"0.5833": {
							"post": [-0.915, 0, -1.825],
							"lerp_mode": "catmullrom"
						},
						"0.7917": {
							"post": [-4.55, 0, -1.825],
							"lerp_mode": "catmullrom"
						},
						"0.9583": {
							"post": [2.34, 0, 0],
							"lerp_mode": "catmullrom"
						},
						"1.2917": {
							"post": [-0.825, 0, 1.5],
							"lerp_mode": "catmullrom"
						},
						"1.5417": {
							"post": [-0.965, 0, 1.5],
							"lerp_mode": "catmullrom"
						},
						"2.0833": {
							"post": [0, 0, 0],
							"lerp_mode": "catmullrom"
						},
						"2.5": [0, 0, 0]
					}
				},
				"snout": {
					"rotation": {
						"0.2083": [0, 0, 0],
						"0.375": {
							"pre": [-2.625, 0, 0],
							"post": [-2.625, 0, 0],
							"lerp_mode": "catmullrom"
						},
						"0.5": {
							"post": [1.925, 0, 0],
							"lerp_mode": "catmullrom"
						},
						"0.625": {
							"post": [-1.8, 0, 0],
							"lerp_mode": "catmullrom"
						},
						"0.7917": {
							"post": [1.425, 0, 0],
							"lerp_mode": "catmullrom"
						},
						"0.9583": {
							"post": [-2.125, 0, 0],
							"lerp_mode": "catmullrom"
						},
						"1.25": {
							"post": [-3.5, 0, 0],
							"lerp_mode": "catmullrom"
						},
						"1.7917": {
							"post": [0.2, 0, 0],
							"lerp_mode": "catmullrom"
						},
						"2.5": {
							"post": [0, 0, 0],
							"lerp_mode": "catmullrom"
						}
					}
				},
				"ear_left": {
					"rotation": {
						"0.125": [0, 0, 0],
						"0.3333": {
							"pre": [-4.5, 0, 0],
							"post": [-4.5, 0, 0],
							"lerp_mode": "catmullrom"
						},
						"0.6667": {
							"post": [2, 0, 0],
							"lerp_mode": "catmullrom"
						},
						"0.875": {
							"post": [-3.5, 0, 0],
							"lerp_mode": "catmullrom"
						},
						"1.0417": {
							"post": [3.25, 0, 0],
							"lerp_mode": "catmullrom"
						},
						"1.3333": {
							"post": [-8.2, 0, 0],
							"lerp_mode": "catmullrom"
						},
						"1.625": {
							"post": [-8.2, 0, 0],
							"lerp_mode": "catmullrom"
						},
						"2.2083": {
							"post": [0, 0, 0],
							"lerp_mode": "catmullrom"
						},
						"2.5": [0, 0, 0]
					}
				},
				"ear_right": {
					"rotation": {
						"0.125": [0, 0, 0],
						"0.3333": {
							"pre": [-4.5, 0, 0],
							"post": [-4.5, 0, 0],
							"lerp_mode": "catmullrom"
						},
						"0.6667": {
							"post": [2, 0, 0],
							"lerp_mode": "catmullrom"
						},
						"0.875": {
							"post": [-3.5, 0, 0],
							"lerp_mode": "catmullrom"
						},
						"1.0417": {
							"post": [3.25, 0, 0],
							"lerp_mode": "catmullrom"
						},
						"1.3333": {
							"post": [-8.2, 0, 0],
							"lerp_mode": "catmullrom"
						},
						"1.625": {
							"post": [-8.2, 0, 0],
							"lerp_mode": "catmullrom"
						},
						"2.2083": {
							"post": [0, 0, 0],
							"lerp_mode": "catmullrom"
						},
						"2.5": [0, 0, 0]
					}
				},
				"arm_left": {
					"rotation": {
						"0.0": [0, 0, 0],
						"0.3333": {
							"pre": [0, 0, 3.25],
							"post": [0, 0, 3.25],
							"lerp_mode": "catmullrom"
						},
						"0.625": {
							"post": [0, 0, -15.25],
							"lerp_mode": "catmullrom"
						},
						"0.7917": {
							"post": [0, 5.95, -14.5],
							"lerp_mode": "catmullrom"
						},
						"1.0": {
							"post": [0, 12.05, 8.25],
							"lerp_mode": "catmullrom"
						},
						"1.1667": {
							"post": [0, 10.55, 8.25],
							"lerp_mode": "catmullrom"
						},
						"1.7917": {
							"post": [0, 0, 0],
							"lerp_mode": "catmullrom"
						},
						"2.5": [0, 0, 0]
					}
				},
				"arm_left2": {
					"rotation": {
						"0.0": [0, 0, 0],
						"0.375": {
							"pre": [0, 0, 3],
							"post": [0, 0, 3],
							"lerp_mode": "catmullrom"
						},
						"0.625": {
							"post": [0, 0, -7],
							"lerp_mode": "catmullrom"
						},
						"0.875": {
							"post": [0, 0, -9],
							"lerp_mode": "catmullrom"
						},
						"1.0833": {
							"post": [0, 0, 13],
							"lerp_mode": "catmullrom"
						},
						"1.25": {
							"post": [0, 0, 8.5],
							"lerp_mode": "catmullrom"
						},
						"1.875": {
							"post": [0, 0, 0],
							"lerp_mode": "catmullrom"
						},
						"2.5": [0, 0, 0]
					}
				},
				"arm_right": {
					"rotation": {
						"0.0": [0, 0, 0],
						"0.3333": {
							"pre": [0, 0, -3.25],
							"post": [0, 0, -3.25],
							"lerp_mode": "catmullrom"
						},
						"0.625": {
							"post": [0, 0, 15.25],
							"lerp_mode": "catmullrom"
						},
						"0.7917": {
							"post": [0, -5.95, 14.5],
							"lerp_mode": "catmullrom"
						},
						"1.0": {
							"post": [0, -12.05, -8.25],
							"lerp_mode": "catmullrom"
						},
						"1.1667": {
							"post": [0, -10.55, -8.25],
							"lerp_mode": "catmullrom"
						},
						"1.7917": {
							"post": [0, 0, 0],
							"lerp_mode": "catmullrom"
						},
						"2.5": [0, 0, 0]
					}
				},
				"arm_right2": {
					"rotation": {
						"0.0": [0, 0, 0],
						"0.375": {
							"pre": [0, 0, -3],
							"post": [0, 0, -3],
							"lerp_mode": "catmullrom"
						},
						"0.625": {
							"post": [0, 0, 7],
							"lerp_mode": "catmullrom"
						},
						"0.875": {
							"post": [0, 0, 9],
							"lerp_mode": "catmullrom"
						},
						"1.0833": {
							"post": [0, 0, -13],
							"lerp_mode": "catmullrom"
						},
						"1.25": {
							"post": [0, 0, -8.5],
							"lerp_mode": "catmullrom"
						},
						"1.875": {
							"post": [0, 0, 0],
							"lerp_mode": "catmullrom"
						},
						"2.5": [0, 0, 0]
					}
				}
			},
			"sound_effects": {
				"0.25": {
					"effect": "pokemon.pignite.cry"
				}
			}
		},
		"animation.pignite.blink": {
			"animation_length": 0.1667,
			"bones": {
				"eyelid_left": {
					"position": {
						"0.0": [0, 0, -0.1],
						"0.125": [0, 0, -0.1],
						"0.1667": [0, 0, 0]
					}
				},
				"eyelid_right": {
					"position": {
						"0.0": [0, 0, -0.1],
						"0.125": [0, 0, -0.1],
						"0.1667": [0, 0, 0]
					}
				}
			}
		},
		"animation.pignite.recoil": {
			"animation_length": 1.5,
			"bones": {
				"eyelid_recoil_left": {
					"position": {
						"0.0": [0, 0, -0.1],
						"0.2083": {"pre": [0, 0, -0.1], "post": [0, 0, 0]}
					}
				},
				"eyelid_recoil_right": {
					"position": {
						"0.0": [0, 0, -0.1],
						"0.2083": {"pre": [0, 0, -0.1], "post": [0, 0, 0]}
					}
				},
				"torso": {
					"rotation": {
						"0.0": [0, 0, 0],
						"0.0417": [3.5, 0, 0],
						"0.125": {
							"pre": [-3.5, 0, 0],
							"post": [-3.5, 0, 0],
							"lerp_mode": "catmullrom"
						},
						"0.5833": {
							"post": [0.825, 0, 0],
							"lerp_mode": "catmullrom"
						},
						"1.0417": {
							"post": [0, 0, 0],
							"lerp_mode": "catmullrom"
						},
						"1.5": [0, 0, 0]
					},
					"position": {
						"0.0": [0, 0, 0],
						"0.0417": [0, 0, 0.6],
						"0.5": {
							"pre": [0, 0, 0],
							"post": [0, 0, 0],
							"lerp_mode": "catmullrom"
						},
						"0.9583": {
							"post": [0, 0, 0],
							"lerp_mode": "catmullrom"
						},
						"1.5": [0, 0, 0]
					}
				},
				"waist": {
					"rotation": {
						"0.0": [0, 0, 0],
						"0.0417": [2, 0, 0],
						"0.1667": {
							"pre": [-2, 0, 0],
							"post": [-2, 0, 0],
							"lerp_mode": "catmullrom"
						},
						"0.6667": {
							"post": [0.675, 0, 0],
							"lerp_mode": "catmullrom"
						},
						"1.0833": {
							"post": [0, 0, 0],
							"lerp_mode": "catmullrom"
						},
						"1.5": [0, 0, 0]
					}
				},
				"tail": {
					"rotation": {
						"0.0": [0, 0, 0],
						"0.0417": {
							"pre": [-15.25, 0, 0],
							"post": [-15.25, 0, 0],
							"lerp_mode": "catmullrom"
						},
						"0.625": {
							"post": [0.7, 0, 0],
							"lerp_mode": "catmullrom"
						},
						"1.0833": {
							"post": [0, 0, 0],
							"lerp_mode": "catmullrom"
						},
						"1.5": [0, 0, 0]
					}
				},
				"tail2": {
					"rotation": {
						"0.0": [0, 0, 0],
						"0.0833": {
							"pre": [-9.55, 0, 0],
							"post": [-9.55, 0, 0],
							"lerp_mode": "catmullrom"
						},
						"0.6667": {
							"post": [0.5, 0, 0],
							"lerp_mode": "catmullrom"
						},
						"1.125": {
							"post": [0, 0, 0],
							"lerp_mode": "catmullrom"
						},
						"1.5": [0, 0, 0]
					}
				},
				"tail3": {
					"rotation": {
						"0.0": [0, 0, 0],
						"0.125": {
							"pre": [-10.65, 0, 0],
							"post": [-10.65, 0, 0],
							"lerp_mode": "catmullrom"
						},
						"0.7083": {
							"post": [1, 0, 0],
							"lerp_mode": "catmullrom"
						},
						"1.1667": {
							"post": [0, 0, 0],
							"lerp_mode": "catmullrom"
						},
						"1.5": [0, 0, 0]
					}
				},
				"head": {
					"rotation": {
						"0.0": [0, 0, 0],
						"0.0417": [2, 0, 0],
						"0.2083": {
							"pre": [-2, 0, 0],
							"post": [-2, 0, 0],
							"lerp_mode": "catmullrom"
						},
						"0.7083": {
							"post": [0.975, 0, 0],
							"lerp_mode": "catmullrom"
						},
						"1.125": {
							"post": [0, 0, 0],
							"lerp_mode": "catmullrom"
						},
						"1.5": [0, 0, 0]
					}
				},
				"ear_left": {
					"rotation": {
						"0.0": [0, 0, 0],
						"0.0417": [22.27, 0, 0],
						"0.2917": {
							"pre": [-2, 0, 0],
							"post": [-2, 0, 0],
							"lerp_mode": "catmullrom"
						},
						"0.7083": {
							"post": [1.75, 0, 0],
							"lerp_mode": "catmullrom"
						},
						"1.125": {
							"post": [0, 0, 0],
							"lerp_mode": "catmullrom"
						},
						"1.5": [0, 0, 0]
					}
				},
				"ear_right": {
					"rotation": {
						"0.0": [0, 0, 0],
						"0.0417": [22.27, 0, 0],
						"0.2917": {
							"pre": [-2, 0, 0],
							"post": [-2, 0, 0],
							"lerp_mode": "catmullrom"
						},
						"0.7083": {
							"post": [1.75, 0, 0],
							"lerp_mode": "catmullrom"
						},
						"1.125": {
							"post": [0, 0, 0],
							"lerp_mode": "catmullrom"
						},
						"1.5": [0, 0, 0]
					}
				},
				"eyelid_left": {
					"position": {
						"0.0": [0, 0, 0.1],
						"0.2083": {"pre": [0, 0, 0.1], "post": [0, 0, 0]}
					}
				},
				"eyelid_unamused_left": {
					"position": {
						"0.0": [0, 0, 0.1],
						"0.2083": {"pre": [0, 0, 0.1], "post": [0, 0, 0]}
					}
				},
				"eyelid_sad_left": {
					"position": {
						"0.0": [0, 0, 0.1],
						"0.2083": {"pre": [0, 0, 0.1], "post": [0, 0, 0]}
					}
				},
				"eyelid_happy_left": {
					"position": {
						"0.0": [0, 0, 0.1],
						"0.2083": {"pre": [0, 0, 0.1], "post": [0, 0, 0]}
					}
				},
				"eyelid_right": {
					"position": {
						"0.0": [0, 0, 0.1],
						"0.2083": {"pre": [0, 0, 0.1], "post": [0, 0, 0]}
					}
				},
				"eyelid_unamused_right": {
					"position": {
						"0.0": [0, 0, 0.1],
						"0.2083": {"pre": [0, 0, 0.1], "post": [0, 0, 0]}
					}
				},
				"eyelid_sad_right": {
					"position": {
						"0.0": [0, 0, 0.1],
						"0.2083": {"pre": [0, 0, 0.1], "post": [0, 0, 0]}
					}
				},
				"eyelid_happy_right": {
					"position": {
						"0.0": [0, 0, 0.1],
						"0.2083": {"pre": [0, 0, 0.1], "post": [0, 0, 0]}
					}
				},
				"arm_left": {
					"rotation": {
						"0.0": [0, 0, 0],
						"0.125": {
							"pre": [0, -14.75, 0],
							"post": [0, -14.75, 0],
							"lerp_mode": "catmullrom"
						},
						"0.5833": {
							"post": [0, 0, 0],
							"lerp_mode": "catmullrom"
						},
						"1.0833": {
							"post": [0, 0, 0],
							"lerp_mode": "catmullrom"
						},
						"1.5": [0, 0, 0]
					}
				},
				"arm_left2": {
					"rotation": {
						"0.0": [0, 0, 0],
						"0.2083": {
							"pre": [0, -9.75, 0],
							"post": [0, -9.75, 0],
							"lerp_mode": "catmullrom"
						},
						"0.6667": {
							"post": [0, 0.25, 0],
							"lerp_mode": "catmullrom"
						},
						"1.1667": {
							"post": [0, 0, 0],
							"lerp_mode": "catmullrom"
						},
						"1.5": [0, 0, 0]
					}
				},
				"arm_right": {
					"rotation": {
						"0.0": [0, 0, 0],
						"0.125": {
							"pre": [0, 14.75, 0],
							"post": [0, 14.75, 0],
							"lerp_mode": "catmullrom"
						},
						"0.5833": {
							"post": [0, 0, 0],
							"lerp_mode": "catmullrom"
						},
						"1.0833": {
							"post": [0, 0, 0],
							"lerp_mode": "catmullrom"
						},
						"1.5": [0, 0, 0]
					}
				},
				"arm_right2": {
					"rotation": {
						"0.0": [0, 0, 0],
						"0.2083": {
							"pre": [0, 9.75, 0],
							"post": [0, 9.75, 0],
							"lerp_mode": "catmullrom"
						},
						"0.6667": {
							"post": [0, -0.25, 0],
							"lerp_mode": "catmullrom"
						},
						"1.1667": {
							"post": [0, 0, 0],
							"lerp_mode": "catmullrom"
						},
						"1.5": [0, 0, 0]
					}
				}
			}
		},
		"animation.pignite.look_quirk": {
			"animation_length": 5,
			"bones": {
				"torso": {
					"rotation": {
						"0.0": [0, 0, 0],
						"0.375": {
							"pre": [0, 3, 0],
							"post": [0, 3, 0],
							"lerp_mode": "catmullrom"
						},
						"1.0": {
							"post": [0, 4, 0],
							"lerp_mode": "catmullrom"
						},
						"1.7917": {
							"post": [0, -3.225, 0],
							"lerp_mode": "catmullrom"
						},
						"2.875": {
							"post": [0, -4.975, 0],
							"lerp_mode": "catmullrom"
						},
						"3.9167": {
							"post": [0, 0, 0],
							"lerp_mode": "catmullrom"
						},
						"5.0": [0, 0, 0]
					}
				},
				"waist": {
					"rotation": {
						"0.0": [0, 0, 0],
						"0.2083": {
							"pre": [1.75, 1.2428, 0],
							"post": [1.75, 1.2428, 0],
							"lerp_mode": "catmullrom"
						},
						"0.4583": {
							"post": [0, 3, 0],
							"lerp_mode": "catmullrom"
						},
						"1.0833": {
							"post": [0, 3.9, 0],
							"lerp_mode": "catmullrom"
						},
						"1.5": {
							"post": [2.5, -0.63437, 0],
							"lerp_mode": "catmullrom"
						},
						"1.9167": {
							"post": [0, -4.9, 0],
							"lerp_mode": "catmullrom"
						},
						"3.0417": {
							"post": [0, -6.05, 0],
							"lerp_mode": "catmullrom"
						},
						"3.5417": {
							"post": [1.25, -3.73437, 0],
							"lerp_mode": "catmullrom"
						},
						"4.0833": {
							"post": [0, 0, 0],
							"lerp_mode": "catmullrom"
						},
						"5.0": [0, 0, 0]
					}
				},
				"head": {
					"rotation": {
						"0.0": [0, 0, 0],
						"0.3333": {
							"pre": [0, 3, 0.8],
							"post": [0, 3, 0.8],
							"lerp_mode": "catmullrom"
						},
						"0.6667": {
							"post": [-1, 5.12878, 1.2],
							"lerp_mode": "catmullrom"
						},
						"1.1667": {
							"post": [-0.8, 6.075, 1.2],
							"lerp_mode": "catmullrom"
						},
						"1.5": {
							"post": [1.3219, 1.71088, 0],
							"lerp_mode": "catmullrom"
						},
						"2.0417": {
							"post": [-1.5, -2.575, -1],
							"lerp_mode": "catmullrom"
						},
						"2.7083": {
							"post": [-1.5, -3.325, -1.6],
							"lerp_mode": "catmullrom"
						},
						"3.4583": {
							"post": [1.5, -2.625, -1],
							"lerp_mode": "catmullrom"
						},
						"4.1667": {
							"post": [0, 0, 0],
							"lerp_mode": "catmullrom"
						},
						"5.0": [0, 0, 0]
					}
				},
				"pupil_left": {
					"position": {
						"0.0": [0, 0, 0],
						"0.375": {"pre": [0, 0, 0], "post": [-0.1, 0, 0]},
						"1.4583": {"pre": [-0.1, 0, 0], "post": [0.6, 0, 0]},
						"2.9583": {"pre": [0.6, 0, 0], "post": [0, 0, 0]}
					}
				},
				"eyelid_left": {
					"position": {
						"0.0": [0, 0, 0],
						"0.0417": {"pre": [0, 0, 0], "post": [0, 0, -0.1]},
						"0.375": {"pre": [0, 0, -0.1], "post": [0, 0, 0]},
						"2.625": {"pre": [0, 0, 0], "post": [0, 0, -0.1]},
						"2.9583": {"pre": [0, 0, -0.1], "post": [0, 0, 0]}
					}
				},
				"pupil_right": {
					"position": {
						"0.0": [0, 0, 0],
						"0.375": {"pre": [0, 0, 0], "post": [-0.6, 0, 0]},
						"1.4583": {"pre": [-0.6, 0, 0], "post": [0.1, 0, 0]},
						"2.9583": {"pre": [0.1, 0, 0], "post": [0, 0, 0]}
					}
				},
				"eyelid_right": {
					"position": {
						"0.0": [0, 0, 0],
						"0.0417": {"pre": [0, 0, 0], "post": [0, 0, -0.1]},
						"0.375": {"pre": [0, 0, -0.1], "post": [0, 0, 0]},
						"2.625": {"pre": [0, 0, 0], "post": [0, 0, -0.1]},
						"2.9583": {"pre": [0, 0, -0.1], "post": [0, 0, 0]}
					}
				},
				"tail": {
					"rotation": {
						"0.0": [0, 0, 0],
						"0.5": {
							"pre": [0, 3, 0],
							"post": [0, 3, 0],
							"lerp_mode": "catmullrom"
						},
						"1.125": {
							"post": [0, 4, 0],
							"lerp_mode": "catmullrom"
						},
						"1.9167": {
							"post": [0, -5.5, 0],
							"lerp_mode": "catmullrom"
						},
						"3.0": {
							"post": [0, -7.25, 0],
							"lerp_mode": "catmullrom"
						},
						"4.0417": {
							"post": [0, 0, 0],
							"lerp_mode": "catmullrom"
						},
						"5.0": [0, 0, 0]
					}
				},
				"tail2": {
					"rotation": {
						"0.0": [0, 0, 0],
						"0.6667": {
							"pre": [0, 3, 0],
							"post": [0, 3, 0],
							"lerp_mode": "catmullrom"
						},
						"1.2917": {
							"post": [0, 4, 0],
							"lerp_mode": "catmullrom"
						},
						"2.0833": {
							"post": [0, -5.5, 0],
							"lerp_mode": "catmullrom"
						},
						"3.1667": {
							"post": [0, -7.25, 0],
							"lerp_mode": "catmullrom"
						},
						"4.2083": {
							"post": [0, 0, 0],
							"lerp_mode": "catmullrom"
						},
						"5.0": [0, 0, 0]
					}
				},
				"tail3": {
					"rotation": {
						"0.0": [0, 0, 0],
						"0.875": {
							"pre": [0, 3, 0],
							"post": [0, 3, 0],
							"lerp_mode": "catmullrom"
						},
						"1.5": {
							"post": [0, 4, 0],
							"lerp_mode": "catmullrom"
						},
						"2.2917": {
							"post": [0, -5.5, 0],
							"lerp_mode": "catmullrom"
						},
						"3.375": {
							"post": [0, -7.25, 0],
							"lerp_mode": "catmullrom"
						},
						"4.4167": {
							"post": [0, 0, 0],
							"lerp_mode": "catmullrom"
						},
						"5.0": [0, 0, 0]
					}
				},
				"ear_left": {
					"rotation": {
						"0.0": [0, 0, 0],
						"0.5": {
							"pre": [0, 3, 0.8],
							"post": [0, 3, 0.8],
							"lerp_mode": "catmullrom"
						},
						"0.8333": {
							"post": [-1, 5.12878, 1.2],
							"lerp_mode": "catmullrom"
						},
						"1.3333": {
							"post": [-0.8, 6.075, 1.2],
							"lerp_mode": "catmullrom"
						},
						"1.6667": {
							"post": [1.3219, 1.71088, 0],
							"lerp_mode": "catmullrom"
						},
						"2.2083": {
							"post": [-1.5, -2.575, -1],
							"lerp_mode": "catmullrom"
						},
						"2.875": {
							"post": [-1.5, -3.325, -1.6],
							"lerp_mode": "catmullrom"
						},
						"3.625": {
							"post": [1.5, -2.625, -1],
							"lerp_mode": "catmullrom"
						},
						"4.3333": {
							"post": [0, 0, 0],
							"lerp_mode": "catmullrom"
						},
						"5.0": [0, 0, 0]
					}
				},
				"ear_right": {
					"rotation": {
						"0.0": [0, 0, 0],
						"0.5": {
							"pre": [0, 3, 0.8],
							"post": [0, 3, 0.8],
							"lerp_mode": "catmullrom"
						},
						"0.8333": {
							"post": [-1, 5.12878, 1.2],
							"lerp_mode": "catmullrom"
						},
						"1.3333": {
							"post": [-0.8, 6.075, 1.2],
							"lerp_mode": "catmullrom"
						},
						"1.6667": {
							"post": [1.3219, 1.71088, 0],
							"lerp_mode": "catmullrom"
						},
						"2.2083": {
							"post": [-1.5, -2.575, -1],
							"lerp_mode": "catmullrom"
						},
						"2.875": {
							"post": [-1.5, -3.325, -1.6],
							"lerp_mode": "catmullrom"
						},
						"3.625": {
							"post": [1.5, -2.625, -1],
							"lerp_mode": "catmullrom"
						},
						"4.3333": {
							"post": [0, 0, 0],
							"lerp_mode": "catmullrom"
						},
						"5.0": [0, 0, 0]
					}
				},
				"arm_left": {
					"rotation": {
						"0.0": [0, 0, 0],
						"0.2083": {
							"pre": [0.82, -4.82233, 2.3563],
							"post": [0.82, -4.82233, 2.3563],
							"lerp_mode": "catmullrom"
						},
						"0.75": {
							"post": [0, 11.5, 0],
							"lerp_mode": "catmullrom"
						},
						"1.4167": {
							"post": [0, 19.25, 0],
							"lerp_mode": "catmullrom"
						},
						"2.25": {
							"post": [0, 2.5, 0],
							"lerp_mode": "catmullrom"
						},
						"3.25": {
							"post": [0, 0, 2.45],
							"lerp_mode": "catmullrom"
						},
						"4.125": {
							"post": [0, 0, 0],
							"lerp_mode": "catmullrom"
						},
						"5.0": [0, 0, 0]
					}
				},
				"arm_left2": {
					"rotation": {
						"0.0": [0, 0, 0],
						"0.3333": {
							"pre": [2.56241, -4.87132, 7.2096],
							"post": [2.56241, -4.87132, 7.2096],
							"lerp_mode": "catmullrom"
						},
						"0.8333": {
							"post": [0, 11.5, 0],
							"lerp_mode": "catmullrom"
						},
						"1.5": {
							"post": [0, 19.25, 0],
							"lerp_mode": "catmullrom"
						},
						"2.3333": {
							"post": [0, 2.5, 0],
							"lerp_mode": "catmullrom"
						},
						"3.3333": {
							"post": [0, 0, 1.25],
							"lerp_mode": "catmullrom"
						},
						"4.2083": {
							"post": [0, 0, 0],
							"lerp_mode": "catmullrom"
						},
						"5.0": [0, 0, 0]
					}
				},
				"arm_right": {
					"rotation": {
						"0.0": [0, 0, 0],
						"0.2083": {
							"pre": [0.82, -4.82233, -2.35625],
							"post": [0.82, -4.82233, -2.35625],
							"lerp_mode": "catmullrom"
						},
						"0.75": {
							"post": [0, 11.5, 0],
							"lerp_mode": "catmullrom"
						},
						"1.4167": {
							"post": [0, 19.25, 0],
							"lerp_mode": "catmullrom"
						},
						"2.25": {
							"post": [0, 2.5, 0],
							"lerp_mode": "catmullrom"
						},
						"3.25": {
							"post": [0, 0, -2.45],
							"lerp_mode": "catmullrom"
						},
						"4.125": {
							"post": [0, 0, 0],
							"lerp_mode": "catmullrom"
						},
						"5.0": [0, 0, 0]
					}
				},
				"arm_right2": {
					"rotation": {
						"0.0": [0, 0, 0],
						"0.3333": {
							"pre": [2.56241, -4.87132, -7.20955],
							"post": [2.56241, -4.87132, -7.20955],
							"lerp_mode": "catmullrom"
						},
						"0.8333": {
							"post": [0, 11.5, 0],
							"lerp_mode": "catmullrom"
						},
						"1.5": {
							"post": [0, 19.25, 0],
							"lerp_mode": "catmullrom"
						},
						"2.3333": {
							"post": [0, 2.5, 0],
							"lerp_mode": "catmullrom"
						},
						"3.3333": {
							"post": [0, 0, -1.25],
							"lerp_mode": "catmullrom"
						},
						"4.2083": {
							"post": [0, 0, 0],
							"lerp_mode": "catmullrom"
						},
						"5.0": [0, 0, 0]
					}
				}
			}
		},
		"animation.pignite.sniff_quirk": {
			"animation_length": 1,
			"bones": {
				"waist": {
					"rotation": {
						"0.0": [0, 0, 0],
						"0.125": {
							"pre": [0.4, 0, 0],
							"post": [0.4, 0, 0],
							"lerp_mode": "catmullrom"
						},
						"0.3333": {
							"post": [-1, 0, 0],
							"lerp_mode": "catmullrom"
						},
						"0.6667": {
							"post": [0, 0, 0],
							"lerp_mode": "catmullrom"
						},
						"1.0": [0, 0, 0]
					}
				},
				"head": {
					"rotation": {
						"0.0": [0, 0, 0],
						"0.1667": {
							"pre": [1, 0, 0],
							"post": [1, 0, 0],
							"lerp_mode": "catmullrom"
						},
						"0.375": {
							"post": [-2.5, 0, 0],
							"lerp_mode": "catmullrom"
						},
						"0.75": {
							"post": [0, 0, 0],
							"lerp_mode": "catmullrom"
						},
						"1.0": [0, 0, 0]
					}
				},
				"snout": {
					"rotation": {
						"0.0": [0, 0, 0],
						"0.2083": {
							"pre": [3.2, 0, 0],
							"post": [3.2, 0, 0],
							"lerp_mode": "catmullrom"
						},
						"0.5": {
							"post": [-4.15, 0, 0],
							"lerp_mode": "catmullrom"
						},
						"0.7917": {
							"post": [0, 0, 0],
							"lerp_mode": "catmullrom"
						},
						"1.0": [0, 0, 0]
					}
				},
				"ear_left": {
					"rotation": {
						"0.0": [0, 0, 0],
						"0.25": {
							"pre": [1, 0, 0],
							"post": [1, 0, 0],
							"lerp_mode": "catmullrom"
						},
						"0.4583": {
							"post": [-2.5, 0, 0],
							"lerp_mode": "catmullrom"
						},
						"0.8333": {
							"post": [0, 0, 0],
							"lerp_mode": "catmullrom"
						},
						"1.0": [0, 0, 0]
					}
				},
				"ear_right": {
					"rotation": {
						"0.0": [0, 0, 0],
						"0.25": {
							"pre": [1, 0, 0],
							"post": [1, 0, 0],
							"lerp_mode": "catmullrom"
						},
						"0.4583": {
							"post": [-2.5, 0, 0],
							"lerp_mode": "catmullrom"
						},
						"0.8333": {
							"post": [0, 0, 0],
							"lerp_mode": "catmullrom"
						},
						"1.0": [0, 0, 0]
					}
				}
			}
		},
		"animation.pignite.flex_quirk": {
			"animation_length": 1.5,
			"bones": {
				"torso": {
					"rotation": {
						"0.0": [0, 0, 0],
						"0.125": {
							"pre": [-1.05, 0, 0],
							"post": [-1.05, 0, 0],
							"lerp_mode": "catmullrom"
						},
						"0.3333": {
							"post": [2, 0, 0],
							"lerp_mode": "catmullrom"
						},
						"0.6667": {
							"post": [2, 0, 0],
							"lerp_mode": "catmullrom"
						},
						"1.1667": {
							"post": [0, 0, 0],
							"lerp_mode": "catmullrom"
						},
						"1.5": [0, 0, 0]
					},
					"position": {
						"0.0": [0, 0, 0],
						"0.1667": {
							"pre": [0, 0.125, 0],
							"post": [0, 0.125, 0],
							"lerp_mode": "catmullrom"
						},
						"0.2917": {
							"post": [0, -0.27, 0],
							"lerp_mode": "catmullrom"
						},
						"0.7083": {
							"post": [0, -0.395, 0],
							"lerp_mode": "catmullrom"
						},
						"1.0": {
							"post": [0, 0, 0],
							"lerp_mode": "catmullrom"
						},
						"1.5": [0, 0, 0]
					}
				},
				"waist": {
					"rotation": {
						"0.0": [0, 0, 0],
						"0.0833": {
							"pre": [-1.15, 0, 0],
							"post": [-1.15, 0, 0],
							"lerp_mode": "catmullrom"
						},
						"0.3333": {
							"post": [0.25, 0, 0],
							"lerp_mode": "catmullrom"
						},
						"0.7083": {
							"post": [0.25, 0, 0],
							"lerp_mode": "catmullrom"
						},
						"1.2083": {
							"post": [0, 0, 0],
							"lerp_mode": "catmullrom"
						},
						"1.5": [0, 0, 0]
					}
				},
				"head": {
					"rotation": {
						"0.0": [0, 0, 0],
						"0.125": {
							"pre": [-4, 0, 0],
							"post": [-4, 0, 0],
							"lerp_mode": "catmullrom"
						},
						"0.375": {
							"post": [-0.5, 0, 0],
							"lerp_mode": "catmullrom"
						},
						"0.75": {
							"post": [-3, 0, 0],
							"lerp_mode": "catmullrom"
						},
						"1.2083": {
							"post": [0, 0, 0],
							"lerp_mode": "catmullrom"
						},
						"1.5": [0, 0, 0]
					}
				},
				"ear_left": {
					"rotation": {
						"0.0": [0, 0, 0],
						"0.1667": {
							"pre": [-6, 0, 0],
							"post": [-6, 0, 0],
							"lerp_mode": "catmullrom"
						},
						"0.4583": {
							"post": [-0.5, 0, 0],
							"lerp_mode": "catmullrom"
						},
						"0.9167": {
							"post": [-7.75, 0, 0],
							"lerp_mode": "catmullrom"
						},
						"1.2917": {
							"post": [0, 0, 0],
							"lerp_mode": "catmullrom"
						},
						"1.5": {
							"post": [0, 0, 0],
							"lerp_mode": "catmullrom"
						}
					}
				},
				"ear_right": {
					"rotation": {
						"0.0": [0, 0, 0],
						"0.1667": {
							"pre": [-6, 0, 0],
							"post": [-6, 0, 0],
							"lerp_mode": "catmullrom"
						},
						"0.4583": {
							"post": [-0.5, 0, 0],
							"lerp_mode": "catmullrom"
						},
						"0.9167": {
							"post": [-7.75, 0, 0],
							"lerp_mode": "catmullrom"
						},
						"1.2917": {
							"post": [0, 0, 0],
							"lerp_mode": "catmullrom"
						},
						"1.5": {
							"post": [0, 0, 0],
							"lerp_mode": "catmullrom"
						}
					}
				},
				"eyelid_recoil_left": {
					"position": {
						"0.0": [0, 0, 0],
						"0.1667": {"pre": [0, 0, 0], "post": [0, 0, -0.1]},
						"0.75": {"pre": [0, 0, -0.1], "post": [0, 0, 0]}
					}
				},
				"eyelid_recoil_right": {
					"position": {
						"0.0": [0, 0, 0],
						"0.1667": {"pre": [0, 0, 0], "post": [0, 0, -0.1]},
						"0.75": {"pre": [0, 0, -0.1], "post": [0, 0, 0]}
					}
				},
				"arm_left": {
					"rotation": {
						"0.0": [0, 0, 0],
						"0.2083": {
							"pre": [0, 0, -12.75],
							"post": [0, 0, -12.75],
							"lerp_mode": "catmullrom"
						},
						"0.375": {
							"post": [0, 0, "4.5-0.7*math.cos(q.anim_time*90*40)"],
							"lerp_mode": "catmullrom"
						},
						"0.5": {
							"post": [0, 0, "4.5-0.7*math.cos(q.anim_time*90*40)"],
							"lerp_mode": "catmullrom"
						},
						"0.7917": {
							"post": [0, 0, 4.5],
							"lerp_mode": "catmullrom"
						},
						"1.125": {
							"post": [0, 0, 0],
							"lerp_mode": "catmullrom"
						},
						"1.5": {
							"post": [0, 0, 0],
							"lerp_mode": "catmullrom"
						}
					}
				},
				"arm_left2": {
					"rotation": {
						"0.0": [0, 0, 0],
						"0.25": {
							"pre": [0, 0, 9.25],
							"post": [0, 0, 9.25],
							"lerp_mode": "catmullrom"
						},
						"0.4167": {
							"post": [0, 0, 22.25],
							"lerp_mode": "catmullrom"
						},
						"0.5417": {
							"post": [0, 0, 24.25],
							"lerp_mode": "catmullrom"
						},
						"0.8333": {
							"post": [0, 0, 22.25],
							"lerp_mode": "catmullrom"
						},
						"1.1667": {
							"post": [0, 0, 0],
							"lerp_mode": "catmullrom"
						},
						"1.5": [0, 0, 0]
					}
				},
				"arm_right": {
					"rotation": {
						"0.0": [0, 0, 0],
						"0.2083": {
							"pre": [0, 0, 12.75],
							"post": [0, 0, 12.75],
							"lerp_mode": "catmullrom"
						},
						"0.375": {
							"post": [0, 0, "-4.5-0.7*math.cos(q.anim_time*90*40)"],
							"lerp_mode": "catmullrom"
						},
						"0.5": {
							"post": [0, 0, "-4.5-0.7*math.cos(q.anim_time*90*40)"],
							"lerp_mode": "catmullrom"
						},
						"0.7917": {
							"post": [0, 0, -4.5],
							"lerp_mode": "catmullrom"
						},
						"1.125": {
							"post": [0, 0, 0],
							"lerp_mode": "catmullrom"
						},
						"1.5": {
							"post": [0, 0, 0],
							"lerp_mode": "catmullrom"
						}
					}
				},
				"arm_right2": {
					"rotation": {
						"0.0": [0, 0, 0],
						"0.25": {
							"pre": [0, 0, -9.25],
							"post": [0, 0, -9.25],
							"lerp_mode": "catmullrom"
						},
						"0.4167": {
							"post": [0, 0, -22.25],
							"lerp_mode": "catmullrom"
						},
						"0.5417": {
							"post": [0, 0, -24.25],
							"lerp_mode": "catmullrom"
						},
						"0.8333": {
							"post": [0, 0, -22.25],
							"lerp_mode": "catmullrom"
						},
						"1.1667": {
							"post": [0, 0, 0],
							"lerp_mode": "catmullrom"
						},
						"1.5": [0, 0, 0]
					}
				}
			}
		},
		"animation.pignite.unamused": {
			"loop": true,
			"bones": {
				"mouth_smile": {
					"position": [0, 0, 0.1]
				},
				"mouth_neutral": {
					"position": [0, 0, -0.1]
				},
				"eyelid_unamused_left": {
					"position": [0, 0, -0.1]
				},
				"eyelid_unamused_right": {
					"position": [0, 0, -0.1]
				}
			}
		},
		"animation.pignite.sad": {
			"loop": true,
			"bones": {
				"mouth_smile": {
					"position": [0, 0, 0.1]
				},
				"mouth_frown": {
					"position": [0, 0, -0.1]
				},
				"eyelid_sad_left": {
					"position": [0, 0, -0.1]
				},
				"eyelid_sad_right": {
					"position": [0, 0, -0.1]
				}
			}
		},
		"animation.pignite.angry": {
			"loop": true,
			"bones": {
				"head": {
					"rotation": [-5, 0, 0]
				},
				"mouth_smile": {
					"position": [0, 0, 0.1]
				},
				"mouth_open_curve_down": {
					"position": [0, 0, -0.1]
				}
			}
		},
		"animation.pignite.happy": {
			"loop": true,
			"bones": {
				"head": {
					"rotation": [-5, 0, 0]
				},
				"mouth_smile": {
					"position": [0, 0, 0.1]
				},
				"mouth_open_curve_up": {
					"position": [0, 0, -0.1]
				},
				"mouth_frown": {
					"position": [0, 0, 0.1]
				},
				"mouth_neutral": {
					"position": [0, 0, 0.1]
				},
				"eyelid_happy_left": {
					"position": [0, 0, -0.1]
				},
				"eyelid_happy_right": {
					"position": [0, 0, -0.1]
				}
			}
		},
		"animation.pignite.surprise": {
			"loop": true,
			"bones": {
				"mouth_smile": {
					"position": [0, 0, 0.2]
				},
				"mouth_open_curve_down": {
					"position": [0, 0, 0]
				},
				"mouth_open_o": {
					"position": [0, 0, -0.1]
				},
				"eye_wide": {
					"position": [0, 0, -0.1]
				},
				"eye_wide2": {
					"position": [0, 0, -0.1]
				}
			}
		}
	}
}