{
	"format_version": "1.8.0",
	"animations": {
		"animation.bulbasaur.ground_idle": {
			"loop": true,
			"bones": {
				"torso": {
					"rotation": ["math.sin(q.anim_time*90*4)*0.2", 0, 0],
					"position": [0, "math.clamp(math.sin(q.anim_time*90*8+180)*0.06,-0.03,0.03)+math.clamp(math.sin(q.anim_time*90*8+180)*0.03,-0.5,0.5)", 0]
				},
				"bulb": {
					"rotation": [0, 0, "math.clamp(math.sin(q.anim_time*90*4)*2,-1.8,1.8)+math.clamp(math.sin(q.anim_time*90*4)*1,-1,1)"]
				},
				"head": {
					"rotation": [0, 0, "math.clamp(math.sin(q.anim_time*90*4+45)*0.6,-0.3,0.3)+math.clamp(math.sin(q.anim_time*90*4+45)*1.2,-1.2,1.2)"]
				},
				"leg_front_right": {
					"rotation": [10, 5, 0]
				},
				"knee_front_right": {
					"rotation": [-10, 0, 0]
				},
				"leg_back_right": {
					"rotation": [-7.5, 15, 0]
				},
				"knee_back_right": {
					"rotation": [7.5, 0, 0]
				},
				"leg_front_left": {
					"rotation": [10, -5, 0]
				},
				"knee_front_left": {
					"rotation": [-10, 0, 0]
				},
				"leg_back_left": {
					"rotation": [-7.5, -15, 0]
				},
				"knee_back_left": {
					"rotation": [7.5, 0, 0]
				},
				"vines": {
					"scale": [0.8, 1, 1]
				},
				"body": {
					"position": [0, -0.3, 0]
				},
				"vine_right": {
					"rotation": [0, 70, 0],
					"position": [5.75, 0, 0]
				},
				"vine_right2": {
					"rotation": [0, -150, 0]
				},
				"vine_right3": {
					"rotation": [0, 162.5, 0]
				},
				"vine_right4": {
					"rotation": [0, -150, 0]
				},
				"vine_right5": {
					"rotation": [0, 160, 0]
				},
				"vine_right6": {
					"rotation": [0, -162.5, 0]
				},
				"vine_right7": {
					"rotation": [0, 137.5, 0]
				},
				"vine_right_end": {
					"rotation": [0, -142.5, 0]
				},
				"vine_left": {
					"rotation": [0, -70, 0],
					"position": [-5.75, 0, 0]
				},
				"vine_left2": {
					"rotation": [0, 150, 0]
				},
				"vine_left3": {
					"rotation": [0, -162.5, 0]
				},
				"vine_left4": {
					"rotation": [0, 150, 0]
				},
				"vine_left5": {
					"rotation": [0, -160, 0]
				},
				"vine_left6": {
					"rotation": [0, 162.5, 0]
				},
				"vine_left7": {
					"rotation": [0, -137.5, 0]
				},
				"vine_left_end": {
					"rotation": [0, 142.5, 0]
				}
			}
		},
		"animation.bulbasaur.battle_idle": {
			"loop": true,
			"bones": {
				"torso": {
					"rotation": ["10+math.sin(q.anim_time*90*4)*0.2", 0, 0],
					"position": [0, "math.clamp(math.sin(q.anim_time*90*8+180)*0.06,-0.03,0.03)+math.clamp(math.sin(q.anim_time*90*8+180)*0.03,-0.5,0.5)", 0]
				},
				"bulb": {
					"rotation": [0, 0, "math.clamp(math.sin(q.anim_time*90*4)*2,-1.8,1.8)+math.clamp(math.sin(q.anim_time*90*4)*1,-1,1)"]
				},
				"head": {
					"rotation": [-12.4995, 0.05009, "-0.0011+math.clamp(math.sin(q.anim_time*90*4+45)*0.6,-0.3,0.3)+math.clamp(math.sin(q.anim_time*90*4+45)*1.2,-1.2,1.2)"],
					"position": [0, -0.5, -0.5]
				},
				"leg_front_right": {
					"rotation": [-17.23911, 22.39839, 7.6235],
					"position": [0, -1, 0]
				},
				"knee_front_right": {
					"rotation": [-10, 0, 0]
				},
				"leg_back_right": {
					"rotation": [-7.5, 35, 0]
				},
				"knee_back_right": {
					"rotation": [7.5, 0, 0]
				},
				"leg_front_left": {
					"rotation": [-17.23911, -22.39839, -7.6235],
					"position": [0, -1, 0]
				},
				"knee_front_left": {
					"rotation": [-10, 0, 0]
				},
				"leg_back_left": {
					"rotation": [-7.5, -35, 0]
				},
				"knee_back_left": {
					"rotation": [7.5, 0, 0]
				},
				"body": {
					"position": [0, -0.3, 0]
				},
				"vine_right": {
					"rotation": [0.37665, "27.5757+math.sin(q.anim_time*90*1)*5", "14.9415-math.sin(q.anim_time*90*1-60)*5"]
				},
				"vine_right2": {
					"rotation": [10.21973, "-15.4774+math.sin(q.anim_time*90*1-60)*15", "-14.9292-math.sin(q.anim_time*90*1-120)*15"]
				},
				"vine_right3": {
					"rotation": [-26.37856, "-6.2128+math.sin(q.anim_time*90*1-120)*15", "24.4209-math.sin(q.anim_time*90*1-180)*15"]
				},
				"vine_right4": {
					"rotation": [-7.18533, "-29.115+math.sin(q.anim_time*90*1-180)*15", "17.131-math.sin(q.anim_time*90*1-240)*15"]
				},
				"vine_right5": {
					"rotation": [2.22116, "-44.8636+math.sin(q.anim_time*90*1-240)*20", "8.0937-math.sin(q.anim_time*90*1-300)*15"]
				},
				"vine_right6": {
					"rotation": [2.44751, "-37.704+math.sin(q.anim_time*90*1-300)*25", "0.018-math.sin(q.anim_time*90*1-360)*5"]
				},
				"vine_right7": {
					"rotation": [-1.74942, "-34.9618+math.sin(q.anim_time*90*1-360)*20", "3.051-math.sin(q.anim_time*90*1)*15"]
				},
				"vine_right_end": {
					"rotation": [0, "-17.5-math.sin(q.anim_time*90*1)*35", "-math.sin(q.anim_time*90*1-60)*5"],
					"position": [0, 0, 0]
				},
				"vine_left": {
					"rotation": [0.37665, "-27.5757-math.sin(q.anim_time*90*1)*5", "-14.9415+math.sin(q.anim_time*90*1-60)*5"]
				},
				"vine_left2": {
					"rotation": [10.21973, "15.4774-math.sin(q.anim_time*90*1-60)*15", "14.9292+math.sin(q.anim_time*90*1-120)*15"]
				},
				"vine_left3": {
					"rotation": [-26.37856, "6.2128-math.sin(q.anim_time*90*1-120)*15", "-24.4209+math.sin(q.anim_time*90*1-180)*15"]
				},
				"vine_left4": {
					"rotation": [-7.18533, "29.115-math.sin(q.anim_time*90*1-180)*15", "-17.131+math.sin(q.anim_time*90*1-240)*15"]
				},
				"vine_left5": {
					"rotation": [2.22116, "44.8636-math.sin(q.anim_time*90*1-240)*20", "-8.0937+math.sin(q.anim_time*90*1-300)*15"]
				},
				"vine_left6": {
					"rotation": [2.44751, "37.704-math.sin(q.anim_time*90*1-300)*25", "-0.018+math.sin(q.anim_time*90*1-360)*5"]
				},
				"vine_left7": {
					"rotation": [-1.74942, "34.9618-math.sin(q.anim_time*90*1-360)*20", "-3.051+math.sin(q.anim_time*90*1)*15"]
				},
				"vine_left_end": {
					"rotation": [0, "17.5+math.sin(q.anim_time*90*1)*35", "0+math.sin(q.anim_time*90*1-60)*5"],
					"position": [0, 0, 0]
				},
				"jaw": {
					"rotation": ["7.4985+math.sin(q.anim_time*90*4)*2", -0.14734, -0.02931]
				}
			}
		},
		"animation.bulbasaur.ground_walk": {
			"loop": true,
			"bones": {
				"bulb": {
					"rotation": ["4*(math.sin(q.anim_time*90*4*2+150)*1+1)", 0, 0]
				},
				"head": {
					"rotation": [0, 0, 0]
				},
				"leg_front_right": {
					"rotation": [
						"math.clamp(math.sin(-q.anim_time*90*4)*40,-50,5)+math.clamp(math.sin(q.anim_time*90*4)*40,-50,5)+math.clamp(math.sin(-q.anim_time*90*8)*25,-15,50)",
						0,
						0
					],
					"position": [0, "-math.clamp(0.5*(math.sin(q.anim_time*90*4*2+50)*1),-1,0)", 0]
				},
				"leg_front_left": {
					"rotation": [
						"math.clamp(math.sin(-q.anim_time*90*4)*40,-50,5)+math.clamp(math.sin(q.anim_time*90*4)*40,-50,5)+math.clamp(math.sin(-q.anim_time*90*8)*25,-15,50)",
						0,
						0
					],
					"position": [0, "-math.clamp(0.5*(math.sin(q.anim_time*90*4*2+50)*1),-1,0)", 0]
				},
				"leg_back_right": {
					"rotation": ["math.clamp(math.sin(q.anim_time*90*8)*20,-17.5,50)-math.clamp(math.sin(-q.anim_time*90*8)*3,0,8)", 0, 0],
					"position": [
						0,
						"-math.clamp(math.sin(q.anim_time*90*4*2)*1,0,2)-math.clamp(math.sin(-q.anim_time*90*4*2)*0.5,0,2)",
						"math.clamp(math.sin(q.anim_time*90*4*2-30)*1,0,2)"
					]
				},
				"leg_back_left": {
					"rotation": ["math.clamp(math.sin(q.anim_time*90*8)*20,-17.5,50)-math.clamp(math.sin(-q.anim_time*90*8)*3,0,8)", 0, 0],
					"position": [
						0,
						"-math.clamp(math.sin(q.anim_time*90*4*2)*1,0,2)-math.clamp(math.sin(-q.anim_time*90*4*2)*0.5,0,2)",
						"math.clamp(math.sin(q.anim_time*90*4*2-30)*1,0,2)"
					]
				},
				"body": {
					"rotation": ["6*(math.sin(q.anim_time*90*4*2-120)*1+1)", 0, 0],
					"position": [0, "math.clamp(1*(math.sin(q.anim_time*90*4*2)*1.25),0,2)", "-math.clamp(math.sin(q.anim_time*90*4*2-30)*1.25,0,2)"]
				},
				"vines": {
					"scale": [0.8, 1, 1]
				},
				"vine_right": {
					"rotation": [0, 70, 0],
					"position": [5.75, 0, 0]
				},
				"vine_right2": {
					"rotation": [0, -150, 0]
				},
				"vine_right3": {
					"rotation": [0, 162.5, 0]
				},
				"vine_right4": {
					"rotation": [0, -150, 0]
				},
				"vine_right5": {
					"rotation": [0, 160, 0]
				},
				"vine_right6": {
					"rotation": [0, -162.5, 0]
				},
				"vine_right7": {
					"rotation": [0, 137.5, 0]
				},
				"vine_right_end": {
					"rotation": [0, -142.5, 0]
				},
				"vine_left": {
					"rotation": [0, -70, 0],
					"position": [-5.75, 0, 0]
				},
				"vine_left2": {
					"rotation": [0, 150, 0]
				},
				"vine_left3": {
					"rotation": [0, -162.5, 0]
				},
				"vine_left4": {
					"rotation": [0, 150, 0]
				},
				"vine_left5": {
					"rotation": [0, -160, 0]
				},
				"vine_left6": {
					"rotation": [0, 162.5, 0]
				},
				"vine_left7": {
					"rotation": [0, -137.5, 0]
				},
				"vine_left_end": {
					"rotation": [0, 142.5, 0]
				}
			}
		},
		"animation.bulbasaur.sleep": {
			"loop": true,
			"bones": {
				"torso": {
					"rotation": ["5+math.sin(q.anim_time*90*2)*0.2", 0, 0],
					"position": [0, -2, 0]
				},
				"bulb": {
					"rotation": [0, 0, "math.clamp(math.sin(q.anim_time*90*2)*0.25,-1.8,1.8)+math.clamp(math.sin(q.anim_time*90*2)*0.25,-1,1)"]
				},
				"head": {
					"rotation": [9.95744, 0.65182, -7.47178]
				},
				"eyelid_right": {
					"position": [-0.1, 0, -0.1]
				},
				"eyelid_left": {
					"position": [0.1, 0, -0.1]
				},
				"leg_front_right": {
					"rotation": [-79.96258, -4.92385, -0.87038],
					"position": [-1.25, -2, 0.25]
				},
				"leg_front_left": {
					"rotation": [-79.91547, 7.38542, 1.30962],
					"position": [1.25, -2, 0]
				},
				"leg_back_right": {
					"rotation": [32, 19.5, 56.75],
					"position": [-1, -0.5, 0.25]
				},
				"leg_back_left": {
					"rotation": [32, -19.5, -56.75],
					"position": [1, -0.5, 0.25]
				},
				"vines": {
					"scale": [0.8, 1, 1]
				},
				"vine_right": {
					"rotation": [0, 70, 0],
					"position": [5.75, 0, 0]
				},
				"vine_right2": {
					"rotation": [0, -150, 0]
				},
				"vine_right3": {
					"rotation": [0, 162.5, 0]
				},
				"vine_right4": {
					"rotation": [0, -150, 0]
				},
				"vine_right5": {
					"rotation": [0, 160, 0]
				},
				"vine_right6": {
					"rotation": [0, -162.5, 0]
				},
				"vine_right7": {
					"rotation": [0, 137.5, 0]
				},
				"vine_right_end": {
					"rotation": [0, -142.5, 0]
				},
				"vine_left": {
					"rotation": [0, -70, 0],
					"position": [-5.75, 0, 0]
				},
				"vine_left2": {
					"rotation": [0, 150, 0]
				},
				"vine_left3": {
					"rotation": [0, -162.5, 0]
				},
				"vine_left4": {
					"rotation": [0, 150, 0]
				},
				"vine_left5": {
					"rotation": [0, -160, 0]
				},
				"vine_left6": {
					"rotation": [0, 162.5, 0]
				},
				"vine_left7": {
					"rotation": [0, -137.5, 0]
				},
				"vine_left_end": {
					"rotation": [0, 142.5, 0]
				}
			}
		},
		"animation.bulbasaur.faint": {
			"animation_length": 3,
			"bones": {
				"torso": {
					"rotation": {
						"0.0": ["7.5+math.sin(q.anim_time*90*4)*0.2", 0, 0],
						"0.1": [5.59283, -0.32602, 3.73652],
						"1.35": ["-12.7771+math.sin(q.anim_time*90*4)*0.2", -0.03561, -19.71257],
						"1.55": ["-12.7771+math.sin(q.anim_time*90*4)*0.2", -0.03561, -19.71257],
						"1.65": ["27.2297+math.sin(q.anim_time*90*4)*0.2", 0.08654, -4.71307],
						"1.85": ["37.2297+math.sin(q.anim_time*90*4)*0.2", 0.08654, -4.71307],
						"1.95": ["37.2297+math.sin(q.anim_time*90*4)*0.2", 0.08654, -4.71307],
						"2.1": [4.7297, 0.08654, -4.71307]
					},
					"position": {
						"0.0": [0, "math.clamp(math.sin(q.anim_time*90*8+180)*0.06,-0.03,0.03)+math.clamp(math.sin(q.anim_time*90*8+180)*0.03,-0.5,0.5)", 0],
						"1.0": [0, "1+math.clamp(math.sin(q.anim_time*90*8+180)*0.06,-0.03,0.03)+math.clamp(math.sin(q.anim_time*90*8+180)*0.03,-0.5,0.5)", 0],
						"1.5": [0, "1+math.clamp(math.sin(q.anim_time*90*8+180)*0.06,-0.03,0.03)+math.clamp(math.sin(q.anim_time*90*8+180)*0.03,-0.5,0.5)", 0],
						"1.65": [0, "-1+math.clamp(math.sin(q.anim_time*90*8+180)*0.06,-0.03,0.03)+math.clamp(math.sin(q.anim_time*90*8+180)*0.03,-0.5,0.5)", -2],
						"1.75": [0, "math.clamp(math.sin(q.anim_time*90*8+180)*0.06,-0.03,0.03)+math.clamp(math.sin(q.anim_time*90*8+180)*0.03,-0.5,0.5)", -2],
						"2.1": [0, -2, -2]
					}
				},
				"bulb": {
					"rotation": {
						"0.0": [0, 0, "math.clamp(math.sin(q.anim_time*90*4)*2,-1.8,1.8)+math.clamp(math.sin(q.anim_time*90*4)*1,-1,1)"],
						"1.5": [0, 0, "math.clamp(math.sin(q.anim_time*90*4)*2,-1.8,1.8)+math.clamp(math.sin(q.anim_time*90*4)*1,-1,1)"],
						"1.65": [-35, 0, "math.clamp(math.sin(q.anim_time*90*4)*2,-1.8,1.8)+math.clamp(math.sin(q.anim_time*90*4)*1,-1,1)"],
						"1.75": [30, 0, "0+math.clamp(math.sin(q.anim_time*90*4)*2,-1.8,1.8)+math.clamp(math.sin(q.anim_time*90*4)*1,-1,1)"],
						"2.1": [-32.5, 0, "math.clamp(math.sin(q.anim_time*90*4)*2,-1.8,1.8)+math.clamp(math.sin(q.anim_time*90*4)*1,-1,1)"],
						"2.35": [-7.5, 0, "math.clamp(math.sin(q.anim_time*90*4)*2,-1.8,1.8)+math.clamp(math.sin(q.anim_time*90*4)*1,-1,1)"]
					}
				},
				"head": {
					"rotation": {
						"0.0": [38.46347, 11.84911, "9.2644+math.clamp(math.sin(q.anim_time*90*4+45)*0.6,-0.3,0.3)+math.clamp(math.sin(q.anim_time*90*4+45)*1.2,-1.2,1.2)"],
						"0.15": [0.46117, -37.54698, "-20.594+math.clamp(math.sin(q.anim_time*90*4+45)*0.6,-0.3,0.3)+math.clamp(math.sin(q.anim_time*90*4+45)*1.2,-1.2,1.2)"],
						"0.2": [15.37387, -29.56158, -17.59535],
						"0.3": [-8.08448, 28.56136, -19.94594],
						"0.35": [-8.87399, 13.66933, -14.49118],
						"0.5": [-14.1499, 18.35084, -6.64318],
						"0.85": [-11.67683, 24.71237, "-14.2758+math.clamp(math.sin(q.anim_time*90*4+45)*0.6,-0.3,0.3)+math.clamp(math.sin(q.anim_time*90*4+45)*1.2,-1.2,1.2)"],
						"1.55": [-11.67683, 24.71237, "-14.2758+math.clamp(math.sin(q.anim_time*90*4+45)*0.6,-0.3,0.3)+math.clamp(math.sin(q.anim_time*90*4+45)*1.2,-1.2,1.2)"],
						"1.65": [-27.03464, 27.06944, "-9.3734+math.clamp(math.sin(q.anim_time*90*4+45)*0.6,-0.3,0.3)+math.clamp(math.sin(q.anim_time*90*4+45)*1.2,-1.2,1.2)"],
						"1.75": [-41.55363, 24.34138, "-14.0248+math.clamp(math.sin(q.anim_time*90*4+45)*0.6,-0.3,0.3)+math.clamp(math.sin(q.anim_time*90*4+45)*1.2,-1.2,1.2)"],
						"2.0": [-34.05363, 24.34138, "-14.0248+math.clamp(math.sin(q.anim_time*90*4+45)*0.6,-0.3,0.3)+math.clamp(math.sin(q.anim_time*90*4+45)*1.2,-1.2,1.2)"],
						"2.1": [-3.27929, 25.14493, -0.2837]
					},
					"position": {
						"0.0": [0, 0, 1],
						"0.15": [0, 0, -1],
						"1.5": [0, 0, -1],
						"2.0": [0, 0, -1],
						"2.1": [0, -1, -1]
					}
				},
				"body": {
					"rotation": {
						"0.0": [0, 0, 0],
						"1.0": [0, 10, 0]
					},
					"position": {
						"0.0": [0, 0, 2],
						"0.05": [0, -0.2, 2],
						"0.25": [0, 0.04, 2],
						"0.3": [0, -0.16, 2],
						"0.75": [0, 0.04, 2],
						"0.8": [0, -0.16, 2],
						"1.0": [0, 0, 2]
					}
				},
				"eyelid_right": {
					"position": {
						"0.0": [-0.1, 0, -0.1],
						"0.25": {"pre": [-0.1, 0, -0.1], "post": [-0.1, 0, -0.1]},
						"0.3": {"pre": [-0.1, 0, -0.1], "post": [0, 0, 0]},
						"1.0": {"pre": [0, 0, 0], "post": [0, 0, 0]},
						"1.05": {"pre": [0, 0, 0], "post": [-0.1, 0, -0.1]},
						"1.35": {"pre": [-0.1, 0, -0.1], "post": [-0.1, 0, -0.1]},
						"1.4": {"pre": [-0.1, 0, -0.1], "post": [0, 0, 0]},
						"1.55": {"pre": [0, 0, 0], "post": [0, 0, 0]},
						"1.65": {"pre": [0, 0, 0], "post": [-0.1, 0, -0.1]}
					}
				},
				"eyelid_left": {
					"position": {
						"0.0": [0.1, 0, -0.1],
						"0.4": {"pre": [0.1, 0, -0.1], "post": [0.1, 0, -0.1]},
						"0.45": {"pre": [0.1, 0, -0.1], "post": [0, 0, 0]},
						"1.0": {"pre": [0, 0, 0], "post": [0, 0, 0]},
						"1.05": {"pre": [0, 0, 0], "post": [0.1, 0, -0.1]},
						"1.35": {"pre": [0.1, 0, -0.1], "post": [0.1, 0, -0.1]},
						"1.4": {"pre": [0.1, 0, -0.1], "post": [0, 0, 0]},
						"1.65": {"pre": [0, 0, 0], "post": [0.1, 0, -0.1]}
					}
				},
				"ear_right": {
					"rotation": {
						"0.0": [0, 0, 0],
						"1.65": [0, 0, 0],
						"1.75": [60, 0, 0],
						"1.95": [60, 0, 0],
						"2.1": [0, 0, 0]
					}
				},
				"leg_front_right": {
					"rotation": {
						"0.0": [0, 0, 0],
						"1.15": [-5, 0, -7.5],
						"1.5": [-7.5, 0, -7.5],
						"1.7": [0, 0, 82.5]
					},
					"position": {
						"0.0": [0, 0, 2],
						"1.15": [0, 0, 0.47],
						"1.5": [0, 0, 0.47],
						"1.7": [-1, -2, -1]
					}
				},
				"leg_front_left": {
					"rotation": {
						"0.0": [0, 0, 0],
						"0.95": [-55.41141, -18.82943, -35.04707],
						"1.35": [-56.68086, -38.44868, -52.88564],
						"1.5": [-56.68086, -38.44868, -52.88564],
						"1.65": [-114.91267, -77.50831, -32.65914],
						"1.7": [-37.41267, -77.50831, -32.65914]
					},
					"position": {
						"0.0": [0, 0, 0],
						"0.95": [0, 2, 0],
						"1.5": [0, 2, 0],
						"1.65": [1, -2, -2]
					}
				},
				"leg_back_right": {
					"rotation": {
						"0.0": [0, 0, 0],
						"1.1": [56.59341, -12.60837, 8.19252],
						"1.45": [56.59341, -12.60837, 8.19252],
						"1.65": [74.09341, -12.60837, 8.19252],
						"1.9": [168.97855, -14.70948, -12.28318],
						"2.15": [121.47855, -14.70948, -12.28318],
						"2.25": [91.47855, -14.70948, -12.28318]
					},
					"position": {
						"0.0": [0, 0, 0],
						"1.55": [0, 0, 0],
						"1.8": [-1.5, 3, -1],
						"2.2": [-0.5, -2, -1],
						"2.25": [-0.5, -1.75, -1]
					}
				},
				"leg_back_left": {
					"rotation": {
						"0.0": [0, 0, 0],
						"1.0": [0, 0, 12.5],
						"1.5": [0, 0, 12.5],
						"1.75": [125, 0, 12.5],
						"1.85": [137.5, 0, 12.5],
						"2.1": [129.43149, 14.00607, 11.20779],
						"2.15": [84.59039, 22.40972, 10.43246]
					},
					"position": {
						"0.0": [0, 0, 0],
						"1.5": [0, 0, 0],
						"1.75": [1, 4, -1],
						"1.95": [1, 3, -1],
						"2.1": [1, -1, -1]
					}
				},
				"jaw": {
					"rotation": {
						"0.0": [0, 0, 0],
						"0.5": [0, 0, 0],
						"0.8": [25, 0, 0],
						"1.0": [42.5, 0, 0],
						"1.5": [47.5, 0, 0],
						"1.65": [0, 0, 0],
						"1.75": [22.5, 0, 0],
						"1.85": [0, 0, 0]
					}
				},
				"vines": {
					"scale": [0.8, 1, 1]
				},
				"vine_right": {
					"rotation": [0, 70, 0],
					"position": [5.75, 0, 0]
				},
				"vine_right2": {
					"rotation": [0, -150, 0]
				},
				"vine_right3": {
					"rotation": [0, 162.5, 0]
				},
				"vine_right4": {
					"rotation": [0, -150, 0]
				},
				"vine_right5": {
					"rotation": [0, 160, 0]
				},
				"vine_right6": {
					"rotation": [0, -162.5, 0]
				},
				"vine_right7": {
					"rotation": [0, 137.5, 0]
				},
				"vine_right_end": {
					"rotation": [0, -142.5, 0]
				},
				"vine_left": {
					"rotation": [0, -70, 0],
					"position": [-5.75, 0, 0]
				},
				"vine_left2": {
					"rotation": [0, 150, 0]
				},
				"vine_left3": {
					"rotation": [0, -162.5, 0]
				},
				"vine_left4": {
					"rotation": [0, 150, 0]
				},
				"vine_left5": {
					"rotation": [0, -160, 0]
				},
				"vine_left6": {
					"rotation": [0, 162.5, 0]
				},
				"vine_left7": {
					"rotation": [0, -137.5, 0]
				},
				"vine_left_end": {
					"rotation": [0, 142.5, 0]
				}
			}
		},
		"animation.bulbasaur.blink": {
			"animation_length": 0.1667,
			"bones": {
				"eyelid_right": {
					"position": {
						"0.0": [-0.1, 0, -0.1],
						"0.125": {"pre": [-0.1, 0, -0.1], "post": [-0.1, 0, -0.1]},
						"0.1667": {"pre": [-0.1, 0, -0.1], "post": [0, 0, 0]}
					}
				},
				"eyelid_left": {
					"position": {
						"0.0": [0.1, 0, -0.1],
						"0.125": {"pre": [0.1, 0, -0.1], "post": [0.1, 0, -0.1]},
						"0.1667": {"pre": [0.1, 0, -0.1], "post": [0, 0, 0]}
					}
				}
			}
		},
		"animation.bulbasaur.cry": {
			"animation_length": 1,
			"bones": {
				"head": {
					"rotation": {
						"0.0": [0, 0, 0],
						"0.0833": {
							"pre": [-10, 0, 0],
							"post": [-10, 0, 0],
							"lerp_mode": "catmullrom"
						},
						"0.3333": {
							"post": [-10.59, 0, 0],
							"lerp_mode": "catmullrom"
						},
						"0.5": {
							"post": [-3.55, 0, 0],
							"lerp_mode": "catmullrom"
						},
						"0.75": {
							"post": [0, 0, 0],
							"lerp_mode": "catmullrom"
						},
						"1.0": [0, 0, 0]
					}
				},
				"jaw": {
					"rotation": {
						"0.0": [0, 0, 0],
						"0.0417": [0, 0, 0],
						"0.125": {
							"pre": [20, 0, 0],
							"post": [20, 0, 0],
							"lerp_mode": "catmullrom"
						},
						"0.2917": {
							"post": [36.5, 0, 0],
							"lerp_mode": "catmullrom"
						},
						"0.5": {
							"post": [15, 0, 0],
							"lerp_mode": "catmullrom"
						},
						"0.75": {
							"post": [2, 0, 0],
							"lerp_mode": "catmullrom"
						},
						"0.875": {
							"post": [0, 0, 0],
							"lerp_mode": "catmullrom"
						},
						"1.0": [0, 0, 0]
					}
				}
			},
			"sound_effects": {
				"0.0417": {
					"effect": "pokemon.bulbasaur.cry"
				}
			}
		},
		"animation.bulbasaur.render": {
			"loop": true,
			"bones": {
				"body": {
					"rotation": [15, -32.5, 0]
				},
				"torso": {
					"rotation": [-5, 0, 0]
				},
				"vine_right": {
					"rotation": [-51.55593, 11.9223, -13.44754]
				},
				"vine_right2": {
					"rotation": [17.80073, -78.00979, -34.75087]
				},
				"vine_right3": {
					"rotation": [0, -42.5, 0]
				},
				"vine_right4": {
					"rotation": [0, 105, 0]
				},
				"vine_right5": {
					"rotation": [0, 57.5, 0]
				},
				"vine_right6": {
					"rotation": [0, -115, 0]
				},
				"vine_right7": {
					"rotation": [0, -42.5, 0]
				},
				"vine_right_end": {
					"rotation": [0, -47.5, 0]
				},
				"vine_left": {
					"rotation": [-48.50629, 8.75474, 3.52023]
				},
				"vine_left2": {
					"rotation": [0, 57.5, 0]
				},
				"vine_left3": {
					"rotation": [25.23007, 53.92243, 21.37067]
				},
				"vine_left4": {
					"rotation": [0, -105, 0]
				},
				"vine_left5": {
					"rotation": [0, 42.5, 0]
				},
				"vine_left6": {
					"rotation": [0, 75, 0]
				},
				"vine_left7": {
					"rotation": [0, 60, 0]
				},
				"vine_left_end": {
					"rotation": [0, 40, 0]
				},
				"bulb": {
					"rotation": [2.31336, 9.76061, -14.68558],
					"position": [-0.58232, 0.35165, 0.19299]
				},
				"head": {
					"rotation": [-8.98481, 17.43987, 4.76538]
				},
				"jaw": {
					"rotation": [35, 0, 0]
				},
				"pupil_right": {
					"position": [-0.5, 0, 0]
				},
				"leg_front_right": {
					"rotation": [-32.75057, 14.98328, 26.98216],
					"position": [-0.5445, -0.20862, 0]
				},
				"knee_front_right": {
					"rotation": [0, 0, -10]
				},
				"leg_front_left": {
					"rotation": [7.93688, -4.98093, -5.019],
					"position": [0.02171, -0.24905, 0.0019]
				},
				"knee_front_left": {
					"rotation": [-25, 0, 5]
				},
				"leg_back_right": {
					"rotation": [7.34719, 40.02372, 22.91223],
					"position": [0.13835, -0.28049, 0.16488]
				},
				"knee_back_right": {
					"rotation": [10, 0, 0]
				},
				"leg_back_left": {
					"rotation": [-10, -15, 0],
					"position": [-0.04125, -0.53582, 0.15395]
				},
				"knee_back_left": {
					"rotation": [10, 0, 0]
				}
			}
		},
		"animation.bulbasaur.recoil": {
			"animation_length": 1,
			"bones": {
				"torso": {
					"rotation": {
						"0.0": [0, 0, 0],
						"0.0417": {
							"pre": [-10.5, 0, 0],
							"post": [-10.5, 0, 0],
							"lerp_mode": "catmullrom"
						},
						"0.2083": {
							"post": [-12.3, 0, 0],
							"lerp_mode": "catmullrom"
						},
						"0.3333": {
							"post": [-9.24, 0, 0],
							"lerp_mode": "catmullrom"
						},
						"0.625": {
							"post": [-0.4, 0, 0],
							"lerp_mode": "catmullrom"
						},
						"0.9167": {
							"post": [0, 0, 0],
							"lerp_mode": "catmullrom"
						},
						"1.0": [0, 0, 0]
					}
				},
				"bulb": {
					"rotation": {
						"0.0": [0, 0, 0],
						"0.0417": {
							"pre": [5.9, 0, 0],
							"post": [5.9, 0, 0],
							"lerp_mode": "catmullrom"
						},
						"0.125": {
							"post": [5.98, 0, 0],
							"lerp_mode": "catmullrom"
						},
						"0.3333": {
							"post": [-3.04, 0, 0],
							"lerp_mode": "catmullrom"
						},
						"0.6667": {
							"post": [0.5, 0, 0],
							"lerp_mode": "catmullrom"
						},
						"0.9167": {
							"post": [0, 0, 0],
							"lerp_mode": "catmullrom"
						},
						"1.0": [0, 0, 0]
					}
				},
				"head": {
					"rotation": {
						"0.0": [0, 0, 0],
						"0.0417": {
							"pre": [8.29, 0, 0],
							"post": [8.29, 0, 0],
							"lerp_mode": "catmullrom"
						},
						"0.0833": {
							"post": [-1.8, 0, 0],
							"lerp_mode": "catmullrom"
						},
						"0.375": {
							"post": [11.1, 0, 0],
							"lerp_mode": "catmullrom"
						},
						"0.7083": {
							"post": [0.6, 0, 0],
							"lerp_mode": "catmullrom"
						},
						"0.9167": {
							"post": [0, 0, 0],
							"lerp_mode": "catmullrom"
						},
						"1.0": [0, 0, 0]
					}
				},
				"jaw": {
					"rotation": {
						"0.0": [0, 0, 0],
						"0.0833": {
							"pre": [19.2, 0, 0],
							"post": [19.2, 0, 0],
							"lerp_mode": "catmullrom"
						},
						"0.4167": {
							"post": [20.2, 0, 0],
							"lerp_mode": "catmullrom"
						},
						"0.7083": {
							"post": [0.5, 0, 0],
							"lerp_mode": "catmullrom"
						},
						"0.9167": {
							"post": [0, 0, 0],
							"lerp_mode": "catmullrom"
						},
						"1.0": [0, 0, 0]
					}
				},
				"eyelid_right": {
					"position": {
						"0.0": [0, 0, 0],
						"0.0417": {"pre": [0, 0, 0], "post": [-0.1, 0, -0.1]},
						"0.375": {"pre": [-0.1, 0, -0.1], "post": [-0.1, 0, -0.1]},
						"0.4167": {"pre": [-0.1, 0, -0.1], "post": [0, 0, 0]},
						"1.0": {"pre": [0, 0, 0], "post": [0, 0, 0]}
					}
				},
				"eyelid_left": {
					"position": {
						"0.0": [0, 0, 0],
						"0.0417": {"pre": [0, 0, 0], "post": [0.1, 0, -0.1]},
						"0.375": {"pre": [0.1, 0, -0.1], "post": [0.1, 0, -0.1]},
						"0.4167": {"pre": [0.1, 0, -0.1], "post": [0, 0, 0]},
						"1.0": {"pre": [0, 0, 0], "post": [0, 0, 0]}
					}
				}
			}
		}
	}
}