{
	"format_version": "1.8.0",
	"animations": {
		"animation.quaxly.ground_idle": {
			"loop": true,
			"bones": {
				"wing_right": {
					"rotation": [20, "-5-3*Math.cos((query.anim_time-0.5) * 90 * 5) * 0.5", "-35-8*Math.cos((query.anim_time-0.25) * 90 * 5) * 0.5"]
				},
				"wing_right2": {
					"rotation": [0, 12.5, 0]
				},
				"wing_left": {
					"rotation": [0, -20, "67.5+3*Math.cos((query.anim_time-0.25) * 90 * 5) * 0.5"]
				},
				"wing_left2": {
					"rotation": [0, -42.5, 0]
				},
				"head": {
					"rotation": [
						"-2.5+5*Math.cos((query.anim_time-0.25) * 90 * 5) * 0.5",
						"-3*Math.cos((query.anim_time-0.25) * 90 * 2.5) * 0.5",
						"3*Math.cos((query.anim_time-0.25) * 90 * 2.5) * 0.5"
					],
					"position": [0, "0.1*Math.cos((query.anim_time-0.75) * 90 * 5) * 0.5", 0]
				},
				"torso": {
					"rotation": [0, 0, "3*Math.cos((query.anim_time-0) * 90 * 2.5) * 0.5"],
					"position": [0, "0.5*Math.cos((query.anim_time-0.5) * 90 * 5) * 0.5", 0]
				},
				"hair": {
					"rotation": ["2*Math.cos((query.anim_time-0.5) * 90 * 5) * 0.5", 0, 0]
				},
				"hair_front": {
					"rotation": [0, "2*Math.cos((query.anim_time-0.75) * 90 * 5) * 0.5", "3*Math.cos((query.anim_time-0.5) * 90 * 5) * 0.5"]
				},
				"ruff_front": {
					"rotation": ["5*Math.cos((query.anim_time-0) * 90 * 5) * 0.5", 0, 0]
				},
				"tail": {
					"rotation": ["2*Math.cos((query.anim_time-0) * 90 * 5) * 0.5", 0, 0]
				},
				"tail2": {
					"rotation": ["5*Math.cos((query.anim_time-0.25) * 90 * 5) * 0.5", 0, 0]
				},
				"leg_right": {
					"position": [0, "0.15*Math.cos((query.anim_time-0.5) * 90 * 5) * 0.5", 0]
				},
				"foot_right": {
					"rotation": ["5*Math.cos((query.anim_time-0.5) * 90 * 5) * 0.5", 0, 0],
					"position": [0, 0, "-0.1*Math.cos((query.anim_time-0.5) * 90 * 5) * 0.5"]
				},
				"foot_right2": {
					"rotation": ["-5*Math.cos((query.anim_time-0.5) * 90 * 5) * 0.5", 0, 0]
				},
				"leg_left": {
					"position": [0, "0.15*Math.cos((query.anim_time-0.5) * 90 * 5) * 0.5", 0]
				},
				"foot_left": {
					"rotation": ["5*Math.cos((query.anim_time-0.5) * 90 * 5) * 0.5", 0, 0],
					"position": [0, 0, "-0.1*Math.cos((query.anim_time-0.5) * 90 * 5) * 0.5"]
				},
				"foot_left2": {
					"rotation": ["-5*Math.cos((query.anim_time-0.5) * 90 * 5) * 0.5", 0, 0]
				}
			}
		},
		"animation.quaxly.ground_walk": {
			"loop": true,
			"animation_length": 1,
			"bones": {
				"wing_right": {
					"rotation": [0, 20, "-67.5-8*Math.cos((query.anim_time-0.99) * 90 * 8) * 0.5"]
				},
				"wing_right2": {
					"rotation": [0, 42.5, 0]
				},
				"wing_left": {
					"rotation": [0, -20, "67.5+8*Math.cos((query.anim_time-0.99) * 90 * 8) * 0.5"]
				},
				"head": {
					"rotation": [
						"-12.5-8*Math.cos((query.anim_time-0.5) * 90 * 8) * 0.5",
						"-3*Math.cos((query.anim_time-0.25) * 90 * 4) * 0.5",
						"-8*Math.cos((query.anim_time-0.25) * 90 * 4) * 0.5"
					]
				},
				"leg_right": {
					"rotation": {
						"0.0": {
							"post": [17.5, 0, 0],
							"lerp_mode": "catmullrom"
						},
						"0.25": {
							"post": [2.5, 0, 25],
							"lerp_mode": "catmullrom"
						},
						"0.5": {
							"post": [-12.5, 0, 0],
							"lerp_mode": "catmullrom"
						},
						"0.6667": {
							"post": [20, 0, 0],
							"lerp_mode": "catmullrom"
						},
						"1.0": {
							"post": [17.5, 0, 0],
							"lerp_mode": "catmullrom"
						}
					},
					"position": {
						"0.0": {
							"post": [0, 0, 0.75],
							"lerp_mode": "catmullrom"
						},
						"0.5": {
							"post": [0, 0, -0.75],
							"lerp_mode": "catmullrom"
						},
						"0.6667": {
							"post": [0, 0, 0],
							"lerp_mode": "catmullrom"
						},
						"1.0": {
							"post": [0, 0, 0.75],
							"lerp_mode": "catmullrom"
						}
					}
				},
				"foot_right": {
					"rotation": {
						"0.0": {
							"post": [22.5, 15, 0],
							"lerp_mode": "catmullrom"
						},
						"0.125": {
							"post": [25, 5, 15],
							"lerp_mode": "catmullrom"
						},
						"0.25": {
							"post": [11.25, 7.5, 25],
							"lerp_mode": "catmullrom"
						},
						"0.5": {
							"post": [0, 0, 0],
							"lerp_mode": "catmullrom"
						},
						"0.6667": {
							"post": [5, 0, 0],
							"lerp_mode": "catmullrom"
						},
						"0.875": {
							"post": [5, 0, 0],
							"lerp_mode": "catmullrom"
						},
						"1.0": {
							"post": [22.5, 15, 0],
							"lerp_mode": "catmullrom"
						}
					}
				},
				"foot_right2": {
					"rotation": {
						"0.0": [0, 0, 0],
						"0.5": [-10, 0, 0],
						"0.6667": [-35, -4, 0],
						"0.875": [-40, -4, 0],
						"1.0": [0, 0, 0]
					}
				},
				"leg_left": {
					"rotation": {
						"0.0": {
							"post": [-12.5, 0, 0],
							"lerp_mode": "catmullrom"
						},
						"0.1667": {
							"post": [20, 0, 0],
							"lerp_mode": "catmullrom"
						},
						"0.5": {
							"post": [17.5, 0, 0],
							"lerp_mode": "catmullrom"
						},
						"0.75": {
							"post": [2.5, 0, -25],
							"lerp_mode": "catmullrom"
						},
						"1.0": {
							"post": [-12.5, 0, 0],
							"lerp_mode": "catmullrom"
						}
					},
					"position": {
						"0.0": {
							"post": [0, 0, -0.75],
							"lerp_mode": "catmullrom"
						},
						"0.1667": {
							"post": [0, 0, 0],
							"lerp_mode": "catmullrom"
						},
						"0.5": {
							"post": [0, 0, 0.75],
							"lerp_mode": "catmullrom"
						},
						"1.0": {
							"post": [0, 0, -0.75],
							"lerp_mode": "catmullrom"
						}
					}
				},
				"foot_left": {
					"rotation": {
						"0.0": {
							"post": [0, 0, 0],
							"lerp_mode": "catmullrom"
						},
						"0.1667": {
							"post": [5, 0, 0],
							"lerp_mode": "catmullrom"
						},
						"0.375": {
							"post": [5, 0, 0],
							"lerp_mode": "catmullrom"
						},
						"0.5": {
							"post": [22.5, -15, 0],
							"lerp_mode": "catmullrom"
						},
						"0.625": {
							"post": [25, -5, -15],
							"lerp_mode": "catmullrom"
						},
						"0.75": {
							"post": [11.25, -7.5, -25],
							"lerp_mode": "catmullrom"
						},
						"1.0": {
							"post": [0, 0, 0],
							"lerp_mode": "catmullrom"
						}
					}
				},
				"foot_left2": {
					"rotation": {
						"0.0": [-10, 0, 0],
						"0.1667": [-35, 4, 0],
						"0.375": [-40, 4, 0],
						"0.5": [0, 0, 0],
						"1.0": [-10, 0, 0]
					}
				},
				"body": {
					"rotation": {
						"0.0": {
							"post": [17.5, 0, 0],
							"lerp_mode": "catmullrom"
						},
						"0.1667": {
							"post": [17.5, 0, 5],
							"lerp_mode": "catmullrom"
						},
						"0.375": {
							"post": [17.5, 0, 5],
							"lerp_mode": "catmullrom"
						},
						"0.5": {
							"post": [17.5, 0, 0],
							"lerp_mode": "catmullrom"
						},
						"0.6667": {
							"post": [17.5, 0, -5],
							"lerp_mode": "catmullrom"
						},
						"0.875": {
							"post": [17.5, 0, -5],
							"lerp_mode": "catmullrom"
						},
						"1.0": {
							"post": [17.5, 0, 0],
							"lerp_mode": "catmullrom"
						}
					},
					"position": {
						"0.0": [0, 1, 0],
						"0.1667": {
							"pre": [0, 0, 0],
							"post": [0, 0, 0],
							"lerp_mode": "catmullrom"
						},
						"0.375": {
							"post": [0, 0, 0],
							"lerp_mode": "catmullrom"
						},
						"0.5": [0, 1, 0],
						"0.6667": {
							"pre": [0, 0, 0],
							"post": [0, 0, 0],
							"lerp_mode": "catmullrom"
						},
						"0.875": {
							"post": [0, 0, 0],
							"lerp_mode": "catmullrom"
						},
						"1.0": [0, 1, 0]
					}
				},
				"leg_right2": {
					"rotation": {
						"0.0": [37.5, 0, 0],
						"0.125": [18.13, 0, 25],
						"0.5": [-40, 0, 0],
						"0.625": [-8.12, 0, 0],
						"0.875": [4.79, 0, 0],
						"1.0": [37.5, 0, 0]
					}
				},
				"leg_left2": {
					"rotation": {
						"0.0": [-40, 0, 0],
						"0.125": [-8.12, 0, 0],
						"0.375": [4.79, 0, 0],
						"0.5": [37.5, 0, 0],
						"0.625": [18.13, 0, -25],
						"1.0": [-40, 0, 0]
					}
				},
				"quaxly": {
					"position": [0, 0, "0+math.sin(q.anim_time*90*8+180)*1.5"]
				},
				"torso": {
					"position": {
						"0.0": {
							"post": [0, 0, 0],
							"lerp_mode": "catmullrom"
						},
						"0.25": {
							"post": [0, -0.75, 0],
							"lerp_mode": "catmullrom"
						},
						"0.5": {
							"post": [0, 0, 0],
							"lerp_mode": "catmullrom"
						},
						"0.75": {
							"post": [0, -0.75, 0],
							"lerp_mode": "catmullrom"
						},
						"1.0": {
							"post": [0, 0, 0],
							"lerp_mode": "catmullrom"
						}
					}
				},
				"hair": {
					"rotation": ["3*Math.cos((query.anim_time-0.33) * 90 * 8) * 0.5", 0, 0]
				},
				"hair_front": {
					"rotation": [0, "4*Math.cos((query.anim_time-0.66) * 90 * 8) * 0.5", "5*Math.cos((query.anim_time-0.33) * 90 * 8) * 0.5"]
				},
				"ruff_front": {
					"rotation": ["-7*Math.cos((query.anim_time-0.33) * 90 * 8) * 0.5", 0, 0]
				},
				"wing_left2": {
					"rotation": [0, -42.5, 0]
				},
				"tail": {
					"rotation": ["4*Math.cos((query.anim_time-0.66) * 90 * 8) * 0.5", 0, 0]
				},
				"tail2": {
					"rotation": ["7*Math.cos((query.anim_time-0.99) * 90 * 8) * 0.5", 0, 0]
				}
			}
		},
		"animation.quaxly.battle_idle": {
			"loop": true,
			"bones": {
				"wing_right": {
					"rotation": [20, "40-3*Math.cos((query.anim_time-0.5) * 90 * 6) * 0.5", "-25-8*Math.cos((query.anim_time-0.25) * 90 * 6) * 0.5"]
				},
				"wing_right2": {
					"rotation": [5, 10, 20]
				},
				"wing_left": {
					"rotation": [20, "-40+3*Math.cos((query.anim_time-0.5) * 90 * 6) * 0.5", "25+8*Math.cos((query.anim_time-0.25) * 90 * 6) * 0.5"]
				},
				"wing_left2": {
					"rotation": [5, -10, -20]
				},
				"head": {
					"rotation": [
						"-9.5+5*Math.cos((query.anim_time-0.25) * 90 * 6) * 0.5",
						"0-1*Math.cos((query.anim_time-0.25) * 90 * 3) * 0.5",
						"0+3*Math.cos((query.anim_time-0.25) * 90 * 3) * 0.5"
					],
					"position": [0, "0.1*Math.cos((query.anim_time-0.75) * 90 * 6) * 0.5", 0]
				},
				"torso": {
					"rotation": [12.5, 0, "0+3*Math.cos((query.anim_time-0) * 90 * 3) * 0.5"],
					"position": [0, "0.75*Math.cos((query.anim_time-0.5) * 90 * 6) * 0.5", 0]
				},
				"hair": {
					"rotation": ["2*Math.cos((query.anim_time-0.5) * 90 * 6) * 0.5", 0, 0]
				},
				"hair_front": {
					"rotation": [0, "2*Math.cos((query.anim_time-0.75) * 90 * 6) * 0.5", "3*Math.cos((query.anim_time-0.5) * 90 * 6) * 0.5"]
				},
				"ruff_front": {
					"rotation": ["5*Math.cos((query.anim_time-0) * 90 * 6) * 0.5", 0, 0]
				},
				"tail": {
					"rotation": ["2*Math.cos((query.anim_time-0) * 90 * 6) * 0.5", 0, 0]
				},
				"tail2": {
					"rotation": ["5*Math.cos((query.anim_time-0.25) * 90 * 6) * 0.5", 0, 0]
				},
				"leg_right": {
					"position": [0, "0.25*Math.cos((query.anim_time-0.5) * 90 * 6) * 0.5", 0]
				},
				"foot_right": {
					"rotation": ["1+7*Math.cos((query.anim_time-0.5) * 90 * 6) * 0.5", 0, -7.5],
					"position": [0, 0, "-0.09*Math.cos((query.anim_time-0.5) * 90 * 6) * 0.5"]
				},
				"foot_right2": {
					"rotation": ["-6.5*Math.cos((query.anim_time-0.5) * 90 * 6) * 0.5", 0, 0]
				},
				"leg_left": {
					"position": [0, "0.25*Math.cos((query.anim_time-0.5) * 90 * 6) * 0.5", 0]
				},
				"foot_left": {
					"rotation": ["1+7*Math.cos((query.anim_time-0.5) * 90 * 6) * 0.5", 0, 7.5],
					"position": [0, 0, "-0.08*Math.cos((query.anim_time-0.5) * 90 * 6) * 0.5"]
				},
				"foot_left2": {
					"rotation": ["-6.5*Math.cos((query.anim_time-0.5) * 90 * 6) * 0.5", 0, 0]
				},
				"leg_right2": {
					"rotation": [0, 0, 7.5]
				},
				"leg_left2": {
					"rotation": [0, 0, -7.5]
				}
			}
		},
		"animation.quaxly.sleep": {
			"loop": true,
			"bones": {
				"body": {
					"rotation": [-32.5, 0, 0],
					"position": [0, -3, 0]
				},
				"torso": {
					"rotation": [0, 0, "3*Math.cos((query.anim_time-0) * 90 * 2) * 0.5"]
				},
				"neck": {
					"rotation": [22.5, 0, 0]
				},
				"head": {
					"rotation": [
						"20+4*Math.cos((query.anim_time-0.25) * 90 * 1) * 0.5",
						"0-2*Math.cos((query.anim_time-0.25) * 90 * 2) * 0.5",
						"0+2*Math.cos((query.anim_time-0.25) * 90 * 2) * 0.5"
					],
					"position": [0, "0.1*Math.cos((query.anim_time-0.75) * 90 * 4) * 0.5", 0]
				},
				"eyelid_right": {
					"position": [0, 0, -0.1]
				},
				"eyelid_left": {
					"position": [0, 0, -0.1]
				},
				"hair": {
					"rotation": ["1*Math.cos((query.anim_time-0.5) * 90 * 4) * 0.5", 0, 0]
				},
				"hair_front": {
					"rotation": [0, "1*Math.cos((query.anim_time-0.75) * 90 * 4) * 0.5", "4+2*Math.cos((query.anim_time-0.5) * 90 * 4) * 0.5"]
				},
				"wing_right": {
					"rotation": [-100, "-30+0.5*Math.cos((query.anim_time-0.75) * 90 * 2) * 0.5", "-100-0.5*Math.cos((query.anim_time-0.75) * 90 * 2) * 0.5"],
					"position": [0, 0, -2]
				},
				"wing_right2": {
					"rotation": [0, 0, 32.5]
				},
				"wing_left": {
					"rotation": [-100, "30-0.5*Math.cos((query.anim_time-0.75) * 90 * 2) * 0.5", "100+0.5*Math.cos((query.anim_time-0.75) * 90 * 2) * 0.5"],
					"position": [0, 0, -2]
				},
				"wing_left2": {
					"rotation": [0, 0, -32.5]
				},
				"tail": {
					"rotation": ["1*Math.cos((query.anim_time-0) * 90 * 4) * 0.5", 0, 0]
				},
				"tail2": {
					"rotation": ["3*Math.cos((query.anim_time-0.25) * 90 * 4) * 0.5", 0, 0]
				},
				"leg_right": {
					"rotation": [0, 0, 40],
					"position": [-1, -0.25, 0]
				},
				"leg_right2": {
					"rotation": [-35, 35, 15]
				},
				"foot_right": {
					"rotation": [26, 15, 7]
				},
				"foot_right2": {
					"rotation": [-10, 0, 0]
				},
				"leg_left": {
					"rotation": [0, 0, -40],
					"position": [1, -0.25, 0]
				},
				"leg_left2": {
					"rotation": [-35, -35, -15]
				},
				"foot_left": {
					"rotation": [26, -15, -7]
				},
				"foot_left2": {
					"rotation": [-10, 0, 0]
				}
			}
		},
		"animation.quaxly.faint": {
			"loop": true,
			"animation_length": 3,
			"bones": {
				"tail3": {
					"rotation": [0, 0, 0]
				},
				"mouth_closed": {
					"position": {
						"0.0": [0, 0, 0],
						"0.4583": [0, 0, 0],
						"0.5": [0, 0, 1],
						"1.9583": [0, 0, 1],
						"2.0": [0, 0, 0]
					}
				},
				"mouth_open": {
					"position": {
						"0.0": [0, 0, 0],
						"0.4583": [0, 0, 0],
						"0.5": [0, 0, -0.25],
						"1.9583": [0, 0, -0.25],
						"2.0": [0, 0, 0]
					}
				},
				"ear_left": {
					"rotation": {
						"0.0": [0, 0, 0],
						"0.4167": [27.5, 0, 0],
						"0.5417": [15.36, 0, 0],
						"0.7083": [-47.5, 0, 0],
						"0.875": [27.5, 0, 0],
						"1.0833": [-25, 0, 0],
						"1.2917": [32.5, 0, 0],
						"1.5833": [-42.5, 0, 0],
						"1.75": [0, 0, 0],
						"1.8333": [-30, 0, 0],
						"2.0": [-52.5, 0, 0],
						"2.0833": [32.5, 0, 0],
						"2.2083": [7.5, 0, 0],
						"2.3333": [20, 0, 0],
						"2.5": [40.5, 0, 0]
					}
				},
				"ear_right": {
					"rotation": {
						"0.0": [0, 0, 0],
						"0.375": [27.5, 0, 0],
						"0.5": [15.36, 0, 0],
						"0.6667": [-47.5, 0, 0],
						"0.8333": [27.5, 0, 0],
						"1.0417": [-25, 0, 0],
						"1.25": [32.5, 0, 0],
						"1.5417": [-42.5, 0, 0],
						"1.7083": [0, 0, 0],
						"1.7917": [-30, 0, 0],
						"1.9583": [-52.5, 0, 0],
						"2.0417": [32.5, 0, 0],
						"2.1667": [7.5, 0, 0],
						"2.2917": [20, 0, 0],
						"2.4583": [40.5, 0, 0]
					}
				},
				"arm_right": {
					"rotation": {
						"0.0": [0, -12.5, -45],
						"0.25": [-3.09472, -22.29711, -46.88997],
						"0.5": [-8.07688, 8.09632, 0.33946],
						"0.7917": [4.27877, 3.94825, -24.45861],
						"0.9167": [6.54228, -34.53308, 18.77804],
						"0.9583": [6.01896, -26.6795, 3.80223],
						"1.0417": [4.27877, 3.94825, -18.45861],
						"1.125": [5.48158, 19.27033, -0.1958],
						"1.2083": [6.39987, 24.6369, 17.08247],
						"1.2917": [5.48158, 19.27033, -0.1958],
						"1.375": [4.27877, 3.94825, -15.45861],
						"1.4583": [5.32257, -13.06394, -3.56351],
						"1.5417": [6.19448, -20.1185, 12.26736],
						"1.625": [6.25716, -10.41911, 2.77141],
						"1.7083": [6.11312, 19.16368, -5.55555],
						"1.7917": [7.52279, 38.52877, 14.89191],
						"1.9167": [7.71933, 41.50623, 30.5639],
						"2.0417": [7.67006, -16.63604, 24.20326],
						"2.125": [7.59995, -40.48498, 20.47985],
						"2.2917": [6.54648, -28.07884, 22.33908],
						"2.4167": [6.89216, -33.04456, 21.65988]
					}
				},
				"arm_right2": {
					"rotation": {
						"0.0": [0, 0, 0],
						"0.5417": [0, -12.5, -10],
						"0.75": [-1.6575, 12.39135, -17.67995],
						"0.9167": [4.36065, 9.01117, 15.33187],
						"1.0833": [0.98882, 9.95447, -4.9258],
						"1.25": [3.13914, 9.5024, 7.74906],
						"1.6667": [3.98027, -10.76037, 11.42859],
						"2.0": [3.99308, 11.68657, 12.98296],
						"2.0833": [4.18145, -20.73516, 10.69013],
						"2.2917": [3.93013, -5.77226, 11.77698]
					}
				},
				"arm_left": {
					"rotation": {
						"0.0": [0, 12.5, 45],
						"0.25": [-3.09472, 22.29711, 46.88997],
						"0.5": [-8.07688, -8.09632, -0.33946],
						"0.7917": [4.27877, -3.94825, 24.45861],
						"0.9167": [6.54228, 34.53308, -18.77804],
						"0.9583": [6.01896, 26.6795, -3.80223],
						"1.0417": [4.27877, -3.94825, 18.45861],
						"1.125": [5.48158, -19.27033, 0.1958],
						"1.2083": [6.39987, -24.6369, -17.08247],
						"1.2917": [5.48158, -19.27033, 0.1958],
						"1.375": [4.27877, -3.94825, 15.45861],
						"1.4583": [5.32257, 13.06394, 3.56351],
						"1.5417": [6.19448, 20.1185, -12.26736],
						"1.625": [6.25716, 10.41911, -2.77141],
						"1.7083": [6.11312, -19.16368, 5.55555],
						"1.7917": [7.52279, -38.52877, -14.89191],
						"1.9167": [7.71933, -41.50623, -30.5639],
						"2.0417": [7.67006, 16.63604, -24.20326],
						"2.125": [7.59995, 40.48498, -20.47985],
						"2.2917": [6.54648, 28.07884, -22.33908],
						"2.4167": [6.89216, 33.04456, -21.65988]
					}
				},
				"arm_left2": {
					"rotation": {
						"0.0": [0, 0, 0],
						"0.5417": [0, 12.5, 10],
						"0.75": [-1.6575, -12.39135, 17.67995],
						"0.9167": [4.36065, -9.01117, -15.33187],
						"1.0833": [0.98882, -9.95447, 4.9258],
						"1.25": [3.13914, -9.5024, -7.74906],
						"1.6667": [3.98027, 10.76037, -11.42859],
						"2.0": [3.99308, -11.68657, -12.98296],
						"2.0833": [4.18145, 20.73516, -10.69013],
						"2.2917": [3.93013, 5.77226, -11.77698]
					}
				},
				"body": {
					"rotation": {
						"0.0": [0, 0, 0],
						"1.1667": [0, 0, 0],
						"1.6667": [3.42, 7.5, 0],
						"1.8333": [19.4, 0, 0],
						"2.0417": [87.5, 0, 0],
						"2.2083": [112.5, 0, 0],
						"2.375": [87.5, 0, 0]
					},
					"position": {
						"0.0": [0, 0, 0],
						"0.4583": [0, 0.39, -2],
						"0.5833": [0, 0.39, -2],
						"0.75": [0, 0.39, -2.5],
						"1.0": [0, 0.39, -3],
						"1.125": [0, 0.39, -3],
						"1.4167": [0, 0.39, -3.3],
						"1.6667": [0, 0.39, -3],
						"1.8333": [0, 0.39, -5],
						"2.0417": [0, -5.29, -5.31],
						"2.2083": [0, -4.41, -6.28],
						"2.375": [0, -5.5, -7]
					}
				},
				"torso": {
					"rotation": {
						"0.0": {
							"post": [0, 0, 0],
							"lerp_mode": "catmullrom"
						},
						"0.25": {
							"post": [-15, 0, 10],
							"lerp_mode": "catmullrom"
						},
						"0.375": {
							"post": [-8.23789, -2.06699, -0.92957],
							"lerp_mode": "catmullrom"
						},
						"0.5417": {
							"post": [21.7385, -4.13398, -8.85915],
							"lerp_mode": "catmullrom"
						},
						"0.7917": {
							"post": [-2.02429, -4.67422, -3.84575],
							"lerp_mode": "catmullrom"
						},
						"0.9167": {
							"post": [-7.95444, -3.15921, 8.09511],
							"lerp_mode": "catmullrom"
						},
						"1.0417": {
							"post": [-5.47811, -4.55175, 10.29253],
							"lerp_mode": "catmullrom"
						},
						"1.25": {
							"post": [14.81875, -13.20087, 9.56651],
							"lerp_mode": "catmullrom"
						},
						"1.5": {
							"post": [-0.28306, 15.1629, 10.67816],
							"lerp_mode": "catmullrom"
						},
						"1.8333": {
							"post": [-34.0807, -0.58611, 0.14802],
							"lerp_mode": "catmullrom"
						},
						"2.0": {
							"post": [1.9193, -0.58611, 0.14802],
							"lerp_mode": "catmullrom"
						},
						"2.0833": {
							"post": [-8.0807, -0.58611, 0.14802],
							"lerp_mode": "catmullrom"
						},
						"2.2083": {
							"post": [-6.0807, -0.58611, 0.14802],
							"lerp_mode": "catmullrom"
						},
						"2.3333": [-0.5807, -0.58611, 0.14802]
					},
					"position": {
						"0.0": [0, 0, 0],
						"0.3333": [0, 0, 0],
						"0.7917": [0, 0.5, 0]
					}
				},
				"head": {
					"rotation": {
						"0.0": [0, 0, 0],
						"0.1667": [20, 0, 0],
						"0.375": [-12.31594, 2.15393, 9.76758],
						"0.5833": [7.68406, -2.15393, -9.76758],
						"0.75": [12.31649, 8.9286, -8.31949],
						"1.0417": [-16.95504, 11.50578, -6.64911],
						"1.3333": [15.09334, -9.1529, -2.39864],
						"1.5833": [24.94912, 1.85223, 2.54964],
						"1.7917": [-34.83873, 18.27012, 0.3394],
						"1.9583": [-36.73612, -16.12004, 9.91768],
						"2.0833": [11.62079, -31.40633, -6.23347],
						"2.25": [-64.50415, -61.89275, 49.14243],
						"2.4167": [-96.04538, -73.23411, 86.57105],
						"2.5": [-95.28609, -70.74626, 85.77283],
						"2.5833": [-96.04538, -73.23411, 86.57105]
					},
					"position": {
						"0.0": [0, 0, 0],
						"1.9167": [0, 0, 0],
						"2.0833": [0, 0, -1],
						"2.1667": [0, 0, -0.5],
						"2.375": [0, 0, -1]
					}
				},
				"eyelid_right": {
					"position": {
						"0.0": [0, 0, 0],
						"0.2917": [0, 0, 0],
						"0.5417": [0, 0, -0.25],
						"0.625": [0, 0, 0],
						"0.8333": [0, 0, -0.1],
						"1.7083": [0, 0, -0.1],
						"1.7917": [0, 0, 0],
						"2.0": [0, 0, 0],
						"2.0833": [0, 0, -0.1]
					}
				},
				"eyelid_left": {
					"position": {
						"0.0": [0, 0, 0],
						"0.2917": [0, 0, 0],
						"0.5417": [0, 0, -0.25],
						"0.625": [0, 0, 0],
						"0.75": [0, 0, 0],
						"0.8333": [0, 0, -0.1],
						"1.7083": [0, 0, -0.1],
						"1.7917": [0, 0, 0],
						"1.9583": [0, 0, 0],
						"2.0417": [0, 0, -0.1]
					}
				},
				"wing_right": {
					"rotation": {
						"0.0": [0, 0, -47.5],
						"0.2083": [0, 20, 0],
						"0.375": [-5.09623, -5.49649, -30.05633],
						"0.5417": [7.09999, -21.40584, -18.84359],
						"0.6667": [-5.09623, -5.49649, -30.05633],
						"0.7917": [0, 0, 2.5],
						"1.0417": [-5.57085, 24.37969, -32.85132],
						"1.2917": [-32.35836, -28.74048, -50.62216],
						"1.5833": [-46.89694, 29.86851, -2.47602],
						"1.7083": [-55.52618, -19.89229, -41.81758],
						"1.7917": [-45.44859, 45.71376, 5.531],
						"1.875": [-63.27854, -3.90524, -33.61062],
						"2.0417": [-71.173, -26.34503, -26.31511],
						"2.2083": [-73.13255, 4.6723, -16.29632],
						"2.4167": [-71.173, -26.34503, -26.31511],
						"2.5417": [-71.878, -21.60231, -24.58159],
						"2.7083": [-71.173, -26.34503, -26.31511]
					}
				},
				"wing_right2": {
					"rotation": {
						"0.0": [0, 0, 15],
						"0.125": [0, 0, -20],
						"0.2917": [0, 0, 15],
						"0.7083": [0, 0, -20],
						"1.0": [0, 0, 15],
						"1.4583": [0, 0, -20],
						"1.5833": [0, 0, 15],
						"1.7083": [0, 0, -20],
						"1.9583": [0, 0, 15],
						"2.0": [0, 0, 18.55],
						"2.125": [0, 0, -25.02],
						"2.4167": [0, 0, 15],
						"2.5417": [0, 0, 5],
						"2.7083": [0, 0, 15]
					}
				},
				"wing_left": {
					"rotation": {
						"0.0": [0, 0, 50],
						"0.3333": [0, 0, 0],
						"0.5": [-4.21516, 21.22576, 38.91037],
						"0.6667": [-17.92529, 1.52332, 5.37521],
						"0.7917": [-17.8487, 12.71737, 28.61106],
						"0.9167": [-29.23772, -22.44245, 6.04313],
						"1.2917": [-31.93049, 28.38062, 37.76817],
						"1.5833": [-49.73365, -21.27811, -6.99149],
						"1.7083": [-48.45173, 35.42697, 36.03819],
						"1.7917": [-56.50041, -11.7052, 1.20007],
						"1.875": [-59.26215, 24.64585, 24.00918],
						"2.0417": [-71.173, 26.34503, 26.31511],
						"2.2083": [-73.13255, -4.6723, 16.29632],
						"2.4167": [-71.173, 26.34503, 26.31511],
						"2.5417": [-71.878, 21.60231, 24.58159],
						"2.7083": [-71.173, 26.34503, 26.31511]
					}
				},
				"wing_left2": {
					"rotation": {
						"0.0": [0, 0, -15],
						"0.2083": [0, 0, 5],
						"0.375": [0, 0, -19.04],
						"0.625": [0, 0, 11.47],
						"0.7917": [0, 0, 1.45],
						"1.2083": [0, 0, -18.55],
						"1.375": [0, 0, 17.76],
						"1.625": [0, 0, -18.55],
						"1.75": [0, 0, 17.76],
						"1.8333": [0, 0, -18.55],
						"2.0": [0, 0, -18.55],
						"2.125": [0, 0, 25.02],
						"2.4167": [0, 0, -15],
						"2.5417": [0, 0, -5],
						"2.7083": [0, 0, -15]
					}
				},
				"leg_right": {
					"rotation": {
						"0.0": [0, 0, 0],
						"0.25": [-19.65736, 15.7627, 37.25235],
						"0.375": [-31.82278, 3.72291, 8.23055],
						"0.4583": [0, 0, 0],
						"1.0": [4.01876, 9.84655, 17.49524],
						"1.4167": [11.51876, 9.84655, 17.49524],
						"1.8333": [-15.98055, 9.84847, 17.49788],
						"2.1667": [6.52, 9.85, 17.5]
					}
				},
				"leg_right2": {
					"rotation": {
						"0.0": [0, 0, 0],
						"0.25": [-25, 0, 0],
						"0.4583": [0, 0, 0],
						"1.0": [28.1685, 18.11559, -4.07315],
						"1.4167": [26.68151, -11.32978, -0.40818],
						"1.8333": [26.27479, -3.77659, 9.50162],
						"2.0417": [-3.92857, 0, 14.45652],
						"2.2083": [30, 0, 15.97826],
						"2.375": [0, 0, 17.5],
						"2.5": [5, 0, 17.5],
						"2.625": [0, 0, 17.5]
					}
				},
				"foot_right": {
					"rotation": {
						"0.0": [0, 0, 0],
						"0.5833": [32.5, 0, 0],
						"1.4167": [-9.33501, -4.46375, -16.93839],
						"1.8333": [33.41689, -24.90346, -18.41478],
						"2.0417": [33.50686, 17.93478, 0],
						"2.2083": [55.1087, 22.71739, 0],
						"2.4167": [30.23343, 2.02061, -15.82896]
					}
				},
				"foot_right2": {
					"rotation": {
						"0.0": [0, 0, 0],
						"0.25": [-20, 0, 0],
						"0.5833": [-37.5, 0, 0],
						"1.0": [-31.25, 0, 0],
						"1.4167": [-15, 0, 0],
						"1.625": [-32.5, 0, 0],
						"1.8333": [-51.94, 0, 0],
						"1.9583": [-67.45, 0, 0],
						"2.2083": [20.52, 0, 0],
						"2.4167": [0, 0, 0]
					}
				},
				"leg_left": {
					"rotation": {
						"0.0": [0, 0, 0],
						"0.375": [0, 0, 0],
						"0.5833": [28.88636, 15.58394, -25.96295],
						"0.8333": [-9.25088, 16.7796, -28.24912],
						"1.0": [0, 0, 0],
						"1.8333": [-15, 0, 0],
						"1.9583": [0, 0, 0],
						"2.4167": [0, 0, 0]
					},
					"position": {
						"0.0": [0, 0, 0],
						"0.375": [0, 0, 0],
						"0.5833": [0.5, 1.5, 0.5],
						"0.8333": [0.25, 1, 0.5],
						"1.0": [0, 0, 0],
						"2.4167": [0, 0, 0]
					}
				},
				"leg_left2": {
					"rotation": {
						"0.0": [0, 0, 0],
						"0.5833": [11.4171, -9.47916, -12.57992],
						"1.0": [0, 0, 0],
						"1.8333": [-0.31826, -7.58333, -10.06393],
						"2.0417": [-16.02282, -9.47916, -12.57992],
						"2.2083": [28.38679, -9.47916, -12.57992],
						"2.375": [-11.0829, -9.47916, -12.57992],
						"2.5": [-6.0829, -9.47916, -12.57992],
						"2.625": [-11.0829, -9.47916, -12.57992]
					}
				},
				"foot_left": {
					"rotation": {
						"0.0": [0, 0, 0],
						"0.2083": [-0.38404, -0.62094, 4.96139],
						"0.4167": [10.73103, -2.16053, 12.02855],
						"0.5833": [20, 0, 0],
						"1.0": [14.83838, -6.51728, -2.59773],
						"1.4167": [15.69718, -15.95523, 4.68501],
						"1.8333": [33.46405, -32.80705, 13.23833],
						"1.9583": [40.29614, -6.54698, 19.388],
						"2.0417": [54.43433, -22.81049, -9.09205],
						"2.2083": [70.7834, -4.11236, -9.92512],
						"2.4167": [55.29588, -28.02432, -11.17023]
					}
				},
				"foot_left2": {
					"rotation": {
						"0.0": [0, 0, 0],
						"0.2083": [-4.46, 0, 0],
						"0.4167": [-21.43, 0, 0],
						"0.5833": [-12.5, 0, 0],
						"1.625": [-12.5, 0, 0],
						"1.8333": [-32.5, 0, 0],
						"1.9583": [-70, 0, 0],
						"2.2083": [22.5, 0, 0],
						"2.4167": [0, 0, 0]
					}
				},
				"eye_right": {
					"rotation": {
						"0.5833": [0, 0, 0],
						"0.625": [0, 0, -7.5],
						"1.7917": [0, 0, -7.5],
						"1.8333": [0, 0, 0]
					}
				},
				"eye_left": {
					"rotation": {
						"0.5833": [0, 0, 0],
						"0.625": [0, 0, 7.5],
						"1.7917": [0, 0, 7.5],
						"1.8333": [0, 0, 0]
					}
				},
				"jaw": {
					"rotation": {
						"0.0": [0, 0, 0],
						"1.625": [0, 0, 0],
						"1.75": [75, 0, 0],
						"2.0": [75, 0, 0],
						"2.1667": [0, 0, 0]
					}
				},
				"hair_front": {
					"rotation": {
						"0.0": [0, 0, 0],
						"0.1667": [0, 0, 5],
						"0.3333": [0, 0, 12.5],
						"0.4167": [0, 0, 7.5],
						"0.5833": [0, 0, -7.5],
						"0.9583": [0, 0, 12.5],
						"1.3333": [0, 0, 5],
						"1.5833": [0, 0, 10],
						"1.75": [0, 7.5, 15],
						"1.8333": [0, 0, 2.5],
						"2.0": [0, 0, -5],
						"2.0833": [0.86797, -2.53757, 14.96171],
						"2.1667": [0, 10, 10],
						"2.375": [0, -2.5, 0],
						"2.4583": [0, 0, 7.5],
						"2.5833": [0, 0, -2.5],
						"2.6667": [0, 0, 2.5]
					}
				},
				"tail": {
					"rotation": {
						"0.0": [0, 0, 0],
						"0.2917": [-12.5, 0, 0],
						"0.5833": [0, 0, -5],
						"0.875": [-12.5, 0, 0],
						"1.3333": [0, 0, -5],
						"1.7917": [-22.5, 0, 0],
						"1.9583": [-31.67, 0, 0],
						"2.1667": [7.5, 0, 0],
						"2.375": [-5, 0, 0],
						"2.5": [0, 0, 0]
					}
				},
				"tail2": {
					"rotation": {
						"0.0": [0, 0, 0],
						"1.875": [0, 0, 0],
						"2.0417": [-22.5, 0, 0],
						"2.2083": [12.5, 0, 0],
						"2.4167": [-7.5, 0, 0],
						"2.5": [2.5, 0, 0],
						"2.625": [0, 0, 0]
					}
				}
			}
		},
		"animation.quaxly.ground_quirk_WIP": {
			"loop": true,
			"bones": {
				"torso": {
					"rotation": [-5, 0, 2.5],
					"position": [-0.25, 0.5, 0]
				},
				"head": {
					"rotation": [-7, 0, 5],
					"position": [0, -0.25, 0]
				},
				"eyelid_right": {
					"position": [0, 0, -0.1]
				},
				"eyelid_left": {
					"position": [0, 0, -0.1]
				},
				"jaw": {
					"rotation": [37.5, 0, 0]
				},
				"hair": {
					"rotation": [0, 0, 3]
				},
				"hair_front": {
					"rotation": [-2.25, 7.5, -2]
				},
				"ruff_front": {
					"rotation": [-5, 0, 0]
				},
				"wing_right": {
					"rotation": [70, 22, 45]
				},
				"wing_right2": {
					"rotation": [0, 10, 0]
				},
				"wing_left": {
					"rotation": [12.5, 20, -22.5]
				},
				"wing_left2": {
					"rotation": [0, 0, 27.5]
				},
				"tail": {
					"rotation": [0, 0, 5]
				},
				"tail2": {
					"rotation": [0, 0, 10]
				},
				"leg_right": {
					"rotation": [0, 7.5, 0],
					"position": [0, 0.25, 0]
				},
				"leg_right2": {
					"rotation": [5, 0, 0]
				},
				"foot_right": {
					"rotation": [2.5, 0, 0]
				},
				"foot_right2": {
					"rotation": [-7.5, 0, 0]
				},
				"leg_left": {
					"rotation": [0, 2.5, -5]
				},
				"foot_left": {
					"rotation": [0, -5, 5]
				}
			}
		},
		"animation.quaxly.water_idle": {
			"loop": true,
			"bones": {
				"body": {
					"rotation": ["15-2*Math.cos((query.anim_time-0.5) * 90 * 4) * 0.5", 0, "2*Math.cos((query.anim_time-0.75) * 90 * 4) * 0.5"],
					"position": [0, "0.75*Math.cos((query.anim_time-0.75) * 90 * 2) * 0.5", 0]
				},
				"torso": {
					"rotation": [-10, 0, 0]
				},
				"head": {
					"rotation": ["-2.5-5*Math.cos((query.anim_time-0) * 90 * 4) * 0.5", 0, "2*Math.cos((query.anim_time-0.25) * 90 * 4) * 0.5"]
				},
				"wing_right": {
					"rotation": [0, "12*Math.cos((query.anim_time-0.5) * 90 * 4) * 0.5", "-25-12*Math.cos((query.anim_time-0.25) * 90 * 4) * 0.5"]
				},
				"wing_right2": {
					"rotation": [0, 0, "7.5-12*Math.cos((query.anim_time-0.5) * 90 * 4) * 0.5"]
				},
				"wing_left": {
					"rotation": [0, "-12*Math.cos((query.anim_time-0.5) * 90 * 4) * 0.5", "25+12*Math.cos((query.anim_time-0.25) * 90 * 4) * 0.5"]
				},
				"wing_left2": {
					"rotation": [0, 0, "-7.5+12*Math.cos((query.anim_time-0.5) * 90 * 4) * 0.5"]
				},
				"leg_right": {
					"rotation": [-10, 0, 9]
				},
				"leg_right2": {
					"rotation": ["17.5+18*Math.cos((query.anim_time-0) * 90 * 4) * 0.5", 0, 0]
				},
				"foot_right": {
					"rotation": ["30-22*Math.cos((query.anim_time-0.75) * 90 * 4) * 0.5", 5, -10]
				},
				"leg_left": {
					"rotation": [-10, 0, -9]
				},
				"leg_left2": {
					"rotation": ["17.5+18*Math.cos((query.anim_time-0.75) * 90 * 4) * 0.5", 0, 0]
				},
				"foot_left": {
					"rotation": ["30-22*Math.cos((query.anim_time-0.5) * 90 * 4) * 0.5", -5, 10]
				},
				"hair": {
					"rotation": ["1*Math.cos((query.anim_time-0.25) * 90 * 4) * 0.5", 0, 0]
				},
				"hair_front": {
					"rotation": [0, "2*Math.cos((query.anim_time-0) * 90 * 4) * 0.5", "3*Math.cos((query.anim_time-0.75) * 90 * 4) * 0.5"]
				},
				"tail": {
					"rotation": ["3*Math.cos((query.anim_time-0) * 90 * 4) * 0.5", 0, 0]
				},
				"tail2": {
					"rotation": ["3*Math.cos((query.anim_time-0.25) * 90 * 4) * 0.5", 0, 0]
				},
				"foot_right2": {
					"rotation": ["-12+18*Math.cos((query.anim_time-0.5) * 90 * 4) * 0.5", 0, 0]
				},
				"foot_left2": {
					"rotation": ["-12+18*Math.cos((query.anim_time-0.25) * 90 * 4) * 0.5", 0, 0]
				},
				"ruff_front": {
					"rotation": ["5*Math.cos((query.anim_time-0.75) * 90 * 4) * 0.5", 0, 0]
				}
			}
		},
		"animation.quaxly.water_swim": {
			"loop": true,
			"bones": {
				"body": {
					"rotation": ["35-2*Math.cos((query.anim_time-0.5) * 90 * 4) * 0.5", 0, "2*Math.cos((query.anim_time-0.75) * 90 * 4) * 0.5"],
					"position": [0, "0.5*Math.cos((query.anim_time-0.75) * 90 * 4) * 0.5", 0]
				},
				"torso": {
					"rotation": [-10, 0, 0]
				},
				"head": {
					"rotation": ["-35-5*Math.cos((query.anim_time-0) * 90 * 4) * 0.5", 0, "2*Math.cos((query.anim_time-0.25) * 90 * 4) * 0.5"]
				},
				"wing_right": {
					"rotation": [0, "12*Math.cos((query.anim_time-0.5) * 90 * 4) * 0.5", "-25-12*Math.cos((query.anim_time-0.25) * 90 * 4) * 0.5"]
				},
				"wing_right2": {
					"rotation": [0, 0, "7.5-12*Math.cos((query.anim_time-0.5) * 90 * 4) * 0.5"]
				},
				"wing_left": {
					"rotation": [0, "-12*Math.cos((query.anim_time-0.5) * 90 * 4) * 0.5", "25+12*Math.cos((query.anim_time-0.25) * 90 * 4) * 0.5"]
				},
				"wing_left2": {
					"rotation": [0, 0, "-7.5+12*Math.cos((query.anim_time-0.5) * 90 * 4) * 0.5"]
				},
				"leg_right": {
					"rotation": [-10, 0, 9]
				},
				"leg_right2": {
					"rotation": ["17.5+18*Math.cos((query.anim_time-0) * 90 * 12) * 0.5", 0, 0]
				},
				"foot_right": {
					"rotation": ["72.5-22*Math.cos((query.anim_time-0.75) * 90 * 12) * 0.5", 5, 0]
				},
				"leg_left": {
					"rotation": [-10, 0, -9]
				},
				"leg_left2": {
					"rotation": ["17.5+18*Math.cos((query.anim_time-0.75) * 90 * 12) * 0.5", 0, 0]
				},
				"foot_left": {
					"rotation": ["72.5-22*Math.cos((query.anim_time-0.5) * 90 * 12) * 0.5", -5, 0]
				},
				"hair": {
					"rotation": ["1*Math.cos((query.anim_time-0.25) * 90 * 4) * 0.5", 0, 0]
				},
				"hair_front": {
					"rotation": [0, "2*Math.cos((query.anim_time-0) * 90 * 4) * 0.5", "3*Math.cos((query.anim_time-0.75) * 90 * 4) * 0.5"]
				},
				"foot_right2": {
					"rotation": ["-12+18*Math.cos((query.anim_time-0) * 90 * 12) * 0.5", 0, 0]
				},
				"foot_left2": {
					"rotation": ["-12+18*Math.cos((query.anim_time-0.75) * 90 * 12) * 0.5", 0, 0]
				},
				"neck": {
					"rotation": [20, 0, 0]
				},
				"tail": {
					"rotation": ["3*Math.cos((query.anim_time-0) * 90 * 4) * 0.5", 0, 0]
				},
				"tail2": {
					"rotation": ["3*Math.cos((query.anim_time-0.25) * 90 * 4) * 0.5", 0, 0]
				},
				"ruff_front": {
					"rotation": ["5*Math.cos((query.anim_time-0.75) * 90 * 4) * 0.5", 0, 0]
				}
			}
		},
		"animation.quaxly.water_battle_idle": {
			"loop": true,
			"bones": {
				"body": {
					"rotation": ["15-2*Math.cos((query.anim_time-0.5) * 90 * 5) * 0.5", 0, "2*Math.cos((query.anim_time-0.75) * 90 * 5) * 0.5"],
					"position": [0, "0.75*Math.cos((query.anim_time-0.75) * 90 * 2.5) * 0.5", 0]
				},
				"torso": {
					"rotation": [-10, 0, 0]
				},
				"head": {
					"rotation": ["-2.5-5*Math.cos((query.anim_time-0) * 90 * 5) * 0.5", 0, "2*Math.cos((query.anim_time-0.25) * 90 * 5) * 0.5"]
				},
				"wing_right": {
					"rotation": [20, "40+12*Math.cos((query.anim_time-0.5) * 90 * 5) * 0.5", "-25-12*Math.cos((query.anim_time-0.25) * 90 * 5) * 0.5"]
				},
				"wing_right2": {
					"rotation": [0, 0, "7.5-12*Math.cos((query.anim_time-0.5) * 90 * 5) * 0.5"]
				},
				"wing_left": {
					"rotation": [20, "-40-12*Math.cos((query.anim_time-0.5) * 90 * 5) * 0.5", "25+12*Math.cos((query.anim_time-0.25) * 90 * 5) * 0.5"]
				},
				"wing_left2": {
					"rotation": [0, 0, "-7.5+12*Math.cos((query.anim_time-0.5) * 90 * 5) * 0.5"]
				},
				"leg_right": {
					"rotation": [-10, 0, 9]
				},
				"leg_right2": {
					"rotation": ["17.5+18*Math.cos((query.anim_time-0.75) * 90 * 5) * 0.5", 0, 0]
				},
				"foot_right": {
					"rotation": ["30-22*Math.cos((query.anim_time-0.25) * 90 * 5) * 0.5", 5, -10]
				},
				"leg_left": {
					"rotation": [-10, 0, -9]
				},
				"leg_left2": {
					"rotation": ["17.5+18*Math.cos((query.anim_time-0.75) * 90 * 5) * 0.5", 0, 0]
				},
				"foot_left": {
					"rotation": ["30-22*Math.cos((query.anim_time-0.5) * 90 * 5) * 0.5", -5, 10]
				},
				"hair": {
					"rotation": ["1*Math.cos((query.anim_time-0.25) * 90 * 5) * 0.5", 0, 0]
				},
				"hair_front": {
					"rotation": [0, "3*Math.cos((query.anim_time-0.75) * 90 * 5) * 0.5", "4*Math.cos((query.anim_time-0.5) * 90 * 5) * 0.5"]
				},
				"tail": {
					"rotation": ["3*Math.cos((query.anim_time-0) * 90 * 5) * 0.5", 0, 0]
				},
				"tail2": {
					"rotation": ["3*Math.cos((query.anim_time-0.25) * 90 * 5) * 0.5", 0, 0]
				},
				"foot_right2": {
					"rotation": ["-12+18*Math.cos((query.anim_time-0) * 90 * 5) * 0.5", 0, 0]
				},
				"foot_left2": {
					"rotation": ["-12+18*Math.cos((query.anim_time-0.25) * 90 * 5) * 0.5", 0, 0]
				},
				"ruff_front": {
					"rotation": ["5*Math.cos((query.anim_time-0.75) * 90 * 5) * 0.5", 0, 0]
				}
			}
		},
		"animation.quaxly.water_sleep": {
			"loop": true,
			"bones": {
				"body": {
					"rotation": ["15-2*Math.cos((query.anim_time-0.5) * 90 * 3) * 0.5", 0, "2*Math.cos((query.anim_time-0.75) * 90 * 3) * 0.5"],
					"position": [0, "0.75*Math.cos((query.anim_time-0.75) * 90 * 1.5) * 0.5", 0]
				},
				"torso": {
					"rotation": [-10, 0, 0]
				},
				"head": {
					"rotation": ["20-3*Math.cos((query.anim_time-0) * 90 * 1) * 0.5", 0, "0+1*Math.cos((query.anim_time-0.25) * 90 * 3) * 0.5"]
				},
				"wing_right": {
					"rotation": [0, "8*Math.cos((query.anim_time-0.5) * 90 * 3) * 0.5", "-5-8*Math.cos((query.anim_time-0.25) * 90 * 3) * 0.5"]
				},
				"wing_right2": {
					"rotation": [0, 0, "7.5-8*Math.cos((query.anim_time-0.5) * 90 * 3) * 0.5"]
				},
				"wing_left": {
					"rotation": [0, "-8*Math.cos((query.anim_time-0.5) * 90 * 3) * 0.5", "5+8*Math.cos((query.anim_time-0.25) * 90 * 3) * 0.5"]
				},
				"wing_left2": {
					"rotation": [0, 0, "-7.5+8*Math.cos((query.anim_time-0.5) * 90 * 3) * 0.5"]
				},
				"leg_right": {
					"rotation": [-10, 0, 9]
				},
				"leg_right2": {
					"rotation": ["17.5+18*Math.cos((query.anim_time-0) * 90 * 3) * 0.5", 0, 0]
				},
				"foot_right": {
					"rotation": ["30-22*Math.cos((query.anim_time-0.75) * 90 * 3) * 0.5", 5, -10]
				},
				"leg_left": {
					"rotation": [-10, 0, -9]
				},
				"leg_left2": {
					"rotation": ["17.5+18*Math.cos((query.anim_time-0.75) * 90 * 3) * 0.5", 0, 0]
				},
				"foot_left": {
					"rotation": ["30-22*Math.cos((query.anim_time-0.5) * 90 * 3) * 0.5", -5, 10]
				},
				"hair": {
					"rotation": ["1*Math.cos((query.anim_time-0.25) * 90 * 3) * 0.5", 0, 0]
				},
				"hair_front": {
					"rotation": [0, "2*Math.cos((query.anim_time-0) * 90 * 3) * 0.5", "3*Math.cos((query.anim_time-0.75) * 90 * 3) * 0.5"]
				},
				"tail": {
					"rotation": ["3*Math.cos((query.anim_time-0) * 90 * 3) * 0.5", 0, 0]
				},
				"tail2": {
					"rotation": ["3*Math.cos((query.anim_time-0.25) * 90 * 3) * 0.5", 0, 0]
				},
				"foot_right2": {
					"rotation": ["-12+18*Math.cos((query.anim_time-0.5) * 90 * 3) * 0.5", 0, 0]
				},
				"foot_left2": {
					"rotation": ["-12+18*Math.cos((query.anim_time-0) * 90 * 3) * 0.5", 0, 0]
				},
				"ruff_front": {
					"rotation": ["5*Math.cos((query.anim_time-0.75) * 90 * 3) * 0.5", 0, 0]
				},
				"eyelid_right": {
					"position": [0, 0, -0.1]
				},
				"eyelid_left": {
					"position": [0, 0, -0.1]
				}
			}
		},
		"animation.quaxly.water_faint_WIP": {
			"loop": true
		},
		"animation.quaxly.surfacewater_idle": {
			"loop": true,
			"bones": {
				"body": {
					"rotation": ["15-1*Math.cos((query.anim_time-0.5) * 90 * 4) * 0.5", 0, "1*Math.cos((query.anim_time-0.75) * 90 * 4) * 0.5"],
					"position": [0, "-5+0.5*Math.cos((query.anim_time-0.75) * 90 * 2) * 0.5", 0]
				},
				"torso": {
					"rotation": [-10, 0, 0]
				},
				"head": {
					"rotation": ["-2.5-5*Math.cos((query.anim_time-0) * 90 * 4) * 0.5", 0, "2*Math.cos((query.anim_time-0.25) * 90 * 4) * 0.5"]
				},
				"wing_right": {
					"rotation": [0, 20, "-67.5-3*Math.cos((query.anim_time-0.25) * 90 * 4) * 0.5"]
				},
				"wing_right2": {
					"rotation": [0, 42.5, 0]
				},
				"wing_left": {
					"rotation": [0, -20, "67.5+3*Math.cos((query.anim_time-0.25) * 90 * 4) * 0.5"]
				},
				"wing_left2": {
					"rotation": [0, -42.5, 0]
				},
				"leg_right": {
					"rotation": [-10, 0, 9]
				},
				"leg_right2": {
					"rotation": ["17.5+18*Math.cos((query.anim_time-0) * 90 * 4) * 0.5", 0, 0]
				},
				"foot_right": {
					"rotation": ["30-22*Math.cos((query.anim_time-0.75) * 90 * 4) * 0.5", 5, -10]
				},
				"leg_left": {
					"rotation": [-10, 0, -9]
				},
				"leg_left2": {
					"rotation": ["17.5+18*Math.cos((query.anim_time-0.75) * 90 * 4) * 0.5", 0, 0]
				},
				"foot_left": {
					"rotation": ["30-22*Math.cos((query.anim_time-0.5) * 90 * 4) * 0.5", -5, 10]
				},
				"hair": {
					"rotation": ["1*Math.cos((query.anim_time-0.25) * 90 * 4) * 0.5", 0, 0]
				},
				"hair_front": {
					"rotation": [0, "2*Math.cos((query.anim_time-0) * 90 * 4) * 0.5", "3*Math.cos((query.anim_time-0.75) * 90 * 4) * 0.5"]
				},
				"tail": {
					"rotation": ["3*Math.cos((query.anim_time-0) * 90 * 4) * 0.5", 0, 0]
				},
				"tail2": {
					"rotation": ["3*Math.cos((query.anim_time-0.25) * 90 * 4) * 0.5", 0, 0]
				},
				"foot_right2": {
					"rotation": ["-12+18*Math.cos((query.anim_time-0.5) * 90 * 4) * 0.5", 0, 0]
				},
				"foot_left2": {
					"rotation": ["-12+18*Math.cos((query.anim_time-0.25) * 90 * 4) * 0.5", 0, 0]
				},
				"ruff_front": {
					"rotation": ["5*Math.cos((query.anim_time-0.75) * 90 * 4) * 0.5", 0, 0]
				}
			}
		},
		"animation.quaxly.surfacewater_swim": {
			"loop": true,
			"bones": {
				"body": {
					"rotation": ["25-2*Math.cos((query.anim_time-0.5) * 90 * 4) * 0.5", 0, "2*Math.cos((query.anim_time-0.75) * 90 * 4) * 0.5"],
					"position": [0, "-5+0.25*Math.cos((query.anim_time-0.75) * 90 * 4) * 0.5", 0]
				},
				"torso": {
					"rotation": [-10, 0, 0]
				},
				"head": {
					"rotation": ["-27.5-5*Math.cos((query.anim_time-0) * 90 * 4) * 0.5", 0, "0+2*Math.cos((query.anim_time-0.25) * 90 * 4) * 0.5"]
				},
				"wing_right": {
					"rotation": [0, 20, "-67.5-3*Math.cos((query.anim_time-0.25) * 90 * 4) * 0.5"]
				},
				"wing_right2": {
					"rotation": [0, 42.5, 0]
				},
				"wing_left": {
					"rotation": [0, -20, "67.5+3*Math.cos((query.anim_time-0.25) * 90 * 4) * 0.5"]
				},
				"wing_left2": {
					"rotation": [0, -42.5, 0]
				},
				"leg_right": {
					"rotation": [-10, 0, 9]
				},
				"leg_right2": {
					"rotation": ["17.5+18*Math.cos((query.anim_time-0) * 90 * 12) * 0.5", 0, 0]
				},
				"foot_right": {
					"rotation": ["72.5-22*Math.cos((query.anim_time-0.75) * 90 * 12) * 0.5", 5, 0]
				},
				"leg_left": {
					"rotation": [-10, 0, -9]
				},
				"leg_left2": {
					"rotation": ["17.5+18*Math.cos((query.anim_time-0.75) * 90 * 12) * 0.5", 0, 0]
				},
				"foot_left": {
					"rotation": ["72.5-22*Math.cos((query.anim_time-0.5) * 90 * 12) * 0.5", -5, 0]
				},
				"hair": {
					"rotation": ["1*Math.cos((query.anim_time-0.25) * 90 * 4) * 0.5", 0, 0]
				},
				"hair_front": {
					"rotation": [0, "2*Math.cos((query.anim_time-0) * 90 * 4) * 0.5", "3*Math.cos((query.anim_time-0.75) * 90 * 4) * 0.5"]
				},
				"foot_right2": {
					"rotation": ["-12+18*Math.cos((query.anim_time-0) * 90 * 12) * 0.5", 0, 0]
				},
				"foot_left2": {
					"rotation": ["-12+18*Math.cos((query.anim_time-0.75) * 90 * 12) * 0.5", 0, 0]
				},
				"neck": {
					"rotation": [20, 0, 0]
				},
				"tail": {
					"rotation": ["3*Math.cos((query.anim_time-0) * 90 * 4) * 0.5", 0, 0]
				},
				"tail2": {
					"rotation": ["3*Math.cos((query.anim_time-0.25) * 90 * 4) * 0.5", 0, 0]
				},
				"ruff_front": {
					"rotation": ["5*Math.cos((query.anim_time-0.75) * 90 * 4) * 0.5", 0, 0]
				}
			}
		},
		"animation.quaxly.surfacewater_battle_idle": {
			"loop": true,
			"bones": {
				"body": {
					"rotation": ["15-1*Math.cos((query.anim_time-0.5) * 90 * 5) * 0.5", 0, "1*Math.cos((query.anim_time-0.75) * 90 * 5) * 0.5"],
					"position": [0, "-5+0.5*Math.cos((query.anim_time-0.75) * 90 * 2.5) * 0.5", 0]
				},
				"torso": {
					"rotation": [-10, 0, 0]
				},
				"head": {
					"rotation": ["-2.5-5*Math.cos((query.anim_time-0) * 90 * 5) * 0.5", 0, "2*Math.cos((query.anim_time-0.25) * 90 * 5) * 0.5"]
				},
				"wing_right": {
					"rotation": [10, "45+12*Math.cos((query.anim_time-0.5) * 90 * 5) * 0.5", "-60-12*Math.cos((query.anim_time-0.25) * 90 * 5) * 0.5"]
				},
				"wing_right2": {
					"rotation": [0, 0, "7.5-12*Math.cos((query.anim_time-0.5) * 90 * 5) * 0.5"]
				},
				"wing_left": {
					"rotation": [10, "-45-12*Math.cos((query.anim_time-0.5) * 90 * 5) * 0.5", "60+12*Math.cos((query.anim_time-0.25) * 90 * 5) * 0.5"]
				},
				"wing_left2": {
					"rotation": [0, 0, "-7.5+12*Math.cos((query.anim_time-0.5) * 90 * 5) * 0.5"]
				},
				"leg_right": {
					"rotation": [-10, 0, 9]
				},
				"leg_right2": {
					"rotation": ["17.5+18*Math.cos((query.anim_time-0.75) * 90 * 5) * 0.5", 0, 0]
				},
				"foot_right": {
					"rotation": ["30-22*Math.cos((query.anim_time-0.25) * 90 * 5) * 0.5", 5, -10]
				},
				"leg_left": {
					"rotation": [-10, 0, -9]
				},
				"leg_left2": {
					"rotation": ["17.5+18*Math.cos((query.anim_time-0.75) * 90 * 5) * 0.5", 0, 0]
				},
				"foot_left": {
					"rotation": ["30-22*Math.cos((query.anim_time-0.5) * 90 * 5) * 0.5", -5, 10]
				},
				"hair": {
					"rotation": ["1*Math.cos((query.anim_time-0.25) * 90 * 5) * 0.5", 0, 0]
				},
				"hair_front": {
					"rotation": [0, "3*Math.cos((query.anim_time-0.75) * 90 * 5) * 0.5", "4*Math.cos((query.anim_time-0.5) * 90 * 5) * 0.5"]
				},
				"tail": {
					"rotation": ["3*Math.cos((query.anim_time-0) * 90 * 5) * 0.5", 0, 0]
				},
				"tail2": {
					"rotation": ["3*Math.cos((query.anim_time-0.25) * 90 * 5) * 0.5", 0, 0]
				},
				"foot_right2": {
					"rotation": ["-12+18*Math.cos((query.anim_time-0) * 90 * 5) * 0.5", 0, 0]
				},
				"foot_left2": {
					"rotation": ["-12+18*Math.cos((query.anim_time-0.25) * 90 * 5) * 0.5", 0, 0]
				},
				"ruff_front": {
					"rotation": ["5*Math.cos((query.anim_time-0.75) * 90 * 5) * 0.5", 0, 0]
				}
			}
		},
		"animation.quaxly.surfacewater_sleep": {
			"loop": true,
			"bones": {
				"body": {
					"rotation": ["15-1*Math.cos((query.anim_time-0.5) * 90 * 3) * 0.5", 0, "1*Math.cos((query.anim_time-0.75) * 90 * 3) * 0.5"],
					"position": [0, "-5+0.5*Math.cos((query.anim_time-0.75) * 90 * 1.5) * 0.5", 0]
				},
				"torso": {
					"rotation": [-10, 0, 0]
				},
				"head": {
					"rotation": ["17.5-3*Math.cos((query.anim_time-0) * 90 * 3) * 0.5", 0, "1*Math.cos((query.anim_time-0.25) * 90 * 3) * 0.5"]
				},
				"wing_right": {
					"rotation": [0, 20, "-67.5-2*Math.cos((query.anim_time-0.25) * 90 * 3) * 0.5"]
				},
				"wing_right2": {
					"rotation": [0, 42.5, 0]
				},
				"wing_left": {
					"rotation": [0, -20, "67.5+2*Math.cos((query.anim_time-0.25) * 90 * 3) * 0.5"]
				},
				"wing_left2": {
					"rotation": [0, -42.5, 0]
				},
				"leg_right": {
					"rotation": [-10, 0, 9]
				},
				"leg_right2": {
					"rotation": ["17.5+18*Math.cos((query.anim_time-0) * 90 * 3) * 0.5", 0, 0]
				},
				"foot_right": {
					"rotation": ["30-22*Math.cos((query.anim_time-0.75) * 90 * 3) * 0.5", 5, -10]
				},
				"leg_left": {
					"rotation": [-10, 0, -9]
				},
				"leg_left2": {
					"rotation": ["17.5+18*Math.cos((query.anim_time-0.75) * 90 * 3) * 0.5", 0, 0]
				},
				"foot_left": {
					"rotation": ["30-22*Math.cos((query.anim_time-0.5) * 90 * 3) * 0.5", -5, 10]
				},
				"hair": {
					"rotation": ["1*Math.cos((query.anim_time-0.25) * 90 * 3) * 0.5", 0, 0]
				},
				"hair_front": {
					"rotation": [0, "1*Math.cos((query.anim_time-0) * 90 * 3) * 0.5", "2*Math.cos((query.anim_time-0.75) * 90 * 3) * 0.5"]
				},
				"tail": {
					"rotation": ["3*Math.cos((query.anim_time-0) * 90 * 3) * 0.5", 0, 0]
				},
				"tail2": {
					"rotation": ["3*Math.cos((query.anim_time-0.25) * 90 * 3) * 0.5", 0, 0]
				},
				"foot_right2": {
					"rotation": ["-12+18*Math.cos((query.anim_time-0.5) * 90 * 3) * 0.5", 0, 0]
				},
				"foot_left2": {
					"rotation": ["-12+18*Math.cos((query.anim_time-0) * 90 * 3) * 0.5", 0, 0]
				},
				"ruff_front": {
					"rotation": ["5*Math.cos((query.anim_time-0.75) * 90 * 3) * 0.5", 0, 0]
				},
				"eyelid_right": {
					"position": [0, 0, -0.1]
				},
				"eyelid_left": {
					"position": [0, 0, -0.1]
				}
			}
		},
		"animation.quaxly.surfacewater_faint": {
			"loop": true
		},
		"animation.quaxly.surfacewater_quirk_WIP": {
			"loop": true,
			"bones": {
				"body": {
					"rotation": [180, 180, 0],
					"position": [0, -10, 0]
				},
				"torso": {
					"rotation": [12.5, 0, 0]
				},
				"head": {
					"rotation": [-12.5, 0, 0]
				},
				"eyelid_right": {
					"position": [0, 0, -0.1]
				},
				"eyelid_left": {
					"position": [0, 0, -0.1]
				},
				"jaw": {
					"rotation": [37.5, 0, 0]
				},
				"hair_front": {
					"rotation": [0, 5, 27.5]
				},
				"wing_right": {
					"rotation": [0, 20, -67.5]
				},
				"wing_right2": {
					"rotation": [0, 42.5, 0]
				},
				"wing_left": {
					"rotation": [0, -20, 67.5]
				},
				"wing_left2": {
					"rotation": [0, -42.5, 0]
				},
				"leg_right": {
					"rotation": [0, 0, 15]
				},
				"foot_right": {
					"rotation": [32.5, 45, 0]
				},
				"foot_right2": {
					"rotation": [-12.5, 0, 0]
				},
				"leg_left": {
					"rotation": [0, 0, -15]
				},
				"foot_left": {
					"rotation": [32.5, -45, 0]
				},
				"foot_left2": {
					"rotation": [-12.5, 0, 0]
				}
			}
		},
		"animation.quaxly.cry": {
			"animation_length": 1,
			"bones": {
				"head": {
					"rotation": {
						"0.0": [0, 0, 0],
						"0.1667": [-12, 0, 0],
						"0.2917": [-10, 0, 0],
						"0.375": [-10, 0, 0],
						"0.5417": [-12, 0, 0],
						"0.75": [0, 0, 0]
					}
				},
				"jaw": {
					"rotation": {
						"0.0": [0, 0, 0],
						"0.1667": [48, 0, 0],
						"0.2917": [27.5, 0, 0],
						"0.375": [27.5, 0, 0],
						"0.5417": [48, 0, 0],
						"0.75": [0, 0, 0]
					}
				},
				"hair_front": {
					"rotation": {
						"0.0": [0, 0, 0],
						"0.125": [0, "4*Math.cos((query.anim_time-0.75) * 90 * 10) * 0.5", "5*Math.cos((query.anim_time-0.5) * 90 * 10) * 0.5"],
						"0.7917": [0, "4*Math.cos((query.anim_time-0.75) * 90 * 10) * 0.5", "5*Math.cos((query.anim_time-0.5) * 90 * 10) * 0.5"],
						"0.9167": [0, 0, 0]
					}
				}
			},
			"sound_effects": {
				"0.125": {
					"effect": "pokemon.quaxly.cry"
				}
			}
		},
		"animation.quaxly.blink": {
			"animation_length": 0.16667,
			"bones": {
				"eyelid_left": {
					"position": {
						"0.0": [0, 0, -0.1],
						"0.125": [0, 0, -0.1],
						"0.1667": [0, 0, 0]
					}
				},
				"eyelid_right": {
					"position": {
						"0.0": [0, 0, -0.1],
						"0.125": [0, 0, -0.1],
						"0.1667": [0, 0, 0]
					}
				}
			}
		},
		"animation.quaxly.walktest": {
			"loop": true,
			"bones": {
				"body": {
					"position": [0, 0, "0-query.anim_time *90 *0.35"]
				}
			}
		}
	}
}