{
	"format_version": "1.12.0",
	"minecraft:geometry": [
		{
			"description": {
				"identifier": "geometry.mantyke",
				"texture_width": 64,
				"texture_height": 64,
				"visible_bounds_width": 4,
				"visible_bounds_height": 1.5,
				"visible_bounds_offset": [0, 0.25, 0]
			},
			"bones": [
				{
					"name": "mantyke",
					"pivot": [0, 0, 0]
				},
				{
					"name": "body",
					"parent": "mantyke",
					"pivot": [0, 3.5, 0]
				},
				{
					"name": "torso",
					"parent": "body",
					"pivot": [0, 3.5, 0],
					"cubes": [
						{"origin": [-6, 0, -7], "size": [12, 8, 14], "uv": [0, 7]},
						{"origin": [-4.5, 1.5, 6.5], "size": [9, 6, 3], "uv": [38, 55]}
					]
				},
				{
					"name": "eyes",
					"parent": "torso",
					"pivot": [3.5, 3.5, -7]
				},
				{
					"name": "eye_right",
					"parent": "eyes",
					"pivot": [-3.5, 3.5, -7],
					"cubes": [
						{"origin": [-4.5, 2.5, -7.02], "size": [2, 1, 0], "uv": [9, 1]},
						{"origin": [-4.5, 1.8, -7.01], "size": [1, 1, 0], "pivot": [-4, 3, -7], "rotation": [0, 0, 45], "uv": [9, 2]},
						{"origin": [-4, 1.5, -7.02], "size": [1, 1, 0], "uv": [11, 2]}
					]
				},
				{
					"name": "eye_emote_right",
					"parent": "eye_right",
					"pivot": [-4, 4, -7.02],
					"cubes": [
						{"origin": [-4.5, 3.5, -7.02], "size": [1, 1, 0], "uv": [9, 0]}
					]
				},
				{
					"name": "eye_emote_right2",
					"parent": "eye_right",
					"pivot": [-3, 4, -7.02],
					"cubes": [
						{"origin": [-3.5, 3.5, -7.02], "size": [1, 1, 0], "uv": [11, 0]}
					]
				},
				{
					"name": "pupil_right",
					"parent": "eye_right",
					"pivot": [-3.5, 3.5, -7.03],
					"cubes": [
						{"origin": [-4, 3, -7.03], "size": [1, 1, 0], "uv": [17, 1]}
					]
				},
				{
					"name": "eye_left",
					"parent": "eyes",
					"pivot": [3.5, 3.5, -7],
					"cubes": [
						{"origin": [2.5, 2.5, -7.02], "size": [2, 1, 0], "uv": [13, 1]},
						{"origin": [3.5, 1.8, -7.01], "size": [1, 1, 0], "pivot": [4, 3, -7], "rotation": [0, 0, -45], "uv": [13, 2]},
						{"origin": [3, 1.5, -7.02], "size": [1, 1, 0], "uv": [15, 2]}
					]
				},
				{
					"name": "eye_emote_left",
					"parent": "eye_left",
					"pivot": [4, 4, -7.02],
					"cubes": [
						{"origin": [3.5, 3.5, -7.02], "size": [1, 1, 0], "uv": [13, 0]}
					]
				},
				{
					"name": "eye_emote_left2",
					"parent": "eye_left",
					"pivot": [3, 4, -7.02],
					"cubes": [
						{"origin": [2.5, 3.5, -7.02], "size": [1, 1, 0], "uv": [15, 0]}
					]
				},
				{
					"name": "pupil_left",
					"parent": "eye_left",
					"pivot": [3.5, 3.5, -7.03],
					"cubes": [
						{"origin": [3, 3, -7.03], "size": [1, 1, 0], "uv": [17, 0]}
					]
				},
				{
					"name": "mouth",
					"parent": "torso",
					"pivot": [0, 1.5, -7]
				},
				{
					"name": "mouth_closed",
					"parent": "mouth",
					"pivot": [0, 1.5, -7],
					"cubes": [
						{"origin": [-1, 1, -7.01], "size": [2, 1, 0], "inflate": 0.01, "uv": [0, 1]}
					]
				},
				{
					"name": "mouth_closed_right",
					"parent": "mouth_closed",
					"pivot": [-1.5, 2, -7.02],
					"cubes": [
						{"origin": [-2, 1.5, -7.01], "size": [1, 1, 0], "uv": [0, 0]}
					]
				},
				{
					"name": "mouth_closed_left",
					"parent": "mouth_closed",
					"pivot": [1.5, 2, -7.02],
					"cubes": [
						{"origin": [1, 1.5, -7.01], "size": [1, 1, 0], "uv": [2, 0]}
					]
				},
				{
					"name": "mouth_open",
					"parent": "mouth",
					"pivot": [0, 1.5, -6.9],
					"cubes": [
						{"origin": [-1, 0.5, -6.91], "size": [2, 2, 0], "uv": [0, 3]}
					]
				},
				{
					"name": "mouth_open_right",
					"parent": "mouth_open",
					"pivot": [-1.5, 2, -6.92],
					"cubes": [
						{"origin": [-2, 1.5, -6.91], "size": [1, 1, 0], "uv": [0, 2]}
					]
				},
				{
					"name": "mouth_open_left",
					"parent": "mouth_open",
					"pivot": [1.5, 2, -6.92],
					"cubes": [
						{"origin": [1, 1.5, -6.91], "size": [1, 1, 0], "uv": [2, 2]}
					]
				},
				{
					"name": "antenna_right",
					"parent": "torso",
					"pivot": [-3, 6.5, -7],
					"cubes": [
						{"origin": [-4, 5.5, -11], "size": [2, 2, 5], "uv": [0, 0]}
					]
				},
				{
					"name": "antenna_right2",
					"parent": "antenna_right",
					"pivot": [-3, 6.5, -10.75],
					"cubes": [
						{"origin": [-4, 5.5, -14.5], "size": [2, 2, 4], "inflate": 0.01, "uv": [0, 29]}
					]
				},
				{
					"name": "antenna_right3",
					"parent": "antenna_right2",
					"pivot": [-3, 6.5, -14],
					"cubes": [
						{"origin": [-4.5, 5, -18], "size": [3, 3, 4], "uv": [0, 7]}
					]
				},
				{
					"name": "antenna_left",
					"parent": "torso",
					"pivot": [3, 6.5, -7],
					"cubes": [
						{"origin": [2, 5.5, -11], "size": [2, 2, 5], "uv": [14, 0]}
					]
				},
				{
					"name": "antenna_left2",
					"parent": "antenna_left",
					"pivot": [3, 6.5, -10.75],
					"cubes": [
						{"origin": [2, 5.5, -14.5], "size": [2, 2, 4], "inflate": 0.01, "uv": [0, 35]}
					]
				},
				{
					"name": "antenna_left3",
					"parent": "antenna_left2",
					"pivot": [3, 6.5, -14],
					"cubes": [
						{"origin": [1.5, 5, -18], "size": [3, 3, 4], "uv": [0, 14]}
					]
				},
				{
					"name": "wing_right",
					"parent": "torso",
					"pivot": [-5.4, 4.5, -1],
					"cubes": [
						{"origin": [-10, 2, -6], "size": [7, 5, 12], "uv": [0, 47]}
					]
				},
				{
					"name": "wing_right2",
					"parent": "wing_right",
					"pivot": [-9, 4.5, 0],
					"cubes": [
						{"origin": [-13.5, 2.5, -4.5], "size": [6, 4, 9], "uv": [29, 42]}
					]
				},
				{
					"name": "wing_right3",
					"parent": "wing_right2",
					"pivot": [-12.75, 4.5, 0],
					"cubes": [
						{"origin": [-17, 3.5, -3], "size": [5, 2, 6], "uv": [38, 13]}
					]
				},
				{
					"name": "wing_left",
					"parent": "torso",
					"pivot": [5.4, 4.5, -1],
					"cubes": [
						{"origin": [3, 2, -6], "size": [7, 5, 12], "uv": [0, 30]}
					]
				},
				{
					"name": "wing_left2",
					"parent": "wing_left",
					"pivot": [9, 4.5, 0],
					"cubes": [
						{"origin": [7.5, 2.5, -4.5], "size": [6, 4, 9], "uv": [26, 29]}
					]
				},
				{
					"name": "wing_left3",
					"parent": "wing_left2",
					"pivot": [12.75, 4.5, 0],
					"cubes": [
						{"origin": [12, 3.5, -3], "size": [5, 2, 6], "uv": [38, 5]}
					]
				}
			]
		}
	]
}