{
	"format_version": "1.12.0",
	"minecraft:geometry": [
		{
			"description": {
				"identifier": "geometry.octillery_female",
				"texture_width": 128,
				"texture_height": 64,
				"visible_bounds_width": 4,
				"visible_bounds_height": 2.5,
				"visible_bounds_offset": [0, 0.75, 0]
			},
			"bones": [
				{
					"name": "octillery",
					"pivot": [0, 0, 0]
				},
				{
					"name": "body",
					"parent": "octillery",
					"pivot": [0, 3, 0],
					"cubes": [
						{"origin": [-5.5, 0, -5.5], "size": [11, 6, 11], "inflate": 0.01, "uv": [48, 0]}
					]
				},
				{
					"name": "neck",
					"parent": "body",
					"pivot": [0, 5.5, 0],
					"cubes": [
						{"origin": [-3.5, 4, -3.5], "size": [7, 7, 7], "uv": [41, 17]}
					]
				},
				{
					"name": "head",
					"parent": "neck",
					"pivot": [0, 10, 0],
					"cubes": [
						{"origin": [-6, 9, -6], "size": [12, 12, 12], "uv": [0, 0]}
					]
				},
				{
					"name": "mouth",
					"parent": "head",
					"pivot": [0, 12.7, -6],
					"cubes": [
						{"origin": [-2, 11.5, -6], "size": [4, 5, 5], "pivot": [0, 16, -6], "rotation": [-42.5, 0, 0], "uv": [36, 0]}
					]
				},
				{
					"name": "mouth2",
					"parent": "mouth",
					"pivot": [0, 12.7, -7],
					"cubes": [
						{"origin": [-1.5, 11.2, -11.5], "size": [3, 3, 5], "uv": [81, 0]}
					]
				},
				{
					"name": "mouth_hole",
					"parent": "mouth2",
					"pivot": [0, 12.7, -11.5],
					"cubes": [
						{"origin": [-1, 11.7, -11.51], "size": [2, 2, 0], "uv": [81, 0]}
					]
				},
				{
					"name": "eyes",
					"parent": "head",
					"pivot": [-12, 10, -0.5]
				},
				{
					"name": "eye_right",
					"parent": "eyes",
					"pivot": [-5, 14.5, -4],
					"cubes": [
						{"origin": [-6, 14, -6], "size": [2, 1, 4], "inflate": 0.01, "uv": [40, 59]}
					]
				},
				{
					"name": "eye_emote_right",
					"parent": "eye_right",
					"pivot": [-5, 15.5, -4],
					"cubes": [
						{"origin": [-6, 15, -6], "size": [2, 1, 4], "inflate": 0.015, "uv": [40, 54]}
					]
				},
				{
					"name": "eye_emote_right2",
					"parent": "eye_right",
					"pivot": [-5.4, 16.5, -4.4],
					"cubes": [
						{"origin": [-5.9, 16, -5.9], "size": [1, 1, 3], "inflate": 0.01, "uv": [40, 46]}
					]
				},
				{
					"name": "eye_emote_right3",
					"parent": "eye_right",
					"pivot": [-5.5, 13.5, -4.5],
					"cubes": [
						{"origin": [-6, 13, -6], "size": [1, 1, 3], "inflate": 0.01, "uv": [40, 50]}
					]
				},
				{
					"name": "pupil_right",
					"parent": "eye_right",
					"pivot": [-5.5, 15, -5.5],
					"cubes": [
						{"origin": [-6, 14, -6], "size": [1, 2, 1], "inflate": 0.02, "uv": [48, 38]}
					]
				},
				{
					"name": "eyelid_right",
					"parent": "eye_right",
					"pivot": [-4.9, 14.5, -3.9],
					"cubes": [
						{"origin": [-5.9, 13, -5.9], "size": [2, 3, 4], "inflate": 0.02, "uv": [40, 37]}
					]
				},
				{
					"name": "eyelid_emote_right",
					"parent": "eyelid_right",
					"pivot": [-5.4, 14.5, -3.4],
					"cubes": [
						{"origin": [-5.9, 14, -3.9], "size": [1, 1, 1], "inflate": 0.03, "uv": [55, 44]}
					]
				},
				{
					"name": "eyelid_emote_right2",
					"parent": "eyelid_right",
					"pivot": [-5.4, 14.5, -4.9],
					"cubes": [
						{"origin": [-5.9, 14, -5.9], "size": [1, 1, 2], "inflate": 0.035, "uv": [45, 44]}
					]
				},
				{
					"name": "eyelid_emote_right3",
					"parent": "eyelid_right",
					"pivot": [-4.4, 14.5, -5.4],
					"cubes": [
						{"origin": [-4.9, 14, -5.9], "size": [1, 1, 1], "inflate": 0.03, "uv": [61, 44]}
					]
				},
				{
					"name": "eye_left",
					"parent": "eyes",
					"pivot": [5, 14.5, -4],
					"cubes": [
						{"origin": [4, 14, -6], "size": [2, 1, 4], "inflate": 0.01, "uv": [52, 59], "mirror": true}
					]
				},
				{
					"name": "eye_emote_left",
					"parent": "eye_left",
					"pivot": [5, 15.5, -4],
					"cubes": [
						{"origin": [4, 15, -6], "size": [2, 1, 4], "inflate": 0.015, "uv": [52, 54], "mirror": true}
					]
				},
				{
					"name": "eye_emote_left2",
					"parent": "eye_left",
					"pivot": [5.4, 16.5, -4.4],
					"cubes": [
						{"origin": [4.9, 16, -5.9], "size": [1, 1, 3], "inflate": 0.01, "uv": [52, 46], "mirror": true}
					]
				},
				{
					"name": "eye_emote_left3",
					"parent": "eye_left",
					"pivot": [5.5, 13.5, -4.5],
					"cubes": [
						{"origin": [5, 13, -6], "size": [1, 1, 3], "inflate": 0.01, "uv": [52, 50], "mirror": true}
					]
				},
				{
					"name": "pupil_left",
					"parent": "eye_left",
					"pivot": [5.5, 15, -5.5],
					"cubes": [
						{"origin": [5, 14, -6], "size": [1, 2, 1], "inflate": 0.02, "uv": [52, 38], "mirror": true}
					]
				},
				{
					"name": "eyelid_left",
					"parent": "eye_left",
					"pivot": [4.9, 14.5, -3.9],
					"cubes": [
						{"origin": [3.9, 13, -5.9], "size": [2, 3, 4], "inflate": 0.02, "uv": [52, 37], "mirror": true}
					]
				},
				{
					"name": "eyelid_emote_left",
					"parent": "eyelid_left",
					"pivot": [5.4, 14.5, -3.4],
					"cubes": [
						{"origin": [4.9, 14, -3.9], "size": [1, 1, 1], "inflate": 0.03, "uv": [43, 44], "mirror": true}
					]
				},
				{
					"name": "eyelid_emote_left2",
					"parent": "eyelid_left",
					"pivot": [5.4, 14.5, -4.9],
					"cubes": [
						{"origin": [4.9, 14, -5.9], "size": [1, 1, 2], "inflate": 0.035, "uv": [57, 44], "mirror": true}
					]
				},
				{
					"name": "eyelid_emote_left3",
					"parent": "eyelid_left",
					"pivot": [4.4, 14.5, -5.4],
					"cubes": [
						{"origin": [3.9, 14, -5.9], "size": [1, 1, 1], "inflate": 0.03, "uv": [49, 44], "mirror": true}
					]
				},
				{
					"name": "head_bump_front",
					"parent": "head",
					"pivot": [0, 20.5, -5.5],
					"cubes": [
						{"origin": [-1.5, 19.5, -6.5], "size": [3, 2, 2], "inflate": -0.15, "uv": [0, 4]}
					]
				},
				{
					"name": "head_bump_middle",
					"parent": "head",
					"pivot": [0, 21, 0],
					"cubes": [
						{"origin": [-1.5, 21, -1.5], "size": [3, 1, 3], "inflate": -0.15, "uv": [0, 0]}
					]
				},
				{
					"name": "head_bump_back",
					"parent": "head",
					"pivot": [0, 20.5, 5.5],
					"cubes": [
						{"origin": [-1.5, 19.5, 4.5], "size": [3, 2, 2], "inflate": -0.15, "uv": [0, 8]}
					]
				},
				{
					"name": "tentacle_front_right",
					"parent": "body",
					"pivot": [-4, 3, -3],
					"rotation": [0, 50, 0],
					"cubes": [
						{"origin": [-6.5, 0.5, -7], "size": [5, 5, 5], "uv": [0, 24]}
					]
				},
				{
					"name": "tentacle_front_right2",
					"parent": "tentacle_front_right",
					"pivot": [-4, 3, -6.5],
					"cubes": [
						{"origin": [-6.5, 0.5, -11], "size": [5, 5, 5], "inflate": -0.01, "uv": [0, 34]}
					]
				},
				{
					"name": "tentacle_front_right3",
					"parent": "tentacle_front_right2",
					"pivot": [-4, 3, -10.5],
					"cubes": [
						{"origin": [-6, 1, -15], "size": [4, 4, 5], "uv": [0, 44]}
					]
				},
				{
					"name": "tentacle_sucker_front_right",
					"parent": "tentacle_front_right3",
					"pivot": [-4, 1, -13],
					"cubes": [
						{"origin": [-5.5, 0.5, -14.5], "size": [3, 1, 3], "inflate": -0.15, "uv": [0, 60]}
					]
				},
				{
					"name": "tentacle_front_right4",
					"parent": "tentacle_front_right3",
					"pivot": [-4, 3, -14.5],
					"cubes": [
						{"origin": [-5.5, 1.5, -18], "size": [3, 3, 4], "inflate": -0.01, "uv": [0, 53]}
					]
				},
				{
					"name": "tentacle_sucker_front_right2",
					"parent": "tentacle_front_right4",
					"pivot": [-4, 1.5, -16.75],
					"cubes": [
						{"origin": [-5, 1, -17.75], "size": [2, 1, 2], "inflate": -0.15, "uv": [24, 61]}
					]
				},
				{
					"name": "tentacle_front_right5",
					"parent": "tentacle_front_right4",
					"pivot": [-4, 3, -17.5],
					"cubes": [
						{"origin": [-5, 2, -21], "size": [2, 2, 4], "uv": [40, 31]}
					]
				},
				{
					"name": "tentacle_front_left",
					"parent": "body",
					"pivot": [4, 3, -3],
					"rotation": [0, -50, 0],
					"cubes": [
						{"origin": [1.5, 0.5, -7], "size": [5, 5, 5], "uv": [20, 24]}
					]
				},
				{
					"name": "tentacle_front_left2",
					"parent": "tentacle_front_left",
					"pivot": [4, 3, -6.5],
					"cubes": [
						{"origin": [1.5, 0.5, -11], "size": [5, 5, 5], "inflate": -0.01, "uv": [20, 34]}
					]
				},
				{
					"name": "tentacle_front_left3",
					"parent": "tentacle_front_left2",
					"pivot": [4, 3, -10.5],
					"cubes": [
						{"origin": [2, 1, -15], "size": [4, 4, 5], "uv": [18, 44]}
					]
				},
				{
					"name": "tentacle_sucker_front_left",
					"parent": "tentacle_front_left3",
					"pivot": [4, 1, -13],
					"cubes": [
						{"origin": [2.5, 0.5, -14.5], "size": [3, 1, 3], "inflate": -0.15, "uv": [12, 60]}
					]
				},
				{
					"name": "tentacle_front_left4",
					"parent": "tentacle_front_left3",
					"pivot": [4, 3, -14.5],
					"cubes": [
						{"origin": [2.5, 1.5, -18], "size": [3, 3, 4], "inflate": -0.01, "uv": [14, 53]}
					]
				},
				{
					"name": "tentacle_sucker_front_left2",
					"parent": "tentacle_front_left4",
					"pivot": [4, 1.5, -16.75],
					"cubes": [
						{"origin": [3, 1, -17.75], "size": [2, 1, 2], "inflate": -0.15, "uv": [32, 61]}
					]
				},
				{
					"name": "tentacle_front_left5",
					"parent": "tentacle_front_left4",
					"pivot": [4, 3, -17.5],
					"cubes": [
						{"origin": [3, 2, -21], "size": [2, 2, 4], "uv": [52, 31]}
					]
				},
				{
					"name": "back_tentacles",
					"parent": "body",
					"pivot": [0, 3, 1.5]
				},
				{
					"name": "tentacle_outer_back_right",
					"parent": "back_tentacles",
					"pivot": [-5, 3, 2.25],
					"rotation": [0, -60, 0],
					"cubes": [
						{"origin": [-6.5, 1.5, 1.75], "size": [3, 3, 5], "uv": [99, 0]}
					]
				},
				{
					"name": "tentacle_outer_back_right2",
					"parent": "tentacle_outer_back_right",
					"pivot": [-5, 3, 6.5],
					"cubes": [
						{"origin": [-7, 1, 5.25], "size": [4, 4, 5], "inflate": -0.1, "uv": [110, 3]}
					]
				},
				{
					"name": "tentacle_sucker_outer_back_right",
					"parent": "tentacle_outer_back_right2",
					"pivot": [-5, 1.2, 5.85],
					"cubes": [
						{"origin": [-6, 0.7, 4.85], "size": [2, 1, 2], "inflate": -0.15, "uv": [80, 61]}
					]
				},
				{
					"name": "tentacle_sucker_outer_back_right2",
					"parent": "tentacle_outer_back_right2",
					"pivot": [-5, 1.1, 8.75],
					"cubes": [
						{"origin": [-6, 0.6, 7.75], "size": [2, 1, 2], "inflate": -0.15, "uv": [80, 58]}
					]
				},
				{
					"name": "tentacle_outer_back_right3",
					"parent": "tentacle_outer_back_right2",
					"pivot": [-5, 3, 10],
					"cubes": [
						{"origin": [-6, 2, 9.75], "size": [2, 2, 3], "inflate": 0.01, "uv": [94, 0]}
					]
				},
				{
					"name": "tentacle_middle_back_right",
					"parent": "back_tentacles",
					"pivot": [-3.5, 3, 4],
					"rotation": [0, -35, 0],
					"cubes": [
						{"origin": [-5, 1.51, 3.5], "size": [3, 3, 5], "uv": [99, 9]}
					]
				},
				{
					"name": "tentacle_middle_back_right2",
					"parent": "tentacle_middle_back_right",
					"pivot": [-3.5, 3, 8.25],
					"cubes": [
						{"origin": [-5.5, 1.01, 7], "size": [4, 4, 5], "inflate": -0.1, "uv": [110, 12]}
					]
				},
				{
					"name": "tentacle_sucker_middle_back_right",
					"parent": "tentacle_middle_back_right2",
					"pivot": [-3.5, 1.2, 7.6],
					"cubes": [
						{"origin": [-4.5, 0.71, 6.6], "size": [2, 1, 2], "inflate": -0.15, "uv": [96, 61]}
					]
				},
				{
					"name": "tentacle_sucker_middle_back_right2",
					"parent": "tentacle_middle_back_right2",
					"pivot": [-3.5, 1.1, 10.5],
					"cubes": [
						{"origin": [-4.5, 0.61, 9.5], "size": [2, 1, 2], "inflate": -0.15, "uv": [96, 58]}
					]
				},
				{
					"name": "tentacle_middle_back_right3",
					"parent": "tentacle_middle_back_right2",
					"pivot": [-3.5, 3, 11.75],
					"cubes": [
						{"origin": [-4.5, 2.01, 11.5], "size": [2, 2, 3], "inflate": 0.01, "uv": [94, 9]}
					]
				},
				{
					"name": "tentacle_inner_back_right",
					"parent": "back_tentacles",
					"pivot": [-1.5, 3, 5],
					"rotation": [0, -10, 0],
					"cubes": [
						{"origin": [-3, 1.5, 4.5], "size": [3, 3, 5], "uv": [99, 18]}
					]
				},
				{
					"name": "tentacle_inner_back_right2",
					"parent": "tentacle_inner_back_right",
					"pivot": [-1.5, 3, 9.25],
					"cubes": [
						{"origin": [-3.5, 1, 8], "size": [4, 4, 5], "inflate": -0.1, "uv": [110, 21]}
					]
				},
				{
					"name": "tentacle_sucker_inner_back_right",
					"parent": "tentacle_inner_back_right2",
					"pivot": [-1.5, 1.2, 8.6],
					"cubes": [
						{"origin": [-2.5, 0.7, 7.6], "size": [2, 1, 2], "inflate": -0.15, "uv": [112, 61]}
					]
				},
				{
					"name": "tentacle_sucker_inner_back_right2",
					"parent": "tentacle_inner_back_right2",
					"pivot": [-1.5, 1.1, 11.5],
					"cubes": [
						{"origin": [-2.5, 0.6, 10.5], "size": [2, 1, 2], "inflate": -0.15, "uv": [112, 58]}
					]
				},
				{
					"name": "tentacle_inner_back_right3",
					"parent": "tentacle_inner_back_right2",
					"pivot": [-1.5, 3, 12.75],
					"cubes": [
						{"origin": [-2.5, 2, 12.5], "size": [2, 2, 3], "inflate": 0.01, "uv": [94, 18]}
					]
				},
				{
					"name": "tentacle_outer_back_left",
					"parent": "back_tentacles",
					"pivot": [5, 3, 2.25],
					"rotation": [0, 60, 0],
					"cubes": [
						{"origin": [3.5, 1.5, 1.75], "size": [3, 3, 5], "uv": [99, 45]}
					]
				},
				{
					"name": "tentacle_outer_back_left2",
					"parent": "tentacle_outer_back_left",
					"pivot": [5, 3, 6.5],
					"cubes": [
						{"origin": [3, 1, 5.25], "size": [4, 4, 5], "inflate": -0.1, "uv": [110, 48]}
					]
				},
				{
					"name": "tentacle_sucker_outer_back_left",
					"parent": "tentacle_outer_back_left2",
					"pivot": [5, 1.2, 5.85],
					"cubes": [
						{"origin": [4, 0.7, 4.85], "size": [2, 1, 2], "inflate": -0.15, "uv": [88, 61]}
					]
				},
				{
					"name": "tentacle_sucker_outer_back_left2",
					"parent": "tentacle_outer_back_left2",
					"pivot": [5, 1.1, 8.75],
					"cubes": [
						{"origin": [4, 0.6, 7.75], "size": [2, 1, 2], "inflate": -0.15, "uv": [88, 58]}
					]
				},
				{
					"name": "tentacle_outer_back_left3",
					"parent": "tentacle_outer_back_left2",
					"pivot": [5, 3, 10],
					"cubes": [
						{"origin": [4, 2, 9.75], "size": [2, 2, 3], "inflate": 0.01, "uv": [94, 45]}
					]
				},
				{
					"name": "tentacle_middle_back_left",
					"parent": "back_tentacles",
					"pivot": [3.5, 3, 4],
					"rotation": [0, 35, 0],
					"cubes": [
						{"origin": [2, 1.51, 3.5], "size": [3, 3, 5], "uv": [99, 36]}
					]
				},
				{
					"name": "tentacle_middle_back_left2",
					"parent": "tentacle_middle_back_left",
					"pivot": [3.5, 3, 8.25],
					"cubes": [
						{"origin": [1.5, 1.01, 7], "size": [4, 4, 5], "inflate": -0.1, "uv": [110, 39]}
					]
				},
				{
					"name": "tentacle_sucker_middle_back_left",
					"parent": "tentacle_middle_back_left2",
					"pivot": [3.5, 1.2, 7.6],
					"cubes": [
						{"origin": [2.5, 0.71, 6.6], "size": [2, 1, 2], "inflate": -0.15, "uv": [104, 61]}
					]
				},
				{
					"name": "tentacle_sucker_middle_back_left2",
					"parent": "tentacle_middle_back_left2",
					"pivot": [3.5, 1.1, 10.5],
					"cubes": [
						{"origin": [2.5, 0.61, 9.5], "size": [2, 1, 2], "inflate": -0.15, "uv": [104, 58]}
					]
				},
				{
					"name": "tentacle_middle_back_left3",
					"parent": "tentacle_middle_back_left2",
					"pivot": [3.5, 3, 11.75],
					"cubes": [
						{"origin": [2.5, 2.01, 11.5], "size": [2, 2, 3], "inflate": 0.01, "uv": [94, 36]}
					]
				},
				{
					"name": "tentacle_inner_back_left",
					"parent": "back_tentacles",
					"pivot": [1.5, 3, 5],
					"rotation": [0, 10, 0],
					"cubes": [
						{"origin": [0, 1.5, 4.5], "size": [3, 3, 5], "uv": [99, 27]}
					]
				},
				{
					"name": "tentacle_inner_back_left2",
					"parent": "tentacle_inner_back_left",
					"pivot": [1.5, 3, 9.25],
					"cubes": [
						{"origin": [-0.5, 1, 8], "size": [4, 4, 5], "inflate": -0.1, "uv": [110, 30]}
					]
				},
				{
					"name": "tentacle_sucker_inner_back_left",
					"parent": "tentacle_inner_back_left2",
					"pivot": [1.5, 1.2, 8.6],
					"cubes": [
						{"origin": [0.5, 0.7, 7.6], "size": [2, 1, 2], "inflate": -0.15, "uv": [120, 61]}
					]
				},
				{
					"name": "tentacle_sucker_inner_back_left2",
					"parent": "tentacle_inner_back_left2",
					"pivot": [1.5, 1.1, 11.5],
					"cubes": [
						{"origin": [0.5, 0.6, 10.5], "size": [2, 1, 2], "inflate": -0.15, "uv": [120, 58]}
					]
				},
				{
					"name": "tentacle_inner_back_left3",
					"parent": "tentacle_inner_back_left2",
					"pivot": [1.5, 3, 12.75],
					"cubes": [
						{"origin": [0.5, 2, 12.5], "size": [2, 2, 3], "inflate": 0.01, "uv": [94, 27]}
					]
				}
			]
		}
	]
}