{
	"format_version": "1.12.0",
	"minecraft:geometry": [
		{
			"description": {
				"identifier": "geometry.shaymin",
				"texture_width": 64,
				"texture_height": 64,
				"visible_bounds_width": 3,
				"visible_bounds_height": 2.5,
				"visible_bounds_offset": [0, 0.75, 0]
			},
			"bones": [
				{
					"name": "shaymin",
					"pivot": [0, 0, 0]
				},
				{
					"name": "allbody",
					"parent": "shaymin",
					"pivot": [0, 2.25, -1]
				},
				{
					"name": "backbody",
					"parent": "allbody",
					"pivot": [0, 2.25, -1]
				},
				{
					"name": "torso",
					"parent": "backbody",
					"pivot": [0, 2.25, -1],
					"cubes": [
						{"origin": [-4, 1, -5], "size": [8, 4, 8], "uv": [0, 0]}
					]
				},
				{
					"name": "grass",
					"parent": "backbody",
					"pivot": [0, 5, -1]
				},
				{
					"name": "back",
					"parent": "grass",
					"pivot": [0, 4, -1],
					"cubes": [
						{"origin": [-4, 4.15, -1], "size": [8, 2, 6], "inflate": 0.3, "pivot": [0, 5, -1], "rotation": [-22.5, 0, 0], "uv": [0, 20]},
						{"origin": [-4, 4.6, -1.6], "size": [8, 2, 6], "inflate": 0.1, "uv": [0, 12]}
					]
				},
				{
					"name": "middle",
					"parent": "grass",
					"pivot": [0, 4, -1],
					"cubes": [
						{"origin": [-3, 4.38869, -2.39685], "size": [6, 2, 4], "inflate": 0.5, "pivot": [0, 4, -1.5], "rotation": [42.5, 0, 0], "uv": [28, 26]}
					]
				},
				{
					"name": "flowerl",
					"parent": "grass",
					"pivot": [4, 4, -3],
					"cubes": [
						{"origin": [5, 3, -5], "size": [0, 4, 4], "pivot": [5, 5, -3], "rotation": [-25, 0, 0], "uv": [28, 32]}
					]
				},
				{
					"name": "leaf",
					"parent": "flowerl",
					"pivot": [5, 5, -3],
					"cubes": [
						{"origin": [4.8, 5, -4], "size": [0, 4, 3], "pivot": [4.8, 5, -3], "rotation": [-59.93945, 3.4634, 2.00244], "uv": [36, 32]},
						{"origin": [4.8, 5, -4], "size": [0, 4, 3], "pivot": [4.8, 5, -3], "rotation": [-99.92438, -1.46176, 2.8647], "uv": [24, 40]}
					]
				},
				{
					"name": "flowerr",
					"parent": "grass",
					"pivot": [-4, 4, -3],
					"cubes": [
						{"origin": [-5, 3, -5], "size": [0, 4, 4], "pivot": [-5, 5, -3], "rotation": [-25, 0, 0], "uv": [0, 36]}
					]
				},
				{
					"name": "leafr",
					"parent": "flowerr",
					"pivot": [-5, 5, -3],
					"cubes": [
						{"origin": [-4.8, 5, -4], "size": [0, 4, 3], "pivot": [-4.8, 5, -3], "rotation": [-99.92438, 1.46176, -2.8647], "uv": [36, 39]},
						{"origin": [-4.8, 5, -4], "size": [0, 4, 3], "pivot": [-4.8, 5, -3], "rotation": [-59.93945, -3.4634, -2.00244], "uv": [30, 40]}
					]
				},
				{
					"name": "legbackl",
					"parent": "backbody",
					"pivot": [3.75, 4, 2.5],
					"cubes": [
						{"origin": [2.075, 1, -0.5], "size": [2, 4, 4], "uv": [32, 0]}
					]
				},
				{
					"name": "hindl",
					"parent": "legbackl",
					"pivot": [3.75, 1.5, 2.5],
					"cubes": [
						{"origin": [2.1, 0, 1.5], "size": [2, 2, 2], "uv": [8, 42]}
					]
				},
				{
					"name": "legbackr",
					"parent": "backbody",
					"pivot": [-3.75, 4, 2.5],
					"cubes": [
						{"origin": [-4.075, 1, -0.5], "size": [2, 4, 4], "uv": [32, 0], "mirror": true}
					]
				},
				{
					"name": "hindr",
					"parent": "legbackr",
					"pivot": [-3.75, 1.5, 2.5],
					"cubes": [
						{"origin": [-4.1, 0, 1.5], "size": [2, 2, 2], "uv": [8, 42], "mirror": true}
					]
				},
				{
					"name": "frontbody",
					"parent": "allbody",
					"pivot": [0, 2.25, -1]
				},
				{
					"name": "legfrontl",
					"parent": "frontbody",
					"pivot": [3.75, 4, -3.5],
					"cubes": [
						{"origin": [2.75, 0, -4.5], "size": [2, 4, 2], "pivot": [3.75, 4, -3.5], "rotation": [-22.5, 0, 7.5], "uv": [16, 36]}
					]
				},
				{
					"name": "head",
					"parent": "frontbody",
					"pivot": [0, 2.25, -2.75],
					"cubes": [
						{"origin": [-3, 1, -7], "size": [6, 4, 4], "uv": [28, 18]}
					]
				},
				{
					"name": "nose",
					"parent": "head",
					"pivot": [0, 1.5, -6],
					"cubes": [
						{"origin": [-2, 1, -8], "size": [4, 2, 2], "uv": [32, 8]}
					]
				},
				{
					"name": "front",
					"parent": "head",
					"pivot": [0, 4, -1],
					"cubes": [
						{"origin": [-4, 4.5, -7.2], "size": [8, 2, 4], "inflate": 0.3, "uv": [28, 12]},
						{"origin": [-4, 4, -6], "size": [8, 2, 6], "inflate": 0.25, "pivot": [0, 5, -0.5], "rotation": [-22.75, 0, 0], "uv": [0, 28]}
					]
				},
				{
					"name": "legfrontr",
					"parent": "frontbody",
					"pivot": [-4.5, 4, -3.5],
					"cubes": [
						{"origin": [-4.75, 0, -4.5], "size": [2, 4, 2], "pivot": [-3.75, 4, -3.5], "rotation": [-22.5, 0, -7.5], "uv": [8, 36]}
					]
				}
			]
		}
	]
}