{
	"format_version": "1.8.0",
	"animations": {
		"animation.tepig.ground_idle": {
			"loop": true,
			"bones": {
				"torso": {
					"rotation": ["-1.75+0.6*math.cos(q.anim_time*90*2-50)", "0.7*math.cos(q.anim_time*90*2-30)", "1.4*math.cos(q.anim_time*90*2-110)"],
					"position": ["-0.05*math.cos(q.anim_time*90*2+90)", "-0.06*math.cos(q.anim_time*90*4)", "-0.15-0.03*math.cos(q.anim_time*90*4)"]
				},
				"tail": {
					"rotation": ["19.25-2*math.cos(q.anim_time*90*4-90)", "2*math.cos(q.anim_time*90*2-80)", "1.6*math.cos(q.anim_time*90*2-170)"]
				},
				"tail_orb": {
					"rotation": ["12.75-3*math.cos(q.anim_time*90*4-180)", "5*math.cos(q.anim_time*90*2-150)", "3*math.cos(q.anim_time*90*2-210)"]
				},
				"head": {
					"rotation": ["-4.75+0.9*math.cos(q.anim_time*90*4-80)", "-0.7*math.cos(q.anim_time*90*2-50)", "0.9*math.cos(q.anim_time*90*2-80)"]
				},
				"ear_right": {
					"rotation": ["2*math.cos(q.anim_time*90*4-150)", 0, "3*math.cos(q.anim_time*90*2-120)"]
				},
				"ear_left": {
					"rotation": ["2*math.cos(q.anim_time*90*4-150)", 0, "3*math.cos(q.anim_time*90*2-120)"]
				},
				"leg_front_left": {
					"rotation": ["-3+0.5*math.cos(q.anim_time*90*4)", 0, 0],
					"position": [0, "-0.095+0.005*math.cos(q.anim_time*90*4)", "-0.5-0.03*math.cos(q.anim_time*90*4)"]
				},
				"knee_front_left": {
					"rotation": ["3-0.5*math.cos(q.anim_time*90*4)", 0, 0]
				},
				"leg_front_right": {
					"rotation": ["-3+0.5*math.cos(q.anim_time*90*4)", 0, 0],
					"position": [0, "-0.095+0.005*math.cos(q.anim_time*90*4)", "-0.5-0.03*math.cos(q.anim_time*90*4)"]
				},
				"knee_front_right": {
					"rotation": ["3-0.5*math.cos(q.anim_time*90*4)", 0, 0]
				},
				"leg_back_left": {
					"rotation": ["-5+0.5*math.cos(q.anim_time*90*4)", 0, 0],
					"position": [0, "-0.125+0.005*math.cos(q.anim_time*90*4)", "-0.03*math.cos(q.anim_time*90*4)"]
				},
				"knee_back_left": {
					"rotation": ["5-0.5*math.cos(q.anim_time*90*4)", 0, 0]
				},
				"leg_back_right": {
					"rotation": ["-5+0.5*math.cos(q.anim_time*90*4)", 0, 0],
					"position": [0, "-0.125+0.005*math.cos(q.anim_time*90*4)", "-0.03*math.cos(q.anim_time*90*4)"]
				},
				"knee_back_right": {
					"rotation": ["5-0.5*math.cos(q.anim_time*90*4)", 0, 0]
				}
			}
		},
		"animation.tepig.battle_idle": {
			"loop": true,
			"bones": {
				"torso": {
					"rotation": ["5.75-1.2*math.cos(q.anim_time*90*6-70)", "-3*math.cos(q.anim_time*90*3-100)", "2*math.cos(q.anim_time*90*3-110)"],
					"position": ["-0.3*math.cos(q.anim_time*90*3-100)", "-0.475-0.1*math.cos(q.anim_time*90*6)", "-0.05*math.cos(q.anim_time*90*6)"]
				},
				"tail": {
					"rotation": ["11.5-3*math.cos(q.anim_time*90*6-110)", "-15*math.cos(q.anim_time*90*3-150)", "3*math.cos(q.anim_time*90*3-170)"]
				},
				"tail_orb": {
					"rotation": ["19.5-6*math.cos(q.anim_time*90*6-170)", "-25*math.cos(q.anim_time*90*3-215)", "5*math.cos(q.anim_time*90*3-190)"]
				},
				"head": {
					"rotation": ["-5.75+1*math.cos(q.anim_time*90*3-110)", "3*math.cos(q.anim_time*90*3-105)", "-3*math.cos(q.anim_time*90*3-120)"]
				},
				"ear_right": {
					"rotation": ["2*math.cos(q.anim_time*90*6-180)", 0, "4*math.cos(q.anim_time*90*3-160)"]
				},
				"ear_left": {
					"rotation": ["2*math.cos(q.anim_time*90*6-180)", 0, "4*math.cos(q.anim_time*90*3-160)"]
				},
				"eyelid_angry_left": {
					"position": [0.1, 0, -0.1]
				},
				"eyelid_angry_right": {
					"position": [-0.1, 0, -0.1]
				},
				"leg_front_left": {
					"rotation": ["-4.5+0.5*math.cos(q.anim_time*90*6+100)", -6.39198, "-6.3575-2*math.cos(q.anim_time*90*3+100)"],
					"position": ["0.3-0.12*math.cos(q.anim_time*90*3+100)", "-0.22-0.03*math.cos(q.anim_time*90*3+100)", "-1-0.03*math.cos(q.anim_time*90*6+100)"]
				},
				"knee_front_left": {
					"rotation": ["4.5-0.5*math.cos(q.anim_time*90*6+100)", 0.1332, "5.9978+2*math.cos(q.anim_time*90*3+100)"]
				},
				"leg_front_right": {
					"rotation": ["-4.5+0.5*math.cos(q.anim_time*90*6+100)", 6.39198, "6.3575-2*math.cos(q.anim_time*90*3+100)"],
					"position": ["-0.3-0.12*math.cos(q.anim_time*90*3+100)", "-0.22+0.03*math.cos(q.anim_time*90*3+100)", "-1-0.03*math.cos(q.anim_time*90*6+100)"]
				},
				"knee_front_right": {
					"rotation": ["4.5-0.5*math.cos(q.anim_time*90*6+100)", -0.1332, "-5.9978+2*math.cos(q.anim_time*90*3+100)"]
				},
				"leg_back_left": {
					"rotation": ["-1.5+0.5*math.cos(q.anim_time*90*6+100)", 14.43104, "-2+2*math.cos(q.anim_time*90*3+100)"],
					"position": ["0.13*math.cos(q.anim_time*90*3+100)", "-0.15+0.02*math.cos(q.anim_time*90*3+100)", "0.45-0.03*math.cos(q.anim_time*90*6+100)"]
				},
				"knee_back_left": {
					"rotation": ["1.5-0.5*math.cos(q.anim_time*90*6+100)", "0.1*math.cos(q.anim_time*90*3+100)", "2-2*math.cos(q.anim_time*90*3+100)"]
				},
				"leg_back_right": {
					"rotation": ["-1.5+0.5*math.cos(q.anim_time*90*6+100)", -14.43104, "2+2*math.cos(q.anim_time*90*3+100)"],
					"position": ["0.13*math.cos(q.anim_time*90*3+100)", "-0.15-0.02*math.cos(q.anim_time*90*3+100)", "0.45-0.03*math.cos(q.anim_time*90*6+100)"]
				},
				"knee_back_right": {
					"rotation": ["1.5-0.5*math.cos(q.anim_time*90*6+100)", "0.1*math.cos(q.anim_time*90*3+100)", "-2-2*math.cos(q.anim_time*90*3+100)"]
				}
			}
		},
		"animation.tepig.ground_walk": {
			"loop": true,
			"animation_length": 0.6667,
			"bones": {
				"torso": {
					"rotation": ["-2.001+0.7*math.cos(q.anim_time*90*12-30)", "4*math.cos(q.anim_time*90*6)", "-2.2*math.cos(q.anim_time*90*6-50)"],
					"position": [0, "-0.2*math.cos(q.anim_time*90*12)", "0.1*math.cos(q.anim_time*90*12-90)"]
				},
				"tail": {
					"rotation": ["11.5+3*math.sin(q.anim_time*90*12-110)", "9*math.cos(q.anim_time*90*6-50)", "3*math.sin(q.anim_time*90*6-130)"]
				},
				"tail_orb": {
					"rotation": ["19.5+6*math.sin(q.anim_time*90*12-160)", "15*math.cos(q.anim_time*90*6-95)", "5*math.sin(q.anim_time*90*6-180)"]
				},
				"head": {
					"rotation": ["1+1*math.cos(q.anim_time*90*12-70)", "-5*math.cos(q.anim_time*90*6)", "-1.5*math.cos(q.anim_time*90*6-80)"]
				},
				"ear_right": {
					"rotation": ["-3*math.cos(q.anim_time*90*12-120)", 0, "-5*math.cos(q.anim_time*90*6-145)"]
				},
				"ear_left": {
					"rotation": ["-3*math.cos(q.anim_time*90*12-120)", 0, "-5*math.cos(q.anim_time*90*6-145)"]
				},
				"leg_front_left": {
					"rotation": {
						"0.0": [-2, 0, 0],
						"0.3333": [19, 0, 0],
						"0.375": [21.55, 0, 0],
						"0.4583": {
							"pre": [11.76, 0, 0],
							"post": [11.76, 0, 0],
							"lerp_mode": "catmullrom"
						},
						"0.5417": {
							"post": [3, 0, 0],
							"lerp_mode": "catmullrom"
						},
						"0.625": [-8.625, 0, 0],
						"0.6667": [-2, 0, 0]
					},
					"position": {
						"0.0": [0, -0.065, -1.425],
						"0.1667": [0, -0.065, -0.55],
						"0.3333": [0, -0.175, 0.36],
						"0.375": [0, -0.22, -0.075],
						"0.4583": {
							"pre": [0, 0.2, -0.725],
							"post": [0, 0.2, -0.725],
							"lerp_mode": "catmullrom"
						},
						"0.5833": {
							"post": [0, 0.45, -1.125],
							"lerp_mode": "catmullrom"
						},
						"0.625": [0, 0, -1.25],
						"0.6667": [0, -0.065, -1.425]
					}
				},
				"knee_front_left": {
					"rotation": {
						"0.0": [2, 0, 0],
						"0.3333": [-19, 0, 0],
						"0.375": [0.9, 0, 0],
						"0.4583": {
							"pre": [10.025, 0, 0],
							"post": [10.025, 0, 0],
							"lerp_mode": "catmullrom"
						},
						"0.5417": {
							"post": [9.25, 0, 0],
							"lerp_mode": "catmullrom"
						},
						"0.625": [2.825, 0, 0],
						"0.6667": [2, 0, 0]
					},
					"position": {
						"0.0": [0, 0, 0],
						"0.3333": [0, 0.3, 0],
						"0.375": [0, 0.2, 0],
						"0.4583": [0, 0, 0],
						"0.6667": [0, 0, 0]
					}
				},
				"leg_front_right": {
					"rotation": {
						"0.0": [19, 0, 0],
						"0.0417": [21.55, 0, 0],
						"0.125": {
							"pre": [11.76, 0, 0],
							"post": [11.76, 0, 0],
							"lerp_mode": "catmullrom"
						},
						"0.2083": {
							"post": [3, 0, 0],
							"lerp_mode": "catmullrom"
						},
						"0.2917": [-8.625, 0, 0],
						"0.3333": [-2, 0, 0],
						"0.6667": [19, 0, 0]
					},
					"position": {
						"0.0": [0, -0.175, 0.36],
						"0.0417": [0, -0.22, -0.075],
						"0.125": {
							"pre": [0, 0.2, -0.725],
							"post": [0, 0.2, -0.725],
							"lerp_mode": "catmullrom"
						},
						"0.25": {
							"post": [0, 0.45, -1.125],
							"lerp_mode": "catmullrom"
						},
						"0.2917": [0, 0, -1.25],
						"0.3333": [0, -0.065, -1.425],
						"0.5": [0, -0.065, -0.55],
						"0.6667": [0, -0.175, 0.36]
					}
				},
				"knee_front_right": {
					"rotation": {
						"0.0": [-19, 0, 0],
						"0.0417": [0.9, 0, 0],
						"0.125": {
							"pre": [10.025, 0, 0],
							"post": [10.025, 0, 0],
							"lerp_mode": "catmullrom"
						},
						"0.2083": {
							"post": [9.25, 0, 0],
							"lerp_mode": "catmullrom"
						},
						"0.2917": [2.825, 0, 0],
						"0.3333": [2, 0, 0],
						"0.6667": [-19, 0, 0]
					},
					"position": {
						"0.0": [0, 0.3, 0],
						"0.0417": [0, 0.2, 0],
						"0.125": [0, 0, 0],
						"0.3333": [0, 0, 0],
						"0.6667": [0, 0.3, 0]
					}
				},
				"leg_back_left": {
					"rotation": {
						"0.0": [20.25, 0, 0],
						"0.0833": {
							"pre": [16.75, 0, 0],
							"post": [16.75, 0, 0],
							"lerp_mode": "catmullrom"
						},
						"0.1667": {
							"post": [-6.75, 0, 0],
							"lerp_mode": "catmullrom"
						},
						"0.25": [-12.675, 0, 0],
						"0.2917": [-12, 0, 0],
						"0.625": [18, 0, 0],
						"0.6667": [20.25, 0, 0]
					},
					"position": {
						"0.0": [0, -0.16, 0.44],
						"0.0833": {
							"pre": [0, 0.165, 0.19],
							"post": [0, 0.165, 0.19],
							"lerp_mode": "catmullrom"
						},
						"0.1667": {
							"post": [0, 0.19, -0.06],
							"lerp_mode": "catmullrom"
						},
						"0.25": [0, -0.095, -0.47],
						"0.2917": [0, -0.3, -0.475],
						"0.4583": [0, -0.08, 0.14],
						"0.625": [0, -0.095, 0.75],
						"0.6667": [0, -0.16, 0.44]
					}
				},
				"knee_back_left": {
					"rotation": {
						"0.0": [0.75, 0, 0],
						"0.0833": {
							"pre": [9.495, 0, 0],
							"post": [9.495, 0, 0],
							"lerp_mode": "catmullrom"
						},
						"0.1667": {
							"post": [14.33392, 0.46164, 0.9663],
							"lerp_mode": "catmullrom"
						},
						"0.25": [3.79163, 0.25631, 0.51816],
						"0.2917": [12, 0, 0],
						"0.625": [-18, 0, 0],
						"0.6667": [0.75, 0, 0]
					},
					"position": {
						"0.0": [0, 0.18, 0],
						"0.2917": [0, 0, 0],
						"0.625": [0, 0.2, 0],
						"0.6667": [0, 0.18, 0]
					}
				},
				"leg_back_right": {
					"rotation": {
						"0.0": [-8.25, 0, 0],
						"0.2917": [18, 0, 0],
						"0.3333": [20.25, 0, 0],
						"0.4167": {
							"pre": [16.75, 0, 0],
							"post": [16.75, 0, 0],
							"lerp_mode": "catmullrom"
						},
						"0.5": {
							"post": [-6.75, 0, 0],
							"lerp_mode": "catmullrom"
						},
						"0.5833": [-12.675, 0, 0],
						"0.625": [-12, 0, 0],
						"0.6667": [-8.25, 0, 0]
					},
					"position": {
						"0.0": [0, -0.25, -0.32],
						"0.125": [0, -0.08, 0.14],
						"0.2917": [0, -0.095, 0.75],
						"0.3333": [0, -0.16, 0.44],
						"0.4167": {
							"pre": [0, 0.165, 0.19],
							"post": [0, 0.165, 0.19],
							"lerp_mode": "catmullrom"
						},
						"0.5": {
							"post": [0, 0.19, -0.06],
							"lerp_mode": "catmullrom"
						},
						"0.5833": [0, -0.095, -0.47],
						"0.625": [0, -0.3, -0.475],
						"0.6667": [0, -0.25, -0.32]
					}
				},
				"knee_back_right": {
					"rotation": {
						"0.0": [8.25, 0, 0],
						"0.2917": [-18, 0, 0],
						"0.3333": [0.75, 0, 0],
						"0.4167": {
							"pre": [9.495, 0, 0],
							"post": [9.495, 0, 0],
							"lerp_mode": "catmullrom"
						},
						"0.5": {
							"post": [14.33392, -0.46164, -0.9663],
							"lerp_mode": "catmullrom"
						},
						"0.5833": [3.79163, -0.25631, -0.51816],
						"0.625": [12, 0, 0],
						"0.6667": [8.25, 0, 0]
					},
					"position": {
						"0.0": [0, 0.02, 0],
						"0.2917": [0, 0.2, 0],
						"0.3333": [0, 0.18, 0],
						"0.625": [0, 0, 0],
						"0.6667": [0, 0.02, 0]
					}
				}
			}
		},
		"animation.tepig.sleep": {
			"loop": true,
			"bones": {
				"torso": {
					"rotation": [-1, "0.6+0.6*math.cos(q.anim_time*90*1)", 0],
					"position": ["-0.05*math.cos(q.anim_time*90*1)", 0, 0]
				},
				"tail": {
					"rotation": ["19.8212+0.2*math.cos(q.anim_time*90*1)", "-12.2195-0.6*math.cos(q.anim_time*90*1)", -15.68745],
					"position": ["0.03*math.cos(q.anim_time*90*1)", 0, 0]
				},
				"tail_orb": {
					"rotation": [18.70986, 16.99741, 6.4633]
				},
				"head": {
					"rotation": [48.4543, "5.9003-1*math.cos(q.anim_time*90*1-10)", "-6.0941-0.6*math.cos(q.anim_time*90*1)"]
				},
				"body": {
					"rotation": [-14.14806, -1.71905, -84.53666],
					"position": [-0.5, -2.8, 1.225]
				},
				"ear_right": {
					"rotation": [-0.10457, -3.32948, "-5.454+1*math.cos(q.anim_time*90*1+50)"]
				},
				"ear_left": {
					"rotation": [0.92337, 13.22928, "-32.0616-1.6*math.cos(q.anim_time*90*1-80)"]
				},
				"eyelid_left": {
					"position": [0.1, 0, -0.1]
				},
				"eyelid_right": {
					"position": [-0.1, 0, -0.1]
				},
				"leg_front_left": {
					"rotation": [-4.41388, 0.87704, "11.2162+0.6*math.cos(q.anim_time*90*1-75)"],
					"position": ["-0.35-0.06*math.cos(q.anim_time*90*1-15)", -0.375, 0]
				},
				"knee_front_left": {
					"rotation": [15.97372, 2.67521, "20.0799+1*math.cos(q.anim_time*90*1-105)"],
					"position": [0, 0.2, 0]
				},
				"leg_front_right": {
					"rotation": [0, 6, "-12.5-0.6*math.cos(q.anim_time*90*1-30)"],
					"position": ["0-0.06*math.cos(q.anim_time*90*1-15)", -0.4, 0]
				},
				"knee_front_right": {
					"rotation": [10.87385, -4.56326, "4.4895-0.6*math.cos(q.anim_time*90*1-30)"],
					"position": [0, 0.05, 0]
				},
				"leg_back_left": {
					"rotation": [-25.58995, 2.39854, "7.6342+0.6*math.cos(q.anim_time*90*1-60)"],
					"position": ["-0.06*math.cos(q.anim_time*90*1-15)", -0.675, 0.55]
				},
				"knee_back_left": {
					"rotation": [6.69798, 2.71517, "10.7602+1*math.cos(q.anim_time*90*1-90)"],
					"position": [0, 0.3, 0]
				},
				"leg_back_right": {
					"rotation": [0, 0, "-14.5-0.6*math.cos(q.anim_time*90*1-30)"],
					"position": ["-0.06*math.cos(q.anim_time*90*1-15)", 0, 0]
				},
				"knee_back_right": {
					"rotation": [9.52684, 1.87629, "10.1819-0.6*math.cos(q.anim_time*90*1-30)"],
					"position": [0, 0.325, 0]
				}
			}
		},
		"animation.tepig.cry": {
			"animation_length": 2,
			"bones": {
				"head": {
					"rotation": {
						"0.0": [0, 0, 0],
						"0.2083": {
							"pre": [13.85, 0, 1.875],
							"post": [13.85, 0, 1.875],
							"lerp_mode": "catmullrom"
						},
						"0.4167": {
							"post": [-5.07499, 0.00436, 0],
							"lerp_mode": "catmullrom"
						},
						"0.9583": {
							"post": [-6.07423, 0.03926, 0],
							"lerp_mode": "catmullrom"
						},
						"1.3333": {
							"post": [-1.7, 0, 0],
							"lerp_mode": "catmullrom"
						},
						"1.625": {
							"post": [0.15, 0, 0],
							"lerp_mode": "catmullrom"
						},
						"2.0": [0, 0, 0]
					}
				},
				"tail_orb": {
					"scale": {
						"0.1667": [1, 1, 1],
						"0.2083": [1, 1, 1]
					}
				},
				"tail_orb_active": {
					"position": {
						"0.0417": [0, 0, 0],
						"0.0833": {"pre": [0, 0, 0], "post": [0, 0, -0.01]},
						"0.375": {"pre": [0, 0, -0.01], "post": [0, 0, 0]}
					},
					"scale": {
						"0.0417": [1, 1, 1],
						"0.0833": {"pre": [1, 1, 1], "post": [1.01, 1.01, 1.01]},
						"0.375": {"pre": [1.01, 1.01, 1.01], "post": [1, 1, 1]}
					}
				},
				"mouth_smile": {
					"position": {
						"0.0833": [0, 0, 0],
						"0.125": {"pre": [0, 0, 0], "post": [0, 0.1, 0]},
						"0.4167": {"pre": [0, 0.1, 0], "post": [0, 0, 0]}
					}
				},
				"torso": {
					"rotation": {
						"0.0": [0, 0, 0],
						"0.125": {
							"pre": [0.55743, -0.35044, 3.66435],
							"post": [0.55743, -0.35044, 3.66435],
							"lerp_mode": "catmullrom"
						},
						"0.3333": {
							"post": [-0.59814, -0.06105, 0],
							"lerp_mode": "catmullrom"
						},
						"0.7917": {
							"post": [-0.59814, -0.06105, 0],
							"lerp_mode": "catmullrom"
						},
						"1.125": {
							"post": [0, 0, 0],
							"lerp_mode": "catmullrom"
						},
						"1.5": {
							"post": [0, 0, 0],
							"lerp_mode": "catmullrom"
						},
						"2.0": [0, 0, 0]
					},
					"position": {
						"0.0": [0, 0, 0],
						"0.125": {
							"pre": [0, -0.35, 0],
							"post": [0, -0.35, 0],
							"lerp_mode": "catmullrom"
						},
						"0.375": {
							"post": [0, 0.02, 0],
							"lerp_mode": "catmullrom"
						},
						"0.5833": {
							"post": [0, 0.095, 0],
							"lerp_mode": "catmullrom"
						},
						"0.9583": {
							"post": [0, 0.07, 0],
							"lerp_mode": "catmullrom"
						},
						"1.25": {
							"post": [0, 0, 0],
							"lerp_mode": "catmullrom"
						},
						"2.0": [0, 0, 0]
					}
				},
				"mouth_open_o": {
					"position": {
						"0.0833": [0, 0, 0],
						"0.125": {"pre": [0, 0, 0], "post": [0, -0.1, 0]},
						"0.4167": {"pre": [0, -0.1, 0], "post": [0, 0, 0]}
					}
				},
				"ear_right": {
					"rotation": {
						"0.0": [0, 0, 0],
						"0.25": {
							"pre": [13.85, 0, 1.875],
							"post": [13.85, 0, 1.875],
							"lerp_mode": "catmullrom"
						},
						"0.5417": {
							"post": [-5.07499, 0.00436, 0],
							"lerp_mode": "catmullrom"
						},
						"1.125": {
							"post": [-5.32423, 0.03926, 0],
							"lerp_mode": "catmullrom"
						},
						"1.5417": {
							"post": [2.25, 0, 0],
							"lerp_mode": "catmullrom"
						},
						"2.0": [0, 0, 0]
					}
				},
				"ear_left": {
					"rotation": {
						"0.0": [0, 0, 0],
						"0.25": {
							"pre": [13.85, 0, -1.875],
							"post": [13.85, 0, -1.875],
							"lerp_mode": "catmullrom"
						},
						"0.5417": {
							"post": [-5.07499, -0.00436, 0],
							"lerp_mode": "catmullrom"
						},
						"1.125": {
							"post": [-5.32423, -0.03926, 0],
							"lerp_mode": "catmullrom"
						},
						"1.5417": {
							"post": [2.25, 0, 0],
							"lerp_mode": "catmullrom"
						},
						"2.0": [0, 0, 0]
					}
				},
				"eyelid_left": {
					"position": {
						"0.0": [0, 0, 0],
						"0.125": {"pre": [0, 0, 0], "post": [0.1, 0, -0.1]},
						"0.25": {"pre": [0.1, 0, -0.1], "post": [0, 0, 0]}
					}
				},
				"eyelid_right": {
					"position": {
						"0.0": [0, 0, 0],
						"0.125": {"pre": [0, 0, 0], "post": [-0.1, 0, -0.1]},
						"0.25": {"pre": [-0.1, 0, -0.1], "post": [0, 0, 0]}
					}
				}
			},
			"sound_effects": {
				"0.125": {
					"effect": "pokemon.tepig.cry"
				}
			}
		},
		"animation.tepig.blink": {
			"animation_length": 0.1667,
			"bones": {
				"eyelid_left": {
					"position": {
						"0.0": [0.1, 0, -0.1],
						"0.125": {"pre": [0.1, 0, -0.1], "post": [0.1, 0, -0.1]},
						"0.1667": {"pre": [0.1, 0, -0.1], "post": [0, 0, 0]}
					}
				},
				"eyelid_right": {
					"position": {
						"0.0": [-0.1, 0, -0.1],
						"0.125": {"pre": [-0.1, 0, -0.1], "post": [-0.1, 0, -0.1]},
						"0.1667": {"pre": [-0.1, 0, -0.1], "post": [0, 0, 0]}
					}
				}
			}
		},
		"animation.tepig.recoil": {
			"animation_length": 1.5,
			"bones": {
				"eyelid_recoil_left": {
					"position": {
						"0.0": [0.1, 0, -0.1],
						"0.2083": {"pre": [0.1, 0, -0.1], "post": [0, 0, 0]}
					}
				},
				"eyelid_recoil_right": {
					"position": {
						"0.0": [-0.1, 0, -0.1],
						"0.2083": {"pre": [-0.1, 0, -0.1], "post": [0, 0, 0]}
					}
				},
				"torso": {
					"rotation": {
						"0.0": [0, 0, 0],
						"0.0417": [-5.99571, -1.25577, -2.38187],
						"0.4583": {
							"pre": [0.075, 0, 0],
							"post": [0.075, 0, 0],
							"lerp_mode": "catmullrom"
						},
						"1.0417": {
							"post": [0, 0, 0],
							"lerp_mode": "catmullrom"
						},
						"1.5": [0, 0, 0]
					},
					"position": {
						"0.0": [0, 0, 0],
						"0.0417": [0, 0, 0.375],
						"0.4583": {
							"pre": [0, 0, 0],
							"post": [0, 0, 0],
							"lerp_mode": "catmullrom"
						},
						"1.0417": {
							"post": [0, 0, 0],
							"lerp_mode": "catmullrom"
						},
						"1.5": [0, 0, 0]
					}
				},
				"tail": {
					"rotation": {
						"0.0": [0, 0, 0],
						"0.125": [-5.99571, 0, 0],
						"0.5417": {
							"pre": [0.075, 0, 0],
							"post": [0.075, 0, 0],
							"lerp_mode": "catmullrom"
						},
						"1.125": {
							"post": [0, 0, 0],
							"lerp_mode": "catmullrom"
						},
						"1.5": [0, 0, 0]
					}
				},
				"tail_orb": {
					"rotation": {
						"0.0": [0, 0, 0],
						"0.2083": [-5.99571, 0, 0],
						"0.625": {
							"pre": [0.075, 0, 0],
							"post": [0.075, 0, 0],
							"lerp_mode": "catmullrom"
						},
						"1.2083": {
							"post": [0, 0, 0],
							"lerp_mode": "catmullrom"
						},
						"1.5": [0, 0, 0]
					}
				},
				"head": {
					"rotation": {
						"0.0": [0, 0, 0],
						"0.0417": [-13.17209, -1.57934, -3.75111],
						"0.5417": {
							"pre": [0.575, 0, 0],
							"post": [0.575, 0, 0],
							"lerp_mode": "catmullrom"
						},
						"1.0833": {
							"post": [0, 0, 0],
							"lerp_mode": "catmullrom"
						},
						"1.5": [0, 0, 0]
					}
				},
				"ear_right": {
					"rotation": {
						"0.0": [0, 0, 0],
						"0.0417": [21.25, 0, 0],
						"0.1667": {
							"pre": [-8.5, 0, 0],
							"post": [-8.5, 0, 0],
							"lerp_mode": "catmullrom"
						},
						"0.75": {
							"post": [0, 0, 0],
							"lerp_mode": "catmullrom"
						},
						"1.5": [0, 0, 0]
					}
				},
				"ear_left": {
					"rotation": {
						"0.0": [0, 0, 0],
						"0.0417": [21.25, 0, 0],
						"0.1667": {
							"pre": [-8.5, 0, 0],
							"post": [-8.5, 0, 0],
							"lerp_mode": "catmullrom"
						},
						"0.75": {
							"post": [0, 0, 0],
							"lerp_mode": "catmullrom"
						},
						"1.5": [0, 0, 0]
					}
				},
				"eyelid_left": {
					"position": {
						"0.0": [-0.1, 0, 0.1],
						"0.2083": {"pre": [-0.1, 0, 0.1], "post": [0, 0, 0]}
					}
				},
				"eyelid_unamused_left": {
					"position": {
						"0.0": [-0.1, 0, 0.1],
						"0.2083": {"pre": [-0.1, 0, 0.1], "post": [0, 0, 0]}
					}
				},
				"eyelid_sad_left": {
					"position": {
						"0.0": [-0.1, 0, 0.1],
						"0.2083": {"pre": [-0.1, 0, 0.1], "post": [0, 0, 0]}
					}
				},
				"eyelid_angry_left": {
					"position": {
						"0.0": [-0.1, 0, 0.1],
						"0.2083": {"pre": [-0.1, 0, 0.1], "post": [0, 0, 0]}
					}
				},
				"eyelid_happy_left": {
					"position": {
						"0.0": [-0.1, 0, 0.1],
						"0.2083": {"pre": [-0.1, 0, 0.1], "post": [0, 0, 0]}
					}
				},
				"eyelid_right": {
					"position": {
						"0.0": [0.1, 0, 0.1],
						"0.2083": {"pre": [0.1, 0, 0.1], "post": [0, 0, 0]}
					}
				},
				"eyelid_unamused_right": {
					"position": {
						"0.0": [0.1, 0, 0.1],
						"0.2083": {"pre": [0.1, 0, 0.1], "post": [0, 0, 0]}
					}
				},
				"eyelid_sad_right": {
					"position": {
						"0.0": [0.1, 0, 0.1],
						"0.2083": {"pre": [0.1, 0, 0.1], "post": [0, 0, 0]}
					}
				},
				"eyelid_angry_right": {
					"position": {
						"0.0": [0.1, 0, 0.1],
						"0.2083": {"pre": [0.1, 0, 0.1], "post": [0, 0, 0]}
					}
				},
				"eyelid_happy_right": {
					"position": {
						"0.0": [0.1, 0, 0.1],
						"0.2083": {"pre": [0.1, 0, 0.1], "post": [0, 0, 0]}
					}
				}
			}
		},
		"animation.tepig.lookright_quirk": {
			"animation_length": 3.5,
			"bones": {
				"torso": {
					"rotation": {
						"0.0": [0, 0, 0],
						"0.125": {
							"pre": [0, 1.25, 0],
							"post": [0, 1.25, 0],
							"lerp_mode": "catmullrom"
						},
						"0.4167": {
							"post": [0, 5.025, 0],
							"lerp_mode": "catmullrom"
						},
						"1.0": {
							"post": [0, 5.825, 0],
							"lerp_mode": "catmullrom"
						},
						"1.75": {
							"post": [0, 5.025, 0],
							"lerp_mode": "catmullrom"
						},
						"2.75": {
							"post": [0, 0.6, 0],
							"lerp_mode": "catmullrom"
						},
						"3.5": [0, 0, 0]
					}
				},
				"head": {
					"rotation": {
						"0.0": [0, 0, 0],
						"0.5": {
							"pre": [0, 8.5, 0],
							"post": [0, 8.5, 0],
							"lerp_mode": "catmullrom"
						},
						"1.0": {
							"post": [0, 9.825, 0],
							"lerp_mode": "catmullrom"
						},
						"1.1667": {
							"post": [2.15936, 10.9097, 0.9294],
							"lerp_mode": "catmullrom"
						},
						"1.4167": {
							"post": [-1.4787, 12.7394, 2.7436],
							"lerp_mode": "catmullrom"
						},
						"1.875": {
							"post": [-2.4787, 12.7394, 2.7436],
							"lerp_mode": "catmullrom"
						},
						"2.3333": {
							"post": [0.42233, 5.758, 1.2401],
							"lerp_mode": "catmullrom"
						},
						"2.8333": {
							"post": [0, 0.55, 0],
							"lerp_mode": "catmullrom"
						},
						"3.5": [0, 0, 0]
					}
				},
				"mouth_smile": {
					"position": {
						"0.0": [0, 0, 0],
						"1.25": {"pre": [0, 0, 0], "post": [0, 0.1, 0]},
						"1.875": {"pre": [0, 0.1, 0], "post": [0, 0, 0]}
					}
				},
				"mouth_frown": {
					"position": {
						"0.0": [0, 0, 0],
						"1.25": {"pre": [0, 0, 0], "post": [0, 0.1, 0]},
						"1.875": {"pre": [0, 0.1, 0], "post": [0, 0, 0]}
					}
				},
				"mouth_neutral": {
					"position": {
						"0.0": [0, 0, 0],
						"1.25": {"pre": [0, 0, 0], "post": [0, 0.1, 0]},
						"1.875": {"pre": [0, 0.1, 0], "post": [0, 0, 0]}
					}
				},
				"mouth_open_curve_up": {
					"position": {
						"0.0": [0, 0, 0],
						"1.25": {"pre": [0, 0, 0], "post": [0, -0.1, 0]},
						"1.875": {"pre": [0, -0.1, 0], "post": [0, 0, 0]}
					}
				},
				"mouth_open_curve_down": {
					"position": {
						"0.0": [0, 0, 0],
						"1.25": {"pre": [0, 0, 0], "post": [0, 0.1, 0]},
						"1.875": {"pre": [0, 0.1, 0], "post": [0, 0, 0]}
					}
				},
				"mouth_open_o": {
					"position": {
						"0.0": [0, 0, 0],
						"1.25": {"pre": [0, 0, 0], "post": [0, 0.1, 0]},
						"1.875": {"pre": [0, 0.1, 0], "post": [0, 0, 0]}
					}
				},
				"ear_right": {
					"rotation": {
						"0.0": [0, 0, 0],
						"0.1667": {
							"pre": [0, 0, 3],
							"post": [0, 0, 3],
							"lerp_mode": "catmullrom"
						},
						"0.625": {
							"post": [0, 0, -2],
							"lerp_mode": "catmullrom"
						},
						"1.0": {
							"post": [0, 0, 0],
							"lerp_mode": "catmullrom"
						},
						"1.2917": {
							"post": [1.5, 0, 0],
							"lerp_mode": "catmullrom"
						},
						"1.5417": {
							"post": [-4.75, 0, 0],
							"lerp_mode": "catmullrom"
						},
						"1.9167": {
							"post": [-0.75, 0, 0],
							"lerp_mode": "catmullrom"
						},
						"2.4167": {
							"post": [0, 0, 0],
							"lerp_mode": "catmullrom"
						},
						"3.0": [0, 0, 0]
					}
				},
				"ear_left": {
					"rotation": {
						"0.0": [0, 0, 0],
						"0.1667": {
							"pre": [0, 0, 3],
							"post": [0, 0, 3],
							"lerp_mode": "catmullrom"
						},
						"0.625": {
							"post": [0, 0, -2],
							"lerp_mode": "catmullrom"
						},
						"1.0": {
							"post": [0, 0, 0],
							"lerp_mode": "catmullrom"
						},
						"1.2917": {
							"post": [1.5, 0, 0],
							"lerp_mode": "catmullrom"
						},
						"1.5417": {
							"post": [-4.75, 0, 0],
							"lerp_mode": "catmullrom"
						},
						"1.9167": {
							"post": [-0.75, 0, 0],
							"lerp_mode": "catmullrom"
						},
						"2.4167": {
							"post": [0, 0, 0],
							"lerp_mode": "catmullrom"
						},
						"3.0": [0, 0, 0]
					}
				},
				"pupil_left": {
					"position": {
						"0.0": [0, 0, 0],
						"0.1667": {"pre": [0, 0, 0], "post": [-0.1, 0, 0]},
						"2.1667": {"pre": [-0.1, 0, 0], "post": [0, 0, 0]}
					}
				},
				"eyelid_left": {
					"position": {
						"0.0": [0, 0, 0],
						"1.125": {"pre": [0, 0, 0], "post": [-0.1, 0, 0.1]},
						"2.1667": {"pre": [-0.1, 0, 0.1], "post": [0, 0, 0]}
					}
				},
				"eyelid_unamused_left": {
					"position": {
						"0.0": [0, 0, 0],
						"1.125": {"pre": [0, 0, 0], "post": [-0.1, 0, 0.1]},
						"2.1667": {"pre": [-0.1, 0, 0.1], "post": [0, 0, 0]}
					}
				},
				"eyelid_sad_left": {
					"position": {
						"0.0": [0, 0, 0],
						"1.125": {"pre": [0, 0, 0], "post": [-0.1, 0, 0.1]},
						"2.1667": {"pre": [-0.1, 0, 0.1], "post": [0, 0, 0]}
					}
				},
				"eyelid_angry_left": {
					"position": {
						"0.0": [0, 0, 0],
						"1.125": {"pre": [0, 0, 0], "post": [-0.1, 0, 0.1]},
						"2.1667": {"pre": [-0.1, 0, 0.1], "post": [0, 0, 0]}
					}
				},
				"eyelid_happy_left": {
					"position": {
						"0.0": [0, 0, 0],
						"1.125": {"pre": [0, 0, 0], "post": [0.1, 0, -0.1]},
						"2.1667": {"pre": [0.1, 0, -0.1], "post": [0, 0, 0]}
					}
				},
				"eyelid_recoil_left": {
					"position": {
						"0.0": [0, 0, 0],
						"1.125": {"pre": [0, 0, 0], "post": [-0.1, 0, 0.1]},
						"2.1667": {"pre": [-0.1, 0, 0.1], "post": [0, 0, 0]}
					}
				},
				"pupil_right": {
					"position": {
						"0.0": [0, 0, 0],
						"0.1667": {"pre": [0, 0, 0], "post": [-0.8, 0, 0]},
						"2.1667": {"pre": [-0.8, 0, 0], "post": [0, 0, 0]}
					}
				},
				"eyelid_right": {
					"position": {
						"0.0": [0, 0, 0],
						"1.125": {"pre": [0, 0, 0], "post": [0.1, 0, 0.1]},
						"2.1667": {"pre": [0.1, 0, 0.1], "post": [0, 0, 0]}
					}
				},
				"eyelid_unamused_right": {
					"position": {
						"0.0": [0, 0, 0],
						"1.125": {"pre": [0, 0, 0], "post": [0.1, 0, 0.1]},
						"2.1667": {"pre": [0.1, 0, 0.1], "post": [0, 0, 0]}
					}
				},
				"eyelid_sad_right": {
					"position": {
						"0.0": [0, 0, 0],
						"1.125": {"pre": [0, 0, 0], "post": [0.1, 0, 0.1]},
						"2.1667": {"pre": [0.1, 0, 0.1], "post": [0, 0, 0]}
					}
				},
				"eyelid_angry_right": {
					"position": {
						"0.0": [0, 0, 0],
						"1.125": {"pre": [0, 0, 0], "post": [0.1, 0, 0.1]},
						"2.1667": {"pre": [0.1, 0, 0.1], "post": [0, 0, 0]}
					}
				},
				"eyelid_happy_right": {
					"position": {
						"0.0": [0, 0, 0],
						"1.125": {"pre": [0, 0, 0], "post": [-0.1, 0, -0.1]},
						"2.1667": {"pre": [-0.1, 0, -0.1], "post": [0, 0, 0]}
					}
				},
				"eyelid_recoil_right": {
					"position": {
						"0.0": [0, 0, 0],
						"1.125": {"pre": [0, 0, 0], "post": [0.1, 0, 0.1]},
						"2.1667": {"pre": [0.1, 0, 0.1], "post": [0, 0, 0]}
					}
				}
			}
		},
		"animation.tepig.lookleft_quirk": {
			"animation_length": 3.5,
			"bones": {
				"torso": {
					"rotation": {
						"0.0": [0, 0, 0],
						"0.125": {
							"pre": [0, -1.25, 0],
							"post": [0, -1.25, 0],
							"lerp_mode": "catmullrom"
						},
						"0.4167": {
							"post": [0, -5.025, 0],
							"lerp_mode": "catmullrom"
						},
						"1.0": {
							"post": [0, -5.825, 0],
							"lerp_mode": "catmullrom"
						},
						"1.75": {
							"post": [0, -5.025, 0],
							"lerp_mode": "catmullrom"
						},
						"2.75": {
							"post": [0, -0.6, 0],
							"lerp_mode": "catmullrom"
						},
						"3.5": [0, 0, 0]
					}
				},
				"head": {
					"rotation": {
						"0.0": [0, 0, 0],
						"0.5": {
							"pre": [0, -8.5, 0],
							"post": [0, -8.5, 0],
							"lerp_mode": "catmullrom"
						},
						"1.0": {
							"post": [0, -9.825, 0],
							"lerp_mode": "catmullrom"
						},
						"1.1667": {
							"post": [2.15936, -10.90971, -0.92939],
							"lerp_mode": "catmullrom"
						},
						"1.4167": {
							"post": [-1.4787, -12.7394, -2.7436],
							"lerp_mode": "catmullrom"
						},
						"1.875": {
							"post": [-2.4787, -12.7394, -2.7436],
							"lerp_mode": "catmullrom"
						},
						"2.3333": {
							"post": [0.4223, -5.758, -1.2401],
							"lerp_mode": "catmullrom"
						},
						"2.8333": {
							"post": [0, -0.55, 0],
							"lerp_mode": "catmullrom"
						},
						"3.5": [0, 0, 0]
					}
				},
				"pupil_left": {
					"position": {
						"0.0": [0, 0, 0],
						"0.1667": {"pre": [0, 0, 0], "post": [0.8, 0, 0]},
						"2.1667": {"pre": [0.8, 0, 0], "post": [0, 0, 0]}
					}
				},
				"pupil_right": {
					"position": {
						"0.0": [0, 0, 0],
						"0.1667": {"pre": [0, 0, 0], "post": [0.1, 0, 0]},
						"2.1667": {"pre": [0.1, 0, 0], "post": [0, 0, 0]}
					}
				},
				"mouth_smile": {
					"position": {
						"0.0": [0, 0, 0],
						"1.25": {"pre": [0, 0, 0], "post": [0, 0.1, 0]},
						"1.875": {"pre": [0, 0.1, 0], "post": [0, 0, 0]}
					}
				},
				"mouth_frown": {
					"position": {
						"0.0": [0, 0, 0],
						"1.25": {"pre": [0, 0, 0], "post": [0, 0.1, 0]},
						"1.875": {"pre": [0, 0.1, 0], "post": [0, 0, 0]}
					}
				},
				"mouth_neutral": {
					"position": {
						"0.0": [0, 0, 0],
						"1.25": {"pre": [0, 0, 0], "post": [0, 0.1, 0]},
						"1.875": {"pre": [0, 0.1, 0], "post": [0, 0, 0]}
					}
				},
				"mouth_open_curve_up": {
					"position": {
						"0.0": [0, 0, 0],
						"1.25": {"pre": [0, 0, 0], "post": [0, -0.1, 0]},
						"1.875": {"pre": [0, -0.1, 0], "post": [0, 0, 0]}
					}
				},
				"mouth_open_curve_down": {
					"position": {
						"0.0": [0, 0, 0],
						"1.25": {"pre": [0, 0, 0], "post": [0, 0.1, 0]},
						"1.875": {"pre": [0, 0.1, 0], "post": [0, 0, 0]}
					}
				},
				"mouth_open_o": {
					"position": {
						"0.0": [0, 0, 0],
						"1.25": {"pre": [0, 0, 0], "post": [0, 0.1, 0]},
						"1.875": {"pre": [0, 0.1, 0], "post": [0, 0, 0]}
					}
				},
				"ear_right": {
					"rotation": {
						"0.0": [0, 0, 0],
						"0.1667": {
							"pre": [0, 0, -3],
							"post": [0, 0, -3],
							"lerp_mode": "catmullrom"
						},
						"0.625": {
							"post": [0, 0, 2],
							"lerp_mode": "catmullrom"
						},
						"1.0": {
							"post": [0, 0, 0],
							"lerp_mode": "catmullrom"
						},
						"1.2917": {
							"post": [1.5, 0, 0],
							"lerp_mode": "catmullrom"
						},
						"1.5417": {
							"post": [-4.75, 0, 0],
							"lerp_mode": "catmullrom"
						},
						"1.9167": {
							"post": [-0.75, 0, 0],
							"lerp_mode": "catmullrom"
						},
						"2.4167": {
							"post": [0, 0, 0],
							"lerp_mode": "catmullrom"
						},
						"3.0": [0, 0, 0]
					}
				},
				"ear_left": {
					"rotation": {
						"0.0": [0, 0, 0],
						"0.1667": {
							"pre": [0, 0, -3],
							"post": [0, 0, -3],
							"lerp_mode": "catmullrom"
						},
						"0.625": {
							"post": [0, 0, 2],
							"lerp_mode": "catmullrom"
						},
						"1.0": {
							"post": [0, 0, 0],
							"lerp_mode": "catmullrom"
						},
						"1.2917": {
							"post": [1.5, 0, 0],
							"lerp_mode": "catmullrom"
						},
						"1.5417": {
							"post": [-4.75, 0, 0],
							"lerp_mode": "catmullrom"
						},
						"1.9167": {
							"post": [-0.75, 0, 0],
							"lerp_mode": "catmullrom"
						},
						"2.4167": {
							"post": [0, 0, 0],
							"lerp_mode": "catmullrom"
						},
						"3.0": [0, 0, 0]
					}
				},
				"eyelid_left": {
					"position": {
						"0.0": [0, 0, 0],
						"1.125": {"pre": [0, 0, 0], "post": [-0.1, 0, 0.1]},
						"2.1667": {"pre": [-0.1, 0, 0.1], "post": [0, 0, 0]}
					}
				},
				"eyelid_unamused_left": {
					"position": {
						"0.0": [0, 0, 0],
						"1.125": {"pre": [0, 0, 0], "post": [-0.1, 0, 0.1]},
						"2.1667": {"pre": [-0.1, 0, 0.1], "post": [0, 0, 0]}
					}
				},
				"eyelid_sad_left": {
					"position": {
						"0.0": [0, 0, 0],
						"1.125": {"pre": [0, 0, 0], "post": [-0.1, 0, 0.1]},
						"2.1667": {"pre": [-0.1, 0, 0.1], "post": [0, 0, 0]}
					}
				},
				"eyelid_angry_left": {
					"position": {
						"0.0": [0, 0, 0],
						"1.125": {"pre": [0, 0, 0], "post": [-0.1, 0, 0.1]},
						"2.1667": {"pre": [-0.1, 0, 0.1], "post": [0, 0, 0]}
					}
				},
				"eyelid_happy_left": {
					"position": {
						"0.0": [0, 0, 0],
						"1.125": {"pre": [0, 0, 0], "post": [0.1, 0, -0.1]},
						"2.1667": {"pre": [0.1, 0, -0.1], "post": [0, 0, 0]}
					}
				},
				"eyelid_recoil_left": {
					"position": {
						"0.0": [0, 0, 0],
						"1.125": {"pre": [0, 0, 0], "post": [-0.1, 0, 0.1]},
						"2.1667": {"pre": [-0.1, 0, 0.1], "post": [0, 0, 0]}
					}
				},
				"eyelid_right": {
					"position": {
						"0.0": [0, 0, 0],
						"1.125": {"pre": [0, 0, 0], "post": [0.1, 0, 0.1]},
						"2.1667": {"pre": [0.1, 0, 0.1], "post": [0, 0, 0]}
					}
				},
				"eyelid_unamused_right": {
					"position": {
						"0.0": [0, 0, 0],
						"1.125": {"pre": [0, 0, 0], "post": [0.1, 0, 0.1]},
						"2.1667": {"pre": [0.1, 0, 0.1], "post": [0, 0, 0]}
					}
				},
				"eyelid_sad_right": {
					"position": {
						"0.0": [0, 0, 0],
						"1.125": {"pre": [0, 0, 0], "post": [0.1, 0, 0.1]},
						"2.1667": {"pre": [0.1, 0, 0.1], "post": [0, 0, 0]}
					}
				},
				"eyelid_angry_right": {
					"position": {
						"0.0": [0, 0, 0],
						"1.125": {"pre": [0, 0, 0], "post": [0.1, 0, 0.1]},
						"2.1667": {"pre": [0.1, 0, 0.1], "post": [0, 0, 0]}
					}
				},
				"eyelid_happy_right": {
					"position": {
						"0.0": [0, 0, 0],
						"1.125": {"pre": [0, 0, 0], "post": [-0.1, 0, -0.1]},
						"2.1667": {"pre": [-0.1, 0, -0.1], "post": [0, 0, 0]}
					}
				},
				"eyelid_recoil_right": {
					"position": {
						"0.0": [0, 0, 0],
						"1.125": {"pre": [0, 0, 0], "post": [0.1, 0, 0.1]},
						"2.1667": {"pre": [0.1, 0, 0.1], "post": [0, 0, 0]}
					}
				}
			}
		},
		"animation.tepig.sniff_quirk": {
			"animation_length": 1,
			"bones": {
				"torso": {
					"rotation": {
						"0.0": [0, 0, 0],
						"0.125": {
							"pre": [0.4, 0, 0],
							"post": [0.4, 0, 0],
							"lerp_mode": "catmullrom"
						},
						"0.3333": {
							"post": [-1, 0, 0],
							"lerp_mode": "catmullrom"
						},
						"0.6667": {
							"post": [0, 0, 0],
							"lerp_mode": "catmullrom"
						},
						"1.0": [0, 0, 0]
					}
				},
				"head": {
					"rotation": {
						"0.0": [0, 0, 0],
						"0.1667": {
							"pre": [1, 0, 0],
							"post": [1, 0, 0],
							"lerp_mode": "catmullrom"
						},
						"0.375": {
							"post": [-2.5, 0, 0],
							"lerp_mode": "catmullrom"
						},
						"0.75": {
							"post": [0, 0, 0],
							"lerp_mode": "catmullrom"
						},
						"1.0": [0, 0, 0]
					}
				},
				"ear_right": {
					"rotation": {
						"0.0": [0, 0, 0],
						"0.25": {
							"pre": [1, 0, 0],
							"post": [1, 0, 0],
							"lerp_mode": "catmullrom"
						},
						"0.4583": {
							"post": [-2.5, 0, 0],
							"lerp_mode": "catmullrom"
						},
						"0.8333": {
							"post": [0, 0, 0],
							"lerp_mode": "catmullrom"
						},
						"1.0": [0, 0, 0]
					}
				},
				"ear_left": {
					"rotation": {
						"0.0": [0, 0, 0],
						"0.25": {
							"pre": [1, 0, 0],
							"post": [1, 0, 0],
							"lerp_mode": "catmullrom"
						},
						"0.4583": {
							"post": [-2.5, 0, 0],
							"lerp_mode": "catmullrom"
						},
						"0.8333": {
							"post": [0, 0, 0],
							"lerp_mode": "catmullrom"
						},
						"1.0": [0, 0, 0]
					}
				},
				"snout": {
					"rotation": {
						"0.0": [0, 0, 0],
						"0.2083": {
							"pre": [3.2, 0, 0],
							"post": [3.2, 0, 0],
							"lerp_mode": "catmullrom"
						},
						"0.5": {
							"post": [-4.15, 0, 0],
							"lerp_mode": "catmullrom"
						},
						"0.7917": {
							"post": [0, 0, 0],
							"lerp_mode": "catmullrom"
						},
						"1.0": [0, 0, 0]
					}
				}
			}
		},
		"animation.tepig.sniffground_quirk": {
			"animation_length": 5,
			"bones": {
				"torso": {
					"rotation": {
						"0.0": [0, 0, 0],
						"0.5": {
							"pre": [12.6, 0, 0],
							"post": [12.6, 0, 0],
							"lerp_mode": "catmullrom"
						},
						"0.6667": {
							"post": [13, 0.1, 0],
							"lerp_mode": "catmullrom"
						},
						"0.8333": {
							"post": [12.375, -0.5, 0],
							"lerp_mode": "catmullrom"
						},
						"1.0": {
							"post": [12.9, -1, 0],
							"lerp_mode": "catmullrom"
						},
						"1.25": {
							"post": [12.9, 0.975, 0],
							"lerp_mode": "catmullrom"
						},
						"1.5833": {
							"post": [14.41146, 7.82341, 3.40867],
							"lerp_mode": "catmullrom"
						},
						"2.1667": {
							"post": [14.41686, 10.09841, 3.40867],
							"lerp_mode": "catmullrom"
						},
						"2.75": {
							"post": [13.91686, 10.09841, 3.40867],
							"lerp_mode": "catmullrom"
						},
						"3.4167": {
							"post": [13.91686, 10.09841, 3.40867],
							"lerp_mode": "catmullrom"
						},
						"3.9167": {
							"post": [1.1, 1.05, 0],
							"lerp_mode": "catmullrom"
						},
						"5.0": [0, 0, 0]
					},
					"position": {
						"0.0": [0, 0, 0],
						"0.5": {
							"pre": [0, -0.375, 0],
							"post": [0, -0.375, 0],
							"lerp_mode": "catmullrom"
						},
						"3.4167": {
							"post": [0, -0.375, 0],
							"lerp_mode": "catmullrom"
						},
						"3.9167": {
							"post": [0, 0, 0],
							"lerp_mode": "catmullrom"
						},
						"5.0": [0, 0, 0]
					}
				},
				"head": {
					"rotation": {
						"0.0": [0, 0, 0],
						"0.2917": {
							"pre": [-5.4295, -3.69627, 0.22444],
							"post": [-5.4295, -3.69627, 0.22444],
							"lerp_mode": "catmullrom"
						},
						"0.5833": {
							"post": [12.26736, -3.17336, 0.19269],
							"lerp_mode": "catmullrom"
						},
						"0.75": {
							"post": [13.05335, -3.00326, 0.18236],
							"lerp_mode": "catmullrom"
						},
						"0.875": {
							"post": [11.53087, -2.90065, 0.17613],
							"lerp_mode": "catmullrom"
						},
						"1.0833": {
							"post": [13.12663, -2.73893, 0.16631],
							"lerp_mode": "catmullrom"
						},
						"1.2917": {
							"post": [12.61629, -4.91726, -0.18439],
							"lerp_mode": "catmullrom"
						},
						"1.7083": {
							"post": [12.61629, 2.08274, -4.18439],
							"lerp_mode": "catmullrom"
						},
						"2.3333": {
							"post": [12.03332, 14.504, -5.62412],
							"lerp_mode": "catmullrom"
						},
						"2.9583": {
							"post": [12.03332, 14.504, -5.62412],
							"lerp_mode": "catmullrom"
						},
						"3.5417": {
							"post": [10.24742, 6.984, -3.92631],
							"lerp_mode": "catmullrom"
						},
						"4.1667": {
							"post": [0, 0, 0],
							"lerp_mode": "catmullrom"
						},
						"5.0": [0, 0, 0]
					}
				},
				"ear_right": {
					"rotation": {
						"0.0": [0, 0, 0],
						"0.3333": {
							"pre": [-2, 0, 0],
							"post": [-2, 0, 0],
							"lerp_mode": "catmullrom"
						},
						"0.625": {
							"post": [5.5, 0, 0],
							"lerp_mode": "catmullrom"
						},
						"0.8333": {
							"post": [1.25, 0, 0],
							"lerp_mode": "catmullrom"
						},
						"1.1667": {
							"post": [3.75, 0, 0],
							"lerp_mode": "catmullrom"
						},
						"1.4583": {
							"post": [2.3831, 2.20492, 6.90829],
							"lerp_mode": "catmullrom"
						},
						"2.25": {
							"post": [-1.5, 0, 0],
							"lerp_mode": "catmullrom"
						},
						"3.0833": {
							"post": [-0.25, 0, 0],
							"lerp_mode": "catmullrom"
						},
						"3.5417": {
							"post": [8.03985, -1.29712, -3.51882],
							"lerp_mode": "catmullrom"
						},
						"4.0": {
							"post": [-0.08522, -1.29712, -3.51882],
							"lerp_mode": "catmullrom"
						},
						"4.5833": {
							"post": [0, 0, 0],
							"lerp_mode": "catmullrom"
						},
						"5.0": [0, 0, 0]
					}
				},
				"ear_left": {
					"rotation": {
						"0.0": [0, 0, 0],
						"0.3333": {
							"pre": [-2, 0, 0],
							"post": [-2, 0, 0],
							"lerp_mode": "catmullrom"
						},
						"0.625": {
							"post": [5.5, 0, 0],
							"lerp_mode": "catmullrom"
						},
						"0.8333": {
							"post": [1.25, 0, 0],
							"lerp_mode": "catmullrom"
						},
						"1.1667": {
							"post": [3.75, 0, 0],
							"lerp_mode": "catmullrom"
						},
						"1.4583": {
							"post": [2.3831, 2.20492, 6.90829],
							"lerp_mode": "catmullrom"
						},
						"2.25": {
							"post": [-1.5, 0, 0],
							"lerp_mode": "catmullrom"
						},
						"3.0833": {
							"post": [-0.25, 0, 0],
							"lerp_mode": "catmullrom"
						},
						"3.5417": {
							"post": [8.03985, -1.29712, -3.51882],
							"lerp_mode": "catmullrom"
						},
						"4.0": {
							"post": [-0.08522, -1.29712, -3.51882],
							"lerp_mode": "catmullrom"
						},
						"4.5833": {
							"post": [0, 0, 0],
							"lerp_mode": "catmullrom"
						},
						"5.0": [0, 0, 0]
					}
				},
				"snout": {
					"rotation": {
						"0.0": [0, 0, 0],
						"0.4167": {
							"pre": [2, 0, 0],
							"post": [2, 0, 0],
							"lerp_mode": "catmullrom"
						},
						"0.5833": {
							"post": [-1.75, 0, 0],
							"lerp_mode": "catmullrom"
						},
						"0.75": {
							"post": [-0.5, 0, 0],
							"lerp_mode": "catmullrom"
						},
						"0.9583": {
							"post": [-3.5, 0, 0],
							"lerp_mode": "catmullrom"
						},
						"1.125": {
							"post": [0.75, 0, 0],
							"lerp_mode": "catmullrom"
						},
						"1.25": {
							"post": [-3.5, 0, 0],
							"lerp_mode": "catmullrom"
						},
						"1.4167": {
							"post": [-3.45842, -4.36607, -1.09076],
							"lerp_mode": "catmullrom"
						},
						"1.7083": {
							"post": [-3.49987, 0.24257, 0.06048],
							"lerp_mode": "catmullrom"
						},
						"2.0": {
							"post": [-3.46716, 3.881, 0.96917],
							"lerp_mode": "catmullrom"
						},
						"2.25": {
							"post": [-3.49885, 0.72772, 0.18145],
							"lerp_mode": "catmullrom"
						},
						"2.5417": {
							"post": [-7.48431, 0.72772, 0.18145],
							"lerp_mode": "catmullrom"
						},
						"2.6667": {
							"post": [-3.48431, 0.72772, 0.18145],
							"lerp_mode": "catmullrom"
						},
						"2.7917": {
							"post": [-6.98431, 0.72772, 0.18145],
							"lerp_mode": "catmullrom"
						},
						"2.9583": {
							"post": [-4.68431, 0.72772, 0.18145],
							"lerp_mode": "catmullrom"
						},
						"3.0417": {
							"post": [-6.48431, 0.72772, 0.18145],
							"lerp_mode": "catmullrom"
						},
						"3.1667": {
							"post": [-3.48431, 0.72772, 0.18145],
							"lerp_mode": "catmullrom"
						},
						"4.2917": {
							"post": [0, 0, 0],
							"lerp_mode": "catmullrom"
						},
						"5.0": [0, 0, 0]
					}
				},
				"pupil_left": {
					"position": {
						"0.0": [0, 0, 0],
						"0.3333": {"pre": [0, 0, 0], "post": [0, -0.3, 0]},
						"1.0": {"pre": [0, -0.3, 0], "post": [0.6, -0.3, 0]},
						"1.75": {"pre": [0.6, -0.3, 0], "post": [-0.1, -0.3, 0]},
						"3.6667": {"pre": [-0.1, -0.3, 0], "post": [0, 0, 0]}
					}
				},
				"pupil_right": {
					"position": {
						"0.0": [0, 0, 0],
						"0.3333": {"pre": [0, 0, 0], "post": [0, -0.3, 0]},
						"1.0": {"pre": [0, -0.3, 0], "post": [0.1, -0.3, 0]},
						"1.75": {"pre": [0.1, -0.3, 0], "post": [-0.5, -0.3, 0]},
						"3.6667": {"pre": [-0.5, -0.3, 0], "post": [0, 0, 0]}
					}
				}
			}
		},
		"animation.tepig.shoulder_left": {
			"loop": true,
			"bones": {
				"body": {
					"rotation": [0, -7, 0],
					"position": [5.15, -2.425, 0.9]
				},
				"torso": {
					"rotation": ["0.5531+0.3*math.cos(q.anim_time*90*4-50)", "4.0718+0.4*math.cos(q.anim_time*90*2-30)", "2.6726+0.7*math.cos(q.anim_time*90*2-110)"],
					"position": [0, "-0.02*math.cos(q.anim_time*90*4)", 0]
				},
				"tail": {
					"rotation": ["19.2506-2*math.cos(q.anim_time*90*4-90)", "-0.6595+2*math.cos(q.anim_time*90*2-80)", "1.8881+1.6*math.cos(q.anim_time*90*2-170)"]
				},
				"tail_orb": {
					"rotation": ["12.75-3*math.cos(q.anim_time*90*4-180)", "5*math.cos(q.anim_time*90*2-150)", "3*math.cos(q.anim_time*90*2-210)"]
				},
				"head": {
					"rotation": ["0.9576+0.6*math.cos(q.anim_time*90*4-80)", "0.5248-0.4*math.cos(q.anim_time*90*2-50)", "-0.3232+0.6*math.cos(q.anim_time*90*2-80)"]
				},
				"ear_right": {
					"rotation": ["0.0409+1*math.cos(q.anim_time*90*4-150)", 1.33486, "3.5047+2*math.cos(q.anim_time*90*2-120)"]
				},
				"ear_left": {
					"rotation": ["0.0409+1*math.cos(q.anim_time*90*4-150)", 1.33486, "3.5047+2*math.cos(q.anim_time*90*2-120)"]
				},
				"leg_front_left": {
					"rotation": ["-35.1027+0.5*math.cos(q.anim_time*90*4)", 3.41575, 10.9357],
					"position": [0, "-0.095-0.005*math.cos(q.anim_time*90*4)", "-0.5-0.03*math.cos(q.anim_time*90*4)"]
				},
				"knee_front_left": {
					"rotation": ["25.75+0.5*math.cos(q.anim_time*90*4)", 0, 0]
				},
				"leg_front_right": {
					"rotation": ["-35.25+0.5*math.cos(q.anim_time*90*4)", 0, -5],
					"position": [0.1, "-0.095-0.005*math.cos(q.anim_time*90*4)", "-0.5-0.03*math.cos(q.anim_time*90*4)"]
				},
				"knee_front_right": {
					"rotation": ["25.75+0.5*math.cos(q.anim_time*90*4)", 0, 0]
				},
				"leg_back_left": {
					"rotation": ["18.2874+0.5*math.cos(q.anim_time*90*4)", -3.55073, -1.20694],
					"position": [0, "-0.125-0.005*math.cos(q.anim_time*90*4)", "0.325-0.03*math.cos(q.anim_time*90*4)"]
				},
				"knee_back_left": {
					"rotation": ["17.25-0.5*math.cos(q.anim_time*90*4)", 0, 0]
				},
				"leg_back_right": {
					"rotation": ["20.261+0.5*math.cos(q.anim_time*90*4)", 8.89333, 3.35397],
					"position": [0, "-0.125-0.005*math.cos(q.anim_time*90*4)", "0.425-0.03*math.cos(q.anim_time*90*4)"]
				},
				"knee_back_right": {
					"rotation": ["17.25-0.5*math.cos(q.anim_time*90*4)", 0, 0]
				}
			}
		},
		"animation.tepig.shoulder_right": {
			"loop": true,
			"bones": {
				"body": {
					"rotation": [0, 7, 0],
					"position": [-5.15, -2.425, 0.9]
				},
				"torso": {
					"rotation": ["0.5531+0.3*math.cos(q.anim_time*90*4-50)", "-4.0718+0.4*math.cos(q.anim_time*90*2-30)", "-2.6726+0.7*math.cos(q.anim_time*90*2-110)"],
					"position": [0, "-0.02*math.cos(q.anim_time*90*4)", 0]
				},
				"tail": {
					"rotation": ["19.2506-2*math.cos(q.anim_time*90*4-90)", "0.6595+2*math.cos(q.anim_time*90*2-80)", "-1.8881+1.6*math.cos(q.anim_time*90*2-170)"]
				},
				"tail_orb": {
					"rotation": ["12.75-3*math.cos(q.anim_time*90*4-180)", "5*math.cos(q.anim_time*90*2-150)", "3*math.cos(q.anim_time*90*2-210)"]
				},
				"head": {
					"rotation": ["0.9584+0.6*math.cos(q.anim_time*90*4-80)", "-0.5248-0.4*math.cos(q.anim_time*90*2-50)", "0.3231+0.6*math.cos(q.anim_time*90*2-80)"]
				},
				"ear_right": {
					"rotation": ["0.0409+1*math.cos(q.anim_time*90*4-150)", -1.3349, "-3.5047+2*math.cos(q.anim_time*90*2-120)"]
				},
				"ear_left": {
					"rotation": ["0.0409+1*math.cos(q.anim_time*90*4-150)", -1.3349, "-3.5047+2*math.cos(q.anim_time*90*2-120)"]
				},
				"leg_front_left": {
					"rotation": ["-35.25+0.5*math.cos(q.anim_time*90*4)", 0, 5],
					"position": [-0.1, "-0.095-0.005*math.cos(q.anim_time*90*4)", "-0.5-0.03*math.cos(q.anim_time*90*4)"]
				},
				"knee_front_left": {
					"rotation": ["25.75+0.5*math.cos(q.anim_time*90*4)", 0, 0]
				},
				"leg_front_right": {
					"rotation": ["-35.1027+0.5*math.cos(q.anim_time*90*4)", -3.4158, -10.9357],
					"position": [0, "-0.095-0.005*math.cos(q.anim_time*90*4)", "-0.5-0.03*math.cos(q.anim_time*90*4)"]
				},
				"knee_front_right": {
					"rotation": ["25.75+0.5*math.cos(q.anim_time*90*4)", 0, 0]
				},
				"leg_back_left": {
					"rotation": ["18.2874+0.5*math.cos(q.anim_time*90*4)", -8.8933, -3.354],
					"position": [0, "-0.125-0.005*math.cos(q.anim_time*90*4)", "0.325-0.03*math.cos(q.anim_time*90*4)"]
				},
				"knee_back_left": {
					"rotation": ["17.25-0.5*math.cos(q.anim_time*90*4)", 0, 0]
				},
				"leg_back_right": {
					"rotation": ["20.261+0.5*math.cos(q.anim_time*90*4)", 3.5507, 1.2069],
					"position": [0, "-0.125-0.005*math.cos(q.anim_time*90*4)", "0.425-0.03*math.cos(q.anim_time*90*4)"]
				},
				"knee_back_right": {
					"rotation": ["17.25-0.5*math.cos(q.anim_time*90*4)", 0, 0]
				}
			}
		},
		"animation.tepig.unamused": {
			"loop": true,
			"bones": {
				"mouth_smile": {
					"position": [0, 0.1, 0]
				},
				"mouth_neutral": {
					"position": [0, -0.1, 0]
				},
				"eyelid_unamused_left": {
					"position": [0.1, 0, -0.1]
				},
				"eyelid_unamused_right": {
					"position": [-0.1, 0, -0.1]
				}
			}
		},
		"animation.tepig.sad": {
			"loop": true,
			"bones": {
				"mouth_smile": {
					"position": [0, 0.2, 0]
				},
				"mouth_frown": {
					"position": [0, -0.1, 0]
				},
				"eyelid_sad_left": {
					"position": [0.1, 0, -0.1]
				},
				"eyelid_sad_right": {
					"position": [-0.1, 0, -0.1]
				}
			}
		},
		"animation.tepig.angry": {
			"loop": true,
			"bones": {
				"mouth_smile": {
					"position": [0, 0.1, 0]
				},
				"eyelid_angry_left": {
					"position": [0.1, 0, -0.1]
				},
				"mouth_open_curve_down": {
					"position": [0, -0.1, 0]
				},
				"eyelid_angry_right": {
					"position": [-0.1, 0, -0.1]
				},
				"mouth_open_o": {
					"position": [0, -0.1, 0]
				}
			}
		},
		"animation.tepig.happy": {
			"loop": true,
			"bones": {
				"eyelid_happy_left": {
					"position": [0.1, 0, -0.1]
				},
				"eyelid_happy_right": {
					"position": [-0.1, 0, -0.1]
				}
			}
		},
		"animation.tepig.surprise": {
			"loop": true,
			"bones": {
				"mouth_smile": {
					"position": [0, 0.1, 0]
				},
				"mouth_open_o": {
					"position": [0, -0.1, 0]
				}
			}
		}
	}
}