{
	"format_version": "1.8.0",
	"animations": {
		"animation.victreebel.ground_idle": {
			"loop": true,
			"animation_length": 4,
			"bones": {
				"body": {
					"rotation": ["-0.25+math.sin(q.anim_time*90*1)*0.7", 0, 0],
					"position": [0, -0.225, "-math.sin(q.anim_time*90*1)*0.1"],
					"scale": [1, "1-math.sin(q.anim_time*90*1)*0.02", 1]
				},
				"body2": {
					"rotation": ["4.9378+math.sin(q.anim_time*90*1-90)*1", -1.1186, -0.13616],
					"scale": [1, "1-math.sin(q.anim_time*90*1-90)*0.02", 1]
				},
				"body3": {
					"rotation": ["10+math.sin(q.anim_time*90*1-160)*1", 0, 0],
					"scale": [1, "1-math.sin(q.anim_time*90*1-160)*0.02", 1]
				},
				"mouth": {
					"rotation": [5, 0, 0],
					"scale": ["1+math.sin(q.anim_time*90*1)*0.03", 1, "1+math.sin(q.anim_time*90*1-90)*0.015"]
				},
				"arm_left": {
					"rotation": [22, 12.41381, "-52+math.sin(q.anim_time*90*1-90)*2"],
					"scale": [1, 0.8, 1]
				},
				"arm_left2": {
					"rotation": [0, 0, "25-math.sin(q.anim_time*90*1)*4"]
				},
				"arm_left3": {
					"rotation": [0, 0, "30-math.sin(q.anim_time*90*1+20)*6"]
				},
				"arm_left4": {
					"rotation": [0, 0, "12.5-math.sin(q.anim_time*90*1-80)*8"]
				},
				"arm_right": {
					"rotation": [22, -12.41381, "52-math.sin(q.anim_time*90*1-90)*2"],
					"scale": [1, 0.8, 1]
				},
				"arm_right2": {
					"rotation": [0, 0, "-25+math.sin(q.anim_time*90*1)*4"]
				},
				"arm_right3": {
					"rotation": [0, 0, "-30+math.sin(q.anim_time*90*1+20)*6"]
				},
				"arm_right4": {
					"rotation": [0, 0, "-12.5+math.sin(q.anim_time*90*1-80)*8"]
				},
				"head_leaf": {
					"rotation": ["2.5+math.sin(q.anim_time*90*1-205)*1.5", 0, 0]
				},
				"head_leaf2": {
					"rotation": ["7.5+math.sin(q.anim_time*90*1-245)*1.5", 0, 0]
				},
				"head_leaf3": {
					"rotation": ["7.5+math.sin(q.anim_time*90*1-270)*1.5", 0, 0]
				},
				"head_leaf_pivot": {
					"rotation": [-12.5, 0, 0],
					"position": [0, 0, -1]
				},
				"head_stem": {
					"rotation": [27.5, "math.sin(q.anim_time*90*1-90)*3", 0]
				},
				"head_stem2": {
					"rotation": [-40, "math.sin(q.anim_time*90*1-130)*7", 0]
				},
				"head_stem3": {
					"rotation": [-45, "math.sin(q.anim_time*90*1-180)*7", 0]
				},
				"head_stem4": {
					"rotation": [-50, "math.sin(q.anim_time*90*1-210)*8", "-math.sin(q.anim_time*90*1-210)*3"]
				},
				"head_stem5": {
					"rotation": [-25, "math.sin(q.anim_time*90*1-250)*8", 0]
				},
				"head_stem6": {
					"rotation": [37.5, "math.sin(q.anim_time*90*1-310)*22", "math.sin(q.anim_time*90*1-310)*14"]
				},
				"head_stem7": {
					"rotation": [35, "math.sin(q.anim_time*90*1-370)*26", "math.sin(q.anim_time*90*1-370)*14"]
				},
				"head_stem8": {
					"rotation": [45, "math.sin(q.anim_time*90*1-380)*40", 0]
				},
				"head_stem9": {
					"rotation": [30, "math.sin(q.anim_time*90*1-380)*42", 0]
				},
				"head_stem_end": {
					"rotation": [32.5, "math.sin(q.anim_time*90*1-570)*32", 0]
				},
				"head_stem10": {
					"rotation": [22.5, "math.sin(q.anim_time*90*1-480)*40", 0]
				},
				"eyes": {
					"position": [0, -0.5, 0]
				},
				"head_leaf_left": {
					"rotation": [3.19182, -0.2092, "8.1474+math.sin(q.anim_time*90*1-230)*1.5"]
				},
				"head_leaf_right": {
					"rotation": [3.19182, 0.2092, "-8.1474-math.sin(q.anim_time*90*1-230)*1.5"]
				}
			}
		},
		"animation.victreebel.ground_walk": {
			"loop": true,
			"animation_length": 1.3333,
			"bones": {
				"body": {
					"rotation": {
						"0.0": [-5, 0, 0],
						"0.0833": [0, 0, 0],
						"0.7083": [0, 0, 0],
						"0.9583": {
							"pre": [4.5, 0, 0],
							"post": [4.5, 0, 0],
							"lerp_mode": "catmullrom"
						},
						"1.125": {
							"post": [0, 0, 0],
							"lerp_mode": "catmullrom"
						},
						"1.3333": [-5, 0, 0]
					},
					"position": {
						"0.0": [0, 0, -3],
						"0.0833": [0, -0.85, -2.4],
						"0.1667": [0, -0.725, -1.8],
						"0.7083": [0, -0.72, 4.51],
						"0.8333": [0, -0.35, 5.845],
						"0.9583": [0, -0.125, 7.975],
						"1.0833": {
							"pre": [0, 2.78, 4.16],
							"post": [0, 2.78, 4.16],
							"lerp_mode": "catmullrom"
						},
						"1.25": {
							"post": [0, 2.4, -0.3],
							"lerp_mode": "catmullrom"
						},
						"1.3333": [0, 0, -3]
					},
					"scale": {
						"0.0": [1, 1.05, 1],
						"0.0833": {
							"pre": [1.1, 0.8067, 1.1],
							"post": [1.1, 0.8067, 1.1],
							"lerp_mode": "catmullrom"
						},
						"0.25": {
							"post": [1, 0.88, 1],
							"lerp_mode": "catmullrom"
						},
						"0.5833": [1, 0.94, 1],
						"0.9583": [1, 0.88, 1],
						"1.0": {
							"pre": [1, 1, 1],
							"post": [1, 1, 1],
							"lerp_mode": "catmullrom"
						},
						"1.125": {
							"post": [1, 0.95, 1],
							"lerp_mode": "catmullrom"
						},
						"1.3333": [1, 1.05, 1]
					}
				},
				"body2": {
					"rotation": ["2.4378+math.sin(q.anim_time*90*3-65)*3", -1.1186, -0.13616]
				},
				"body3": {
					"rotation": ["2.5+math.sin(q.anim_time*90*3-35)*3", 0, 0]
				},
				"mouth": {
					"rotation": [5, 0, 0],
					"scale": ["1-math.sin(q.anim_time*90*3)*0.035", 1.1, "1-math.sin(q.anim_time*90*3-90)*0.0175"]
				},
				"arm_left": {
					"rotation": [22, "12.4138+math.sin(q.anim_time*90*3-5)*8", "-52-math.sin(q.anim_time*90*3-15)*6"],
					"scale": [1, 0.8, 1]
				},
				"arm_left2": {
					"rotation": [0, 0, "25-math.sin(q.anim_time*90*3-75)*6"]
				},
				"arm_left3": {
					"rotation": [0, 0, "30-math.sin(q.anim_time*90*3-155)*8"]
				},
				"arm_left4": {
					"rotation": [0, 0, "12.5-math.sin(q.anim_time*90*3-235)*10"]
				},
				"arm_right": {
					"rotation": [22, "-12.4138-math.sin(q.anim_time*90*3-5)*8", "52+math.sin(q.anim_time*90*3-15)*6"],
					"scale": [1, 0.8, 1]
				},
				"arm_right2": {
					"rotation": [0, 0, "-25+math.sin(q.anim_time*90*3-75)*6"]
				},
				"arm_right3": {
					"rotation": [0, 0, "-30+math.sin(q.anim_time*90*3-155)*8"]
				},
				"arm_right4": {
					"rotation": [0, 0, "-12.5+math.sin(q.anim_time*90*3-235)*10"]
				},
				"head_leaf": {
					"rotation": ["-2.5-math.sin(q.anim_time*90*3+10)*4", 0, 0]
				},
				"head_leaf2": {
					"rotation": ["7.5-math.sin(q.anim_time*90*3-40)*6", 0, 0]
				},
				"head_leaf3": {
					"rotation": ["7.5-math.sin(q.anim_time*90*3-70)*6", 0, 0]
				},
				"head_leaf_pivot": {
					"rotation": [-12.5, 0, 0],
					"position": [0, 0, -1]
				},
				"head_stem": {
					"rotation": ["27.5-math.sin(q.anim_time*90*3-25)*6", "math.sin(q.anim_time*90*3-90)*3", 0]
				},
				"head_stem2": {
					"rotation": [-34, "math.sin(q.anim_time*90*3-130)*7", 0]
				},
				"head_stem3": {
					"rotation": [-45, "math.sin(q.anim_time*90*3-180)*7", 0]
				},
				"head_stem4": {
					"rotation": [-50, "math.sin(q.anim_time*90*3-210)*8", "-math.sin(q.anim_time*90*3-210)*3"]
				},
				"head_stem5": {
					"rotation": [-28, "0+math.sin(q.anim_time*90*3-250)*8", 0]
				},
				"head_stem6": {
					"rotation": [46.5, "0+math.sin(q.anim_time*90*3-310)*22", "0+math.sin(q.anim_time*90*3-310)*14"]
				},
				"head_stem7": {
					"rotation": [45, "math.sin(q.anim_time*90*3-370)*26", "math.sin(q.anim_time*90*3-370)*14"]
				},
				"head_stem8": {
					"rotation": [45, "math.sin(q.anim_time*90*3-380)*40", 0]
				},
				"head_stem9": {
					"rotation": [30, "math.sin(q.anim_time*90*3-380)*42", 0]
				},
				"head_stem_end": {
					"rotation": [32.5, "math.sin(q.anim_time*90*3-570)*32", 0]
				},
				"head_stem10": {
					"rotation": [22.5, "math.sin(q.anim_time*90*3-480)*40", 0]
				},
				"eyes": {
					"position": [0, -0.5, 0]
				},
				"head_leaf_left": {
					"rotation": [3.19182, -0.2092, "8.1474-math.sin(q.anim_time*90*3-50)*4"]
				},
				"head_leaf_right": {
					"rotation": [3.19182, 0.2092, "-8.1474+math.sin(q.anim_time*90*3-50)*4"]
				}
			}
		},
		"animation.victreebel.battle_idle": {
			"loop": true,
			"animation_length": 2,
			"bones": {
				"body": {
					"rotation": ["math.sin(q.anim_time*90*2)*0.7", 0, 0],
					"position": [0, -0.3, 0],
					"scale": [1, "1-math.sin(q.anim_time*90*2)*0.03", 1]
				},
				"body2": {
					"rotation": ["12.4378+math.sin(q.anim_time*90*2-90)*1", -1.1186, -0.13616],
					"position": [0, -0.6, 0],
					"scale": [1, "1.1-math.sin(q.anim_time*90*2-90)*0.03", 1]
				},
				"body3": {
					"rotation": ["17.5+math.sin(q.anim_time*90*2-160)*1", 0, 0],
					"position": [0, -1.3, 0],
					"scale": [1, "1-math.sin(q.anim_time*90*2-160)*0.03", 1]
				},
				"mouth": {
					"rotation": [5, 0, 0],
					"position": [0, 0, "0.4+math.sin(q.anim_time*90*2-90)*0.3"],
					"scale": ["1.05+math.sin(q.anim_time*90*2)*0.04", "1.1+math.sin(q.anim_time*90*2)*0.04", "1.025+math.sin(q.anim_time*90*2-90)*0.03"]
				},
				"arm_left": {
					"rotation": [24.02888, 7.50952, "-35+math.sin(q.anim_time*90*2-90)*4"],
					"scale": 1
				},
				"arm_left2": {
					"rotation": [0, 0, "20-math.sin(q.anim_time*90*2)*6"]
				},
				"arm_left3": {
					"rotation": [0, 0, "22.5-math.sin(q.anim_time*90*2+20)*8"]
				},
				"arm_left4": {
					"rotation": [0, 0, "10-math.sin(q.anim_time*90*2-80)*10"]
				},
				"arm_right": {
					"rotation": [24.02888, -7.50952, "35-math.sin(q.anim_time*90*2-90)*4"],
					"scale": 1
				},
				"arm_right2": {
					"rotation": [0, 0, "-20+math.sin(q.anim_time*90*2)*6"]
				},
				"arm_right3": {
					"rotation": [0, 0, "-22.5+math.sin(q.anim_time*90*2+20)*8"]
				},
				"arm_right4": {
					"rotation": [0, 0, "-10+math.sin(q.anim_time*90*2-80)*10"]
				},
				"head_leaf": {
					"rotation": ["-5+math.sin(q.anim_time*90*2-205)*1.5", 0, 0],
					"position": [0, -0.6, -0.25]
				},
				"head_leaf2": {
					"rotation": ["7.5+math.sin(q.anim_time*90*2-245)*1.5", 0, 0]
				},
				"head_leaf3": {
					"rotation": ["7.5+math.sin(q.anim_time*90*2-270)*1.5", 0, 0]
				},
				"head_leaf_pivot": {
					"rotation": [-12.5, 0, 0],
					"position": [0, 0, -1]
				},
				"head_stem": {
					"rotation": [23, "math.sin(q.anim_time*90*2-90)*6", 0],
					"position": [0, -0.6, -0.1]
				},
				"head_stem2": {
					"rotation": [-40, "0+math.sin(q.anim_time*90*2-140)*4", 0]
				},
				"head_stem3": {
					"rotation": ["-27.5+math.sin(q.anim_time*90*2-200)*6", "math.sin(q.anim_time*90*2-200)*6", 0]
				},
				"head_stem4": {
					"rotation": ["-35.8564+math.sin(q.anim_time*90*2-250)*6", -13.03648, 7.48475]
				},
				"head_stem5": {
					"rotation": ["-21.8916+math.sin(q.anim_time*90*2-300)*4", "-25.5217+math.sin(q.anim_time*90*2-300)*2", 9.00026]
				},
				"head_stem6": {
					"rotation": ["-12.1728+math.sin(q.anim_time*90*2-340)*4", "-37.5457+math.sin(q.anim_time*90*2-340)*8", -0.57689]
				},
				"head_stem7": {
					"rotation": [-34.02384, "-22.7986+math.sin(q.anim_time*90*2-395)*16", 3.21689]
				},
				"head_stem8": {
					"rotation": [-22.78909, "-2.0838+math.sin(q.anim_time*90*2-450)*24", -9.54954]
				},
				"head_stem9": {
					"rotation": [-2.73251, "-5+math.sin(q.anim_time*90*2-505)*20", 0.50264]
				},
				"head_stem_end": {
					"rotation": [-7, "math.sin(q.anim_time*90*2-615)*28", 0]
				},
				"head_stem10": {
					"rotation": [-5.69511, "-9.9502+math.sin(q.anim_time*90*2-560)*20", 0.73056]
				},
				"eyes": {
					"position": [0, -0.5, 0]
				},
				"head_leaf_left": {
					"rotation": [3.19182, -0.2092, "8.1474+math.sin(q.anim_time*90*2-230)*1.5"]
				},
				"head_leaf_right": {
					"rotation": [3.19182, 0.2092, "-8.1474-math.sin(q.anim_time*90*2-230)*1.5"]
				},
				"pupil_left": {
					"scale": [0.7, 1, 1]
				},
				"pupil_right": {
					"scale": [0.7, 1, 1]
				}
			}
		},
		"animation.victreebel.sleep": {
			"loop": true,
			"animation_length": 4,
			"bones": {
				"body": {
					"rotation": ["math.sin(q.anim_time*90*1)*0.7", 0, 0],
					"position": [0, -0.43, 0],
					"scale": [1.05, "0.95-math.sin(q.anim_time*90*1)*0.02", 1.05]
				},
				"body2": {
					"rotation": ["14.9378+math.sin(q.anim_time*90*1-90)*1", 0, -0.13616],
					"position": [0, -0.8, 0.1],
					"scale": [1, "1.075-math.sin(q.anim_time*90*1-90)*0.03", 1]
				},
				"body3": {
					"rotation": ["22.5+math.sin(q.anim_time*90*1-160)*1", 0, 0],
					"position": [0, -1.3, 0],
					"scale": [1, "1-math.sin(q.anim_time*90*1-160)*0.03", 1]
				},
				"mouth": {
					"rotation": [5, 0, 0],
					"position": [0, 0, "0.4+math.sin(q.anim_time*90*1-90)*0.25"],
					"scale": ["1+math.sin(q.anim_time*90*1)*0.03", "1.05+math.sin(q.anim_time*90*1)*0.04", "1+math.sin(q.anim_time*90*1-90)*0.03"]
				},
				"arm_left": {
					"rotation": [22.9371, 10.50182, "-40+math.sin(q.anim_time*90*1-90)*2"],
					"scale": [1, 0.7, 1]
				},
				"arm_left2": {
					"rotation": [0, 0, "37.5-math.sin(q.anim_time*90*1)*2"]
				},
				"arm_left3": {
					"rotation": [0, 0, "40-math.sin(q.anim_time*90*1+20)*3"]
				},
				"arm_left4": {
					"rotation": [0, 0, "17.5-math.sin(q.anim_time*90*1-80)*4"]
				},
				"arm_right": {
					"rotation": [22.9371, -10.50182, "40-math.sin(q.anim_time*90*1-90)*2"],
					"scale": [1, 0.7, 1]
				},
				"arm_right2": {
					"rotation": [0, 0, "-37.5+math.sin(q.anim_time*90*1)*2"]
				},
				"arm_right3": {
					"rotation": [0, 0, "-40+math.sin(q.anim_time*90*1+20)*3"]
				},
				"arm_right4": {
					"rotation": [0, 0, "-17.5+math.sin(q.anim_time*90*1-80)*4"]
				},
				"head_leaf": {
					"rotation": ["2.5+math.sin(q.anim_time*90*1-205)*1.5", 0, 0]
				},
				"head_leaf2": {
					"rotation": ["7.5+math.sin(q.anim_time*90*1-245)*1.5", 0, 0]
				},
				"head_leaf3": {
					"rotation": ["7.5+math.sin(q.anim_time*90*1-270)*1.5", 0, 0]
				},
				"head_leaf_pivot": {
					"rotation": [-12.5, 0, 0],
					"position": [0, 0, -1]
				},
				"head_stem": {
					"rotation": [7.5, "0-math.sin(q.anim_time*90*1-90)*0.5", 0],
					"scale": [1, "1-math.sin(q.anim_time*90*1+35)*0.02", 1]
				},
				"head_stem2": {
					"rotation": [-47.5, 0, 0]
				},
				"head_stem3": {
					"rotation": [-45, 0, 0]
				},
				"head_stem4": {
					"rotation": [-30, 0, 0]
				},
				"head_stem5": {
					"rotation": [-5, 0, 0]
				},
				"head_stem6": {
					"rotation": ["20-math.sin(q.anim_time*90*1-90)*0.5", 0, 0]
				},
				"head_stem7": {
					"rotation": ["37.2913-math.sin(q.anim_time*90*1-90)*1", -5.00792, -27.57496]
				},
				"head_stem8": {
					"rotation": [43.20495, -25.01686, -25.31665]
				},
				"head_stem9": {
					"rotation": ["14.6479-math.sin(q.anim_time*90*1-90)*1", "-34.3927+math.sin(q.anim_time*90*1-45)*0.7", -6.93255]
				},
				"head_stem_end": {
					"rotation": [0, -22.5, 0]
				},
				"head_stem10": {
					"rotation": [0, -47.5, 0]
				},
				"eyes": {
					"position": [0, -0.5, 0]
				},
				"head_leaf_left": {
					"rotation": [3.19182, -0.2092, "8.1474+math.sin(q.anim_time*90*1-230)*1.5"]
				},
				"head_leaf_right": {
					"rotation": [3.19182, 0.2092, "-8.1474-math.sin(q.anim_time*90*1-230)*1.5"]
				},
				"eyelid_left": {
					"position": [0, 0.9, -0.1]
				},
				"eyelid_right": {
					"position": [0, 0.9, -0.1]
				}
			}
		},
		"animation.victreebel.blink": {
			"animation_length": 0.1667,
			"bones": {
				"eyelid_left": {
					"position": {
						"0.0": [0, 0.9, -0.1],
						"0.125": [0, 1, -0.1],
						"0.1667": [0, 0, 0]
					}
				},
				"eyelid_right": {
					"position": {
						"0.0": [0, 0.9, -0.1],
						"0.125": [0, 1, -0.1],
						"0.1667": [0, 0, 0]
					}
				}
			}
		},
		"animation.victreebel.cry": {
			"animation_length": 1.5,
			"bones": {
				"body": {
					"rotation": {
						"0.0": [0, 0, 0],
						"0.0833": {
							"pre": [-2, 0, 0],
							"post": [-2, 0, 0],
							"lerp_mode": "catmullrom"
						},
						"0.1667": {
							"post": [3, 0, 0],
							"lerp_mode": "catmullrom"
						},
						"0.4167": {
							"post": [2, 0, 0],
							"lerp_mode": "catmullrom"
						},
						"0.5833": {
							"post": [0, 0, 0],
							"lerp_mode": "catmullrom"
						},
						"0.6667": {
							"post": [1, 0, 0],
							"lerp_mode": "catmullrom"
						},
						"0.75": {
							"post": [-2, 0, 0],
							"lerp_mode": "catmullrom"
						},
						"1.0": {
							"post": [0, 0, 0],
							"lerp_mode": "catmullrom"
						},
						"1.5": [0, 0, 0]
					},
					"scale": {
						"0.0": [1, 1, 1],
						"0.0833": {
							"pre": [1, 1.02, 1],
							"post": [1, 1.02, 1],
							"lerp_mode": "catmullrom"
						},
						"0.1667": {
							"post": [1.05, 0.97, 1.05],
							"lerp_mode": "catmullrom"
						},
						"0.4167": {
							"post": [1, 1, 1],
							"lerp_mode": "catmullrom"
						},
						"0.5833": {
							"post": [1, 1.06, 1],
							"lerp_mode": "catmullrom"
						},
						"0.6667": {
							"post": [1.05, 0.97, 1.05],
							"lerp_mode": "catmullrom"
						},
						"0.75": {
							"post": [1, 1.06, 1],
							"lerp_mode": "catmullrom"
						},
						"1.0": {
							"post": [1, 1, 1],
							"lerp_mode": "catmullrom"
						},
						"1.5": [1, 1, 1]
					}
				},
				"arm_left": {
					"rotation": {
						"0.0": [0, 0, 0],
						"0.25": {
							"pre": [0, 0, -6],
							"post": [0, 0, -6],
							"lerp_mode": "catmullrom"
						},
						"0.4583": {
							"post": [0, 0, -4],
							"lerp_mode": "catmullrom"
						},
						"0.6667": {
							"post": [0, 0, "math.sin(q.anim_time*90*24)*6"],
							"lerp_mode": "catmullrom"
						},
						"1.0833": [0, 0, 0],
						"1.5": [0, 0, 0]
					}
				},
				"arm_left2": {
					"rotation": {
						"0.0833": [0, 0, 0],
						"0.3333": {
							"pre": [0, 0, -6],
							"post": [0, 0, -6],
							"lerp_mode": "catmullrom"
						},
						"0.5417": {
							"post": [0, 0, -4],
							"lerp_mode": "catmullrom"
						},
						"0.75": {
							"post": [0, 0, "math.sin(q.anim_time*90*24+10)*6"],
							"lerp_mode": "catmullrom"
						},
						"0.9583": {
							"post": [0, 0, 0],
							"lerp_mode": "catmullrom"
						},
						"1.5": [0, 0, 0]
					}
				},
				"arm_left3": {
					"rotation": {
						"0.1667": [0, 0, 0],
						"0.4167": {
							"pre": [0, 0, -6],
							"post": [0, 0, -6],
							"lerp_mode": "catmullrom"
						},
						"0.625": {
							"post": [0, 0, -4],
							"lerp_mode": "catmullrom"
						},
						"0.8333": {
							"post": [0, 0, "math.sin(q.anim_time*90*24+20)*6"],
							"lerp_mode": "catmullrom"
						},
						"1.0417": {
							"post": [0, 0, 0],
							"lerp_mode": "catmullrom"
						},
						"1.5": [0, 0, 0]
					}
				},
				"arm_left4": {
					"rotation": {
						"0.25": [0, 0, 0],
						"0.5": {
							"pre": [0, 0, -6],
							"post": [0, 0, -6],
							"lerp_mode": "catmullrom"
						},
						"0.7083": {
							"post": [0, 0, -4],
							"lerp_mode": "catmullrom"
						},
						"0.9167": {
							"post": [0, 0, "math.sin(q.anim_time*90*24+30)*6"],
							"lerp_mode": "catmullrom"
						},
						"1.125": {
							"post": [0, 0, 0],
							"lerp_mode": "catmullrom"
						},
						"1.5": [0, 0, 0]
					}
				},
				"arm_right": {
					"rotation": {
						"0.0": [0, 0, 0],
						"0.25": {
							"pre": [0, 0, 6],
							"post": [0, 0, 6],
							"lerp_mode": "catmullrom"
						},
						"0.4583": {
							"post": [0, 0, 4],
							"lerp_mode": "catmullrom"
						},
						"0.6667": {
							"post": [0, 0, "-math.sin(q.anim_time*90*24)*6"],
							"lerp_mode": "catmullrom"
						},
						"1.0833": [0, 0, 0],
						"1.5": [0, 0, 0]
					}
				},
				"arm_right2": {
					"rotation": {
						"0.0833": [0, 0, 0],
						"0.3333": {
							"pre": [0, 0, 6],
							"post": [0, 0, 6],
							"lerp_mode": "catmullrom"
						},
						"0.5417": {
							"post": [0, 0, 4],
							"lerp_mode": "catmullrom"
						},
						"0.75": {
							"post": [0, 0, "-(math.sin(q.anim_time*90*24+10)*6)"],
							"lerp_mode": "catmullrom"
						},
						"0.9583": {
							"post": [0, 0, 0],
							"lerp_mode": "catmullrom"
						},
						"1.5": [0, 0, 0]
					}
				},
				"arm_right3": {
					"rotation": {
						"0.1667": [0, 0, 0],
						"0.4167": {
							"pre": [0, 0, 6],
							"post": [0, 0, 6],
							"lerp_mode": "catmullrom"
						},
						"0.625": {
							"post": [0, 0, 4],
							"lerp_mode": "catmullrom"
						},
						"0.8333": {
							"post": [0, 0, "-(math.sin(q.anim_time*90*24+20)*6)"],
							"lerp_mode": "catmullrom"
						},
						"1.0417": {
							"post": [0, 0, 0],
							"lerp_mode": "catmullrom"
						},
						"1.5": [0, 0, 0]
					}
				},
				"arm_right4": {
					"rotation": {
						"0.25": [0, 0, 0],
						"0.5": {
							"pre": [0, 0, 6],
							"post": [0, 0, 6],
							"lerp_mode": "catmullrom"
						},
						"0.7083": {
							"post": [0, 0, 4],
							"lerp_mode": "catmullrom"
						},
						"0.9167": {
							"post": [0, 0, "-(math.sin(q.anim_time*90*24+30)*6)"],
							"lerp_mode": "catmullrom"
						},
						"1.125": {
							"post": [0, 0, 0],
							"lerp_mode": "catmullrom"
						},
						"1.5": [0, 0, 0]
					}
				},
				"body2": {
					"rotation": {
						"0.0417": [0, 0, 0],
						"0.125": {
							"pre": [-2, 0, 0],
							"post": [-2, 0, 0],
							"lerp_mode": "catmullrom"
						},
						"0.2083": {
							"post": [3, 0, 0],
							"lerp_mode": "catmullrom"
						},
						"0.4583": {
							"post": [3, 0, 0],
							"lerp_mode": "catmullrom"
						},
						"0.625": {
							"post": [0, 0, 0],
							"lerp_mode": "catmullrom"
						},
						"0.7083": {
							"post": [1, 0, 0],
							"lerp_mode": "catmullrom"
						},
						"0.7917": {
							"post": [-2, 0, 0],
							"lerp_mode": "catmullrom"
						},
						"1.0417": {
							"post": [0, 0, 0],
							"lerp_mode": "catmullrom"
						},
						"1.5": [0, 0, 0]
					},
					"scale": {
						"0.0417": [1, 1, 1],
						"0.125": {
							"pre": [1, 1.01, 1],
							"post": [1, 1.01, 1],
							"lerp_mode": "catmullrom"
						},
						"0.2083": {
							"post": [1, 0.98, 1],
							"lerp_mode": "catmullrom"
						},
						"0.4583": {
							"post": [1, 1, 1],
							"lerp_mode": "catmullrom"
						},
						"0.625": {
							"post": [1, 1.01, 1],
							"lerp_mode": "catmullrom"
						},
						"0.7083": {
							"post": [1, 0.98, 1],
							"lerp_mode": "catmullrom"
						},
						"0.7917": {
							"post": [1, 1.06, 1],
							"lerp_mode": "catmullrom"
						},
						"1.0417": {
							"post": [1, 1, 1],
							"lerp_mode": "catmullrom"
						},
						"1.5": [1, 1, 1]
					}
				},
				"body3": {
					"rotation": {
						"0.0833": [0, 0, 0],
						"0.1667": {
							"pre": [-2, 0, 0],
							"post": [-2, 0, 0],
							"lerp_mode": "catmullrom"
						},
						"0.25": {
							"post": [3, 0, 0],
							"lerp_mode": "catmullrom"
						},
						"0.5": {
							"post": [3, 0, 0],
							"lerp_mode": "catmullrom"
						},
						"0.6667": {
							"post": [0, 0, 0],
							"lerp_mode": "catmullrom"
						},
						"0.75": {
							"post": [1, 0, 0],
							"lerp_mode": "catmullrom"
						},
						"0.8333": {
							"post": [-2, 0, 0],
							"lerp_mode": "catmullrom"
						},
						"1.0833": {
							"post": [0, 0, 0],
							"lerp_mode": "catmullrom"
						},
						"1.5": [0, 0, 0]
					},
					"scale": {
						"0.0833": [1, 1, 1],
						"0.1667": {
							"pre": [1, 1.01, 1],
							"post": [1, 1.01, 1],
							"lerp_mode": "catmullrom"
						},
						"0.25": {
							"post": [1, 0.98, 1],
							"lerp_mode": "catmullrom"
						},
						"0.5": {
							"post": [1, 1, 1],
							"lerp_mode": "catmullrom"
						},
						"0.6667": {
							"post": [1, 1.01, 1],
							"lerp_mode": "catmullrom"
						},
						"0.75": {
							"post": [1, 0.98, 1],
							"lerp_mode": "catmullrom"
						},
						"0.8333": {
							"post": [1, 1.06, 1],
							"lerp_mode": "catmullrom"
						},
						"1.0833": {
							"post": [1, 1, 1],
							"lerp_mode": "catmullrom"
						},
						"1.5": [1, 1, 1]
					}
				},
				"pupil_left": {
					"scale": {
						"0.0": [1, 1, 1],
						"0.1667": {
							"pre": [0.7, 1, 1],
							"post": [0.7, 1, 1],
							"lerp_mode": "catmullrom"
						},
						"0.9167": {
							"post": [0.7, 1, 1],
							"lerp_mode": "catmullrom"
						},
						"1.0833": {
							"post": [1, 1, 1],
							"lerp_mode": "catmullrom"
						},
						"1.5": [1, 1, 1]
					}
				},
				"pupil_right": {
					"scale": {
						"0.0": [1, 1, 1],
						"0.1667": {
							"pre": [0.7, 1, 1],
							"post": [0.7, 1, 1],
							"lerp_mode": "catmullrom"
						},
						"0.9167": {
							"post": [0.7, 1, 1],
							"lerp_mode": "catmullrom"
						},
						"1.0833": {
							"post": [1, 1, 1],
							"lerp_mode": "catmullrom"
						},
						"1.5": [1, 1, 1]
					}
				},
				"mouth": {
					"position": {
						"0.0": [0, 0, 0],
						"0.0833": {
							"pre": [0, 0, 0.5],
							"post": [0, 0, 0.5],
							"lerp_mode": "catmullrom"
						},
						"0.1667": {
							"post": [0, 0, -0.2],
							"lerp_mode": "catmullrom"
						},
						"0.5": {
							"post": [0, 0, 0],
							"lerp_mode": "catmullrom"
						},
						"0.5833": {
							"post": [0, 0, 0.5],
							"lerp_mode": "catmullrom"
						},
						"0.6667": {
							"post": [0, 0, -0.2],
							"lerp_mode": "catmullrom"
						},
						"0.75": {
							"post": [0, 0, 0.5],
							"lerp_mode": "catmullrom"
						},
						"0.9167": {
							"post": [0, 0, 0],
							"lerp_mode": "catmullrom"
						},
						"1.5": [0, 0, 0]
					},
					"scale": {
						"0.0": [1, 1, 1],
						"0.0833": {
							"pre": [1, 1, 1.06],
							"post": [1, 1, 1.06],
							"lerp_mode": "catmullrom"
						},
						"0.1667": {
							"post": [1.09, 1, 0.95],
							"lerp_mode": "catmullrom"
						},
						"0.5": {
							"post": [1, 1, 1],
							"lerp_mode": "catmullrom"
						},
						"0.5833": {
							"post": [1, 1, 1.06],
							"lerp_mode": "catmullrom"
						},
						"0.6667": {
							"post": [1.09, 1, 0.95],
							"lerp_mode": "catmullrom"
						},
						"0.75": {
							"post": [1, 1, 1.06],
							"lerp_mode": "catmullrom"
						},
						"0.9167": {
							"post": [1, 1, 1],
							"lerp_mode": "catmullrom"
						},
						"1.5": [1, 1, 1]
					}
				},
				"head_leaf": {
					"rotation": {
						"0.0": [0, 0, 0],
						"0.0833": {
							"pre": [-4, 0, 0],
							"post": [-4, 0, 0],
							"lerp_mode": "catmullrom"
						},
						"0.1667": {
							"post": [-6, 0, 0],
							"lerp_mode": "catmullrom"
						},
						"0.4167": {
							"post": [-6, 0, 0],
							"lerp_mode": "catmullrom"
						},
						"0.5833": {
							"post": [0, 0, 0],
							"lerp_mode": "catmullrom"
						},
						"0.6667": {
							"post": [-2, 0, 0],
							"lerp_mode": "catmullrom"
						},
						"0.75": {
							"post": [-6, 0, 0],
							"lerp_mode": "catmullrom"
						},
						"1.0": {
							"post": [0, 0, 0],
							"lerp_mode": "catmullrom"
						},
						"1.5": [0, 0, 0]
					}
				},
				"head_stem": {
					"rotation": {
						"0.0": [0, 0, 0],
						"0.0833": {
							"pre": [4, 0, 0],
							"post": [4, 0, 0],
							"lerp_mode": "catmullrom"
						},
						"0.1667": {
							"post": [-6, 0, 0],
							"lerp_mode": "catmullrom"
						},
						"0.4167": {
							"post": [-6, 0, 0],
							"lerp_mode": "catmullrom"
						},
						"0.5833": {
							"post": [0, 0, 0],
							"lerp_mode": "catmullrom"
						},
						"0.6667": {
							"post": [-2, 0, 0],
							"lerp_mode": "catmullrom"
						},
						"0.75": {
							"post": [4, 0, 0],
							"lerp_mode": "catmullrom"
						},
						"1.0": {
							"post": [0, 0, 0],
							"lerp_mode": "catmullrom"
						},
						"1.5": [0, 0, 0]
					}
				}
			},
			"sound_effects": {
				"0.0": {
					"effect": "pokemon.victreebel.cry"
				}
			}
		}
	}
}