{
	"format_version": "1.8.0",
	"animations": {
		"animation.mudkip.ground_idle": {
			"loop": true,
			"bones": {
				"fin2": {
					"rotation": [-2.5, 0, 0]
				},
				"leg_front_left": {
					"rotation": [7.60455, 8.0755, 1.11739],
					"position": [0, -0.5, 0]
				},
				"leg_front_left2": {
					"rotation": [-12.5, 0, 0]
				},
				"leg_front_right": {
					"rotation": [7.60455, -8.0755, -1.11739],
					"position": [0, -0.5, 0]
				},
				"leg_front_right2": {
					"rotation": [-12.5, 0, 0]
				},
				"leg_back_left": {
					"rotation": [-9.41212, -17.88645, -1.67647],
					"position": [0, -0.25, 0]
				},
				"leg_back_left2": {
					"rotation": [10, 0, 0]
				},
				"leg_back_right": {
					"rotation": [-9.41212, 17.88645, 1.67647],
					"position": [0, -0.25, 0]
				},
				"leg_back_right2": {
					"rotation": [10, 0, 0]
				},
				"body": {
					"position": [0, -0.1, 0]
				},
				"tail": {
					"rotation": [5, 0, 0]
				},
				"torso": {
					"rotation": [-5, 0, 0]
				},
				"head": {
					"rotation": [7.5, 0, 0]
				}
			}
		},
		"animation.mudkip.pose": {
			"loop": true,
			"bones": {
				"atenna_right": {
					"rotation": [0, 0, -7.5]
				},
				"body": {
					"rotation": [-42.5, 0, 0]
				},
				"torso": {
					"rotation": [5, 0, 0]
				},
				"head": {
					"rotation": [36.59922, -16.06248, -2.04046]
				},
				"fin": {
					"rotation": [0, 0, 5]
				},
				"fin2": {
					"rotation": [0, 0, 5]
				},
				"tail": {
					"rotation": [58.69575, 31.16686, 30.49835]
				},
				"tail2": {
					"rotation": [2.5, 0, 0]
				},
				"leg_front_left": {
					"rotation": [48.93694, 12.62449, 12.16507],
					"position": [0, -1.98125, 0.79822]
				},
				"leg_front_left2": {
					"rotation": [-5, 0, 0]
				},
				"leg_back_left": {
					"rotation": [-59.94697, -29.38804, -11.62273],
					"position": [0, -0.76812, 1.38202]
				},
				"leg_back_left2": {
					"rotation": [17.5, 0, 0]
				},
				"leg_back_right": {
					"rotation": [-59.94697, 29.38804, 11.62273],
					"position": [0, -0.76812, 1.38202]
				},
				"leg_back_right2": {
					"rotation": [17.5, 0, 0]
				},
				"leg_front_right": {
					"rotation": [48.93694, -12.62449, -12.16507],
					"position": [0, -1.98125, 0.79822]
				},
				"leg_front_right2": {
					"rotation": [-5, 0, 0]
				},
				"jaw": {
					"rotation": [-5, 0, 0]
				}
			}
		},
		"animation.mudkip.cry": {
			"animation_length": 1.2,
			"sound_effects": {
				"0.04": {
					"effect": "pokemon.mudkip.cry"
				}
			}
		},
		"animation.mudkip.blink": {
			"animation_length": 0.1667,
			"bones": {
				"eyelid_left": {
					"position": {
						"0.0": [0, 0, -0.1],
						"0.125": {"pre": [0, 0, -0.1], "post": [0, 0, -0.1]},
						"0.1667": {"pre": [0, 0, -0.1], "post": [0, 0, -0.1]}
					}
				},
				"eyelid_right": {
					"position": {
						"0.0": [0, 0, -0.1],
						"0.125": {"pre": [0, 0, -0.1], "post": [0, 0, -0.1]},
						"0.1667": {"pre": [0, 0, -0.1], "post": [0, 0, -0.1]}
					}
				}
			}
		},
		"animation.mudkip.shock": {
			"loop": true,
			"bones": {
				"jaw": {
					"rotation": [32.5, 0, 0]
				},
				"eye_left": {
					"scale": 0.9
				},
				"eye_right": {
					"scale": 0.9
				}
			}
		},
		"animation.mudkip.angry": {
			"loop": true,
			"bones": {
				"eye_angry_left": {
					"position": [0, 0, -0.1]
				},
				"eye_angry_right": {
					"position": [0, 0, -0.1]
				}
			}
		},
		"animation.mudkip.sad": {
			"loop": true,
			"bones": {
				"eye_sad_left": {
					"position": [0, 0, -0.1]
				},
				"eye_sad_right": {
					"position": [0, 0, -0.1]
				}
			}
		},
		"animation.mudkip.happy": {
			"loop": true,
			"bones": {
				"jaw": {
					"rotation": [32.5, 0, 0]
				},
				"eyelid_happy_left": {
					"position": [0, 0, -0.1]
				},
				"eyelid_happy_right": {
					"position": [0, 0, -0.1]
				}
			}
		},
		"animation.mudkip.hurt": {
			"loop": true,
			"bones": {
				"eyelid_recoil_left": {
					"position": [0, 0, -0.1]
				},
				"eyelid_recoil_right": {
					"position": [0, 0, -0.1]
				}
			}
		}
	}
}