{
  "portraitScale": 1.6,
  "portraitTranslation": [-0.2, 0.19, 0],
  "profileScale": 0.8,
  "profileTranslation": [0, 0.74, 0],
  "rootBone": "solrock",
  "animations": {
    "cry": "q.bedrock_stateful('solrock', 'cry')",
    "recoil": "q.bedrock_stateful('solrock', 'recoil')",
    "physical": "q.bedrock_primary('solrock', 'physical', q.curve('symmetrical_wide'))",
    "special": "q.bedrock_primary('solrock', 'special', q.curve('symmetrical_wide'))",
    "status": "q.bedrock_primary('solrock', 'status', q.curve('symmetrical_wide'))"
  },
  "poses": {
    "portrait": {
      "poseTypes": ["PORTRAIT", "PROFILE"],
      "animations": ["q.bedrock('solrock', 'ground_idle')"],
      "quirks": ["q.bedrock_quirk('solrock', 'blink')"]
    },
    "battle-standing": {
      "poseTypes": ["STAND", "HOVER", "FLY"],
      "isBattle": true,
      "namedAnimations": {
        "cry": "q.bedrock_primary('solrock', 'battle_cry', q.curve('symmetrical_wide'))"
      },
      "animations": [
        "q.bedrock('solrock', 'battle_idle', q.curve('symmetrical_wide'))"
      ],
      "quirks": [
        "q.bedrock_quirk('solrock', 'blink')",
        "q.bedrock_quirk('solrock', 'quirk')"
      ]
    },
    "standing": {
      "poseTypes": ["STAND", "FLOAT", "HOVER", "NONE", "PORTRAIT", "PROFILE"],
      "isBattle": false,
      "animations": ["q.bedrock('solrock', 'ground_idle')"],
      "quirks": [
        "q.bedrock_quirk('solrock', 'blink')",
        "q.bedrock_quirk('solrock', 'quirk')"
      ]
    },
    "walking": {
      "poseTypes": ["WALK", "FLY", "SWIM"],
      "isBattle": false,
      "animations": ["q.bedrock('solrock', 'ground_walk')"],
      "quirks": ["q.bedrock_quirk('solrock', 'blink')"]
    },
    "battle-sleep": {
      "poseTypes": ["SLEEP"],
      "condition": "q.is_standing_on_blocks(2, 'minecraft:sand', 'minecraft:red_sand')",
      "namedAnimations": {
        "cry": "q.bedrock_stateful('dummy', 'cry')"
      },
      "animations": ["q.bedrock('solrock', 'sleep')"]
    },
    "sleep": {
      "poseTypes": ["SLEEP"],
      "condition": "!q.is_standing_on_blocks(2, 'minecraft:sand', 'minecraft:red_sand')",
      "namedAnimations": {
        "cry": "q.bedrock_stateful('dummy', 'cry')"
      },
      "animations": ["q.bedrock('solrock', 'sleep_alt')"]
    }
  }
}
