{
	"format_version": "1.8.0",
	"animations": {
		"animation.charmander.ground_idle": {
			"loop": true,
			"animation_length": 4,
			"bones": {
				"torso": {
					"rotation": ["7.5+math.sin(q.anim_time*90*2)*2", "math.sin(q.anim_time*90*1)*3", 0],
					"position": [0, "math.cos(q.anim_time*90*2)*-0.3", 0]
				},
				"neck": {
					"rotation": ["-2.5+math.sin(q.anim_time*90*2-60)*2", "math.sin(q.anim_time*90*1-90)*-2", 0]
				},
				"arm_right": {
					"rotation": [0, "-2.5+math.sin(q.anim_time*90*1-90)*8", -37.5]
				},
				"elbow_right": {
					"rotation": [0, "-12.5+math.sin(q.anim_time*90*1-130)*4", 0]
				},
				"arm_left": {
					"rotation": [0, "2.5+math.sin(q.anim_time*90*1-90)*8", 37.5]
				},
				"elbow_left": {
					"rotation": [0, "12.5+math.sin(q.anim_time*90*1-130)*4", 0]
				},
				"leg_right": {
					"rotation": ["12.5+math.cos(q.anim_time*90*2+30)*-5", 25, 0],
					"position": ["-(math.cos(q.anim_time*90*2+30)*-0.09)", "math.cos(q.anim_time*90*2+30)*-0.264", "math.cos(q.anim_time*90*2+30)*0.215"]
				},
				"knee_right": {
					"rotation": ["5+math.cos(q.anim_time*90*2+30)*7", 0, 0]
				},
				"foot_right": {
					"rotation": ["-17.5+math.cos(q.anim_time*90*2+30)*-2", 0, 0]
				},
				"leg_left": {
					"rotation": ["12.5+math.cos(q.anim_time*90*2+30)*-5", -25, 0],
					"position": ["math.cos(q.anim_time*90*2+30)*-0.09", "math.cos(q.anim_time*90*2+30)*-0.264", "math.cos(q.anim_time*90*2+30)*0.215"]
				},
				"knee_left": {
					"rotation": ["5+math.cos(q.anim_time*90*2+30)*7", 0, 0]
				},
				"foot_left": {
					"rotation": ["-17.5+math.cos(q.anim_time*90*2+30)*-2", 0, 0]
				},
				"tail": {
					"rotation": ["-10+math.sin(q.anim_time*90*2+60)*-4", "math.sin(q.anim_time*90*1)*10", 0],
					"position": [0, -0.75, 0]
				},
				"tail2": {
					"rotation": ["17.5+math.sin(q.anim_time*90*2-30)*-5", "math.sin(q.anim_time*90*1-60)*15", 0]
				},
				"tail3": {
					"rotation": ["15+math.sin(q.anim_time*90*2-60)*-9", "math.sin(q.anim_time*90*1-90)*18", 0]
				},
				"fire": {
					"rotation": ["-32.5+math.sin(q.anim_time*90*2)*7", 0, 0]
				},
				"torso2": {
					"rotation": ["-5+math.sin(q.anim_time*90*2-45)*1", "math.sin(q.anim_time*90*1-60)*2", 0]
				},
				"head_correction": {
					"rotation": [2.5, 0, 0]
				},
				"head": {
					"rotation": ["math.sin(q.anim_time*90*2)*-4", "math.sin(q.anim_time*90*1-120)*2", 0]
				},
				"fire2": {
					"rotation": ["math.sin(q.anim_time*90*16)*-0.4", 0, "math.sin(q.anim_time*90*14)*-0.7"]
				}
			}
		},
		"animation.charmander.ground_walk": {
			"loop": true,
			"animation_length": 1,
			"bones": {
				"torso": {
					"rotation": ["7.5+math.cos(q.anim_time*90*8)*2", "math.cos(q.anim_time*90*4)*7", "math.cos(q.anim_time*90*4-30)*5"],
					"position": [0, "math.cos(q.anim_time*90*8)*0.2", 0]
				},
				"neck": {
					"rotation": [0, "math.cos(q.anim_time*90*4)*-4", 0]
				},
				"arm_right": {
					"rotation": [0, "math.cos(q.anim_time*90*4+20)*-20", -35]
				},
				"elbow_right": {
					"rotation": [0, "-12.5+math.cos(q.anim_time*90*4-40)*-10", 0]
				},
				"arm_left": {
					"rotation": [0, "math.cos(q.anim_time*90*4+20)*-20", 35]
				},
				"elbow_left": {
					"rotation": [0, "12.5+math.cos(q.anim_time*90*4-40)*-10", 0]
				},
				"leg_right": {
					"rotation": {
						"0.0": [53.77, 5.84, 11.56],
						"0.0833": {
							"pre": [59.09445, 14.40428, 10.4154],
							"post": [59.09445, 14.40428, 10.4154],
							"lerp_mode": "catmullrom"
						},
						"0.25": {
							"post": [10, 40, 0],
							"lerp_mode": "catmullrom"
						},
						"0.5": [12.5, 25, 0],
						"0.75": [33.89301, 20.26699, 6.7273],
						"0.9583": [47.51591, 5.16385, 11.04612],
						"1.0": [53.77, 5.84, 11.56]
					},
					"position": {
						"0.0": [-0.74, 0.68, 0.91],
						"0.3333": {
							"pre": [0, 1.5, -1],
							"post": [0, 1.5, -1],
							"lerp_mode": "catmullrom"
						},
						"0.5": [0, 0, -2],
						"0.75": [-0.4, 0.54, -0.25],
						"0.9583": [-0.775, 0.6, 1],
						"1.0": [-0.74, 0.68, 0.91]
					}
				},
				"knee_right": {
					"rotation": {
						"0.0": [-8.58, -7.47, -0.66],
						"0.0833": {
							"pre": [-0.82, -7.47, -0.66],
							"post": [-0.82, -7.47, -0.66],
							"lerp_mode": "catmullrom"
						},
						"0.5": [5.04292, -7.4713, -0.6574],
						"0.9583": [-9.95708, -7.4713, -0.6574],
						"1.0": [-8.58, -7.47, -0.66]
					},
					"position": {
						"0.0": [0, 0.48, -0.24],
						"0.0833": {
							"pre": [0, 0.28, -0.14],
							"post": [0, 0.28, -0.14],
							"lerp_mode": "catmullrom"
						},
						"0.5": [0, 0, 0],
						"0.9583": [0, 0.5, -0.25],
						"1.0": [0, 0.48, -0.24]
					}
				},
				"foot_right": {
					"rotation": {
						"0.0": [-0.57, -5.81, 5.26],
						"0.125": {
							"pre": [-6.01716, -0.79489, 9.65199],
							"post": [-6.01716, -0.79489, 9.65199],
							"lerp_mode": "catmullrom"
						},
						"0.25": {
							"post": [9.52844, 2.56607, 5.21214],
							"lerp_mode": "catmullrom"
						},
						"0.375": {
							"post": [-14.57097, 4.64355, 0.023],
							"lerp_mode": "catmullrom"
						},
						"0.5": [-17.5, 0, 0],
						"0.9583": [-0.24824, -6.41923, 3.68077],
						"1.0": [-0.57, -5.81, 5.26]
					}
				},
				"leg_left": {
					"rotation": {
						"0.0": [12.5, -25, 0],
						"0.25": [33.89301, -20.26699, -6.7273],
						"0.4583": [47.51591, -5.16385, -11.04612],
						"0.5833": {
							"pre": [59.09445, -14.40428, -10.4154],
							"post": [59.09445, -14.40428, -10.4154],
							"lerp_mode": "catmullrom"
						},
						"0.75": {
							"post": [10, -40, 0],
							"lerp_mode": "catmullrom"
						},
						"1.0": {
							"post": [12.5, -25, 0],
							"lerp_mode": "catmullrom"
						}
					},
					"position": {
						"0.0": [0, 0, -2],
						"0.25": [0.4, 0.54, -0.25],
						"0.4583": [0.775, 0.6, 1],
						"0.8333": {
							"pre": [0, 1.5, -1],
							"post": [0, 1.5, -1],
							"lerp_mode": "catmullrom"
						},
						"1.0": {
							"post": [0, 0, -2],
							"lerp_mode": "catmullrom"
						}
					}
				},
				"knee_left": {
					"rotation": {
						"0.0": [5.04292, 7.4713, 0.6574],
						"0.4583": [-8.41372, 1.66214, 11.73975],
						"0.5833": {
							"pre": [-0.82, 7.47, 0.66],
							"post": [-0.82, 7.47, 0.66],
							"lerp_mode": "catmullrom"
						},
						"1.0": {
							"post": [5.04292, 7.4713, 0.6574],
							"lerp_mode": "catmullrom"
						}
					},
					"position": {
						"0.0": [0, 0, 0],
						"0.4583": [0, 0.5, -0.25],
						"0.5833": {
							"pre": [0, 0.28, -0.14],
							"post": [0, 0.28, -0.14],
							"lerp_mode": "catmullrom"
						},
						"1.0": {
							"post": [0, 0, 0],
							"lerp_mode": "catmullrom"
						}
					}
				},
				"foot_left": {
					"rotation": {
						"0.0": [-17.5, 0, 0],
						"0.4583": [-0.24824, 6.41923, -3.68077],
						"0.625": {
							"pre": [-6.01716, 0.79489, -9.65199],
							"post": [-6.01716, 0.79489, -9.65199],
							"lerp_mode": "catmullrom"
						},
						"0.75": {
							"post": [9.52844, -2.56607, -5.21214],
							"lerp_mode": "catmullrom"
						},
						"0.875": {
							"post": [-14.57097, -4.64355, -0.023],
							"lerp_mode": "catmullrom"
						},
						"1.0": {
							"post": [-17.5, 0, 0],
							"lerp_mode": "catmullrom"
						}
					}
				},
				"tail": {
					"rotation": ["-10+math.sin(q.anim_time*90*8+60)*-4", "math.sin(q.anim_time*90*4)*16", 0],
					"position": ["math.sin(q.anim_time*90*4)*0.5", -0.75, 0]
				},
				"tail2": {
					"rotation": ["17.5+math.sin(q.anim_time*90*8-30)*-5", "math.sin(q.anim_time*90*4-60)*17", 0]
				},
				"tail3": {
					"rotation": ["15+math.sin(q.anim_time*90*8-60)*-9", "math.sin(q.anim_time*90*4-90)*18", 0]
				},
				"fire": {
					"rotation": ["-32.5+math.sin(q.anim_time*90*8)*10", "math.sin(q.anim_time*90*4-60)*18", 0]
				},
				"torso2": {
					"rotation": ["-5+math.cos(q.anim_time*90*8-40)*1", "math.cos(q.anim_time*90*4-30)*-3", 0]
				},
				"head": {
					"rotation": ["0+math.cos(q.anim_time*90*8-40)*-3", "math.cos(q.anim_time*90*4+60)*-2", "math.cos(q.anim_time*90*4)*-1"]
				},
				"fire2": {
					"rotation": ["math.sin(q.anim_time*90*16)*-0.4", 0, "math.sin(q.anim_time*90*14)*-0.7"]
				},
				"foot_left2": {
					"rotation": {
						"0.0": [0, 0, 0],
						"0.4583": [-35, 0, 0],
						"0.7917": {
							"pre": [0, 0, 0],
							"post": [0, 0, 0],
							"lerp_mode": "catmullrom"
						},
						"1.0": {
							"post": [0, 0, 0],
							"lerp_mode": "catmullrom"
						}
					}
				},
				"foot_right2": {
					"rotation": {
						"0.0": [-33.74, 0, 0],
						"0.2917": {
							"pre": [0, 0, 0],
							"post": [0, 0, 0],
							"lerp_mode": "catmullrom"
						},
						"0.5": [0, 0, 0],
						"0.9583": [-35, 0, 0],
						"1.0": [-33.74, 0, 0]
					}
				}
			}
		},
		"animation.charmander.sleep": {
			"loop": true,
			"bones": {
				"body": {
					"rotation": [82.50948, 59.90568, -4.32055],
					"position": [0, -5.25, 0]
				},
				"torso": {
					"rotation": ["-2.5+math.sin(q.anim_time*90*1)*1", 0, 0],
					"position": [0, -1, 0]
				},
				"torso2": {
					"rotation": ["-5+math.sin(q.anim_time*90*1-90)*1", 0, 0]
				},
				"neck": {
					"rotation": [-20, 0, 0]
				},
				"head": {
					"rotation": ["-27+math.sin(q.anim_time*90*1-150)*2", 0, 9],
					"position": [0.25, 0, 0]
				},
				"eyelid_right": {
					"position": [-0.1, 0, -0.1]
				},
				"arm_right": {
					"rotation": [-16, "-27+math.sin(q.anim_time*90*1-210)*-3", 95],
					"position": [2.25, 0, -1.75]
				},
				"elbow_right": {
					"rotation": [0, 0, 45]
				},
				"arm_left": {
					"rotation": [-32, "44+math.sin(q.anim_time*90*1-210)*3", -76],
					"position": [-1.75, 0, -1]
				},
				"elbow_left": {
					"rotation": [0, 0, -45]
				},
				"tail": {
					"rotation": ["-110.125+math.sin(q.anim_time*90*1-60)*3", -3.73722, -2.61318],
					"position": [-0.0336, -0.53986, -1.30727]
				},
				"tail2": {
					"rotation": ["-0.5+math.sin(q.anim_time*90*1-150)*4", 48, 8]
				},
				"tail3": {
					"rotation": ["15+math.sin(q.anim_time*90*1-210)*4", 32, 26]
				},
				"fire": {
					"rotation": ["2.5+math.sin(q.anim_time*90*1+90)*2", 0, 7],
					"position": [0, 0, 0.25]
				},
				"fire2": {
					"rotation": ["math.sin(q.anim_time*90*16)*-0.4", 0, "math.sin(q.anim_time*90*14)*-0.7"]
				},
				"leg_right": {
					"rotation": [-105, 4, -23],
					"position": [-0.25, 0, -1]
				},
				"knee_right": {
					"rotation": [15, 0, 0]
				},
				"leg_left": {
					"rotation": ["-95+math.sin(q.anim_time*90*1)*1", 0, 37.5],
					"position": [0, 0, -2.5]
				},
				"knee_left": {
					"rotation": ["-62.5+math.sin(q.anim_time*90*1)*-2", 0, 0],
					"position": [0, 2.75, -0.5]
				},
				"foot_left": {
					"rotation": ["12.5+math.sin(q.anim_time*90*1-45)*2", 0, 0],
					"position": [0, -0.25, -0.5]
				},
				"foot_left2": {
					"rotation": [7.5, 0, 0],
					"position": [0, 0, 0.125]
				},
				"eyelid_left": {
					"position": [0.1, 0, -0.1]
				}
			}
		},
		"animation.charmander.battle_idle": {
			"loop": true,
			"animation_length": 2,
			"bones": {
				"torso": {
					"rotation": ["13+math.sin(q.anim_time*90*4-90)*5", "math.sin(q.anim_time*90*2-90)*10", "math.cos(q.anim_time*90*2)*9+math.cos(q.anim_time*90*6)/6*-5"],
					"position": [0, -0.3, 0]
				},
				"torso2": {
					"rotation": [
						"-5.5+math.sin(q.anim_time*90*4-120)*1",
						"math.sin(q.anim_time*90*2-90)*-4",
						"math.cos(q.anim_time*90*2+30)*-5+math.cos(q.anim_time*90*6+90)/6*3"
					]
				},
				"neck": {
					"rotation": ["-4+math.sin(q.anim_time*90*4-140)*1", "math.sin(q.anim_time*90*2-90)*1", "math.cos(q.anim_time*90*2+30)*-3"]
				},
				"head": {
					"rotation": [
						"-9+math.sin(q.anim_time*90*4-60)*-5",
						"math.cos(q.anim_time*90*2-30)*5+math.cos(q.anim_time*90*6-90)/6*-2",
						"math.cos(q.anim_time*90*2-60)*-5"
					]
				},
				"head_correction": {
					"rotation": [2.5, 0, 0]
				},
				"jaw": {
					"rotation": ["18+math.cos(q.anim_time*90*4+90)*4", 0, 0]
				},
				"arm_right": {
					"rotation": ["math.sin(q.anim_time*90*2-120)*-8", "math.sin(q.anim_time*90*2-150)*-20", "-20+math.sin(q.anim_time*90*2-150)*15"]
				},
				"elbow_right": {
					"rotation": [0, "-20+math.sin(q.anim_time*90*2-160)*-20", 0]
				},
				"arm_left": {
					"rotation": ["math.sin(q.anim_time*90*2-120)*-8", "math.sin(q.anim_time*90*2-150)*-20", "20+math.sin(q.anim_time*90*2-150)*15"]
				},
				"elbow_left": {
					"rotation": [0, "20+math.sin(q.anim_time*90*2-160)*-20", 0]
				},
				"tail": {
					"rotation": [-19, "math.sin(q.anim_time*90*2-120)*30", 0],
					"position": [0, -0.75, 0]
				},
				"tail2": {
					"rotation": [20, "math.sin(q.anim_time*90*2-180)*35", 0]
				},
				"tail3": {
					"rotation": [22.79423, "math.sin(q.anim_time*90*2-210)*40", 0]
				},
				"fire": {
					"rotation": [-50, "math.sin(q.anim_time*90*2-220)*10", "math.sin(q.anim_time*90*2-220)*-30"]
				},
				"fire2": {
					"rotation": ["math.sin(q.anim_time*90*16)*-0.4", 0, "math.sin(q.anim_time*90*14)*-0.7"]
				},
				"leg_right": {
					"rotation": {
						"0.0": {
							"post": [-21.83013, 25, 0],
							"lerp_mode": "catmullrom"
						},
						"0.3333": {
							"post": [-21.83013, 25, 0],
							"lerp_mode": "catmullrom"
						},
						"0.5833": [8.16987, 25, 0],
						"0.7083": [-0.03, 25.12, -9.34],
						"1.0": [-1.52129, 25.14435, -11.04221],
						"1.1667": [0.09, 25.12, -9.2],
						"1.5417": [8.16987, 25, 0],
						"2.0": {
							"pre": [-21.83013, 25, 0],
							"post": [-21.83013, 25, 0],
							"lerp_mode": "catmullrom"
						}
					},
					"position": {
						"0.0": {
							"post": [0, 0.77, -1.25],
							"lerp_mode": "catmullrom"
						},
						"0.3333": {
							"post": [0, 0.77, -1.25],
							"lerp_mode": "catmullrom"
						},
						"0.5833": [0, -0.27863, -0.1],
						"0.7083": [-0.28, -0.46, 0.15],
						"1.0": [-0.325, -0.505, 0.225],
						"1.1667": [-0.27, -0.46, 0.175],
						"1.5417": [0, -0.30363, -0.15],
						"2.0": {
							"pre": [0, 0.77, -1.25],
							"post": [0, 0.77, -1.25],
							"lerp_mode": "catmullrom"
						}
					}
				},
				"knee_right": {
					"rotation": {
						"0.0": {
							"post": [-11.44, 0, 0],
							"lerp_mode": "catmullrom"
						},
						"0.25": {
							"post": [-11.44, 0, 0],
							"lerp_mode": "catmullrom"
						},
						"0.5": [11.06, 0, 0],
						"0.7083": [15.28, -0.59, 2.03],
						"1.0": [16.0455, -0.69141, 2.40255],
						"1.1667": [15.21, -0.58, 2],
						"1.5417": [11.06, 0, 0],
						"1.75": {
							"pre": [10.80568, 0.03922, -0.13524],
							"post": [10.80568, 0.03922, -0.13524],
							"lerp_mode": "catmullrom"
						},
						"2.0": {
							"post": [-11.44, 0, 0],
							"lerp_mode": "catmullrom"
						}
					},
					"position": {
						"0.0": {
							"post": [0, 0.25, -0.5],
							"lerp_mode": "catmullrom"
						},
						"0.25": {
							"post": [0, 0.25, -0.5],
							"lerp_mode": "catmullrom"
						},
						"0.5": {
							"post": [0, 0, 0],
							"lerp_mode": "catmullrom"
						},
						"1.5417": {
							"post": [0, 0, 0],
							"lerp_mode": "catmullrom"
						},
						"2.0": {
							"post": [0, 0.25, -0.5],
							"lerp_mode": "catmullrom"
						}
					}
				},
				"foot_right": {
					"rotation": {
						"0.0": {
							"post": [-0.71, 0, -1.59],
							"lerp_mode": "catmullrom"
						},
						"0.1667": {
							"post": [-15.95, 0, -1.5],
							"lerp_mode": "catmullrom"
						},
						"0.3333": {
							"post": [-15.95, 0, -1.5],
							"lerp_mode": "catmullrom"
						},
						"0.4583": [-19.23, 0, 0],
						"0.7083": [-17.29, 1.74, 5],
						"1.0": [-18.12403, 2.05487, 5.90381],
						"1.1667": [-18.31, 1.71, 4.92],
						"1.5": [-19.23, 0, 0],
						"1.8333": {
							"pre": [10.77, 0, -1.5],
							"post": [10.77, 0, -1.5],
							"lerp_mode": "catmullrom"
						},
						"2.0": {
							"post": [-0.71, 0, -1.59],
							"lerp_mode": "catmullrom"
						}
					}
				},
				"leg_left": {
					"rotation": {
						"0.0": [-1.52129, -25.14435, 11.04221],
						"0.1667": [0.09, -25.12, 9.2],
						"0.5417": [8.16987, -25, 0],
						"1.0": {
							"pre": [-21.83013, -25, 0],
							"post": [-21.83013, -25, 0],
							"lerp_mode": "catmullrom"
						},
						"1.3333": {
							"post": [-21.83013, -25, 0],
							"lerp_mode": "catmullrom"
						},
						"1.5833": [8.16987, -25, 0],
						"1.7083": [-0.03, -25.12, 9.34],
						"2.0": [-1.52129, -25.14435, 11.04221]
					},
					"position": {
						"0.0": [0.325, -0.505, 0.225],
						"0.1667": [0.27, -0.46, 0.175],
						"0.5417": [0, -0.30363, -0.15],
						"1.0": {
							"pre": [0, 0.77, -1.25],
							"post": [0, 0.77, -1.25],
							"lerp_mode": "catmullrom"
						},
						"1.3333": {
							"post": [0, 0.77, -1.25],
							"lerp_mode": "catmullrom"
						},
						"1.5833": [0, -0.27863, -0.1],
						"1.7083": [0.28, -0.46, 0.15],
						"2.0": [0.325, -0.505, 0.225]
					}
				},
				"knee_left": {
					"rotation": {
						"0.0": [16.0455, 0.69141, -2.40255],
						"0.1667": [15.21, 0.58, -2],
						"0.5417": [11.06, 0, 0],
						"0.75": {
							"pre": [10.80568, -0.03922, 0.13524],
							"post": [10.80568, -0.03922, 0.13524],
							"lerp_mode": "catmullrom"
						},
						"1.0": {
							"post": [-11.44, 0, 0],
							"lerp_mode": "catmullrom"
						},
						"1.25": {
							"post": [-11.44, 0, 0],
							"lerp_mode": "catmullrom"
						},
						"1.5": [11.06, 0, 0],
						"1.7083": [15.28, 0.59, -2.03],
						"2.0": [16.0455, 0.69141, -2.40255]
					},
					"position": {
						"0.5417": {
							"pre": [0, 0, 0],
							"post": [0, 0, 0],
							"lerp_mode": "catmullrom"
						},
						"1.0": {
							"post": [0, 0.25, -0.5],
							"lerp_mode": "catmullrom"
						},
						"1.25": {
							"post": [0, 0.25, -0.5],
							"lerp_mode": "catmullrom"
						},
						"1.5": {
							"post": [0, 0, 0],
							"lerp_mode": "catmullrom"
						}
					}
				},
				"foot_left": {
					"rotation": {
						"0.0": [-18.12403, -2.05487, -5.90381],
						"0.1667": [-18.31, -1.71, -4.92],
						"0.5": [-19.23, 0, 0],
						"0.8333": {
							"pre": [10.77, 0, 1.5],
							"post": [10.77, 0, 1.5],
							"lerp_mode": "catmullrom"
						},
						"1.1667": {
							"post": [-15.95, 0, 1.5],
							"lerp_mode": "catmullrom"
						},
						"1.3333": {
							"post": [-15.95, 0, 1.5],
							"lerp_mode": "catmullrom"
						},
						"1.4583": [-19.23, 0, 0],
						"1.7083": [-17.29, -1.74, -5],
						"2.0": [-18.12403, -2.05487, -5.90381]
					}
				},
				"foot_right2": {
					"rotation": {
						"0.0": [0.48, 0, 0],
						"0.25": {
							"pre": [0, 0, 0],
							"post": [0, 0, 0],
							"lerp_mode": "catmullrom"
						},
						"0.5417": {
							"post": [-2.5, 0, 0],
							"lerp_mode": "catmullrom"
						},
						"0.6667": [0, 0, 0],
						"1.5": [0, 0, 0],
						"1.625": [-5, 0, 0],
						"1.7917": [0, 0, 0],
						"2.0": [0.48, 0, 0]
					}
				},
				"foot_left2": {
					"rotation": {
						"0.5": [0, 0, 0],
						"0.625": [-5, 0, 0],
						"0.7917": [0, 0, 0],
						"1.25": {
							"pre": [0, 0, 0],
							"post": [0, 0, 0],
							"lerp_mode": "catmullrom"
						},
						"1.5417": {
							"post": [-2.5, 0, 0],
							"lerp_mode": "catmullrom"
						},
						"1.6667": [0, 0, 0]
					}
				},
				"muzzle": {
					"position": [0, 0.5, 0]
				}
			}
		},
		"animation.charmander.special": {
			"animation_length": 3,
			"bones": {
				"torso": {
					"rotation": {
						"0.0": [17.82963, 1.30526, -1.49364],
						"1.0417": {
							"pre": [-4.41085, 1.66225, 8.50336],
							"post": [-4.41085, 1.66225, 8.50336],
							"lerp_mode": "catmullrom"
						},
						"1.25": {
							"post": [32.5569, 1.30526, -1.49364],
							"lerp_mode": "catmullrom"
						},
						"1.7917": {
							"post": [32.5569, 1.30526, -1.49364],
							"lerp_mode": "catmullrom"
						},
						"2.1667": {
							"post": [25.19, 1.31, 1.51],
							"lerp_mode": "catmullrom"
						},
						"2.5417": {
							"post": [17.82963, 1.30526, -1.49364],
							"lerp_mode": "catmullrom"
						},
						"2.7917": {
							"post": [18.92, 1.28, -3.09],
							"lerp_mode": "catmullrom"
						},
						"3.0": [17.82963, 1.30526, -1.49364]
					},
					"position": {
						"0.0": [0, -0.3, 0],
						"0.875": {
							"pre": [0, -0.3, -0.24],
							"post": [0, -0.3, -0.24],
							"lerp_mode": "catmullrom"
						},
						"1.25": {
							"post": [0, -0.3, -1],
							"lerp_mode": "catmullrom"
						},
						"1.7917": {
							"post": [0, -0.3, -1],
							"lerp_mode": "catmullrom"
						},
						"2.1667": {
							"post": [0.25, -0.2, -0.5],
							"lerp_mode": "catmullrom"
						},
						"2.5417": {
							"post": [0, -0.3, 0],
							"lerp_mode": "catmullrom"
						},
						"2.7917": {
							"post": [-0.11, -0.31, 0.04],
							"lerp_mode": "catmullrom"
						},
						"3.0": [0, -0.3, 0]
					}
				},
				"torso2": {
					"rotation": {
						"0.0": [-4.53407, -0.5221, 3.50575],
						"1.0": {
							"pre": [-7.03407, -0.5221, 3.50575],
							"post": [-7.03407, -0.5221, 3.50575],
							"lerp_mode": "catmullrom"
						},
						"1.125": {
							"post": [10.85513, -0.5221, 3.50575],
							"lerp_mode": "catmullrom"
						},
						"1.25": {
							"post": [1.05683, -0.5221, 3.50575],
							"lerp_mode": "catmullrom"
						},
						"1.7917": {
							"post": [1.05683, -0.5221, 3.50575],
							"lerp_mode": "catmullrom"
						},
						"2.1667": {
							"post": [-1.74, -0.52, 0.51],
							"lerp_mode": "catmullrom"
						},
						"2.5417": {
							"post": [-4.53407, -0.5221, 3.50575],
							"lerp_mode": "catmullrom"
						},
						"2.7917": {
							"post": [-4.52, -0.52, 3.67],
							"lerp_mode": "catmullrom"
						},
						"3.0": [-4.53407, -0.5221, 3.50575]
					}
				},
				"neck": {
					"rotation": {
						"0.0": [-3.18085, 0, 1.82628],
						"0.875": {
							"pre": [-10.68085, 0, 1.82628],
							"post": [-10.68085, 0, 1.82628],
							"lerp_mode": "catmullrom"
						},
						"1.0833": {
							"post": [2.7737, 0, 1.82628],
							"lerp_mode": "catmullrom"
						},
						"1.25": {
							"post": [-0.47062, 0, 1.82628],
							"lerp_mode": "catmullrom"
						},
						"1.7917": {
							"post": [-0.47062, 0, 1.82628],
							"lerp_mode": "catmullrom"
						},
						"2.5417": {
							"post": [-3.18085, 0, 1.82628],
							"lerp_mode": "catmullrom"
						},
						"3.0": [-3.18085, 0, 1.82628]
					}
				},
				"head": {
					"rotation": {
						"0.0": [-12.53553, 2.22138, -3.96677],
						"0.8333": {
							"pre": [-5.55162, 2.22138, -3.96677],
							"post": [-5.55162, 2.22138, -3.96677],
							"lerp_mode": "catmullrom"
						},
						"1.0": {
							"post": [-6.94068, 2.22138, -3.96677],
							"lerp_mode": "catmullrom"
						},
						"1.125": {
							"post": [-4.15731, 2.22138, -3.96677],
							"lerp_mode": "catmullrom"
						},
						"1.25": {
							"post": [-39.20031, 2.22138, -3.96677],
							"lerp_mode": "catmullrom"
						},
						"1.7917": {
							"post": [-39.20031, 2.22138, -3.96677],
							"lerp_mode": "catmullrom"
						},
						"2.5417": {
							"post": [-12.53553, 2.22138, -3.96677],
							"lerp_mode": "catmullrom"
						},
						"3.0": [-12.53553, 2.22138, -3.96677]
					}
				},
				"head_correction": {
					"rotation": {
						"0.0": [2.5, 0, 0],
						"2.5417": {
							"pre": [2.5, 0, 0],
							"post": [2.5, 0, 0],
							"lerp_mode": "catmullrom"
						},
						"3.0": [2.5, 0, 0]
					}
				},
				"jaw": {
					"rotation": {
						"0.0": [19.03528, 0, 0],
						"0.7083": {
							"pre": [44.41, 0, 0],
							"post": [44.41, 0, 0],
							"lerp_mode": "catmullrom"
						},
						"0.9167": {
							"post": [14.68, 0, 0],
							"lerp_mode": "catmullrom"
						},
						"1.125": {
							"post": [14.68, 0, 0],
							"lerp_mode": "catmullrom"
						},
						"1.25": {
							"post": [51.54, 0, 0],
							"lerp_mode": "catmullrom"
						},
						"1.9167": {
							"post": [51.54, 0, 0],
							"lerp_mode": "catmullrom"
						},
						"2.1667": {
							"post": [19.03528, 0, 0],
							"lerp_mode": "catmullrom"
						},
						"3.0": [19.03528, 0, 0]
					}
				},
				"arm_right": {
					"rotation": {
						"0.0": [3.06147, 15.86707, -31.9003],
						"1.125": {
							"pre": [1.02544, -33.33875, -9.20118],
							"post": [1.02544, -33.33875, -9.20118],
							"lerp_mode": "catmullrom"
						},
						"1.2917": {
							"post": [5.14747, 20.20336, 2.95337],
							"lerp_mode": "catmullrom"
						},
						"1.7917": {
							"post": [5.14747, 20.20336, 2.95337],
							"lerp_mode": "catmullrom"
						},
						"2.5417": {
							"post": [3.06147, 15.86707, -31.9003],
							"lerp_mode": "catmullrom"
						},
						"3.0": [3.06147, 15.86707, -31.9003]
					},
					"position": {
						"0.0": [0, 0, 0],
						"1.125": {
							"pre": [0, 0, -1],
							"post": [0, 0, -1],
							"lerp_mode": "catmullrom"
						},
						"1.2917": {
							"post": [0.5, 0, 1],
							"lerp_mode": "catmullrom"
						},
						"1.7917": {
							"post": [0.5, 0, 1],
							"lerp_mode": "catmullrom"
						},
						"2.5417": {
							"post": [0, 0, 0],
							"lerp_mode": "catmullrom"
						},
						"3.0": [0, 0, 0]
					}
				},
				"elbow_right": {
					"rotation": {
						"0.0": [0, -2.25978, 0],
						"1.0833": {
							"pre": [0, -50.24, 0],
							"post": [0, -50.24, 0],
							"lerp_mode": "catmullrom"
						},
						"1.25": {
							"post": [0, -4.1, 0],
							"lerp_mode": "catmullrom"
						},
						"1.7917": {
							"post": [0, -4.1, 0],
							"lerp_mode": "catmullrom"
						},
						"2.5417": {
							"post": [0, -7.65978, 0],
							"lerp_mode": "catmullrom"
						},
						"3.0": [0, -2.25978, 0]
					}
				},
				"arm_left": {
					"rotation": {
						"0.0": [3.06147, 15.86707, 8.0997],
						"1.125": {
							"pre": [1.02544, 33.33875, 9.20118],
							"post": [1.02544, 33.33875, 9.20118],
							"lerp_mode": "catmullrom"
						},
						"1.2917": {
							"post": [5.14747, -20.20336, -2.95337],
							"lerp_mode": "catmullrom"
						},
						"1.7917": {
							"post": [5.14747, -20.20336, -2.95337],
							"lerp_mode": "catmullrom"
						},
						"2.5417": {
							"post": [3.06147, 15.86707, 8.0997],
							"lerp_mode": "catmullrom"
						},
						"3.0": [3.06147, 15.86707, 8.0997]
					},
					"position": {
						"0.0": [0, 0, 0],
						"1.125": {
							"pre": [0, 0, -1],
							"post": [0, 0, -1],
							"lerp_mode": "catmullrom"
						},
						"1.2917": {
							"post": [-0.5, 0, 1],
							"lerp_mode": "catmullrom"
						},
						"1.7917": {
							"post": [-0.5, 0, 1],
							"lerp_mode": "catmullrom"
						},
						"2.5417": {
							"post": [0, 0, 0],
							"lerp_mode": "catmullrom"
						},
						"3.0": [0, 0, 0]
					}
				},
				"elbow_left": {
					"rotation": {
						"0.0": [0, 37.74022, 0],
						"1.0833": {
							"pre": [0, 50.24, 0],
							"post": [0, 50.24, 0],
							"lerp_mode": "catmullrom"
						},
						"1.25": {
							"post": [0, 5.5, 0],
							"lerp_mode": "catmullrom"
						},
						"1.7917": {
							"post": [0, 5.5, 0],
							"lerp_mode": "catmullrom"
						},
						"2.5417": {
							"post": [0, 37.74022, 0],
							"lerp_mode": "catmullrom"
						},
						"3.0": [0, 37.74022, 0]
					}
				},
				"tail": {
					"rotation": {
						"0.0": [-19, 0, 0],
						"0.7917": {
							"pre": [1, -31.47279, 0],
							"post": [1, -31.47279, 0],
							"lerp_mode": "catmullrom"
						},
						"1.25": {
							"post": [-29.5, 38.50066, -24],
							"lerp_mode": "catmullrom"
						},
						"1.7917": {
							"post": [-29.5, -30.50678, 16],
							"lerp_mode": "catmullrom"
						},
						"2.1667": {
							"post": [-21.5, 36.36602, -13],
							"lerp_mode": "catmullrom"
						},
						"2.4583": {
							"post": [-19, -11.4805, 0],
							"lerp_mode": "catmullrom"
						},
						"3.0": [-19, 0, 0]
					},
					"position": {
						"0.0": [0, -0.75, 0],
						"2.5417": {
							"pre": [0, -0.75, 0],
							"post": [0, -0.75, 0],
							"lerp_mode": "catmullrom"
						},
						"3.0": [0, -0.75, 0]
					}
				},
				"tail2": {
					"rotation": {
						"0.0": [20, 0, 0],
						"0.2917": {
							"pre": [20, -12.2, 0],
							"post": [20, -12.2, 0],
							"lerp_mode": "catmullrom"
						},
						"0.625": {
							"post": [20, -29.85, 0],
							"lerp_mode": "catmullrom"
						},
						"1.0833": {
							"post": [20, -32.12, 0],
							"lerp_mode": "catmullrom"
						},
						"1.5": {
							"post": [20, 26.32, 0],
							"lerp_mode": "catmullrom"
						},
						"2.0": {
							"post": [20, -24.61, 0],
							"lerp_mode": "catmullrom"
						},
						"2.375": {
							"post": [20, 15.84, 0],
							"lerp_mode": "catmullrom"
						},
						"2.6667": {
							"post": [20, -26.04, 0],
							"lerp_mode": "catmullrom"
						},
						"3.0": [20, 0, 0]
					}
				},
				"tail3": {
					"rotation": {
						"0.0": [22.79423, 0, 0],
						"0.2917": {
							"pre": [22.79, -14.46, 0],
							"post": [22.79, -14.46, 0],
							"lerp_mode": "catmullrom"
						},
						"0.75": {
							"post": [22.79, -38.27, 0],
							"lerp_mode": "catmullrom"
						},
						"1.1667": {
							"post": [22.79, -50.53, 0],
							"lerp_mode": "catmullrom"
						},
						"1.7083": {
							"post": [22.79, 30.98, 0],
							"lerp_mode": "catmullrom"
						},
						"2.2083": {
							"post": [22.79, -40.32, 0],
							"lerp_mode": "catmullrom"
						},
						"2.5417": {
							"post": [22.79, 21.27, 0],
							"lerp_mode": "catmullrom"
						},
						"2.75": {
							"post": [22.79, -25.31, 0],
							"lerp_mode": "catmullrom"
						},
						"3.0": [22.79423, 0, 0]
					}
				},
				"fire": {
					"rotation": {
						"0.0": [-42.84641, 0, 0.42613],
						"0.5": {
							"pre": [-17.85, 0, 42.93],
							"post": [-17.85, 0, 42.93],
							"lerp_mode": "catmullrom"
						},
						"1.0833": {
							"post": [-46.3, 0, -17.93],
							"lerp_mode": "catmullrom"
						},
						"1.2083": {
							"post": [-17.03, 0, -89.04],
							"lerp_mode": "catmullrom"
						},
						"1.75": {
							"post": [-37.21, 0, 36.86],
							"lerp_mode": "catmullrom"
						},
						"2.0833": {
							"post": [-46.2, 0, -16.97],
							"lerp_mode": "catmullrom"
						},
						"2.4583": {
							"post": [-43.73, 0, 4.71],
							"lerp_mode": "catmullrom"
						},
						"2.7917": {
							"post": [-45.01, 0, 4.68],
							"lerp_mode": "catmullrom"
						},
						"3.0": [-42.84641, 0, 0.42613]
					}
				},
				"fire2": {
					"rotation": [0, 0, 0]
				},
				"leg_right": {
					"rotation": {
						"0.0": [8.16987, 25, 0],
						"0.4167": [18.16987, 25, 0],
						"1.125": {
							"pre": [-22.81143, 29.62595, -2.13668],
							"post": [-22.81143, 29.62595, -2.13668],
							"lerp_mode": "catmullrom"
						},
						"1.25": [21.82475, 37.35636, 2.21762],
						"1.7917": [21.82475, 37.35636, 2.21762],
						"2.0417": {
							"pre": [13.38785, 31.98403, 1.25344],
							"post": [13.38785, 31.98403, 1.25344],
							"lerp_mode": "catmullrom"
						},
						"2.2083": {
							"post": [-8.22, 27.85, 0.51],
							"lerp_mode": "catmullrom"
						},
						"2.3333": [8.16987, 25, 0]
					},
					"position": {
						"0.0": [0, -0.27863, -0.1],
						"0.4167": [0, 0.22, -0.3],
						"1.0417": {
							"pre": [0, 0.97, -0.3],
							"post": [0, 0.97, -0.3],
							"lerp_mode": "catmullrom"
						},
						"1.25": [-0.5, 0.22137, -0.85],
						"1.7917": [-0.5, 0.22137, -0.85],
						"2.0417": {
							"pre": [-0.28, 0.5, -0.27],
							"post": [-0.28, 0.5, -0.27],
							"lerp_mode": "catmullrom"
						},
						"2.2083": {
							"post": [-0.11, 0.06, -0.01],
							"lerp_mode": "catmullrom"
						},
						"2.3333": [0, -0.27863, -0.1]
					}
				},
				"knee_right": {
					"rotation": {
						"0.0": [11.06, 0, 0],
						"0.4167": [1.06, 0, 0],
						"0.6667": {
							"pre": [-3.94, 0, 0],
							"post": [-3.94, 0, 0],
							"lerp_mode": "catmullrom"
						},
						"1.0833": {
							"post": [13.56, 0, 0],
							"lerp_mode": "catmullrom"
						},
						"1.25": [-3.93626, -0.17173, -2.4941],
						"1.7917": [-3.93626, -0.17173, -2.4941],
						"2.0417": {
							"pre": [10.08385, -0.09706, -1.40971],
							"post": [10.08385, -0.09706, -1.40971],
							"lerp_mode": "catmullrom"
						},
						"2.3333": [11.06, 0, 0]
					},
					"position": {
						"0.0": [0, 0, 0],
						"0.4167": [0, 0, -0.25],
						"1.25": [0, 0, 0],
						"1.7917": [0, 0, 0],
						"2.3333": [0, 0, 0]
					}
				},
				"foot_right": {
					"rotation": {
						"0.0": [-19.23, 0, 0],
						"0.4167": [-18.23, 0, 0],
						"0.6667": {
							"pre": [16.77, 0, 0],
							"post": [16.77, 0, 0],
							"lerp_mode": "catmullrom"
						},
						"1.0833": {
							"post": [-10.73, 0, 0],
							"lerp_mode": "catmullrom"
						},
						"1.25": [-19.23, 0, 0],
						"1.7917": [-19.23, 0, 0],
						"2.0": {
							"pre": [-14.23, 0, 0],
							"post": [-14.23, 0, 0],
							"lerp_mode": "catmullrom"
						},
						"2.125": {
							"post": [-18.87, 0, 0],
							"lerp_mode": "catmullrom"
						},
						"2.3333": [-19.23, 0, 0]
					}
				},
				"leg_left": {
					"rotation": {
						"0.0": [8.16987, -25, 0],
						"0.6667": [3.17, -25, 2.5],
						"1.0417": [3.97, -17.5, 9.6],
						"1.25": [19.32475, -17.35636, 2.48238],
						"1.375": [21.82, -19.36, 0.28],
						"2.4167": [21.82, -19.36, 0.28],
						"2.625": {
							"pre": [24.57, -21.32, 0.18],
							"post": [24.57, -21.32, 0.18],
							"lerp_mode": "catmullrom"
						},
						"2.8333": {
							"post": [3.33, -23.71, -0.12],
							"lerp_mode": "catmullrom"
						},
						"3.0": [8.16987, -25, 0]
					},
					"position": {
						"0.0": [0, -0.30363, -0.15],
						"0.6667": [0, -0.225, 0.125],
						"1.0417": [0.45, -0.405, 0.025],
						"1.25": [0.75, 0.22137, -0.425],
						"2.4167": [0.75, 0.22137, -0.425],
						"2.625": {
							"pre": [0.49, 0.54, -0.58],
							"post": [0.49, 0.54, -0.58],
							"lerp_mode": "catmullrom"
						},
						"2.8333": {
							"post": [0.21, 0.35, -0.37],
							"lerp_mode": "catmullrom"
						},
						"3.0": [0, -0.30363, -0.15]
					}
				},
				"knee_left": {
					"rotation": {
						"0.0": [11.06, 0, 0],
						"0.6667": [8.56, 0, 0],
						"1.0417": [13.56, 0, 0],
						"1.25": [-2.44, 0, 0],
						"2.4167": [-2.44, 0, 0],
						"2.625": [10.06, 0, 0],
						"3.0": [11.06, 0, 0]
					}
				},
				"foot_left": {
					"rotation": {
						"0.0": [-19.23, 0, 0],
						"0.6667": [-12.23, 0, -2.5],
						"1.0417": [-20.23, -9.75, -7.5],
						"1.25": [-19.23, -6.5, -1.1],
						"1.375": [-19.23, -6, 0],
						"2.4167": [-19.23, -6, 0],
						"3.0": [-19.23, 0, 0]
					}
				},
				"foot_right2": {
					"rotation": {
						"0.4167": [0, 0, 0],
						"0.5417": {
							"pre": [-13.75, 0, 0],
							"post": [-13.75, 0, 0],
							"lerp_mode": "catmullrom"
						},
						"0.6667": {
							"post": [-17.5, 0, 0],
							"lerp_mode": "catmullrom"
						},
						"0.7917": [0, 0, 0]
					}
				},
				"eyelid_right": {
					"position": {
						"0.0": [0, 0, 0],
						"0.125": {"pre": [0, 0, 0], "post": [-0.1, 0, -0.1]},
						"0.25": {"pre": [-0.1, 0, -0.1], "post": [0, 0, 0]},
						"0.875": {"pre": [0, 0, 0], "post": [-0.1, 0, -0.1]},
						"1.1667": {"pre": [-0.1, 0, -0.1], "post": [0, 0, 0]},
						"2.3333": {"pre": [0, 0, 0], "post": [-0.1, 0, -0.1]},
						"2.5": {"pre": [-0.1, 0, -0.1], "post": [0, 0, 0]}
					}
				},
				"eyelid_left": {
					"position": {
						"0.0": [0, 0, 0],
						"0.125": {"pre": [0, 0, 0], "post": [0.1, 0, -0.1]},
						"0.25": {"pre": [0.1, 0, -0.1], "post": [0, 0, 0]},
						"0.875": {"pre": [0, 0, 0], "post": [0.1, 0, -0.1]},
						"1.1667": {"pre": [0.1, 0, -0.1], "post": [0, 0, 0]},
						"2.3333": {"pre": [0, 0, 0], "post": [0.1, 0, -0.1]},
						"2.5": {"pre": [0.1, 0, -0.1], "post": [0, 0, 0]}
					}
				}
			}
		},
		"animation.charmander.cry": {
			"animation_length": 1.5,
			"bones": {
				"jaw": {
					"rotation": {
						"0.0": [0, 0, 0],
						"0.4375": {
							"pre": [0, 0, 0],
							"post": [0, 0, 0],
							"lerp_mode": "catmullrom"
						},
						"0.5625": {
							"post": [42.5, 0, 0],
							"lerp_mode": "catmullrom"
						},
						"0.75": {
							"post": [23.98, 0, 0],
							"lerp_mode": "catmullrom"
						},
						"0.8125": {
							"post": [42.5, 0, 0],
							"lerp_mode": "catmullrom"
						},
						"0.9375": {
							"post": [42.5, 0, 0],
							"lerp_mode": "catmullrom"
						},
						"1.1875": {
							"post": [0, 0, 0],
							"lerp_mode": "catmullrom"
						},
						"1.5": [0, 0, 0]
					}
				},
				"torso": {
					"rotation": {
						"0.0": [0, 0, 0],
						"0.375": {
							"pre": [-7.63, 0, 0],
							"post": [-7.63, 0, 0],
							"lerp_mode": "catmullrom"
						},
						"0.6875": {
							"post": [15, 0, 0],
							"lerp_mode": "catmullrom"
						},
						"1.5": [0, 0, 0]
					}
				},
				"torso2": {
					"rotation": {
						"0.0": [0, 0, 0],
						"0.375": {
							"pre": [0, 0, 0],
							"post": [0, 0, 0],
							"lerp_mode": "catmullrom"
						},
						"0.5625": {
							"post": [2.73, 0, 0],
							"lerp_mode": "catmullrom"
						},
						"1.5": [0, 0, 0]
					}
				},
				"neck": {
					"rotation": {
						"0.0": [0, 0, 0],
						"0.375": {
							"pre": [7.5, 0, 0],
							"post": [7.5, 0, 0],
							"lerp_mode": "catmullrom"
						},
						"0.5625": {
							"post": [2.15, 0, 0],
							"lerp_mode": "catmullrom"
						},
						"1.5": [0, 0, 0]
					}
				},
				"head_angle": {
					"rotation": {
						"0.0": [0, 0, 0],
						"0.375": {
							"pre": [2.5, 0, 0],
							"post": [2.5, 0, 0],
							"lerp_mode": "catmullrom"
						},
						"0.5625": {
							"post": [-25.16, 0, 0],
							"lerp_mode": "catmullrom"
						},
						"0.6875": {
							"post": [-24.26, 0, 0],
							"lerp_mode": "catmullrom"
						},
						"0.8125": {
							"post": [-31.97, 0, 0],
							"lerp_mode": "catmullrom"
						},
						"1.125": {
							"post": [-13.83, 0, 0],
							"lerp_mode": "catmullrom"
						},
						"1.5": [0, 0, 0]
					}
				},
				"arm_right": {
					"rotation": {
						"0.0": [0, 0, 0],
						"0.375": {
							"pre": [0, 0, 0],
							"post": [0, 0, 0],
							"lerp_mode": "catmullrom"
						},
						"0.5625": {
							"post": [-7.5, 25, 45],
							"lerp_mode": "catmullrom"
						},
						"0.9375": {
							"post": [-7.5, 25, 45],
							"lerp_mode": "catmullrom"
						},
						"1.5": [0, 0, 0]
					},
					"position": {
						"0.0": [0, 0, 0],
						"0.375": {
							"pre": [0, 0, 0],
							"post": [0, 0, 0],
							"lerp_mode": "catmullrom"
						},
						"0.5625": {
							"post": [1, 0, 0],
							"lerp_mode": "catmullrom"
						},
						"0.9375": {
							"post": [1, 0, 0],
							"lerp_mode": "catmullrom"
						},
						"1.5": [0, 0, 0]
					}
				},
				"arm_left": {
					"rotation": {
						"0.0": [0, 0, 0],
						"0.375": {
							"pre": [0, 0, 0],
							"post": [0, 0, 0],
							"lerp_mode": "catmullrom"
						},
						"0.5625": {
							"post": [-7.5, -25, -45],
							"lerp_mode": "catmullrom"
						},
						"0.9375": {
							"post": [-7.5, -25, -45],
							"lerp_mode": "catmullrom"
						},
						"1.5": [0, 0, 0]
					},
					"position": {
						"0.0": [0, 0, 0],
						"0.375": {
							"pre": [0, 0, 0],
							"post": [0, 0, 0],
							"lerp_mode": "catmullrom"
						},
						"0.5625": {
							"post": [-1, 0, 0],
							"lerp_mode": "catmullrom"
						},
						"0.9375": {
							"post": [-1, 0, 0],
							"lerp_mode": "catmullrom"
						},
						"1.5": [0, 0, 0]
					}
				},
				"tail": {
					"rotation": {
						"0.0": [0, 0, 0],
						"0.375": {
							"pre": [3.76, 0, 0],
							"post": [3.76, 0, 0],
							"lerp_mode": "catmullrom"
						},
						"0.625": {
							"post": [-10, 0, 0],
							"lerp_mode": "catmullrom"
						},
						"1.5": [0, 0, 0]
					}
				}
			},
			"sound_effects": {
				"0.5": {
					"effect": "pokemon.charmander.cry"
				}
			}
		},
		"animation.charmander.blink": {
			"animation_length": 0.1667,
			"bones": {
				"eyelid_right": {
					"position": {
						"0.0": [-0.1, 0, -0.1],
						"0.125": {"pre": [-0.1, 0, -0.1], "post": [-0.1, 0, -0.1]},
						"0.1667": {"pre": [-0.1, 0, -0.1], "post": [0, 0, 0]}
					}
				},
				"eyelid_left": {
					"position": {
						"0.0": [0.1, 0, -0.1],
						"0.125": {"pre": [0.1, 0, -0.1], "post": [0.1, 0, -0.1]},
						"0.1667": {"pre": [0.1, 0, -0.1], "post": [0, 0, 0]}
					}
				}
			}
		},
		"animation.charmander.surfacewater_idle": {
			"loop": true,
			"animation_length": 8,
			"bones": {
				"body": {
					"rotation": [47.5, 0, 0],
					"position": [0, "math.sin(q.anim_time*90*6/2-60)*-0.1", 0]
				},
				"torso": {
					"rotation": ["math.cos(q.anim_time*90*6/2-60)*-1", "math.cos(q.anim_time*90*3/2-30)*4", 0]
				},
				"torso2": {
					"rotation": ["-17.5+math.cos(q.anim_time*90*6/2-120)*-1.5", "math.cos(q.anim_time*90*3/2-90)*-3", "math.cos(q.anim_time*90*3/2-60)*1"],
					"position": [0, -0.5, 0]
				},
				"neck": {
					"rotation": ["-15+math.cos(q.anim_time*90*6/2-180)*-1", 0, 0]
				},
				"head": {
					"rotation": ["math.cos(q.anim_time*90*6/2-60)*2", "math.cos(q.anim_time*90*3/2)*-4", 0]
				},
				"head_correction": {
					"rotation": [-25, 0, 0]
				},
				"head_angle": {
					"rotation": [10, 0, 0]
				},
				"muzzle": {
					"position": [0, 0.5, 0]
				},
				"jaw": {
					"rotation": ["20+math.cos(q.anim_time*90*6/2-12)*5", 0, 0]
				},
				"arm_right": {
					"rotation": ["-5+math.sin(q.anim_time*90*3/2+30)*-20", "-10+math.cos(q.anim_time*90*3/2+30)*30", "-25+math.sin(q.anim_time*90*3/2)*15"]
				},
				"elbow_right": {
					"rotation": [0, "-12.5+math.cos(q.anim_time*90*3/2)*10", 0]
				},
				"arm_left": {
					"rotation": ["-5+math.sin(q.anim_time*90*3/2+30)*20", "10+math.cos(q.anim_time*90*3/2+30)*30", "25+math.sin(q.anim_time*90*3/2)*15"]
				},
				"elbow_left": {
					"rotation": [0, "12.5+math.cos(q.anim_time*90*3/2)*10", 0]
				},
				"tail": {
					"rotation": ["-25+math.cos(q.anim_time*90*6/2-90)*3", "math.cos(q.anim_time*90*3/2-90)*6", 0],
					"position": [0, "-1.25+math.cos(q.anim_time*90*6-30)*0.2", -0.75]
				},
				"tail2": {
					"rotation": ["22.5+math.cos(q.anim_time*90*6/2-140)*5", "math.cos(q.anim_time*90*3/2-150)*8", 0]
				},
				"tail3": {
					"rotation": ["22.5+math.cos(q.anim_time*90*6/2-190)*5", "math.cos(q.anim_time*90*3/2-210)*12", 0]
				},
				"fire": {
					"rotation": ["-67.5+math.cos(q.anim_time*90*6/2-130)*-7", "math.cos(q.anim_time*90*3/2+90)*12", "math.cos(q.anim_time*90*3/2-210)*-12"]
				},
				"fire2": {
					"rotation": ["math.sin(q.anim_time*90*16)*-0.4", 0, "math.sin(q.anim_time*90*14)*-0.7"]
				},
				"leg_right": {
					"rotation": ["10+math.cos(q.anim_time*90*3/2)*-20", 25, -5],
					"position": ["math.cos(q.anim_time*90*3/2-30)*-0.3", 0, "-1.75+math.cos(q.anim_time*90*3/2-30)*-0.5"]
				},
				"knee_right": {
					"rotation": ["math.cos(q.anim_time*90*3/2-90)*-15", 0, 0],
					"position": [0, "math.cos(q.anim_time*90*3/2-90)*0.3", "math.cos(q.anim_time*90*3/2-90)*-0.3-0.3"]
				},
				"foot_right": {
					"rotation": ["7+math.cos(q.anim_time*90*3/2-120)*15", 0, 0]
				},
				"leg_left": {
					"rotation": ["10+math.cos(q.anim_time*90*3/2)*20", -25, 5],
					"position": ["math.cos(q.anim_time*90*3/2-30)*-0.3", 0, "-1.75+math.cos(q.anim_time*90*3/2-30)*0.5"]
				},
				"knee_left": {
					"rotation": ["math.cos(q.anim_time*90*3/2-90)*15", 0, 0],
					"position": [0, "math.cos(q.anim_time*90*3/2-90)*-0.3", "math.cos(q.anim_time*90*3/2-90)*0.3-0.3"]
				},
				"foot_left": {
					"rotation": ["7+math.cos(q.anim_time*90*3/2-120)*-15", 0, 0]
				}
			}
		},
		"animation.charmander.surfacewater_swim": {
			"loop": true,
			"animation_length": 8,
			"bones": {
				"body": {
					"rotation": [62.5, 0, 0],
					"position": [0, "-0.625+math.sin(q.anim_time*90*6-60)*-0.1", 0]
				},
				"torso": {
					"rotation": ["math.cos(q.anim_time*90*6-60)*-1", "math.cos(q.anim_time*90*3-30)*4", 0]
				},
				"torso2": {
					"rotation": ["-22.5+math.cos(q.anim_time*90*6-120)*-1.5", "math.cos(q.anim_time*90*3-90)*-3", "math.cos(q.anim_time*90*3-60)*1"],
					"position": [0, -0.5, 0]
				},
				"neck": {
					"rotation": ["-17.5+math.cos(q.anim_time*90*6-180)*-1", 0, 0]
				},
				"head": {
					"rotation": ["math.cos(q.anim_time*90*6-60)*2", "math.cos(q.anim_time*90*3)*-4", 0]
				},
				"head_correction": {
					"rotation": [-35, 0, 0]
				},
				"head_angle": {
					"rotation": [10, 0, 0]
				},
				"muzzle": {
					"position": [0, 0.5, 0]
				},
				"jaw": {
					"rotation": ["5+math.cos(q.anim_time*90*6-12)*2", 0, 0]
				},
				"arm_right": {
					"rotation": [
						"-5+math.sin(q.anim_time*90*3+30)*-20",
						"math.cos(q.anim_time*90*3+30)*30",
						"-25+math.sin(q.anim_time*90*3)*15+math.cos(q.anim_time*90*3+30)*-10"
					]
				},
				"elbow_right": {
					"rotation": [0, "-12.5+math.cos(q.anim_time*90*3)*10", 0]
				},
				"arm_left": {
					"rotation": [
						"-5+math.sin(q.anim_time*90*3+30)*20",
						"math.cos(q.anim_time*90*3+30)*30",
						"25+math.sin(q.anim_time*90*3)*15+math.cos(q.anim_time*90*3+30)*-10"
					]
				},
				"elbow_left": {
					"rotation": [0, "12.5+math.cos(q.anim_time*90*3)*10", 0]
				},
				"tail": {
					"rotation": ["-50+math.cos(q.anim_time*90*6-90)*3", "math.cos(q.anim_time*90*3-90)*6", 0],
					"position": [0, "-2.25+math.cos(q.anim_time*90*6-30)*0.2", -1.25]
				},
				"tail2": {
					"rotation": ["22.5+math.cos(q.anim_time*90*6-140)*5", "math.cos(q.anim_time*90*3-150)*8", 0]
				},
				"tail3": {
					"rotation": ["22.5+math.cos(q.anim_time*90*6-190)*5", "math.cos(q.anim_time*90*3-210)*12", 0]
				},
				"fire": {
					"rotation": ["-67.5+math.cos(q.anim_time*90*6-130)*-7", "math.cos(q.anim_time*90*3+90)*12", "math.cos(q.anim_time*90*3-210)*-12"]
				},
				"fire2": {
					"rotation": ["math.sin(q.anim_time*90*16)*-0.4", 0, "math.sin(q.anim_time*90*14)*-0.7"]
				},
				"leg_right": {
					"rotation": ["10+math.cos(q.anim_time*90*3)*-20", 25, -5],
					"position": ["math.cos(q.anim_time*90*3-30)*-0.3", 0, "-1.75+math.cos(q.anim_time*90*3-30)*-0.5"]
				},
				"knee_right": {
					"rotation": ["math.cos(q.anim_time*90*3-90)*-15", 0, 0],
					"position": [0, "math.cos(q.anim_time*90*3-90)*0.3", "math.cos(q.anim_time*90*3-90)*-0.3-0.3"]
				},
				"foot_right": {
					"rotation": ["7+math.cos(q.anim_time*90*3-120)*15", 0, 0]
				},
				"leg_left": {
					"rotation": ["10+math.cos(q.anim_time*90*3)*20", -25, 5],
					"position": ["math.cos(q.anim_time*90*3-30)*-0.3", 0, "-1.75+math.cos(q.anim_time*90*3-30)*0.5"]
				},
				"knee_left": {
					"rotation": ["math.cos(q.anim_time*90*3-90)*15", 0, 0],
					"position": [0, "math.cos(q.anim_time*90*3-90)*-0.3", "math.cos(q.anim_time*90*3-90)*0.3-0.3"]
				},
				"foot_left": {
					"rotation": ["7+math.cos(q.anim_time*90*3-120)*-15", 0, 0]
				},
				"legs": {
					"rotation": [20, 0, 0]
				}
			}
		}
	}
}