{
	"format_version": "1.12.0",
	"minecraft:geometry": [
		{
			"description": {
				"identifier": "geometry.eiscue_ice",
				"texture_width": 64,
				"texture_height": 64,
				"visible_bounds_width": 3,
				"visible_bounds_height": 3.5,
				"visible_bounds_offset": [0, 1.25, 0]
			},
			"bones": [
				{
					"name": "eiscue",
					"pivot": [0, 0, 0]
				},
				{
					"name": "body",
					"parent": "eiscue",
					"pivot": [0, 6.6, 0]
				},
				{
					"name": "torso",
					"parent": "body",
					"pivot": [0, 3.1, 0],
					"cubes": [
						{"origin": [-4, 2.1, -3.5], "size": [8, 8, 7], "uv": [0, 28]}
					]
				},
				{
					"name": "torso2",
					"parent": "torso",
					"pivot": [0, 10.1, 0],
					"cubes": [
						{"origin": [-3, 9.1, -3], "size": [6, 5, 6], "uv": [0, 43]}
					]
				},
				{
					"name": "head",
					"parent": "torso2",
					"pivot": [0, 14.6, 0]
				},
				{
					"name": "head_ai",
					"parent": "head",
					"pivot": [0, 14.6, 0]
				},
				{
					"name": "head_correction",
					"parent": "head_ai",
					"pivot": [0, 14.6, 0]
				},
				{
					"name": "head_angle",
					"parent": "head_correction",
					"pivot": [0, 14.6, 0],
					"cubes": [
						{"origin": [-7.5, 13.6, -7.5], "size": [15, 13, 15], "uv": [0, 0]},
						{"origin": [-2, 16.1, -8.5], "size": [4, 2, 2], "uv": [3, 11]},
						{"origin": [-5.5, 18.1, -7.52], "size": [3, 4, 0], "uv": [0, 0]},
						{"origin": [-5, 18.6, -7.54], "size": [2, 3, 0], "uv": [0, 4]},
						{"origin": [3, 18.6, -7.54], "size": [2, 3, 0], "uv": [4, 4]},
						{"origin": [2.5, 18.1, -7.52], "size": [3, 4, 0], "uv": [6, 0]}
					]
				},
				{
					"name": "hair",
					"parent": "head_angle",
					"pivot": [0, 26.6, -0.5],
					"cubes": [
						{"origin": [-0.5, 25.6, -0.5], "size": [1, 3, 0], "uv": [15, 60]}
					]
				},
				{
					"name": "hair2",
					"parent": "hair",
					"pivot": [0, 28.6, -0.5],
					"cubes": [
						{"origin": [-0.5, 28.6, -0.5], "size": [1, 3, 0], "inflate": 0.01, "uv": [18, 60]}
					]
				},
				{
					"name": "hair3",
					"parent": "hair2",
					"pivot": [0, 31.6, -0.5],
					"cubes": [
						{"origin": [-0.5, 31.6, -0.5], "size": [1, 3, 0], "uv": [21, 60]}
					]
				},
				{
					"name": "arms",
					"parent": "torso2",
					"pivot": [0.01, 12.6, 0]
				},
				{
					"name": "arm_left",
					"parent": "arms",
					"pivot": [3.01, 12.6, 0],
					"cubes": [
						{"origin": [3.01, 12.1, -1.5], "size": [3, 1, 3], "inflate": 0.02, "uv": [24, 53]}
					]
				},
				{
					"name": "arm_left2",
					"parent": "arm_left",
					"pivot": [6.01, 12.6, 1.5],
					"cubes": [
						{"origin": [6.01, 12.1, -2], "size": [4, 1, 4], "uv": [30, 41]}
					]
				},
				{
					"name": "hand_left",
					"parent": "arm_left2",
					"pivot": [10.01, 12.6, 0],
					"cubes": [
						{"origin": [9.9, 12.1, -2], "size": [2, 1, 4], "inflate": -0.02, "uv": [32, 46]}
					]
				},
				{
					"name": "arm_right",
					"parent": "arms",
					"pivot": [-3.01, 12.6, 0],
					"cubes": [
						{"origin": [-6.01, 12.1, -1.5], "size": [3, 1, 3], "inflate": 0.02, "uv": [15, 54]}
					]
				},
				{
					"name": "arm_right2",
					"parent": "arm_right",
					"pivot": [-6.01, 12.6, 1.5],
					"cubes": [
						{"origin": [-10.01, 12.1, -2], "size": [4, 1, 4], "uv": [18, 43]}
					]
				},
				{
					"name": "hand_right",
					"parent": "arm_right2",
					"pivot": [-10.01, 12.6, 0],
					"cubes": [
						{"origin": [-11.9, 12.1, -2], "size": [2, 1, 4], "inflate": -0.02, "uv": [24, 48]}
					]
				},
				{
					"name": "tail",
					"parent": "torso",
					"pivot": [0, 3.1, 3.5],
					"cubes": [
						{"origin": [-3, 0.1, 3.5], "size": [6, 3, 0], "uv": [33, 60]}
					]
				},
				{
					"name": "legs",
					"parent": "body",
					"pivot": [0, 2.6, 0]
				},
				{
					"name": "leg_left",
					"parent": "legs",
					"pivot": [2.5, 2.6, 0],
					"cubes": [
						{"origin": [1.5, 2.1, -1], "size": [2, 2, 2], "inflate": -0.02, "uv": [53, 0]}
					]
				},
				{
					"name": "leg_left2",
					"parent": "leg_left",
					"pivot": [2.5, 2.125, -1],
					"cubes": [
						{"origin": [1.5, 0.125, -1], "size": [2, 2, 2], "uv": [53, 4]}
					]
				},
				{
					"name": "foot_left",
					"parent": "leg_left2",
					"pivot": [2.5, 0.115, 1],
					"cubes": [
						{"origin": [1, 0.115, -1.5], "size": [3, 0, 3], "inflate": 0.01, "uv": [-2, 57]}
					]
				},
				{
					"name": "toes_left",
					"parent": "foot_left",
					"pivot": [2.5, 0.115, -1.5],
					"cubes": [
						{"origin": [1, 0.115, -3.5], "size": [3, 0, 2], "uv": [-1, 61]}
					]
				},
				{
					"name": "leg_right",
					"parent": "legs",
					"pivot": [-2.5, 2.6, 0],
					"cubes": [
						{"origin": [-3.5, 2.1, -1], "size": [2, 2, 2], "inflate": -0.02, "uv": [45, 0]}
					]
				},
				{
					"name": "leg_right2",
					"parent": "leg_right",
					"pivot": [-2.5, 2.125, -1],
					"cubes": [
						{"origin": [-3.5, 0.125, -1], "size": [2, 2, 2], "uv": [45, 4]}
					]
				},
				{
					"name": "foot_right",
					"parent": "leg_right2",
					"pivot": [-2.5, 0.115, 1],
					"cubes": [
						{"origin": [-4, 0.115, -1.5], "size": [3, 0, 3], "inflate": 0.01, "uv": [5, 57]}
					]
				},
				{
					"name": "toes_right",
					"parent": "foot_right",
					"pivot": [-2.5, 0.115, -1.5],
					"cubes": [
						{"origin": [-4, 0.115, -3.5], "size": [3, 0, 2], "uv": [6, 61]}
					]
				}
			]
		}
	]
}