{
  "portraitScale": 1.43,
  "portraitTranslation": [0.04, -0.29, 0],
  "profileScale": 0.62,
  "profileTranslation": [0.0, 0.81, 0.0],
  "rootBone": "gible",
  "animations": {
    "cry": "q.bedrock_stateful('gible', 'cry')"
  },
  "poses": {
    "standing": {
      "poseName": "standing",
      "poseTypes": ["STAND", "FLOAT", "NONE", "PORTRAIT", "PROFILE"],
      "animations": ["q.look('head')", "q.bedrock('gible', 'ground_idle')"],
      "quirks": ["q.bedrock_quirk('gible', 'blink')"]
    },
    "walking": {
      "poseName": "walking",
      "poseTypes": ["WALK", "SWIM"],
      "animations": ["q.bedrock('gible', 'ground_walk')"],
      "quirks": ["q.bedrock_quirk('gible', 'blink')"]
    }
  }
}
