{
	"format_version": "1.12.0",
	"minecraft:geometry": [
		{
			"description": {
				"identifier": "geometry.flabebe",
				"texture_width": 64,
				"texture_height": 32,
				"visible_bounds_width": 3,
				"visible_bounds_height": 3.5,
				"visible_bounds_offset": [0, 1.25, 0]
			},
			"bones": [
				{
					"name": "flabebe",
					"pivot": [0, 0, 0]
				},
				{
					"name": "body",
					"parent": "flabebe",
					"pivot": [0, 21, 0],
					"cubes": [
						{"origin": [-1.5, 20, -1.5], "size": [3, 3, 3], "uv": [0, 8]},
						{"origin": [-1, 20.5, -1.51], "size": [2, 1, 0], "uv": [0, 14]},
						{"origin": [-1, 20.5, 1.51], "size": [2, 1, 0], "uv": [0, 15]},
						{"origin": [1.51, 20.5, -1], "size": [0, 1, 2], "uv": [8, 24]},
						{"origin": [-1.51, 20.5, -1], "size": [0, 1, 2], "uv": [8, 25], "mirror": true}
					]
				},
				{
					"name": "arms",
					"parent": "body",
					"pivot": [0, 23, 0]
				},
				{
					"name": "arm_left",
					"parent": "arms",
					"pivot": [1.5, 22.25, 0],
					"cubes": [
						{"origin": [1, 21.75, -0.5], "size": [1, 1, 1], "uv": [9, 9]}
					]
				},
				{
					"name": "arm_left2",
					"parent": "arm_left",
					"pivot": [2, 22.75, 0.5],
					"cubes": [
						{"origin": [2, 21.75, -0.5], "size": [2, 1, 1], "inflate": 0.01, "uv": [15, 7]}
					]
				},
				{
					"name": "arm_right",
					"parent": "arms",
					"pivot": [-1.5, 22.25, 0],
					"cubes": [
						{"origin": [-2, 21.75, -0.5], "size": [1, 1, 1], "uv": [12, 8], "mirror": true}
					]
				},
				{
					"name": "arm_right2",
					"parent": "arm_right",
					"pivot": [-2, 22.75, 0.5],
					"cubes": [
						{"origin": [-4, 21.75, -0.5], "size": [2, 1, 1], "inflate": 0.01, "uv": [15, 9], "mirror": true}
					]
				},
				{
					"name": "neck",
					"parent": "body",
					"pivot": [0, 23, 0],
					"cubes": [
						{"origin": [-1, 22.5, -1], "size": [2, 2, 2], "uv": [22, 5]}
					]
				},
				{
					"name": "head",
					"parent": "neck",
					"pivot": [0, 24.5, 0],
					"cubes": [
						{"origin": [-2, 23.5, -2], "size": [4, 4, 4], "uv": [0, 0]},
						{"origin": [-2, 26.7, -2], "size": [4, 1, 0], "inflate": 0.01, "uv": [16, 4]},
						{"origin": [-2, 26.7, 2], "size": [4, 1, 0], "inflate": 0.01, "uv": [24, 4]},
						{"origin": [2, 26.7, -2], "size": [0, 1, 4], "inflate": 0.01, "uv": [16, -4]},
						{"origin": [-2, 26.7, -2], "size": [0, 1, 4], "inflate": 0.01, "uv": [24, -4]},
						{"origin": [1, 24, -2.01], "size": [1, 1, 0], "uv": [12, 0]},
						{"origin": [-2, 24, -2.01], "size": [1, 1, 0], "uv": [14, 0]}
					]
				},
				{
					"name": "eyes",
					"parent": "head",
					"pivot": [0, 25.5, -2.01]
				},
				{
					"name": "eye_left",
					"parent": "eyes",
					"pivot": [1, 25.25, -2.02],
					"cubes": [
						{"origin": [0.5, 24.75, -2.02], "size": [1, 1, 0], "uv": [0, 2]}
					]
				},
				{
					"name": "pupil_left",
					"parent": "eye_left",
					"pivot": [1, 25.85, -2.03],
					"cubes": [
						{"origin": [0.5, 25.35, -2.01], "size": [1, 1, 0], "uv": [0, 3]}
					]
				},
				{
					"name": "eyelid_left",
					"parent": "eye_left",
					"pivot": [1, 25.5, -1.43],
					"cubes": [
						{"origin": [0.5, 24.5, -1.93], "size": [1, 2, 1], "inflate": 0.01, "uv": [28, 1]}
					]
				},
				{
					"name": "eye_right",
					"parent": "eyes",
					"pivot": [-1, 25.25, -2.02],
					"cubes": [
						{"origin": [-1.5, 24.75, -2.02], "size": [1, 1, 0], "uv": [2, 2], "mirror": true}
					]
				},
				{
					"name": "pupil_right",
					"parent": "eye_right",
					"pivot": [-1, 25.85, -2.03],
					"cubes": [
						{"origin": [-1.5, 25.35, -2.01], "size": [1, 1, 0], "uv": [2, 3], "mirror": true}
					]
				},
				{
					"name": "eyelid_right",
					"parent": "eye_right",
					"pivot": [-1, 25.5, -1.43],
					"cubes": [
						{"origin": [-1.5, 24.5, -1.93], "size": [1, 2, 1], "inflate": 0.01, "uv": [32, 0], "mirror": true}
					]
				},
				{
					"name": "beak",
					"parent": "head",
					"pivot": [0, 24.75, -2],
					"rotation": [-37.5, 0, 0],
					"cubes": [
						{"origin": [-0.5, 24.25, -2], "size": [1, 1, 0], "pivot": [0, 24.75, -2], "rotation": [0, 0, -45], "uv": [2, 1]}
					]
				},
				{
					"name": "ears",
					"parent": "head",
					"pivot": [0, 25.4, 0]
				},
				{
					"name": "ear_left",
					"parent": "ears",
					"pivot": [2, 25.5, 0],
					"cubes": [
						{"origin": [1, 24.5, 0], "size": [2, 2, 0], "uv": [16, 5]}
					]
				},
				{
					"name": "ear_left2",
					"parent": "ear_left",
					"pivot": [3, 26.5, 0],
					"cubes": [
						{"origin": [3, 24.1, 0], "size": [4, 3, 0], "inflate": 0.01, "uv": [12, 1]}
					]
				},
				{
					"name": "ear_right",
					"parent": "ears",
					"pivot": [-2, 25.5, 0],
					"cubes": [
						{"origin": [-3, 24.5, 0], "size": [2, 2, 0], "uv": [20, 5], "mirror": true}
					]
				},
				{
					"name": "ear_right2",
					"parent": "ear_right",
					"pivot": [-3, 26.5, 0],
					"cubes": [
						{"origin": [-7, 24.1, 0], "size": [4, 3, 0], "inflate": 0.01, "uv": [20, 1], "mirror": true}
					]
				},
				{
					"name": "tail",
					"parent": "body",
					"pivot": [0, 20, 0],
					"cubes": [
						{"origin": [-0.5, 18.5, -0.5], "size": [1, 2, 1], "uv": [12, 10]}
					]
				},
				{
					"name": "tail2",
					"parent": "tail",
					"pivot": [0, 18.5, 0],
					"cubes": [
						{"origin": [-0.5, 17.5, -0.5], "size": [1, 1, 1], "uv": [16, 11]}
					]
				},
				{
					"name": "flower",
					"parent": "flabebe",
					"pivot": [0, 6.5, 0],
					"cubes": [
						{"origin": [-2.5, 6.5, -2.5], "size": [5, 2, 5], "inflate": 0.01, "uv": [0, 14]}
					]
				},
				{
					"name": "petals",
					"parent": "flower",
					"pivot": [0, 8.5, 0]
				},
				{
					"name": "petal_front",
					"parent": "petals",
					"pivot": [0, 8.5, 0]
				},
				{
					"name": "petal_front_rotation",
					"parent": "petal_front",
					"pivot": [0, 8.5, -2],
					"rotation": [-5, 0, 0],
					"cubes": [
						{"origin": [-2, 8.5, -3.5], "size": [4, 0, 2], "uv": [10, 21]}
					]
				},
				{
					"name": "petal_front2",
					"parent": "petal_front_rotation",
					"pivot": [0, 8.5, -3.5],
					"cubes": [
						{"origin": [-2.5, 8.5, -8.5], "size": [5, 0, 5], "uv": [7, 23]}
					]
				},
				{
					"name": "petal_left1",
					"parent": "petals",
					"pivot": [0, 8.5, 0],
					"rotation": [0, -72.5, 0]
				},
				{
					"name": "petal_left1_rotation",
					"parent": "petal_left1",
					"pivot": [0, 8.5, -2],
					"rotation": [-5, 0, 0],
					"cubes": [
						{"origin": [-2, 8.5, -3.5], "size": [4, 0, 2], "uv": [22, 20]}
					]
				},
				{
					"name": "petal_left1_2",
					"parent": "petal_left1_rotation",
					"pivot": [0, 8.5, -3.5],
					"cubes": [
						{"origin": [-2.5, 8.5, -8.5], "size": [5, 0, 5], "uv": [17, 22]}
					]
				},
				{
					"name": "petal_left2",
					"parent": "petals",
					"pivot": [0, 8.5, 0],
					"rotation": [0, 36, 0]
				},
				{
					"name": "petal_left2_rotation",
					"parent": "petal_left2",
					"pivot": [0, 8.5, 2],
					"rotation": [5, 0, 0],
					"cubes": [
						{"origin": [-2, 8.5, 1.5], "size": [4, 0, 2], "uv": [24, 13]}
					]
				},
				{
					"name": "petal_left2_2",
					"parent": "petal_left2_rotation",
					"pivot": [0, 8.5, 3.5],
					"cubes": [
						{"origin": [-2.5, 8.5, 3.5], "size": [5, 0, 5], "uv": [23, 15]}
					]
				},
				{
					"name": "petal_right1",
					"parent": "petals",
					"pivot": [0, 8.5, 0],
					"rotation": [0, 72.5, 0]
				},
				{
					"name": "petal_right1_rotation",
					"parent": "petal_right1",
					"pivot": [0, 8.5, -2],
					"rotation": [-5, 0, 0],
					"cubes": [
						{"origin": [-2, 8.5, -3.5], "size": [4, 0, 2], "uv": [12, 28], "mirror": true}
					]
				},
				{
					"name": "petal_right1_2",
					"parent": "petal_right1_rotation",
					"pivot": [0, 8.5, -3.5],
					"cubes": [
						{"origin": [-2.5, 8.5, -8.5], "size": [5, 0, 5], "uv": [17, 27], "mirror": true}
					]
				},
				{
					"name": "petal_right2",
					"parent": "petals",
					"pivot": [0, 8.5, 0],
					"rotation": [0, -36, 0]
				},
				{
					"name": "petal_right2_rotation",
					"parent": "petal_right2",
					"pivot": [0, 8.5, 2],
					"rotation": [5, 0, 0],
					"cubes": [
						{"origin": [-2, 8.5, 1.5], "size": [4, 0, 2], "uv": [30, 20], "mirror": true}
					]
				},
				{
					"name": "petal_right2_2",
					"parent": "petal_right2_rotation",
					"pivot": [0, 8.5, 3.5],
					"cubes": [
						{"origin": [-2.5, 8.5, 3.5], "size": [5, 0, 5], "uv": [27, 22], "mirror": true}
					]
				},
				{
					"name": "stems",
					"parent": "flower",
					"pivot": [0, 8.5, 0]
				},
				{
					"name": "main_stem",
					"parent": "stems",
					"pivot": [0, 8.5, 0],
					"cubes": [
						{"origin": [-0.5, 8, -0.5], "size": [1, 2, 1], "uv": [1, 16]}
					]
				},
				{
					"name": "main_stem2",
					"parent": "main_stem",
					"pivot": [0, 10, 0],
					"cubes": [
						{"origin": [-0.5, 10, -0.5], "size": [1, 3, 1], "inflate": 0.01, "uv": [15, 15]}
					]
				},
				{
					"name": "main_stem3",
					"parent": "main_stem2",
					"pivot": [0, 12.5, 0],
					"cubes": [
						{"origin": [-1, 12.5, -1], "size": [2, 2, 2], "uv": [20, 9]}
					]
				},
				{
					"name": "stem_back",
					"parent": "stems",
					"pivot": [0, 8.5, 1.75],
					"cubes": [
						{"origin": [0, 8, 1.25], "size": [0, 3, 1], "uv": [20, 17]}
					]
				},
				{
					"name": "stem_back2",
					"parent": "stem_back",
					"pivot": [0, 11, 1.25],
					"cubes": [
						{"origin": [0, 11, 1.25], "size": [0, 3, 1], "inflate": 0.01, "uv": [22, 17]}
					]
				},
				{
					"name": "stem_back3",
					"parent": "stem_back2",
					"pivot": [0, 14, 1.25],
					"cubes": [
						{"origin": [-0.5, 14, 1.25], "size": [1, 1, 1], "inflate": 0.1, "uv": [24, 18]}
					]
				},
				{
					"name": "stem_left",
					"parent": "stems",
					"pivot": [1, 8.5, -1.5],
					"cubes": [
						{"origin": [1, 8, -2], "size": [0, 3, 1], "uv": [18, 12]}
					]
				},
				{
					"name": "stem_left2",
					"parent": "stem_left",
					"pivot": [1, 11, -1],
					"cubes": [
						{"origin": [1, 11, -2], "size": [0, 3, 1], "inflate": 0.01, "uv": [20, 12]}
					]
				},
				{
					"name": "stem_left3",
					"parent": "stem_left2",
					"pivot": [1, 14, -1],
					"cubes": [
						{"origin": [0.5, 14, -2], "size": [1, 1, 1], "inflate": 0.1, "uv": [19, 16]}
					]
				},
				{
					"name": "stem_right",
					"parent": "stems",
					"pivot": [-1, 8.5, -1.5],
					"cubes": [
						{"origin": [-1, 8, -2], "size": [0, 3, 1], "uv": [22, 12], "mirror": true}
					]
				},
				{
					"name": "stem_right2",
					"parent": "stem_right",
					"pivot": [-1, 11, -1],
					"cubes": [
						{"origin": [-1, 11, -2], "size": [0, 3, 1], "inflate": 0.01, "uv": [24, 12], "mirror": true}
					]
				},
				{
					"name": "stem_right3",
					"parent": "stem_right2",
					"pivot": [-1, 14, -1],
					"cubes": [
						{"origin": [-1.5, 14, -2], "size": [1, 1, 1], "inflate": 0.1, "uv": [23, 16], "mirror": true}
					]
				},
				{
					"name": "root",
					"parent": "flower",
					"pivot": [0, 6.5, 0],
					"cubes": [
						{"origin": [-0.5, 4, -0.5], "size": [1, 4, 1], "inflate": 0.11, "uv": [0, 21]}
					]
				},
				{
					"name": "root2",
					"parent": "root",
					"pivot": [0, 4, 0],
					"cubes": [
						{"origin": [-0.5, 0, -0.5], "size": [1, 4, 1], "inflate": 0.1, "uv": [4, 21]}
					]
				},
				{
					"name": "leaf_front",
					"parent": "root2",
					"pivot": [0, 1, -0.6],
					"rotation": [22.5, 0, 0],
					"cubes": [
						{"origin": [-1, 1, -0.6], "size": [2, 5, 0], "uv": [8, 21]}
					]
				},
				{
					"name": "leaf_left",
					"parent": "root2",
					"pivot": [0.6, 1, 0.4],
					"rotation": [0, -32.5, 0]
				},
				{
					"name": "leaf_left_rotation",
					"parent": "leaf_left",
					"pivot": [0.6, 1, 0.4],
					"rotation": [0, 0, 22.5],
					"cubes": [
						{"origin": [0.6, 1, -0.6], "size": [0, 5, 2], "uv": [0, 24]}
					]
				},
				{
					"name": "leaf_right",
					"parent": "root2",
					"pivot": [-0.6, 1, 0.4],
					"rotation": [0, 32.5, 0]
				},
				{
					"name": "leaf_right_rotation",
					"parent": "leaf_right",
					"pivot": [-0.6, 1, 0.4],
					"rotation": [0, 0, -22.5],
					"cubes": [
						{"origin": [-0.6, 1, -0.6], "size": [0, 5, 2], "uv": [4, 24], "mirror": true}
					]
				}
			]
		}
	]
}