{
	"format_version": "1.8.0",
	"animations": {
		"animation.emboar.ground_idle": {
			"loop": true,
			"bones": {
				"torso": {
					"rotation": ["7.5+0.3*math.cos(q.anim_time*90*1-30)", 0, "-0.1*math.sin(q.anim_time*90*1-10)"],
					"position": [0, "-0.325-0.2*math.cos(q.anim_time*90*1)", "-0.075+0.1*math.cos(q.anim_time*90*1)"]
				},
				"waist": {
					"rotation": ["-5.5+0.5*math.cos(q.anim_time*90*1-50)", 0, "-0.15*math.sin(q.anim_time*90*1-30)"]
				},
				"chest": {
					"rotation": ["5+0.7*math.cos(q.anim_time*90*1-70)", 0, "-0.2*math.sin(q.anim_time*90*1-50)"]
				},
				"head": {
					"rotation": ["3.75-0.9*math.cos(q.anim_time*90*1-100)", "0.7*math.sin(q.anim_time*90*0.5-70)", "0.5*math.sin(q.anim_time*90*1-70)"]
				},
				"shoulder_left": {
					"rotation": ["3+1*math.cos(q.anim_time*90*0.5-50)", 0, "18.5+1.7*math.cos(q.anim_time*90*1-10)"]
				},
				"arm_left": {
					"rotation": ["15.4027+2*math.cos(q.anim_time*90*0.5-70)", -12.94967, "23.8692+0.7*math.cos(q.anim_time*90*1-35)"]
				},
				"arm_left2": {
					"rotation": ["1*math.cos(q.anim_time*90*0.5-90)", "74.75+2*math.cos(q.anim_time*90*0.5-90)", "0.6*math.cos(q.anim_time*90*1-65)"]
				},
				"arm_fur_left": {
					"rotation": [-1.31845, -9.91358, 7.61435]
				},
				"arm_fur_left2": {
					"rotation": [-0.97336, 2.56452, 0.0635]
				},
				"hand_left": {
					"rotation": ["1*math.cos(q.anim_time*90*0.5-90)", "15.75+2*math.cos(q.anim_time*90*0.5-90)", "1.9*math.cos(q.anim_time*90*1-95)"]
				},
				"finger_left1": {
					"rotation": [-42.68827, "-32.2137-3*math.cos(q.anim_time*90*1-90)", "39.5305+3*math.cos(q.anim_time*90*1-90)"],
					"position": [0, 0, -0.15]
				},
				"finger_left2": {
					"rotation": [0, 0, "40+6*math.cos(q.anim_time*90*1-90)"],
					"position": [0.4, 0.1, 0]
				},
				"finger_left3": {
					"rotation": [10.0238, 12.04748, "47.2597+6*math.cos(q.anim_time*90*1-90)"],
					"position": [0.05, 0, 0]
				},
				"shoulder_right": {
					"rotation": ["3+1*math.cos(q.anim_time*90*0.5-50)", 0, "-18.5-1.7*math.cos(q.anim_time*90*1-10)"]
				},
				"arm_right": {
					"rotation": ["15.4027+2*math.cos(q.anim_time*90*0.5-70)", 12.94967, "-23.8692-0.7*math.cos(q.anim_time*90*1-35)"]
				},
				"arm_right2": {
					"rotation": ["1*math.cos(q.anim_time*90*0.5-90)", "-74.75-2*math.cos(q.anim_time*90*0.5-90)", "-0.6*math.cos(q.anim_time*90*1-65)"]
				},
				"arm_fur_right": {
					"rotation": [-1.31845, 9.91358, -7.61435]
				},
				"arm_fur_right2": {
					"rotation": [-0.97336, -2.56452, -0.0635]
				},
				"hand_right": {
					"rotation": ["1*math.cos(q.anim_time*90*0.5-90)", "-11.5-2*math.cos(q.anim_time*90*0.5-90)", "-1.9*math.cos(q.anim_time*90*1-95)"]
				},
				"finger_right1": {
					"rotation": [-42.68827, "32.2137+3*math.cos(q.anim_time*90*1-90)", "-39.5305-3*math.cos(q.anim_time*90*1-90)"],
					"position": [0, 0, -0.15]
				},
				"finger_right2": {
					"rotation": [0, 0, "-40-6*math.cos(q.anim_time*90*1-90)"],
					"position": [-0.4, 0.1, 0]
				},
				"finger_right3": {
					"rotation": [10.0238, -12.04748, "-47.2597-6*math.cos(q.anim_time*90*1-90)"],
					"position": [-0.05, 0, 0]
				},
				"leg_left": {
					"rotation": ["-12.6208-2*math.cos(q.anim_time*90*1)", -12.45167, -8.89307],
					"position": ["-0.03*math.cos(q.anim_time*90*1)", "-1.4534-0.075*math.cos(q.anim_time*90*1)", "-0.1067+0.137*math.cos(q.anim_time*90*1)"]
				},
				"leg_left2": {
					"rotation": ["19.8423+1*math.cos(q.anim_time*90*1)", 2.55868, 5.44761]
				},
				"foot_left": {
					"rotation": ["-5.4989+1*math.cos(q.anim_time*90*1)", "-0.0219-0.25*math.cos(q.anim_time*90*1)", "4.7508+0.2*math.cos(q.anim_time*90*1)"]
				},
				"leg_right": {
					"rotation": ["-12.6208-2*math.cos(q.anim_time*90*1)", 12.45167, 8.89307],
					"position": ["0.03*math.cos(q.anim_time*90*1)", "-1.4534-0.075*math.cos(q.anim_time*90*1)", "-0.1067+0.137*math.cos(q.anim_time*90*1)"]
				},
				"leg_right2": {
					"rotation": ["19.8423+1*math.cos(q.anim_time*90*1)", -2.55868, -5.44761]
				},
				"foot_right": {
					"rotation": ["-5.4989+1*math.cos(q.anim_time*90*1)", "0.0219+0.25*math.cos(q.anim_time*90*1)", "-4.7508-0.2*math.cos(q.anim_time*90*1)"]
				},
				"fire_front_left": {
					"rotation": ["-0.4+math.sin(q.anim_time*90*6-60)*0.8", 0, "math.sin(q.anim_time*90*9-60)*1.2"],
					"scale": ["1+math.sin(q.anim_time*90*6-90)*-0.01", "1+math.sin(q.anim_time*90*6-30)*0.02", "1+math.sin(q.anim_time*90*6-90)*-0.02"]
				},
				"fire_front_right": {
					"rotation": ["-0.4+math.sin(q.anim_time*90*6-60)*0.8", 0, "-math.sin(q.anim_time*90*9-60)*1.2"],
					"scale": ["1+math.sin(q.anim_time*90*6-90)*-0.01", "1+math.sin(q.anim_time*90*6-30)*0.02", "1+math.sin(q.anim_time*90*6-90)*-0.02"]
				},
				"fire_front_left2": {
					"rotation": ["-0.4+math.sin(q.anim_time*90*6-80)*0.8", 0, "math.sin(q.anim_time*90*9-80)*1.2"],
					"scale": ["1+math.sin(q.anim_time*90*6-110)*-0.02", "1+math.sin(q.anim_time*90*6-50)*0.02", "1+math.sin(q.anim_time*90*6-110)*-0.02"]
				},
				"fire_front_right2": {
					"rotation": ["-0.4+math.sin(q.anim_time*90*6-80)*0.8", 0, "-math.sin(q.anim_time*90*9-80)*1.2"],
					"scale": ["1+math.sin(q.anim_time*90*6-110)*-0.02", "1+math.sin(q.anim_time*90*6-50)*0.02", "1+math.sin(q.anim_time*90*6-110)*-0.02"]
				},
				"fire_left": {
					"rotation": ["-0.2+math.sin(q.anim_time*90*6-40)*0.2", 0, "math.sin(q.anim_time*90*6-40)*1.5"],
					"scale": ["1+math.sin(q.anim_time*90*6-40)*-0.01", "1+math.sin(q.anim_time*90*6-10)*0.01", "1+math.sin(q.anim_time*90*6-70)*-0.01"]
				},
				"fire_left2": {
					"rotation": ["-0.4+math.sin(q.anim_time*90*6-70)*0.4", 0, "math.sin(q.anim_time*90*6-100)*2"],
					"scale": ["1+math.sin(q.anim_time*90*6-100)*-0.01", "1+math.sin(q.anim_time*90*6-40)*0.01", "1+math.sin(q.anim_time*90*6-100)*-0.01"]
				},
				"fire_left_3": {
					"rotation": ["-0.6+math.sin(q.anim_time*90*6-100)*0.6", 0, "math.sin(q.anim_time*90*6-160)*4"],
					"scale": ["1+math.sin(q.anim_time*90*6-130)*-0.01", "1+math.sin(q.anim_time*90*6-70)*0.01", "1+math.sin(q.anim_time*90*6-130)*-0.01"]
				},
				"fire_right": {
					"rotation": ["-0.2+math.sin(q.anim_time*90*6-40)*0.2", 0, "-math.sin(q.anim_time*90*6-40)*1.5"],
					"scale": ["1+math.sin(q.anim_time*90*6-40)*-0.01", "1+math.sin(q.anim_time*90*6-10)*0.01", "1+math.sin(q.anim_time*90*6-70)*-0.01"]
				},
				"fire_right2": {
					"rotation": ["-0.4+math.sin(q.anim_time*90*6-70)*0.4", 0, "-math.sin(q.anim_time*90*6-100)*2"],
					"scale": ["1+math.sin(q.anim_time*90*6-100)*-0.01", "1+math.sin(q.anim_time*90*6-40)*0.01", "1+math.sin(q.anim_time*90*6-100)*-0.01"]
				},
				"fire_right_3": {
					"rotation": ["-0.6+math.sin(q.anim_time*90*6-100)*0.6", 0, "-math.sin(q.anim_time*90*6-160)*4"],
					"scale": ["1+math.sin(q.anim_time*90*6-130)*-0.01", "1+math.sin(q.anim_time*90*6-70)*0.01", "1+math.sin(q.anim_time*90*6-130)*-0.01"]
				},
				"tail": {
					"rotation": ["-1.7743-2*math.cos(q.anim_time*90*1.5-15)", "-7.4955*math.cos(q.anim_time*90*1-45)", "2*math.cos(q.anim_time*90*1-60)"]
				},
				"tail2": {
					"rotation": ["6.0623-2*math.cos(q.anim_time*90*1.5-45)", "-8.2045*math.cos(q.anim_time*90*1-75)", "3*math.cos(q.anim_time*90*1-90)"]
				},
				"tail3": {
					"rotation": ["6.8751-3*math.cos(q.anim_time*90*1.5-85)", "-10.9228*math.cos(q.anim_time*90*1-105)", "5*math.cos(q.anim_time*90*1-120)"]
				},
				"chest_tuft_left1": {
					"rotation": [0, 0, "2*math.cos(q.anim_time*90*1-90)"]
				},
				"chest_tuft_right1": {
					"rotation": [0, 0, "-2*math.cos(q.anim_time*90*1-90)"]
				},
				"chest_tuft_left2": {
					"rotation": [0, 0, "2*math.cos(q.anim_time*90*1-90)"]
				},
				"chest_tuft_right2": {
					"rotation": [0, 0, "-2*math.cos(q.anim_time*90*1-90)"]
				},
				"chest_tuft_left3": {
					"rotation": [0, 0, "2*math.cos(q.anim_time*90*1-80)"]
				},
				"chest_tuft_right3": {
					"rotation": [0, 0, "-2*math.cos(q.anim_time*90*1-80)"]
				},
				"chest_tuft_left4": {
					"rotation": [0, 0, "2*math.cos(q.anim_time*90*1-90)"]
				},
				"chest_tuft_right4": {
					"rotation": [0, 0, "-2*math.cos(q.anim_time*90*1-90)"]
				},
				"chest_tuft_left5": {
					"rotation": [0, 0, "1*math.cos(q.anim_time*90*1-90)"]
				},
				"chest_tuft_right5": {
					"rotation": [0, 0, "-1*math.cos(q.anim_time*90*1-90)"]
				}
			}
		},
		"animation.emboar.battle_idle": {
			"loop": true,
			"bones": {
				"torso": {
					"rotation": ["4.3426+0.3*math.cos(q.anim_time*90*2-30)", "10.1979+1*math.cos(q.anim_time*90*1)", "1.0379-0.4*math.cos(q.anim_time*90*1-15)"],
					"position": [0, "-1.3-0.3*math.cos(q.anim_time*90*2)", "-0.075+0.25*math.cos(q.anim_time*90*2)"]
				},
				"waist": {
					"rotation": ["0.7501+0.5*math.cos(q.anim_time*90*2-50)", "-0.6499+1*math.cos(q.anim_time*90*1-10)", "-0.0098-0.4*math.cos(q.anim_time*90*1-15)"]
				},
				"chest": {
					"rotation": ["6.0604+0.7*math.cos(q.anim_time*90*1-70)", "-5.8843-1*math.cos(q.anim_time*90*1-30)", "-1.1747+0.4*math.cos(q.anim_time*90*1-25)"]
				},
				"head": {
					"rotation": ["2.0324-1*math.cos(q.anim_time*90*1-100)", "-3.8051-1*math.cos(q.anim_time*90*1-40)", "-0.7014+0.2*math.cos(q.anim_time*90*1-25)"]
				},
				"shoulder_left": {
					"rotation": [4.86188, "15.9036+1*math.cos(q.anim_time*90*1-20)", "14.7947+1*math.cos(q.anim_time*90*2-90)"]
				},
				"arm_left": {
					"rotation": [4.98683, "3.0961+1.5*math.cos(q.anim_time*90*1-45)", "17.6453+1.3*math.cos(q.anim_time*90*2-110)"]
				},
				"arm_left2": {
					"rotation": ["-11.3703+1.5*math.cos(q.anim_time*90*1-140)", "68.6662+2*math.cos(q.anim_time*90*1-65)", "-4.3171+1.5*math.cos(q.anim_time*90*1-140)"],
					"position": [-0.625, 0, 0.375]
				},
				"arm_fur_left": {
					"rotation": [-1.31845, -9.91358, 7.61435]
				},
				"arm_fur_left2": {
					"rotation": [-0.97336, 2.56452, 0.0635]
				},
				"hand_left": {
					"rotation": [0, "15.75+2.5*math.cos(q.anim_time*90*1-95)", "2*math.cos(q.anim_time*90*2-160)"]
				},
				"finger_left1": {
					"rotation": [-42.68827, "-32.2137-3*math.cos(q.anim_time*90*2-90)", "39.5305+3*math.cos(q.anim_time*90*2-90)"],
					"position": [0, 0, -0.15]
				},
				"finger_left2": {
					"rotation": [0, 0, "40+6*math.cos(q.anim_time*90*2-90)"],
					"position": [0.4, 0.1, 0]
				},
				"finger_left3": {
					"rotation": [10.0238, 12.04748, "47.2597+6*math.cos(q.anim_time*90*2-90)"],
					"position": [0.05, 0, 0]
				},
				"shoulder_right": {
					"rotation": [4.81961, "-14.1599-1*math.cos(q.anim_time*90*1-20)", "-14.6411-1*math.cos(q.anim_time*90*2-90)"]
				},
				"arm_right": {
					"rotation": [5.23801, "19.3168-1.5*math.cos(q.anim_time*90*1-45)", "-15.638-1.3*math.cos(q.anim_time*90*2-110)"]
				},
				"arm_right2": {
					"rotation": ["-8.1202+1.5*math.cos(q.anim_time*90*1-140)", "-61.0522-2*math.cos(q.anim_time*90*1-65)", "0.7592-1.5*math.cos(q.anim_time*90*1-140)"],
					"position": [0.625, 0, 0.375]
				},
				"arm_fur_right": {
					"rotation": [-1.31845, 9.91358, -7.61435]
				},
				"arm_fur_right2": {
					"rotation": [-0.97336, -2.56452, -0.0635]
				},
				"hand_right": {
					"rotation": [0, "-15.75-2.5*math.cos(q.anim_time*90*1-95)", "-2*math.cos(q.anim_time*90*2-160)"]
				},
				"finger_right1": {
					"rotation": [-42.68827, "32.2137+3*math.cos(q.anim_time*90*2-90)", "-39.5305-3*math.cos(q.anim_time*90*2-90)"],
					"position": [0, 0, -0.15]
				},
				"finger_right2": {
					"rotation": [0, 0, "-40-6*math.cos(q.anim_time*90*2-90)"],
					"position": [-0.4, 0.1, 0]
				},
				"finger_right3": {
					"rotation": [10.0238, -12.04748, "-47.2597-6*math.cos(q.anim_time*90*2-90)"],
					"position": [-0.05, 0, 0]
				},
				"leg_left": {
					"rotation": ["-11.8133-5*math.cos(q.anim_time*90*2)", -10.2597, -10.2869],
					"position": ["0.09870-0.05*math.cos(q.anim_time*90*2)", "-1.4784-0.21*math.cos(q.anim_time*90*2)", "-2.2817+0.325*math.cos(q.anim_time*90*2)"]
				},
				"leg_left2": {
					"rotation": ["19.8423+3*math.cos(q.anim_time*90*2)", 2.55868, 5.44761]
				},
				"foot_left": {
					"rotation": ["-6.9945+2*math.cos(q.anim_time*90*2)", "0.1242-0.5*math.cos(q.anim_time*90*2)", "4.7484+0.4*math.cos(q.anim_time*90*2)"]
				},
				"leg_right": {
					"rotation": ["-11.8133-5*math.cos(q.anim_time*90*2)", 28.2597, 10.2869],
					"position": ["-0.0987+0.15*math.cos(q.anim_time*90*2)", "-1.5034-0.23*math.cos(q.anim_time*90*2)", "0.8433+0.28*math.cos(q.anim_time*90*2)"]
				},
				"leg_right2": {
					"rotation": ["19.8423+3*math.cos(q.anim_time*90*2)", -2.55868, -5.44761]
				},
				"foot_right": {
					"rotation": ["-3.4945+2*math.cos(q.anim_time*90*2)", "-0.1242+0.5*math.cos(q.anim_time*90*2)", "-4.7484-0.4*math.cos(q.anim_time*90*2)"]
				},
				"fire_front_left": {
					"rotation": ["-0.4+math.sin(q.anim_time*90*6-60)*0.8", 0, "math.sin(q.anim_time*90*9-60)*1.2"],
					"scale": ["1+math.sin(q.anim_time*90*6-90)*-0.01", "1+math.sin(q.anim_time*90*6-30)*0.02", "1+math.sin(q.anim_time*90*6-90)*-0.02"]
				},
				"fire_front_right": {
					"rotation": ["-0.4+math.sin(q.anim_time*90*6-60)*0.8", 0, "-math.sin(q.anim_time*90*9-60)*1.2"],
					"scale": ["1+math.sin(q.anim_time*90*6-90)*-0.01", "1+math.sin(q.anim_time*90*6-30)*0.02", "1+math.sin(q.anim_time*90*6-90)*-0.02"]
				},
				"fire_front_left2": {
					"rotation": ["-0.4+math.sin(q.anim_time*90*6-80)*0.8", 0, "math.sin(q.anim_time*90*9-80)*1.2"],
					"scale": ["1+math.sin(q.anim_time*90*6-110)*-0.02", "1+math.sin(q.anim_time*90*6-50)*0.02", "1+math.sin(q.anim_time*90*6-110)*-0.02"]
				},
				"fire_front_right2": {
					"rotation": ["-0.4+math.sin(q.anim_time*90*6-80)*0.8", 0, "-math.sin(q.anim_time*90*9-80)*1.2"],
					"scale": ["1+math.sin(q.anim_time*90*6-110)*-0.02", "1+math.sin(q.anim_time*90*6-50)*0.02", "1+math.sin(q.anim_time*90*6-110)*-0.02"]
				},
				"fire_left": {
					"rotation": ["-0.2+math.sin(q.anim_time*90*6-40)*0.2", 0, "math.sin(q.anim_time*90*6-40)*1.5"],
					"scale": ["1+math.sin(q.anim_time*90*6-40)*-0.01", "1+math.sin(q.anim_time*90*6-10)*0.01", "1+math.sin(q.anim_time*90*6-70)*-0.01"]
				},
				"fire_left2": {
					"rotation": ["-0.4+math.sin(q.anim_time*90*6-70)*0.4", 0, "math.sin(q.anim_time*90*6-100)*2"],
					"scale": ["1+math.sin(q.anim_time*90*6-100)*-0.01", "1+math.sin(q.anim_time*90*6-40)*0.01", "1+math.sin(q.anim_time*90*6-100)*-0.01"]
				},
				"fire_left_3": {
					"rotation": ["-0.6+math.sin(q.anim_time*90*6-100)*0.6", 0, "math.sin(q.anim_time*90*6-160)*4"],
					"scale": ["1+math.sin(q.anim_time*90*6-130)*-0.01", "1+math.sin(q.anim_time*90*6-70)*0.01", "1+math.sin(q.anim_time*90*6-130)*-0.01"]
				},
				"fire_right": {
					"rotation": ["-0.2+math.sin(q.anim_time*90*6-40)*0.2", 0, "-math.sin(q.anim_time*90*6-40)*1.5"],
					"scale": ["1+math.sin(q.anim_time*90*6-40)*-0.01", "1+math.sin(q.anim_time*90*6-10)*0.01", "1+math.sin(q.anim_time*90*6-70)*-0.01"]
				},
				"fire_right2": {
					"rotation": ["-0.4+math.sin(q.anim_time*90*6-70)*0.4", 0, "-math.sin(q.anim_time*90*6-100)*2"],
					"scale": ["1+math.sin(q.anim_time*90*6-100)*-0.01", "1+math.sin(q.anim_time*90*6-40)*0.01", "1+math.sin(q.anim_time*90*6-100)*-0.01"]
				},
				"fire_right_3": {
					"rotation": ["-0.6+math.sin(q.anim_time*90*6-100)*0.6", 0, "-math.sin(q.anim_time*90*6-160)*4"],
					"scale": ["1+math.sin(q.anim_time*90*6-130)*-0.01", "1+math.sin(q.anim_time*90*6-70)*0.01", "1+math.sin(q.anim_time*90*6-130)*-0.01"]
				},
				"mouth_smile": {
					"position": [0, 0, 0.1]
				},
				"mouth_frown": {
					"position": [0, 0, -0.1]
				},
				"tail": {
					"rotation": ["6.9757-2*math.cos(q.anim_time*90*1.5-15)", "7.4955*math.cos(q.anim_time*90*1-45)", "-2*math.cos(q.anim_time*90*1-60)"]
				},
				"tail2": {
					"rotation": ["18.3123-2*math.cos(q.anim_time*90*1.5-45)", "8.2045*math.cos(q.anim_time*90*1-75)", "-3*math.cos(q.anim_time*90*1-90)"]
				},
				"tail3": {
					"rotation": ["21.3751-3*math.cos(q.anim_time*90*1.5-85)", "10.9228*math.cos(q.anim_time*90*1-105)", "-5*math.cos(q.anim_time*90*1-120)"]
				},
				"chest_tuft_left1": {
					"rotation": [0, 0, "3*math.cos(q.anim_time*90*2-100)"]
				},
				"chest_tuft_right1": {
					"rotation": [0, 0, "-3*math.cos(q.anim_time*90*2-100)"]
				},
				"chest_tuft_left2": {
					"rotation": [0, 0, "3*math.cos(q.anim_time*90*2-100)"]
				},
				"chest_tuft_right2": {
					"rotation": [0, 0, "-3*math.cos(q.anim_time*90*2-100)"]
				},
				"chest_tuft_left3": {
					"rotation": [0, 0, "3*math.cos(q.anim_time*90*2-90)"]
				},
				"chest_tuft_right3": {
					"rotation": [0, 0, "-3*math.cos(q.anim_time*90*2-90)"]
				},
				"chest_tuft_left4": {
					"rotation": [0, 0, "3*math.cos(q.anim_time*90*2-100)"]
				},
				"chest_tuft_right4": {
					"rotation": [0, 0, "-3*math.cos(q.anim_time*90*2-90)"]
				},
				"chest_tuft_left5": {
					"rotation": [0, 0, "1*math.cos(q.anim_time*90*2-100)"]
				},
				"chest_tuft_right5": {
					"rotation": [0, 0, "-1*math.cos(q.anim_time*90*2-100)"]
				},
				"tooth_left": {
					"position": [0, -1, 0]
				},
				"tooth_right": {
					"position": [0, -1, 0]
				}
			}
		},
		"animation.emboar.ground_walk": {
			"loop": true,
			"animation_length": 2,
			"bones": {
				"torso": {
					"rotation": ["1.979+1*math.cos(q.anim_time*90*4-40)", "6.3962*math.cos(q.anim_time*90*2+15)", "-3.7219*math.cos(q.anim_time*90*2+80)"],
					"position": [0, "-1.5*math.cos(q.anim_time*90*4-30)", "-0.3*math.cos(q.anim_time*90*4-30)"]
				},
				"waist": {
					"rotation": ["3.25+1.4*math.cos(q.anim_time*90*4-60)", "3*math.cos(q.anim_time*90*2+10)", "-4.7219*math.cos(q.anim_time*90*2+50)"]
				},
				"chest": {
					"rotation": ["5+1.6*math.cos(q.anim_time*90*4-80)", "-4*math.cos(q.anim_time*90*2+5)", "-2*math.cos(q.anim_time*90*2+20)"]
				},
				"head": {
					"rotation": ["3.75+2.3*math.cos(q.anim_time*90*4-170)", "-5*math.cos(q.anim_time*90*2)", "1.5*math.cos(q.anim_time*90*2-10)"]
				},
				"shoulder_left": {
					"rotation": ["-0.2037+8.1052*math.cos(q.anim_time*90*2-10)", "-10.1409*math.cos(q.anim_time*90*2+20)", "20.2472+5*math.cos(q.anim_time*90*2)"]
				},
				"arm_left": {
					"rotation": ["18.8588-10*math.cos(q.anim_time*90*2-40)", "8.426-10*math.cos(q.anim_time*90*2+30)", 24.70721],
					"position": [0, 0, "0.5*math.cos(q.anim_time*90*2)"]
				},
				"arm_left2": {
					"rotation": [8.4051, "47.9169-12*math.cos(q.anim_time*90*2)", 9.50915]
				},
				"arm_fur_left": {
					"rotation": [-1.31845, -9.91358, 7.61435]
				},
				"arm_fur_left2": {
					"rotation": [-0.97336, 2.56452, 0.0635]
				},
				"hand_left": {
					"rotation": [0, "4.5-5*math.cos(q.anim_time*90*2-40)", 0]
				},
				"finger_left1": {
					"rotation": [-42.68827, "-32.2137+12*math.cos(q.anim_time*90*2-30)", "39.5305-12*math.cos(q.anim_time*90*2-30)"],
					"position": [0, 0, -0.15]
				},
				"finger_left2": {
					"rotation": [0, 0, "40-12*math.cos(q.anim_time*90*2-30)"],
					"position": [0.4, 0.1, 0]
				},
				"finger_left3": {
					"rotation": [10.0238, 12.04748, "47.2597-12*math.cos(q.anim_time*90*2-30)"],
					"position": [0.05, 0, 0]
				},
				"shoulder_right": {
					"rotation": ["-0.2037-8.1052*math.cos(q.anim_time*90*2-10)", "-10.1409*math.cos(q.anim_time*90*2+20)", "-20.2472+5*math.cos(q.anim_time*90*2)"]
				},
				"arm_right": {
					"rotation": ["19.505+10*math.cos(q.anim_time*90*2-40)", "-7.9547-10*math.cos(q.anim_time*90*2+30)", -28.12903],
					"position": [0, 0, "0.5*math.cos(q.anim_time*90*2)"]
				},
				"arm_right2": {
					"rotation": [-4.5299, "-48.1707-12*math.cos(q.anim_time*90*2)", 3.98495]
				},
				"arm_fur_right": {
					"rotation": [-1.31845, 9.91358, -7.61435]
				},
				"arm_fur_right2": {
					"rotation": [-0.97336, -2.56452, -0.0635]
				},
				"hand_right": {
					"rotation": [0, "-4.5-5*math.cos(q.anim_time*90*2-40)", 0]
				},
				"finger_right1": {
					"rotation": [-42.68827, "32.2137+12*math.cos(q.anim_time*90*2-30)", "-39.5305-12*math.cos(q.anim_time*90*2-30)"],
					"position": [0, 0, -0.15]
				},
				"finger_right2": {
					"rotation": [0, 0, "-40-12*math.cos(q.anim_time*90*2-30)"],
					"position": [-0.4, 0.1, 0]
				},
				"finger_right3": {
					"rotation": [10.0238, -12.04748, "-47.2597-12*math.cos(q.anim_time*90*2-30)"],
					"position": [-0.05, 0, 0]
				},
				"leg_left": {
					"rotation": {
						"0.0": [-20, -6.95167, -8.89307],
						"0.4167": [-5.5, -2.69, -10.33],
						"0.8333": [8.49, 1.57, -10.77],
						"1.0": [21.13773, 3.01951, -10.90191],
						"1.25": {
							"pre": [27.43421, 4.16951, -12.62691],
							"post": [27.43421, 4.16951, -12.62691],
							"lerp_mode": "catmullrom"
						},
						"1.5417": {
							"post": [8.39578, 2.32969, -13.70191],
							"lerp_mode": "catmullrom"
						},
						"1.7917": {
							"post": [-21.81579, -3.15549, -12.65191],
							"lerp_mode": "catmullrom"
						},
						"1.9167": [-26.81579, -5.83049, -10.75191],
						"2.0": [-20, -6.95167, -8.89307]
					},
					"position": {
						"0.0": [0.925, -0.6784, -3.13168],
						"0.4167": [0.93, -0.325, 0.19],
						"0.8333": [0.79, -0.58, 3.305],
						"1.0": [0.725, -0.245, 2.045],
						"1.2083": {
							"pre": [0.955, 0.325, 0.32],
							"post": [0.955, 0.325, 0.32],
							"lerp_mode": "catmullrom"
						},
						"1.5": {
							"post": [1.205, 2.02, -1.11],
							"lerp_mode": "catmullrom"
						},
						"1.7917": [1.025, 2.17, -2.17],
						"1.9167": [0.95, 1.12, -2.81],
						"2.0": [0.925, -0.6784, -3.13168]
					}
				},
				"leg_left2": {
					"rotation": {
						"0.0": [5, 2.55868, 5.44761],
						"0.4167": [2.98, 2.56, 5.45],
						"0.8333": [3.25, 2.55868, 5.44761],
						"1.0": [6.3, 2.55868, 5.44761],
						"1.2917": {
							"pre": [12.925, 2.55868, 5.44761],
							"post": [12.925, 2.55868, 5.44761],
							"lerp_mode": "catmullrom"
						},
						"1.5833": {
							"post": [10.45306, 2.55868, 5.44761],
							"lerp_mode": "catmullrom"
						},
						"1.7917": {
							"post": [2.77806, 2.55868, 5.44761],
							"lerp_mode": "catmullrom"
						},
						"1.9167": [1.87806, 2.55868, 5.44761],
						"2.0": [5, 2.55868, 5.44761]
					}
				},
				"foot_left": {
					"rotation": {
						"0.0": [15, 0, 5],
						"0.4167": [1.34587, -1.74952, 4.9589],
						"0.8333": [-12.5, -3.75, 5],
						"1.0": [-2.05, -4.45, 5],
						"1.3333": {
							"pre": [9.2, 0, 5],
							"post": [9.2, 0, 5],
							"lerp_mode": "catmullrom"
						},
						"1.625": {
							"post": [9.35016, 0, 5],
							"lerp_mode": "catmullrom"
						},
						"1.7917": {
							"post": [4.65016, 0, 5],
							"lerp_mode": "catmullrom"
						},
						"1.9167": [0.02516, 0, 5],
						"2.0": [15, 0, 5]
					}
				},
				"leg_right": {
					"rotation": {
						"0.0": [21.13773, -3.01951, 10.90191],
						"0.25": {
							"pre": [27.43421, -4.16951, 12.62691],
							"post": [27.43421, -4.16951, 12.62691],
							"lerp_mode": "catmullrom"
						},
						"0.5417": {
							"post": [8.39578, -2.32969, 13.70191],
							"lerp_mode": "catmullrom"
						},
						"0.7917": {
							"post": [-21.81579, 3.15549, 12.65191],
							"lerp_mode": "catmullrom"
						},
						"0.9167": [-26.81579, 5.83049, 10.75191],
						"1.0": [-20, 6.95167, 8.89307],
						"1.4167": [-5.5, 2.69, 10.33],
						"1.8333": [8.49, -1.57, 10.77],
						"2.0": [21.13773, -3.01951, 10.90191]
					},
					"position": {
						"0.0": [-0.725, -0.245, 2.045],
						"0.2083": {
							"pre": [-0.955, 0.325, 0.32],
							"post": [-0.955, 0.325, 0.32],
							"lerp_mode": "catmullrom"
						},
						"0.5": {
							"post": [-1.205, 2.02, -1.11],
							"lerp_mode": "catmullrom"
						},
						"0.7917": [-1.025, 2.17, -2.17],
						"0.9167": [-0.95, 1.12, -2.81],
						"1.0": [-0.925, -0.6784, -3.13168],
						"1.4167": [-0.93, -0.325, 0.19],
						"1.8333": [-0.79, -0.58, 3.305],
						"2.0": [-0.725, -0.245, 2.045]
					}
				},
				"leg_right2": {
					"rotation": {
						"0.0": [6.3, -2.55868, -5.44761],
						"0.2917": {
							"pre": [12.925, -2.55868, -5.44761],
							"post": [12.925, -2.55868, -5.44761],
							"lerp_mode": "catmullrom"
						},
						"0.5833": {
							"post": [10.45306, -2.55868, -5.44761],
							"lerp_mode": "catmullrom"
						},
						"0.7917": {
							"post": [2.77806, -2.55868, -5.44761],
							"lerp_mode": "catmullrom"
						},
						"0.9167": [1.87806, -2.55868, -5.44761],
						"1.0": [5, -2.55868, -5.44761],
						"1.4167": [2.98, -2.56, -5.45],
						"1.8333": [3.25, -2.55868, -5.44761],
						"2.0": [6.3, -2.55868, -5.44761]
					}
				},
				"foot_right": {
					"rotation": {
						"0.0": [-2.05, 4.45, -5],
						"0.3333": {
							"pre": [9.2, 0, -5],
							"post": [9.2, 0, -5],
							"lerp_mode": "catmullrom"
						},
						"0.625": {
							"post": [9.35016, 0, -5],
							"lerp_mode": "catmullrom"
						},
						"0.7917": {
							"post": [4.65016, 0, -5],
							"lerp_mode": "catmullrom"
						},
						"0.9167": [0.02516, 0, -5],
						"1.0": [15, 0, -5],
						"1.4167": [1.34587, 1.74952, -4.9589],
						"1.8333": [-12.5, 3.75, -5],
						"2.0": [-2.05, 4.45, -5]
					}
				},
				"fire_front_left": {
					"rotation": ["-0.4+math.sin(q.anim_time*90*6-60)*0.8", 0, "math.sin(q.anim_time*90*8-60)*1.2"],
					"scale": ["1+math.sin(q.anim_time*90*6-90)*-0.01", "1+math.sin(q.anim_time*90*6-30)*0.02", "1+math.sin(q.anim_time*90*6-90)*-0.02"]
				},
				"fire_front_right": {
					"rotation": ["-0.4+math.sin(q.anim_time*90*6-60)*0.8", 0, "-math.sin(q.anim_time*90*8-60)*1.2"],
					"scale": ["1+math.sin(q.anim_time*90*6-90)*-0.01", "1+math.sin(q.anim_time*90*6-30)*0.02", "1+math.sin(q.anim_time*90*6-90)*-0.02"]
				},
				"fire_front_left2": {
					"rotation": ["-0.4+math.sin(q.anim_time*90*6-80)*0.8", 0, "math.sin(q.anim_time*90*8-80)*1.2"],
					"scale": ["1+math.sin(q.anim_time*90*6-110)*-0.02", "1+math.sin(q.anim_time*90*6-50)*0.02", "1+math.sin(q.anim_time*90*6-110)*-0.02"]
				},
				"fire_front_right2": {
					"rotation": ["-0.4+math.sin(q.anim_time*90*6-80)*0.8", 0, "-math.sin(q.anim_time*90*8-80)*1.2"],
					"scale": ["1+math.sin(q.anim_time*90*6-110)*-0.02", "1+math.sin(q.anim_time*90*6-50)*0.02", "1+math.sin(q.anim_time*90*6-110)*-0.02"]
				},
				"fire_left": {
					"rotation": ["-0.2+math.sin(q.anim_time*90*6-40)*0.2", 0, "math.sin(q.anim_time*90*6-40)*1.5"],
					"scale": ["1+math.sin(q.anim_time*90*6-40)*-0.01", "1+math.sin(q.anim_time*90*6-10)*0.01", "1+math.sin(q.anim_time*90*6-70)*-0.01"]
				},
				"fire_left2": {
					"rotation": ["-0.4+math.sin(q.anim_time*90*6-70)*0.4", 0, "math.sin(q.anim_time*90*6-100)*2"],
					"scale": ["1+math.sin(q.anim_time*90*6-100)*-0.01", "1+math.sin(q.anim_time*90*6-40)*0.01", "1+math.sin(q.anim_time*90*6-100)*-0.01"]
				},
				"fire_left_3": {
					"rotation": ["-0.6+math.sin(q.anim_time*90*6-100)*0.6", 0, "math.sin(q.anim_time*90*6-160)*4"],
					"scale": ["1+math.sin(q.anim_time*90*6-130)*-0.01", "1+math.sin(q.anim_time*90*6-70)*0.01", "1+math.sin(q.anim_time*90*6-130)*-0.01"]
				},
				"fire_right": {
					"rotation": ["-0.2+math.sin(q.anim_time*90*6-40)*0.2", 0, "-math.sin(q.anim_time*90*6-40)*1.5"],
					"scale": ["1+math.sin(q.anim_time*90*6-40)*-0.01", "1+math.sin(q.anim_time*90*6-10)*0.01", "1+math.sin(q.anim_time*90*6-70)*-0.01"]
				},
				"fire_right2": {
					"rotation": ["-0.4+math.sin(q.anim_time*90*6-70)*0.4", 0, "-math.sin(q.anim_time*90*6-100)*2"],
					"scale": ["1+math.sin(q.anim_time*90*6-100)*-0.01", "1+math.sin(q.anim_time*90*6-40)*0.01", "1+math.sin(q.anim_time*90*6-100)*-0.01"]
				},
				"fire_right_3": {
					"rotation": ["-0.6+math.sin(q.anim_time*90*6-100)*0.6", 0, "-math.sin(q.anim_time*90*6-160)*4"],
					"scale": ["1+math.sin(q.anim_time*90*6-130)*-0.01", "1+math.sin(q.anim_time*90*6-70)*0.01", "1+math.sin(q.anim_time*90*6-130)*-0.01"]
				},
				"body": {
					"position": {
						"0.0": [0, 0, 0],
						"0.0417": [0, -0.425, 0],
						"0.0833": [0, 0, 0],
						"0.125": [0, -0.3, 0],
						"0.1667": [0, 0.025, 0],
						"0.2083": [0, -0.225, 0],
						"0.25": [0, 0.025, 0],
						"0.2917": [0, -0.15, 0],
						"0.3333": [0, 0.05, 0],
						"0.375": [0, -0.075, 0],
						"0.4167": [0, 0, 0],
						"1.0": [0, 0, 0],
						"1.0417": [0, -0.425, 0],
						"1.0833": [0, 0, 0],
						"1.125": [0, -0.3, 0],
						"1.1667": [0, 0.025, 0],
						"1.2083": [0, -0.225, 0],
						"1.25": [0, 0.025, 0],
						"1.2917": [0, -0.15, 0],
						"1.3333": [0, 0.05, 0],
						"1.375": [0, -0.075, 0],
						"1.4167": [0, 0, 0]
					}
				},
				"tail": {
					"rotation": ["-1.7743-2*math.cos(q.anim_time*90*4-15)", "9.4955*math.cos(q.anim_time*90*2-45)", "-7*math.cos(q.anim_time*90*2-30)"]
				},
				"tail2": {
					"rotation": ["6.0623-2*math.cos(q.anim_time*90*4-45)", "15.2045*math.cos(q.anim_time*90*2-75)", "-5*math.cos(q.anim_time*90*2-60)"],
					"position": [0, 0, -0.3]
				},
				"tail3": {
					"rotation": ["6.8751-3*math.cos(q.anim_time*90*4-85)", "25.9228*math.cos(q.anim_time*90*2-105)", "-9*math.cos(q.anim_time*90*2-90)"]
				},
				"chest_tuft_left1": {
					"rotation": [0, 0, "5*math.cos(q.anim_time*90*4-130)"]
				},
				"chest_tuft_right1": {
					"rotation": [0, 0, "-5*math.cos(q.anim_time*90*4-130)"]
				},
				"chest_tuft_left2": {
					"rotation": [0, 0, "5*math.cos(q.anim_time*90*4-130)"]
				},
				"chest_tuft_right2": {
					"rotation": [0, 0, "-5*math.cos(q.anim_time*90*4-130)"]
				},
				"chest_tuft_left3": {
					"rotation": [0, 0, "5*math.cos(q.anim_time*90*4-120)"]
				},
				"chest_tuft_right3": {
					"rotation": [0, 0, "-5*math.cos(q.anim_time*90*4-120)"]
				},
				"chest_tuft_left4": {
					"rotation": [0, 0, "5*math.cos(q.anim_time*90*4-130)"]
				},
				"chest_tuft_right4": {
					"rotation": [0, 0, "-5*math.cos(q.anim_time*90*4-130)"]
				},
				"chest_tuft_left5": {
					"rotation": [0, 0, "3*math.cos(q.anim_time*90*4-130)"]
				},
				"chest_tuft_right5": {
					"rotation": [0, 0, "-3*math.cos(q.anim_time*90*4-130)"]
				}
			}
		},
		"animation.emboar.cry": {
			"animation_length": 2.5,
			"bones": {
				"mouth_smile": {
					"position": {
						"0.0": [0, 0, 0],
						"0.0417": {"pre": [0, 0, 0], "post": [0, 0, 0.1]},
						"0.4167": {"pre": [0, 0, 0.1], "post": [0, 0, 0]},
						"0.5": {"pre": [0, 0, 0], "post": [0, 0, 0.1]},
						"1.25": {"pre": [0, 0, 0.1], "post": [0, 0, 0]}
					}
				},
				"mouth_frown": {
					"position": {
						"0.0": [0, 0, 0],
						"0.0417": {"pre": [0, 0, 0], "post": [0, 0, 0.1]},
						"0.4167": {"pre": [0, 0, 0.1], "post": [0, 0, 0]},
						"0.5": {"pre": [0, 0, 0], "post": [0, 0, 0.1]},
						"1.25": {"pre": [0, 0, 0.1], "post": [0, 0, 0]}
					}
				},
				"mouth_open_curve_up": {
					"position": {
						"0.0": [0, 0, 0],
						"0.0417": {"pre": [0, 0, 0], "post": [0, 0, -0.1]},
						"0.4167": {"pre": [0, 0, -0.1], "post": [0, 0, 0.1]},
						"1.25": {"pre": [0, 0, 0.1], "post": [0, 0, 0]}
					}
				},
				"mouth_open_curve_down": {
					"position": {
						"0.0": [0, 0, 0],
						"0.5": {"pre": [0, 0, 0], "post": [0, 0, -0.1]},
						"1.25": {"pre": [0, 0, -0.1], "post": [0, 0, 0]}
					}
				},
				"torso": {
					"rotation": {
						"0.0": [0, 0, 0],
						"0.125": {
							"pre": [1.25, 0, 0],
							"post": [1.25, 0, 0],
							"lerp_mode": "catmullrom"
						},
						"0.25": {
							"post": [-0.875, 0, 0],
							"lerp_mode": "catmullrom"
						},
						"0.4167": {
							"post": [-0.475, 0, 0],
							"lerp_mode": "catmullrom"
						},
						"0.625": {
							"post": [-0.575, 0, 0],
							"lerp_mode": "catmullrom"
						},
						"0.7917": {
							"post": [1.005, 0, 0],
							"lerp_mode": "catmullrom"
						},
						"1.375": {
							"post": [1.025, 0, 0],
							"lerp_mode": "catmullrom"
						},
						"1.7917": {
							"post": [0, 0, 0],
							"lerp_mode": "catmullrom"
						},
						"2.5": [0, 0, 0]
					},
					"position": {
						"0.0": [0, 0, 0],
						"0.2917": {
							"pre": [0, -0.225, 0],
							"post": [0, -0.225, 0],
							"lerp_mode": "catmullrom"
						},
						"0.5833": {
							"post": [0, -0.225, 0],
							"lerp_mode": "catmullrom"
						},
						"0.875": {
							"post": [0, 0.045, 0],
							"lerp_mode": "catmullrom"
						},
						"1.5833": {
							"post": [0, -0.005, 0],
							"lerp_mode": "catmullrom"
						},
						"2.5": [0, 0, 0]
					}
				},
				"waist": {
					"rotation": {
						"0.0": [0, 0, 0],
						"0.2083": {
							"pre": [1.25, 0, 0],
							"post": [1.25, 0, 0],
							"lerp_mode": "catmullrom"
						},
						"0.4167": {
							"post": [-0.75, 0, 0],
							"lerp_mode": "catmullrom"
						},
						"0.5833": {
							"post": [-0.35, 0, 0],
							"lerp_mode": "catmullrom"
						},
						"0.875": {
							"post": [1.005, 0, 0],
							"lerp_mode": "catmullrom"
						},
						"1.4583": {
							"post": [1.025, 0, 0],
							"lerp_mode": "catmullrom"
						},
						"1.875": {
							"post": [0, 0, 0],
							"lerp_mode": "catmullrom"
						},
						"2.5": [0, 0, 0]
					}
				},
				"chest": {
					"rotation": {
						"0.0": [0, 0, 0],
						"0.125": {
							"pre": [1.75, 0, 0],
							"post": [1.75, 0, 0],
							"lerp_mode": "catmullrom"
						},
						"0.2917": {
							"post": [2.6, 0, 0],
							"lerp_mode": "catmullrom"
						},
						"0.5": {
							"post": [1.35, 0, 0],
							"lerp_mode": "catmullrom"
						},
						"0.8333": {
							"post": [-1.725, 0, 0],
							"lerp_mode": "catmullrom"
						},
						"1.9583": {
							"post": [0, 0, 0],
							"lerp_mode": "catmullrom"
						},
						"2.5": [0, 0, 0]
					}
				},
				"head": {
					"rotation": {
						"0.0": [0, 0, 0],
						"0.2083": {
							"pre": [1.75, 0, 0],
							"post": [1.75, 0, 0],
							"lerp_mode": "catmullrom"
						},
						"0.375": {
							"post": [0.5, 0, 0],
							"lerp_mode": "catmullrom"
						},
						"0.5417": {
							"post": [1.2, 0, 0],
							"lerp_mode": "catmullrom"
						},
						"0.75": {
							"post": [-8.75, 0, 0],
							"lerp_mode": "catmullrom"
						},
						"1.8333": {
							"post": [0, 0, 0],
							"lerp_mode": "catmullrom"
						},
						"2.5": [0, 0, 0]
					}
				},
				"shoulder_left": {
					"rotation": {
						"0.0": [0, 0, 0],
						"0.0833": {
							"pre": [0, -3.25, 0],
							"post": [0, -3.25, 0],
							"lerp_mode": "catmullrom"
						},
						"0.2917": {
							"post": [0, 11.25, 0],
							"lerp_mode": "catmullrom"
						},
						"0.5833": {
							"post": [0, 13, 0],
							"lerp_mode": "catmullrom"
						},
						"0.7917": {
							"post": [0, -4.5, 0],
							"lerp_mode": "catmullrom"
						},
						"1.25": {
							"post": [0, -8.5, 0],
							"lerp_mode": "catmullrom"
						},
						"1.7917": {
							"post": [0, 0, 0],
							"lerp_mode": "catmullrom"
						},
						"2.5": [0, 0, 0]
					}
				},
				"arm_left": {
					"rotation": {
						"0.0": [0, 0, 0],
						"0.1667": {
							"pre": [0, -3.25, 0],
							"post": [0, -3.25, 0],
							"lerp_mode": "catmullrom"
						},
						"0.375": {
							"post": [0, 11.25, 0],
							"lerp_mode": "catmullrom"
						},
						"0.6667": {
							"post": [0, 13, 0],
							"lerp_mode": "catmullrom"
						},
						"0.875": {
							"post": [0, -4.5, 0],
							"lerp_mode": "catmullrom"
						},
						"1.3333": {
							"post": [0, -8.5, 0],
							"lerp_mode": "catmullrom"
						},
						"1.875": {
							"post": [0, 0, 0],
							"lerp_mode": "catmullrom"
						},
						"2.5": [0, 0, 0]
					}
				},
				"arm_left2": {
					"rotation": {
						"0.0": [0, 0, 0],
						"0.25": {
							"pre": [0, -3.25, 0],
							"post": [0, -3.25, 0],
							"lerp_mode": "catmullrom"
						},
						"0.4583": {
							"post": [0, 11.25, 0],
							"lerp_mode": "catmullrom"
						},
						"0.75": {
							"post": [0, 13, 0],
							"lerp_mode": "catmullrom"
						},
						"0.9583": {
							"post": [0, -4.5, 0],
							"lerp_mode": "catmullrom"
						},
						"1.4167": {
							"post": [0, -8.5, 0],
							"lerp_mode": "catmullrom"
						},
						"1.9583": {
							"post": [0, 0, 0],
							"lerp_mode": "catmullrom"
						},
						"2.5": [0, 0, 0]
					}
				},
				"hand_left": {
					"rotation": {
						"0.0": [0, 0, 0],
						"0.3333": {
							"pre": [0, -1.85, 0],
							"post": [0, -1.85, 0],
							"lerp_mode": "catmullrom"
						},
						"0.5417": {
							"post": [0, 2.525, 0],
							"lerp_mode": "catmullrom"
						},
						"0.8333": {
							"post": [0, 2.8, 0],
							"lerp_mode": "catmullrom"
						},
						"1.0417": {
							"post": [0, -2.6, 0],
							"lerp_mode": "catmullrom"
						},
						"1.5": {
							"post": [0, -4.1, 0],
							"lerp_mode": "catmullrom"
						},
						"2.0417": {
							"post": [0, 0, 0],
							"lerp_mode": "catmullrom"
						},
						"2.5": [0, 0, 0]
					}
				},
				"finger_left1": {
					"rotation": {
						"0.0": [0, 0, 0],
						"0.2917": {
							"pre": [0, -5.2, 0],
							"post": [0, -5.2, 0],
							"lerp_mode": "catmullrom"
						},
						"0.6667": {
							"post": [0, -6.1, 0],
							"lerp_mode": "catmullrom"
						},
						"0.875": {
							"post": [29.1, 25.975, -16.525],
							"lerp_mode": "catmullrom"
						},
						"1.4167": {
							"post": [29.1, 25.99125, -16.525],
							"lerp_mode": "catmullrom"
						},
						"2.0417": [0, 0, 0],
						"2.5": [0, 0, 0]
					},
					"position": {
						"0.6667": [0, 0, 0],
						"0.875": {
							"pre": [0, 0, -0.15],
							"post": [0, 0, -0.15],
							"lerp_mode": "catmullrom"
						},
						"1.4167": {
							"post": [0, 0, -0.15],
							"lerp_mode": "catmullrom"
						},
						"2.0417": [0, 0, 0],
						"2.5": [0, 0, 0]
					}
				},
				"finger_left2": {
					"rotation": {
						"0.0": [0, 0, 0],
						"0.2917": {
							"pre": [0, 0, 4.25],
							"post": [0, 0, 4.25],
							"lerp_mode": "catmullrom"
						},
						"0.6667": {
							"post": [0, 0, 4.25],
							"lerp_mode": "catmullrom"
						},
						"0.875": {
							"post": [10.75, 0, -31],
							"lerp_mode": "catmullrom"
						},
						"1.4167": {
							"post": [10.74982, 0.01625, -32.24109],
							"lerp_mode": "catmullrom"
						},
						"2.0417": {
							"post": [0, 0, 0],
							"lerp_mode": "catmullrom"
						},
						"2.5": [0, 0, 0]
					}
				},
				"finger_left3": {
					"rotation": {
						"0.0": [0, 0, 0],
						"0.2917": {
							"pre": [0, 0, 4.25],
							"post": [0, 0, 4.25],
							"lerp_mode": "catmullrom"
						},
						"0.6667": {
							"post": [0, 0, 4.25],
							"lerp_mode": "catmullrom"
						},
						"0.875": {
							"post": [0, 0, -31],
							"lerp_mode": "catmullrom"
						},
						"1.4167": {
							"post": [0, 0.01625, -32.24109],
							"lerp_mode": "catmullrom"
						},
						"2.0417": {
							"post": [0, 0, 0],
							"lerp_mode": "catmullrom"
						},
						"2.5": [0, 0, 0]
					}
				},
				"shoulder_right": {
					"rotation": {
						"0.0": [0, 0, 0],
						"0.0833": {
							"pre": [0, 3.25, 0],
							"post": [0, 3.25, 0],
							"lerp_mode": "catmullrom"
						},
						"0.2917": {
							"post": [0, -11.25, 0],
							"lerp_mode": "catmullrom"
						},
						"0.5833": {
							"post": [0, -13, 0],
							"lerp_mode": "catmullrom"
						},
						"0.7917": {
							"post": [0, 4.5, 0],
							"lerp_mode": "catmullrom"
						},
						"1.25": {
							"post": [0, 8.5, 0],
							"lerp_mode": "catmullrom"
						},
						"1.7917": {
							"post": [0, 0, 0],
							"lerp_mode": "catmullrom"
						},
						"2.5": [0, 0, 0]
					}
				},
				"arm_right": {
					"rotation": {
						"0.0": [0, 0, 0],
						"0.1667": {
							"pre": [0, 3.25, 0],
							"post": [0, 3.25, 0],
							"lerp_mode": "catmullrom"
						},
						"0.375": {
							"post": [0, -11.25, 0],
							"lerp_mode": "catmullrom"
						},
						"0.6667": {
							"post": [0, -13, 0],
							"lerp_mode": "catmullrom"
						},
						"0.875": {
							"post": [0, 4.5, 0],
							"lerp_mode": "catmullrom"
						},
						"1.3333": {
							"post": [0, 8.5, 0],
							"lerp_mode": "catmullrom"
						},
						"1.875": {
							"post": [0, 0, 0],
							"lerp_mode": "catmullrom"
						},
						"2.5": [0, 0, 0]
					}
				},
				"arm_right2": {
					"rotation": {
						"0.0": [0, 0, 0],
						"0.25": {
							"pre": [0, 3.25, 0],
							"post": [0, 3.25, 0],
							"lerp_mode": "catmullrom"
						},
						"0.4583": {
							"post": [0, -11.25, 0],
							"lerp_mode": "catmullrom"
						},
						"0.75": {
							"post": [0, -13, 0],
							"lerp_mode": "catmullrom"
						},
						"0.9583": {
							"post": [0, 4.5, 0],
							"lerp_mode": "catmullrom"
						},
						"1.4167": {
							"post": [0, 8.5, 0],
							"lerp_mode": "catmullrom"
						},
						"1.9583": {
							"post": [0, 0, 0],
							"lerp_mode": "catmullrom"
						},
						"2.5": [0, 0, 0]
					}
				},
				"hand_right": {
					"rotation": {
						"0.0": [0, 0, 0],
						"0.3333": {
							"pre": [0, 1.85, 0],
							"post": [0, 1.85, 0],
							"lerp_mode": "catmullrom"
						},
						"0.5417": {
							"post": [0, -2.525, 0],
							"lerp_mode": "catmullrom"
						},
						"0.8333": {
							"post": [0, -2.8, 0],
							"lerp_mode": "catmullrom"
						},
						"1.0417": {
							"post": [0, 2.6, 0],
							"lerp_mode": "catmullrom"
						},
						"1.5": {
							"post": [0, 4.1, 0],
							"lerp_mode": "catmullrom"
						},
						"2.0417": {
							"post": [0, 0, 0],
							"lerp_mode": "catmullrom"
						},
						"2.5": [0, 0, 0]
					}
				},
				"finger_right1": {
					"rotation": {
						"0.0": [0, 0, 0],
						"0.2917": {
							"pre": [0, 5.2, 0],
							"post": [0, 5.2, 0],
							"lerp_mode": "catmullrom"
						},
						"0.6667": {
							"post": [0, 6.1, 0],
							"lerp_mode": "catmullrom"
						},
						"0.875": {
							"post": [29.1, -25.975, 16.525],
							"lerp_mode": "catmullrom"
						},
						"1.4167": {
							"post": [29.1, -25.99125, 16.525],
							"lerp_mode": "catmullrom"
						},
						"2.0417": [0, 0, 0],
						"2.5": [0, 0, 0]
					},
					"position": {
						"0.6667": [0, 0, 0],
						"0.875": {
							"pre": [0, 0, -0.15],
							"post": [0, 0, -0.15],
							"lerp_mode": "catmullrom"
						},
						"1.4167": {
							"post": [0, 0, -0.15],
							"lerp_mode": "catmullrom"
						},
						"2.0417": [0, 0, 0],
						"2.5": [0, 0, 0]
					}
				},
				"finger_right2": {
					"rotation": {
						"0.0": [0, 0, 0],
						"0.2917": {
							"pre": [0, 0, -4.25],
							"post": [0, 0, -4.25],
							"lerp_mode": "catmullrom"
						},
						"0.6667": {
							"post": [0, 0, -4.25],
							"lerp_mode": "catmullrom"
						},
						"0.875": {
							"post": [10.75, 0, 31],
							"lerp_mode": "catmullrom"
						},
						"1.4167": {
							"post": [10.74982, -0.01625, 32.24109],
							"lerp_mode": "catmullrom"
						},
						"2.0417": {
							"post": [0, 0, 0],
							"lerp_mode": "catmullrom"
						},
						"2.5": [0, 0, 0]
					}
				},
				"finger_right3": {
					"rotation": {
						"0.0": [0, 0, 0],
						"0.2917": {
							"pre": [0, 0, -4.25],
							"post": [0, 0, -4.25],
							"lerp_mode": "catmullrom"
						},
						"0.6667": {
							"post": [0, 0, -4.25],
							"lerp_mode": "catmullrom"
						},
						"0.875": {
							"post": [0, 0, 31],
							"lerp_mode": "catmullrom"
						},
						"1.4167": {
							"post": [0, -0.01625, 32.24109],
							"lerp_mode": "catmullrom"
						},
						"2.0417": {
							"post": [0, 0, 0],
							"lerp_mode": "catmullrom"
						},
						"2.5": [0, 0, 0]
					}
				},
				"tail": {
					"rotation": {
						"0.0": [0, 0, 0],
						"0.25": {
							"pre": [2.25, 0, 0],
							"post": [2.25, 0, 0],
							"lerp_mode": "catmullrom"
						},
						"0.4583": {
							"post": [-2.79, 0, 0],
							"lerp_mode": "catmullrom"
						},
						"0.7083": {
							"post": [-2.79, 0, 0],
							"lerp_mode": "catmullrom"
						},
						"1.0": {
							"post": [3.96, 0, 0],
							"lerp_mode": "catmullrom"
						},
						"1.4583": {
							"post": [3.96, 0, 0],
							"lerp_mode": "catmullrom"
						},
						"1.9167": {
							"post": [0, 0, 0],
							"lerp_mode": "catmullrom"
						},
						"2.5": [0, 0, 0]
					}
				},
				"tail2": {
					"rotation": {
						"0.0": [0, 0, 0],
						"0.3333": {
							"pre": [2.25, 0, 0],
							"post": [2.25, 0, 0],
							"lerp_mode": "catmullrom"
						},
						"0.5417": {
							"post": [-2.79, 0, 0],
							"lerp_mode": "catmullrom"
						},
						"0.7917": {
							"post": [-2.79, 0, 0],
							"lerp_mode": "catmullrom"
						},
						"1.0833": {
							"post": [3.96, 0, 0],
							"lerp_mode": "catmullrom"
						},
						"1.5417": {
							"post": [3.96, 0, 0],
							"lerp_mode": "catmullrom"
						},
						"2.0": {
							"post": [0, 0, 0],
							"lerp_mode": "catmullrom"
						},
						"2.5": [0, 0, 0]
					}
				},
				"tail3": {
					"rotation": {
						"0.0": [0, 0, 0],
						"0.5": {
							"pre": [2.25, 0, 0],
							"post": [2.25, 0, 0],
							"lerp_mode": "catmullrom"
						},
						"0.7083": {
							"post": [-2.79, 0, 0],
							"lerp_mode": "catmullrom"
						},
						"0.9583": {
							"post": [-2.79, 0, 0],
							"lerp_mode": "catmullrom"
						},
						"1.25": {
							"post": [3.96, 0, 0],
							"lerp_mode": "catmullrom"
						},
						"1.7083": {
							"post": [3.96, 0, 0],
							"lerp_mode": "catmullrom"
						},
						"2.1667": {
							"post": [0, 0, 0],
							"lerp_mode": "catmullrom"
						},
						"2.5": [0, 0, 0]
					}
				},
				"mouth_neutral": {
					"position": {
						"0.0": [0, 0, 0],
						"0.0417": {"pre": [0, 0, 0], "post": [0, 0, 0.1]},
						"0.4167": {"pre": [0, 0, 0.1], "post": [0, 0, 0]},
						"0.5": {"pre": [0, 0, 0], "post": [0, 0, 0.1]},
						"1.25": {"pre": [0, 0, 0.1], "post": [0, 0, 0]}
					}
				},
				"tooth_left": {
					"position": {
						"0.0": [0, 0, 0],
						"0.0417": {"pre": [0, 0, 0], "post": [-0.5, -2, 0]},
						"0.4167": {"pre": [-0.5, -2, 0], "post": [0, 0, 0]},
						"0.5": {"pre": [0, 0, 0], "post": [0, -3, 0]},
						"1.25": {"pre": [0, -3, 0], "post": [0, 0, 0]}
					}
				},
				"tooth_right": {
					"position": {
						"0.0": [0, 0, 0],
						"0.0417": {"pre": [0, 0, 0], "post": [0.5, -2, 0]},
						"0.4167": {"pre": [0.5, -2, 0], "post": [0, 0, 0]},
						"0.5": {"pre": [0, 0, 0], "post": [0, -3, 0]},
						"1.25": {"pre": [0, -3, 0], "post": [0, 0, 0]}
					}
				},
				"eyelid_left": {
					"position": {
						"0.0": [0, 0, 0],
						"0.0417": {"pre": [0, 0, 0], "post": [0, 0, -0.1]},
						"0.2083": {"pre": [0, 0, -0.1], "post": [0, 0, 0]}
					}
				},
				"eyelid_right": {
					"position": {
						"0.0": [0, 0, 0],
						"0.0417": {"pre": [0, 0, 0], "post": [0, 0, -0.1]},
						"0.2083": {"pre": [0, 0, -0.1], "post": [0, 0, 0]}
					}
				},
				"body": {
					"position": {
						"0.0": [0, 0, 0],
						"0.0417": [0, -0.125, 0],
						"0.0833": [0, 0.025, 0],
						"0.125": [0, -0.075, 0],
						"0.1667": [0, 0.025, 0],
						"0.2083": [0, -0.075, 0],
						"0.25": [0, 0.025, 0],
						"0.2917": [0, -0.125, 0],
						"0.3333": [0, 0.025, 0],
						"0.375": [0, -0.125, 0],
						"0.4167": [0, 0.025, 0],
						"0.4583": [0, -0.075, 0],
						"0.5": [0, -0.125, 0],
						"0.5417": [0, 0.025, 0],
						"0.5833": [0, -0.125, 0],
						"0.625": [0, 0.025, 0],
						"0.6667": [0, -0.125, 0],
						"0.7083": [0, 0.025, 0],
						"0.75": [0, -0.075, 0],
						"0.7917": [0, 0.025, 0],
						"0.8333": [0, -0.125, 0],
						"0.875": [0, 0.025, 0],
						"0.9167": [0, -0.075, 0],
						"0.9583": [0, 0.025, 0],
						"1.0": [0, -0.075, 0],
						"1.0417": [0, 0, 0]
					}
				}
			},
			"sound_effects": {
				"0.0417": {
					"effect": "pokemon.emboar.cry"
				}
			}
		},
		"animation.emboar.sleep": {
			"loop": true,
			"bones": {
				"torso": {
					"rotation": ["20.75-1*math.cos(q.anim_time*90*0.5)", 0, "-0.3*math.cos(q.anim_time*90*0.25)"],
					"position": [0, "-1.525+0.1*math.cos(q.anim_time*90*0.5)", -0.075]
				},
				"waist": {
					"rotation": ["5.75-1*math.cos(q.anim_time*90*0.5-40)", 0, "-0.3*math.cos(q.anim_time*90*0.25-30)"]
				},
				"chest": {
					"rotation": ["8.25-1*math.cos(q.anim_time*90*0.5-80)", 0, "-0.3*math.cos(q.anim_time*90*0.25-60)"]
				},
				"head": {
					"rotation": ["5.25-1*math.cos(q.anim_time*90*0.5-110)", 0, "-0.3*math.cos(q.anim_time*90*0.25-90)"]
				},
				"shoulder_left": {
					"rotation": [5.61122, 47.46081, 24.57105]
				},
				"arm_left": {
					"rotation": [3.28141, -1.94349, 17.12663],
					"position": [-1.15, 0.6, -0.525]
				},
				"arm_left2": {
					"rotation": [24.96232, "39.2037-3*math.cos(q.anim_time*90*0.5-40)", "34.4551+3*math.cos(q.anim_time*90*0.5-40)"],
					"position": [0, 0, 0.775]
				},
				"arm_fur_left": {
					"rotation": [-1.31845, -9.91358, 7.61435]
				},
				"arm_fur_left2": {
					"rotation": [-0.97336, 2.56452, 0.0635]
				},
				"hand_left": {
					"rotation": [4.08728, 9.71439, 15.15168],
					"position": [-0.475, 0, 0]
				},
				"finger_left1": {
					"rotation": [-44.68827, -32.21368, 33.5305]
				},
				"finger_left2": {
					"rotation": [0, 0, 40],
					"position": [0.4, 0.1, 0]
				},
				"finger_left3": {
					"rotation": [10.0238, 12.04748, 47.25973],
					"position": [0.05, 0, 0]
				},
				"shoulder_right": {
					"rotation": [5.61122, -47.46081, -24.57105]
				},
				"arm_right": {
					"rotation": [3.28141, 1.94349, -17.12663],
					"position": [1.15, 0.6, -0.525]
				},
				"arm_right2": {
					"rotation": [24.96232, "-39.2037+3*math.cos(q.anim_time*90*0.5-40)", "-34.4551-3*math.cos(q.anim_time*90*0.5-40)"],
					"position": [0, 0, 0.775]
				},
				"arm_fur_right": {
					"rotation": [-1.31845, 9.91358, -7.61435]
				},
				"arm_fur_right2": {
					"rotation": [-0.97336, -2.56452, -0.0635]
				},
				"hand_right": {
					"rotation": [4.08728, -9.71439, -15.15168],
					"position": [0.475, 0, 0]
				},
				"finger_right1": {
					"rotation": [-44.68827, 32.21368, -33.5305]
				},
				"finger_right2": {
					"rotation": [0, 0, -40],
					"position": [-0.4, 0.1, 0]
				},
				"finger_right3": {
					"rotation": [10.0238, -12.04748, -47.25973],
					"position": [-0.05, 0, 0]
				},
				"leg_left": {
					"rotation": ["-55.496+1.5*math.cos(q.anim_time*90*0.5)", -14.72314, -10.48796],
					"position": [1.3487, "-0.6284+0.13*math.cos(q.anim_time*90*0.5)", "-3.7067+0.05*math.cos(q.anim_time*90*0.5)"]
				},
				"leg_left2": {
					"rotation": ["12.5923-1.5*math.cos(q.anim_time*90*0.5)", 2.55868, 5.44761]
				},
				"foot_left": {
					"rotation": [-5, 0, 5]
				},
				"leg_right": {
					"rotation": ["-55.496+1.5*math.cos(q.anim_time*90*0.5)", 14.72314, 10.48796],
					"position": [-1.3487, "-0.6284+0.13*math.cos(q.anim_time*90*0.5)", "-3.7067+0.05*math.cos(q.anim_time*90*0.5)"]
				},
				"leg_right2": {
					"rotation": ["12.5923-1.5*math.cos(q.anim_time*90*0.5)", -2.55868, -5.44761]
				},
				"foot_right": {
					"rotation": [-5, 0, -5]
				},
				"fire_front_left": {
					"rotation": ["-0.4+math.sin(q.anim_time*90*6-60)*0.8", 0, "math.sin(q.anim_time*90*9-60)*1.2"],
					"scale": ["1+math.sin(q.anim_time*90*6-90)*-0.01", "1+math.sin(q.anim_time*90*6-30)*0.02", "1+math.sin(q.anim_time*90*6-90)*-0.02"]
				},
				"fire_front_right": {
					"rotation": ["-0.4+math.sin(q.anim_time*90*6-60)*0.8", 0, "-math.sin(q.anim_time*90*9-60)*1.2"],
					"scale": ["1+math.sin(q.anim_time*90*6-90)*-0.01", "1+math.sin(q.anim_time*90*6-30)*0.02", "1+math.sin(q.anim_time*90*6-90)*-0.02"]
				},
				"fire_front_left2": {
					"rotation": ["-0.4+math.sin(q.anim_time*90*6-80)*0.8", 0, "math.sin(q.anim_time*90*9-80)*1.2"],
					"scale": ["1+math.sin(q.anim_time*90*6-110)*-0.02", "1+math.sin(q.anim_time*90*6-50)*0.02", "1+math.sin(q.anim_time*90*6-110)*-0.02"]
				},
				"fire_front_right2": {
					"rotation": ["-0.4+math.sin(q.anim_time*90*6-80)*0.8", 0, "-math.sin(q.anim_time*90*9-80)*1.2"],
					"scale": ["1+math.sin(q.anim_time*90*6-110)*-0.02", "1+math.sin(q.anim_time*90*6-50)*0.02", "1+math.sin(q.anim_time*90*6-110)*-0.02"]
				},
				"fire_left": {
					"rotation": ["-0.2+math.sin(q.anim_time*90*6-40)*0.2", 0, "math.sin(q.anim_time*90*6-40)*1.5"],
					"scale": ["1+math.sin(q.anim_time*90*6-40)*-0.01", "1+math.sin(q.anim_time*90*6-10)*0.01", "1+math.sin(q.anim_time*90*6-70)*-0.01"]
				},
				"fire_left2": {
					"rotation": ["-0.4+math.sin(q.anim_time*90*6-70)*0.4", 0, "math.sin(q.anim_time*90*6-100)*2"],
					"scale": ["1+math.sin(q.anim_time*90*6-100)*-0.01", "1+math.sin(q.anim_time*90*6-40)*0.01", "1+math.sin(q.anim_time*90*6-100)*-0.01"]
				},
				"fire_left_3": {
					"rotation": ["-0.6+math.sin(q.anim_time*90*6-100)*0.6", 0, "math.sin(q.anim_time*90*6-160)*4"],
					"scale": ["1+math.sin(q.anim_time*90*6-130)*-0.01", "1+math.sin(q.anim_time*90*6-70)*0.01", "1+math.sin(q.anim_time*90*6-130)*-0.01"]
				},
				"fire_right": {
					"rotation": ["-0.2+math.sin(q.anim_time*90*6-40)*0.2", 0, "-math.sin(q.anim_time*90*6-40)*1.5"],
					"scale": ["1+math.sin(q.anim_time*90*6-40)*-0.01", "1+math.sin(q.anim_time*90*6-10)*0.01", "1+math.sin(q.anim_time*90*6-70)*-0.01"]
				},
				"fire_right2": {
					"rotation": ["-0.4+math.sin(q.anim_time*90*6-70)*0.4", 0, "-math.sin(q.anim_time*90*6-100)*2"],
					"scale": ["1+math.sin(q.anim_time*90*6-100)*-0.01", "1+math.sin(q.anim_time*90*6-40)*0.01", "1+math.sin(q.anim_time*90*6-100)*-0.01"]
				},
				"fire_right_3": {
					"rotation": ["-0.6+math.sin(q.anim_time*90*6-100)*0.6", 0, "-math.sin(q.anim_time*90*6-160)*4"],
					"scale": ["1+math.sin(q.anim_time*90*6-130)*-0.01", "1+math.sin(q.anim_time*90*6-70)*0.01", "1+math.sin(q.anim_time*90*6-130)*-0.01"]
				},
				"body": {
					"rotation": [-20.75, 0, 0],
					"position": [0, -6.7, -1]
				},
				"mouth_smile": {
					"position": [0, 0, 0.1]
				},
				"mouth_neutral": {
					"position": [0, 0, -0.1]
				},
				"nose": {
					"rotation": ["-1.3*math.cos(q.anim_time*90*0.5-130)", 0, 0]
				},
				"eyelid_left": {
					"position": [0, 0, -0.1]
				},
				"eyelid_right": {
					"position": [0, 0, -0.1]
				},
				"tail": {
					"rotation": ["-0.0969-0.2*math.cos(q.anim_time*90*1-15)", "-21.2379-0.4955*math.cos(q.anim_time*90*0.5-45)", "0.4562+2*math.cos(q.anim_time*90*0.5-60)"],
					"position": [0, 0, -0.7]
				},
				"tail2": {
					"rotation": ["2.6855-0.3*math.cos(q.anim_time*90*1-45)", "-20.1797-1.2045*math.cos(q.anim_time*90*0.5-75)", -2.60551]
				},
				"tail3": {
					"rotation": ["-3.3658-0.5*math.cos(q.anim_time*90*1-85)", "-6.9536-1.9228*math.cos(q.anim_time*90*0.5-105)", -2.11513]
				},
				"tooth_left": {
					"position": [0, -0.2, 0]
				},
				"tooth_right": {
					"position": [0, -0.2, 0]
				}
			}
		},
		"animation.emboar.blink": {
			"animation_length": 0.1667,
			"bones": {
				"eyelid_left": {
					"position": {
						"0.0": [0, 0, -0.1],
						"0.125": [0, 0, -0.1],
						"0.1667": [0, 0, 0]
					}
				},
				"eyelid_right": {
					"position": {
						"0.0": [0, 0, -0.1],
						"0.125": [0, 0, -0.1],
						"0.1667": [0, 0, 0]
					}
				}
			}
		},
		"animation.emboar.recoil": {
			"animation_length": 1.5,
			"bones": {
				"eyelid_recoil_left": {
					"position": {
						"0.0": [0, 0, -0.1],
						"0.5833": {
							"pre": [0, 0, -0.1],
							"post": [0, 0, 0]
						}
					}
				},
				"eyelid_recoil_right": {
					"position": {
						"0.0": [0, 0, -0.1],
						"0.5833": {
							"pre": [0, 0, -0.1],
							"post": [0, 0, 0]
						}
					}
				},
				"torso": {
					"rotation": {
						"0.0": [0, 0, 0],
						"0.0417": [-2.7, 0, 0],
						"0.5417": {
							"pre": [0.9, 0, 0],
							"post": [0.9, 0, 0],
							"lerp_mode": "catmullrom"
						},
						"1.0833": {
							"post": [0, 0, 0],
							"lerp_mode": "catmullrom"
						},
						"1.5": [0, 0, 0]
					},
					"position": {
						"0.0": [0, 0, 0],
						"0.0417": [0, 0, 0.6],
						"0.5": {
							"pre": [0, 0, 0.025],
							"post": [0, 0, 0.025],
							"lerp_mode": "catmullrom"
						},
						"1.0": {
							"post": [0, 0, 0],
							"lerp_mode": "catmullrom"
						},
						"1.5": [0, 0, 0]
					}
				},
				"waist": {
					"rotation": {
						"0.0": [0, 0, 0],
						"0.0417": [-2.4, 0, 0],
						"0.625": {
							"pre": [1.5, 0, 0],
							"post": [1.5, 0, 0],
							"lerp_mode": "catmullrom"
						},
						"1.125": {
							"post": [0, 0, 0],
							"lerp_mode": "catmullrom"
						},
						"1.5": [0, 0, 0]
					}
				},
				"chest": {
					"rotation": {
						"0.0": [0, 0, 0],
						"0.0417": [-3.1, 0, 0],
						"0.6667": {
							"pre": [0.8, 0, 0],
							"post": [0.8, 0, 0],
							"lerp_mode": "catmullrom"
						},
						"1.1667": {
							"post": [0, 0, 0],
							"lerp_mode": "catmullrom"
						},
						"1.5": [0, 0, 0]
					}
				},
				"head": {
					"rotation": {
						"0.0": [0, 0, 0],
						"0.0417": [10.4, 0, 0],
						"0.75": {
							"pre": [4.55, 0, 0],
							"post": [4.55, 0, 0],
							"lerp_mode": "catmullrom"
						},
						"1.0833": {
							"post": [1, 0, 0],
							"lerp_mode": "catmullrom"
						},
						"1.25": {
							"post": [0, 0, 0],
							"lerp_mode": "catmullrom"
						},
						"1.5": [0, 0, 0]
					}
				},
				"eyelid_left": {
					"position": {
						"0.0": [0, 0, 0.1],
						"0.5833": {
							"pre": [0, 0, 0.1],
							"post": [0, 0, 0]
						}
					}
				},
				"eyelid_unamused_left": {
					"position": {
						"0.0": [0, 0, 0.1],
						"0.5833": {
							"pre": [0, 0, 0.1],
							"post": [0, 0, 0]
						}
					}
				},
				"eyelid_sad_left": {
					"position": {
						"0.0": [0, 0, 0.1],
						"0.5833": {
							"pre": [0, 0, 0.1],
							"post": [0, 0, 0]
						}
					}
				},
				"eyelid_happy_left": {
					"position": {
						"0.0": [0, 0, 0.1],
						"0.5833": {
							"pre": [0, 0, 0.1],
							"post": [0, 0, 0]
						}
					}
				},
				"eyelid_right": {
					"position": {
						"0.0": [0, 0, 0.1],
						"0.5833": {
							"pre": [0, 0, 0.1],
							"post": [0, 0, 0]
						}
					}
				},
				"eyelid_unamused_right": {
					"position": {
						"0.0": [0, 0, 0.1],
						"0.5833": {
							"pre": [0, 0, 0.1],
							"post": [0, 0, 0]
						}
					}
				},
				"eyelid_sad_right": {
					"position": {
						"0.0": [0, 0, 0.1],
						"0.5833": {
							"pre": [0, 0, 0.1],
							"post": [0, 0, 0]
						}
					}
				},
				"eyelid_happy_right": {
					"position": {
						"0.0": [0, 0, 0.1],
						"0.5833": {
							"pre": [0, 0, 0.1],
							"post": [0, 0, 0]
						}
					}
				},
				"shoulder_left": {
					"rotation": {
						"0.0": [0, 0, 0],
						"0.0417": [0, 0.975, 0],
						"0.2917": {
							"pre": [0, 1.3, 0],
							"post": [0, 1.3, 0],
							"lerp_mode": "catmullrom"
						},
						"0.75": {
							"post": [0, 0.075, 0],
							"lerp_mode": "catmullrom"
						},
						"1.2083": {
							"post": [0, 0.2, 0],
							"lerp_mode": "catmullrom"
						},
						"1.5": [0, 0, 0]
					}
				},
				"arm_left": {
					"rotation": {
						"0.0": [0, 0, 0],
						"0.0417": [1.85881, 6.96684, -9.67939],
						"0.3333": {
							"pre": [0, 0.625, -10.8],
							"post": [0, 0.625, -10.8],
							"lerp_mode": "catmullrom"
						},
						"0.7917": {
							"post": [0, -0.075, 0],
							"lerp_mode": "catmullrom"
						},
						"1.25": {
							"post": [0, 0, 0],
							"lerp_mode": "catmullrom"
						},
						"1.5": [0, 0, 0]
					}
				},
				"arm_left2": {
					"rotation": {
						"0.0": [0, 0, 0],
						"0.0417": [0, 19.25, 0],
						"0.375": {
							"pre": [0, 17.7, 0],
							"post": [0, 17.7, 0],
							"lerp_mode": "catmullrom"
						},
						"0.8333": {
							"post": [0, 0.625, 0],
							"lerp_mode": "catmullrom"
						},
						"1.2917": {
							"post": [0, 0.2, 0],
							"lerp_mode": "catmullrom"
						},
						"1.5": [0, 0, 0]
					}
				},
				"hand_left": {
					"rotation": {
						"0.0": [0, 0, 0],
						"0.0417": [0, 2.45, 0],
						"0.4167": {
							"pre": [0, 2.625, 0],
							"post": [0, 2.625, 0],
							"lerp_mode": "catmullrom"
						},
						"0.875": {
							"post": [0, -0.075, 0],
							"lerp_mode": "catmullrom"
						},
						"1.3333": {
							"post": [0, 0, 0],
							"lerp_mode": "catmullrom"
						},
						"1.5": [0, 0, 0]
					}
				},
				"shoulder_right": {
					"rotation": {
						"0.0": [0, 0, 0],
						"0.0417": [0, -0.975, 0],
						"0.2917": {
							"pre": [0, -1.3, 0],
							"post": [0, -1.3, 0],
							"lerp_mode": "catmullrom"
						},
						"0.75": {
							"post": [0, -0.075, 0],
							"lerp_mode": "catmullrom"
						},
						"1.2083": {
							"post": [0, -0.2, 0],
							"lerp_mode": "catmullrom"
						},
						"1.5": [0, 0, 0]
					}
				},
				"arm_right": {
					"rotation": {
						"0.0": [0, 0, 0],
						"0.0417": [1.85881, -6.96684, 9.67939],
						"0.3333": {
							"pre": [0, -0.625, 10.8],
							"post": [0, -0.625, 10.8],
							"lerp_mode": "catmullrom"
						},
						"0.7917": {
							"post": [0, 0.075, 0],
							"lerp_mode": "catmullrom"
						},
						"1.25": {
							"post": [0, 0, 0],
							"lerp_mode": "catmullrom"
						},
						"1.5": [0, 0, 0]
					}
				},
				"arm_right2": {
					"rotation": {
						"0.0": [0, 0, 0],
						"0.0417": [0, -19.25, 0],
						"0.375": {
							"pre": [0, -17.7, 0],
							"post": [0, -17.7, 0],
							"lerp_mode": "catmullrom"
						},
						"0.8333": {
							"post": [0, -0.625, 0],
							"lerp_mode": "catmullrom"
						},
						"1.2917": {
							"post": [0, -0.2, 0],
							"lerp_mode": "catmullrom"
						},
						"1.5": [0, 0, 0]
					}
				},
				"hand_right": {
					"rotation": {
						"0.0": [0, 0, 0],
						"0.0417": [0, -2.45, 0],
						"0.4167": {
							"pre": [0, -2.625, 0],
							"post": [0, -2.625, 0],
							"lerp_mode": "catmullrom"
						},
						"0.875": {
							"post": [0, 0.075, 0],
							"lerp_mode": "catmullrom"
						},
						"1.3333": {
							"post": [0, 0, 0],
							"lerp_mode": "catmullrom"
						},
						"1.5": [0, 0, 0]
					}
				}
			}
		},
		"animation.emboar.look_quirk": {
			"animation_length": 5,
			"bones": {
				"torso": {
					"rotation": {
						"0.0": [0, 0, 0],
						"0.25": {
							"pre": [0.4, -0.49294, 0],
							"post": [0.4, -0.49294, 0],
							"lerp_mode": "catmullrom"
						},
						"0.6667": {
							"post": [0.3, -1.275, 0],
							"lerp_mode": "catmullrom"
						},
						"1.125": {
							"post": [0, -2.3, 0],
							"lerp_mode": "catmullrom"
						},
						"2.5833": {
							"post": [-0.02, -2.46, 0],
							"lerp_mode": "catmullrom"
						},
						"3.25": {
							"post": [-0.5, -2.3, 0],
							"lerp_mode": "catmullrom"
						},
						"4.2917": {
							"post": [0.1, -0.6, 0],
							"lerp_mode": "catmullrom"
						},
						"5.0": [0, 0, 0]
					}
				},
				"waist": {
					"rotation": {
						"0.0": [0, 0, 0],
						"0.2917": {
							"pre": [0.9, -0.7277, 0],
							"post": [0.9, -0.7277, 0],
							"lerp_mode": "catmullrom"
						},
						"0.7917": {
							"post": [0.8, -2.25, 0],
							"lerp_mode": "catmullrom"
						},
						"1.25": {
							"post": [0, -3.925, 0],
							"lerp_mode": "catmullrom"
						},
						"3.3333": {
							"post": [0, -3.925, 0],
							"lerp_mode": "catmullrom"
						},
						"4.375": {
							"post": [0, -0.5, 0],
							"lerp_mode": "catmullrom"
						},
						"5.0": [0, 0, 0]
					}
				},
				"chest": {
					"rotation": {
						"0.0": [0, 0, 0],
						"0.2917": {
							"pre": [0.79504, -1.65069, 0],
							"post": [0.79504, -1.65069, 0],
							"lerp_mode": "catmullrom"
						},
						"0.7917": {
							"post": [1.1, -4.95, 0],
							"lerp_mode": "catmullrom"
						},
						"1.5417": {
							"post": [0, -7.125, 0],
							"lerp_mode": "catmullrom"
						},
						"2.0": {
							"post": [-0.08, -7.43, 0],
							"lerp_mode": "catmullrom"
						},
						"2.5833": {
							"post": [0.57737, -8.4784, -1.01819],
							"lerp_mode": "catmullrom"
						},
						"3.4583": {
							"post": [0.57737, -8.4784, -1.01819],
							"lerp_mode": "catmullrom"
						},
						"4.5417": {
							"post": [0, -0.5, 0],
							"lerp_mode": "catmullrom"
						},
						"5.0": [0, 0, 0]
					}
				},
				"head": {
					"rotation": {
						"0.0": [0, 0, 0],
						"0.375": [2.74885, -2.1756, -0.50906],
						"0.875": {
							"pre": [0, -5.55, -1.3],
							"post": [0, -5.55, -1.3],
							"lerp_mode": "catmullrom"
						},
						"1.875": {
							"post": [0, -6.25, -1.475],
							"lerp_mode": "catmullrom"
						},
						"2.4583": {
							"post": [1.175, -8.57, -1.475],
							"lerp_mode": "catmullrom"
						},
						"3.5": {
							"post": [1.85436, -8.21395, -1.72056],
							"lerp_mode": "catmullrom"
						},
						"4.4167": {
							"post": [0, -0.7, 0],
							"lerp_mode": "catmullrom"
						},
						"5.0": [0, 0, 0]
					}
				},
				"pupil_left": {
					"position": {
						"0.0": [0, 0, 0],
						"0.4583": {
							"pre": [0, 0, 0],
							"post": [0.5, 0, 0]
						},
						"1.875": {
							"pre": [0.5, 0, 0],
							"post": [0.6, 0, 0]
						},
						"2.875": {
							"pre": [0.6, 0, 0],
							"post": [0.5, 0, 0]
						},
						"3.9167": {
							"pre": [0.5, 0, 0],
							"post": [0, 0, 0]
						}
					}
				},
				"eyelid_left": {
					"position": {
						"0.0": [0, 0, 0],
						"0.25": {
							"pre": [0, 0, 0],
							"post": [0, 0, -0.1]
						},
						"0.4583": {
							"pre": [0, 0, -0.1],
							"post": [0, 0, 0]
						},
						"1.6667": {
							"pre": [0, 0, 0],
							"post": [0, 0, -0.1]
						},
						"1.875": {
							"pre": [0, 0, -0.1],
							"post": [0, 0, 0]
						},
						"3.7083": {
							"pre": [0, 0, 0],
							"post": [0, 0, -0.1]
						},
						"3.9167": {
							"pre": [0, 0, -0.1],
							"post": [0, 0, 0]
						}
					}
				},
				"pupil_right": {
					"position": {
						"0.0": [0, 0, 0],
						"0.4583": {
							"pre": [0, 0, 0],
							"post": [0.2, 0, 0]
						},
						"1.875": {
							"pre": [0.2, 0, 0],
							"post": [0.3, 0, 0]
						},
						"2.875": {
							"pre": [0.3, 0, 0],
							"post": [0.2, 0, 0]
						},
						"3.9167": {
							"pre": [0.2, 0, 0],
							"post": [0, 0, 0]
						}
					}
				},
				"eyelid_right": {
					"position": {
						"0.0": [0, 0, 0],
						"0.25": {
							"pre": [0, 0, 0],
							"post": [0, 0, -0.1]
						},
						"0.4583": {
							"pre": [0, 0, -0.1],
							"post": [0, 0, 0]
						},
						"1.6667": {
							"pre": [0, 0, 0],
							"post": [0, 0, -0.1]
						},
						"1.875": {
							"pre": [0, 0, -0.1],
							"post": [0, 0, 0]
						},
						"3.7083": {
							"pre": [0, 0, 0],
							"post": [0, 0, -0.1]
						},
						"3.9167": {
							"pre": [0, 0, -0.1],
							"post": [0, 0, 0]
						}
					}
				},
				"shoulder_left": {
					"rotation": {
						"0.0": [0, 0, 0],
						"0.7083": {
							"pre": [0, 8.25, 0],
							"post": [0, 8.25, 0],
							"lerp_mode": "catmullrom"
						},
						"1.5417": {
							"post": [0, 8.75, 0],
							"lerp_mode": "catmullrom"
						},
						"2.0": {
							"post": [0.3798, 8.56866, 2.52217],
							"lerp_mode": "catmullrom"
						},
						"2.8333": {
							"post": [0.66797, -0.20219, 4.47287],
							"lerp_mode": "catmullrom"
						},
						"3.9167": {
							"post": [0, 0, 0],
							"lerp_mode": "catmullrom"
						},
						"5.0": [0, 0, 0]
					}
				},
				"arm_left": {
					"rotation": {
						"0.0": [0, 0, 0],
						"0.8333": {
							"pre": [0, 8.25, 0],
							"post": [0, 8.25, 0],
							"lerp_mode": "catmullrom"
						},
						"1.6667": {
							"post": [0, 8.75, 0],
							"lerp_mode": "catmullrom"
						},
						"2.1667": {
							"post": [0.3798, 7.21866, 2.52217],
							"lerp_mode": "catmullrom"
						},
						"2.9167": {
							"post": [0.66797, -0.32719, 4.47287],
							"lerp_mode": "catmullrom"
						},
						"4.0833": {
							"post": [0, 0, 0],
							"lerp_mode": "catmullrom"
						},
						"5.0": [0, 0, 0]
					}
				},
				"arm_left2": {
					"rotation": {
						"0.0": [0, 0, 0],
						"0.9167": {
							"pre": [0, 8.25, 0],
							"post": [0, 8.25, 0],
							"lerp_mode": "catmullrom"
						},
						"1.75": {
							"post": [0, 8.75, 0],
							"lerp_mode": "catmullrom"
						},
						"2.25": {
							"post": [0.3798, -1.25634, 2.52217],
							"lerp_mode": "catmullrom"
						},
						"3.0417": {
							"post": [0.66797, -1.40219, 4.47287],
							"lerp_mode": "catmullrom"
						},
						"4.1667": {
							"post": [0, 0, 0],
							"lerp_mode": "catmullrom"
						},
						"5.0": [0, 0, 0]
					}
				},
				"hand_left": {
					"rotation": {
						"0.0": [0, 0, 0],
						"1.0833": {
							"pre": [0, 1.5, 0],
							"post": [0, 1.5, 0],
							"lerp_mode": "catmullrom"
						},
						"1.875": {
							"post": [0, 2, 0],
							"lerp_mode": "catmullrom"
						},
						"2.4167": {
							"post": [0.3798, -7.93134, 2.52217],
							"lerp_mode": "catmullrom"
						},
						"3.125": {
							"post": [0.66797, -8.07719, 4.47287],
							"lerp_mode": "catmullrom"
						},
						"4.2917": {
							"post": [0, 0, 0],
							"lerp_mode": "catmullrom"
						},
						"5.0": [0, 0, 0]
					}
				},
				"shoulder_right": {
					"rotation": {
						"0.0": [0, 0, 0],
						"0.7083": {
							"pre": [0, -8.25, 0],
							"post": [0, -8.25, 0],
							"lerp_mode": "catmullrom"
						},
						"1.5417": {
							"post": [0, -8.75, 0],
							"lerp_mode": "catmullrom"
						},
						"2.0": {
							"post": [0.3798, -8.56866, -2.52217],
							"lerp_mode": "catmullrom"
						},
						"2.8333": {
							"post": [0.66797, 0.20219, -4.47287],
							"lerp_mode": "catmullrom"
						},
						"3.9167": {
							"post": [0, 0, 0],
							"lerp_mode": "catmullrom"
						},
						"5.0": [0, 0, 0]
					}
				},
				"arm_right": {
					"rotation": {
						"0.0": [0, 0, 0],
						"0.8333": {
							"pre": [0, -8.25, 0],
							"post": [0, -8.25, 0],
							"lerp_mode": "catmullrom"
						},
						"1.6667": {
							"post": [0, -8.75, 0],
							"lerp_mode": "catmullrom"
						},
						"2.1667": {
							"post": [0.3798, -7.21866, -2.52217],
							"lerp_mode": "catmullrom"
						},
						"2.9167": {
							"post": [0.66797, 0.32719, -4.47287],
							"lerp_mode": "catmullrom"
						},
						"4.0833": {
							"post": [0, 0, 0],
							"lerp_mode": "catmullrom"
						},
						"5.0": [0, 0, 0]
					}
				},
				"arm_right2": {
					"rotation": {
						"0.0": [0, 0, 0],
						"0.9167": {
							"pre": [0, -8.25, 0],
							"post": [0, -8.25, 0],
							"lerp_mode": "catmullrom"
						},
						"1.75": {
							"post": [0, -8.75, 0],
							"lerp_mode": "catmullrom"
						},
						"2.25": {
							"post": [0.3798, 1.25634, -2.52217],
							"lerp_mode": "catmullrom"
						},
						"3.0417": {
							"post": [0.66797, 1.40219, -4.47287],
							"lerp_mode": "catmullrom"
						},
						"4.1667": {
							"post": [0, 0, 0],
							"lerp_mode": "catmullrom"
						},
						"5.0": [0, 0, 0]
					}
				},
				"hand_right": {
					"rotation": {
						"0.0": [0, 0, 0],
						"1.0833": {
							"pre": [0, -1.5, 0],
							"post": [0, -1.5, 0],
							"lerp_mode": "catmullrom"
						},
						"1.875": {
							"post": [0, -2, 0],
							"lerp_mode": "catmullrom"
						},
						"2.4167": {
							"post": [0.3798, 7.93134, -2.52217],
							"lerp_mode": "catmullrom"
						},
						"3.125": {
							"post": [0.66797, 8.07719, -4.47287],
							"lerp_mode": "catmullrom"
						},
						"4.2917": {
							"post": [0, 0, 0],
							"lerp_mode": "catmullrom"
						},
						"5.0": [0, 0, 0]
					}
				}
			}
		},
		"animation.emboar.sniff_quirk": {
			"animation_length": 1,
			"bones": {
				"chest": {
					"rotation": {
						"0.0": [0, 0, 0],
						"0.125": {
							"pre": [0.4, 0, 0],
							"post": [0.4, 0, 0],
							"lerp_mode": "catmullrom"
						},
						"0.3333": {
							"post": [-1, 0, 0],
							"lerp_mode": "catmullrom"
						},
						"0.6667": {
							"post": [0, 0, 0],
							"lerp_mode": "catmullrom"
						},
						"1.0": [0, 0, 0]
					}
				},
				"head": {
					"rotation": {
						"0.0": [0, 0, 0],
						"0.1667": {
							"pre": [1, 0, 0],
							"post": [1, 0, 0],
							"lerp_mode": "catmullrom"
						},
						"0.375": {
							"post": [-2.5, 0, 0],
							"lerp_mode": "catmullrom"
						},
						"0.75": {
							"post": [0, 0, 0],
							"lerp_mode": "catmullrom"
						},
						"1.0": [0, 0, 0]
					}
				},
				"nose": {
					"rotation": {
						"0.0": [0, 0, 0],
						"0.2083": {
							"pre": [3.2, 0, 0],
							"post": [3.2, 0, 0],
							"lerp_mode": "catmullrom"
						},
						"0.5": {
							"post": [-4.15, 0, 0],
							"lerp_mode": "catmullrom"
						},
						"0.7917": {
							"post": [0, 0, 0],
							"lerp_mode": "catmullrom"
						},
						"1.0": [0, 0, 0]
					}
				}
			}
		},
		"animation.emboar.battle_quirk": {
			"animation_length": 4,
			"bones": {
				"body": {
					"position": {
						"0.875": [0, 0, 0],
						"0.9167": [0, -0.425, 0],
						"0.9583": [0, 0, 0],
						"1.0": [0, -0.3, 0],
						"1.0417": [0, 0.025, 0],
						"1.0833": [0, -0.225, 0],
						"1.125": [0, 0.025, 0],
						"1.1667": [0, -0.15, 0],
						"1.2083": [0, 0.05, 0],
						"1.25": [0, -0.075, 0],
						"1.2917": [0, 0, 0]
					}
				},
				"torso": {
					"rotation": {
						"0.0": [0, 0, 0],
						"0.25": {
							"pre": [0.05, 0, 0],
							"post": [0.05, 0, 0],
							"lerp_mode": "catmullrom"
						},
						"0.5": {
							"post": [-0.525, 0, 1.625],
							"lerp_mode": "catmullrom"
						},
						"0.75": {
							"post": [-0.825, 0, 1.925],
							"lerp_mode": "catmullrom"
						},
						"0.875": {
							"post": [2.55, 0, 0],
							"lerp_mode": "catmullrom"
						},
						"1.4583": {
							"post": [2.95, 0, 0],
							"lerp_mode": "catmullrom"
						},
						"2.0417": {
							"post": [0, 0, 0],
							"lerp_mode": "catmullrom"
						},
						"2.5": {
							"post": [0, 0, 0],
							"lerp_mode": "catmullrom"
						},
						"3.0": [0, 0, 0]
					},
					"position": {
						"0.0": [0, 0, 0],
						"0.25": [0, 0.25, 0.16],
						"0.75": [0, 0.775, 0.325],
						"0.875": {
							"pre": [0, -0.325, -0.125],
							"post": [0, -0.325, -0.125],
							"lerp_mode": "catmullrom"
						},
						"1.625": {
							"post": [0, -0.325, -0.125],
							"lerp_mode": "catmullrom"
						},
						"2.0417": {
							"post": [0, 0, 0],
							"lerp_mode": "catmullrom"
						},
						"2.5": [0, 0, 0]
					}
				},
				"waist": {
					"rotation": {
						"0.0": [0, 0, 0],
						"0.2917": {
							"pre": [0.59, 0, 0],
							"post": [0.59, 0, 0],
							"lerp_mode": "catmullrom"
						},
						"0.5417": {
							"post": [-0.95, 0, 0.8],
							"lerp_mode": "catmullrom"
						},
						"0.75": {
							"post": [-2.15, 0, 0.8],
							"lerp_mode": "catmullrom"
						},
						"0.875": {
							"post": [0.625, 0, 0],
							"lerp_mode": "catmullrom"
						},
						"1.5417": {
							"post": [1.025, 0, 0],
							"lerp_mode": "catmullrom"
						},
						"2.0833": {
							"post": [0, 0, 0],
							"lerp_mode": "catmullrom"
						},
						"2.5417": {
							"post": [0, 0, 0],
							"lerp_mode": "catmullrom"
						},
						"3.0": [0, 0, 0]
					}
				},
				"chest": {
					"rotation": {
						"0.0": [0, 0, 0],
						"0.3333": {
							"pre": [-1.45, 0, 0],
							"post": [-1.45, 0, 0],
							"lerp_mode": "catmullrom"
						},
						"0.75": {
							"post": [-1.15, 0, 1.8],
							"lerp_mode": "catmullrom"
						},
						"0.875": {
							"post": [3.925, 0, 0],
							"lerp_mode": "catmullrom"
						},
						"1.625": {
							"post": [5.225, 0, 0],
							"lerp_mode": "catmullrom"
						},
						"2.125": {
							"post": [0, 0, 0],
							"lerp_mode": "catmullrom"
						},
						"2.5833": {
							"post": [0, 0, 0],
							"lerp_mode": "catmullrom"
						},
						"3.0": [0, 0, 0]
					}
				},
				"head": {
					"rotation": {
						"0.0": [0, 0, 0],
						"0.375": {
							"pre": [0.575, 0, 0],
							"post": [0.575, 0, 0],
							"lerp_mode": "catmullrom"
						},
						"0.75": {
							"post": [4.275, 0, -2.6],
							"lerp_mode": "catmullrom"
						},
						"0.875": {
							"post": [-7.05, 0, 0],
							"lerp_mode": "catmullrom"
						},
						"1.6667": {
							"post": [-9.35, 0, 0],
							"lerp_mode": "catmullrom"
						},
						"2.375": {
							"post": [0, 0, 0],
							"lerp_mode": "catmullrom"
						},
						"3.0": [0, 0, 0]
					}
				},
				"mouth_smile": {
					"position": {
						"0.0": [0, 0, 0],
						"0.375": {
							"pre": [0, 0, 0],
							"post": [0, 0, 0.1]
						},
						"0.8333": {
							"pre": [0, 0, 0.1],
							"post": [0, 0, 0]
						}
					}
				},
				"mouth_frown": {
					"position": {
						"0.0": [0, 0, 0],
						"0.375": {
							"pre": [0, 0, 0],
							"post": [0, 0, 0.1]
						},
						"0.8333": {
							"pre": [0, 0, 0.1],
							"post": [0, 0, 0]
						}
					}
				},
				"mouth_neutral": {
					"position": {
						"0.0": [0, 0, 0],
						"0.375": {
							"pre": [0, 0, 0],
							"post": [0, 0, 0.1]
						},
						"0.8333": {
							"pre": [0, 0, 0.1],
							"post": [0, 0, 0]
						}
					}
				},
				"mouth_open_curve_up": {
					"position": {
						"0.0": [0, 0, 0],
						"0.375": {
							"pre": [0, 0, 0],
							"post": [0, 0, -0.1]
						},
						"0.8333": {
							"pre": [0, 0, -0.1],
							"post": [0, 0, 0]
						}
					}
				},
				"mouth_open_curve_down": {
					"position": {
						"0.0": [0, 0, 0],
						"0.375": {
							"pre": [0, 0, 0],
							"post": [0, 0, 0]
						},
						"0.8333": {
							"pre": [0, 0, 0],
							"post": [0, 0, 0]
						}
					}
				},
				"tooth_left": {
					"position": {
						"0.0": [0, 0, 0],
						"0.375": {
							"pre": [0, 0, 0],
							"post": [-0.5, -2, 0]
						},
						"0.8333": {
							"pre": [-0.5, -2, 0],
							"post": [0, 0, 0]
						}
					}
				},
				"tooth_right": {
					"position": {
						"0.0": [0, 0, 0],
						"0.375": {
							"pre": [0, 0, 0],
							"post": [0.5, -2, 0]
						},
						"0.8333": {
							"pre": [0.5, -2, 0],
							"post": [0, 0, 0]
						}
					}
				},
				"eyelid_left": {
					"position": {
						"0.0": [0, 0, 0],
						"0.125": {
							"pre": [0, 0, 0],
							"post": [0, 0, -0.1]
						},
						"0.375": {
							"pre": [0, 0, -0.1],
							"post": [0, 0, 0]
						}
					}
				},
				"eyelid_right": {
					"position": {
						"0.0": [0, 0, 0],
						"0.125": {
							"pre": [0, 0, 0],
							"post": [0, 0, -0.1]
						},
						"0.375": {
							"pre": [0, 0, -0.1],
							"post": [0, 0, 0]
						}
					}
				},
				"shoulder_left": {
					"rotation": {
						"0.0": [0, 0, 0],
						"0.2917": {
							"pre": [7.91462, 4.79278, 1.43735],
							"post": [7.91462, 4.79278, 1.43735],
							"lerp_mode": "catmullrom"
						},
						"0.7917": {
							"post": [9.64842, -24.40158, -10.47129],
							"lerp_mode": "catmullrom"
						},
						"0.9167": [-0.06639, 30.26552, -8.52518],
						"1.2083": [-0.06639, 30.26552, -8.52518],
						"1.7917": {
							"pre": [-0.06639, 26.86552, -8.52518],
							"post": [-0.06639, 26.86552, -8.52518],
							"lerp_mode": "catmullrom"
						},
						"2.4583": {
							"post": [0, 0, 0],
							"lerp_mode": "catmullrom"
						},
						"3.2917": [0, 0, 0]
					}
				},
				"arm_left": {
					"rotation": {
						"0.0": [0, 0, 0],
						"0.3333": {
							"pre": [7.91462, 4.79278, 1.43735],
							"post": [7.91462, 4.79278, 1.43735],
							"lerp_mode": "catmullrom"
						},
						"0.7917": {
							"post": [9.63969, -8.90534, -6.47579],
							"lerp_mode": "catmullrom"
						},
						"0.9167": [5.6731, 42.59048, -5.97807],
						"1.2083": [5.6731, 42.59048, -5.97807],
						"1.8333": {
							"pre": [5.6731, 38.29048, -5.97807],
							"post": [5.6731, 38.29048, -5.97807],
							"lerp_mode": "catmullrom"
						},
						"2.5417": {
							"post": [0, 0, 0],
							"lerp_mode": "catmullrom"
						},
						"3.2917": [0, 0, 0]
					}
				},
				"arm_left2": {
					"rotation": {
						"0.0": [0, 0, 0],
						"0.375": {
							"pre": [7.91462, 4.79278, 1.43735],
							"post": [7.91462, 4.79278, 1.43735],
							"lerp_mode": "catmullrom"
						},
						"0.75": {
							"post": [2.22019, 10.01363, -14.66001],
							"lerp_mode": "catmullrom"
						},
						"0.9167": [0, 7.55, 0],
						"1.2083": [0, 7.55, 0],
						"1.875": {
							"pre": [0, 7.05, 0],
							"post": [0, 7.05, 0],
							"lerp_mode": "catmullrom"
						},
						"2.625": {
							"post": [0, 0, 0],
							"lerp_mode": "catmullrom"
						},
						"3.2917": [0, 0, 0]
					},
					"position": {
						"0.9167": [0, 0, 0],
						"0.9583": [0, 0, -0.175],
						"1.0": [0, 0, 0.255],
						"1.0417": [0, 0, 0.06],
						"1.0833": [0, 0, 0.19],
						"1.125": [0, 0, 0.015],
						"1.1667": [0, 0, 0]
					}
				},
				"hand_left": {
					"rotation": {
						"0.0": [0, 0, 0],
						"0.4167": {
							"pre": [7.91462, 4.79278, 1.43735],
							"post": [7.91462, 4.79278, 1.43735],
							"lerp_mode": "catmullrom"
						},
						"0.75": {
							"post": [9.63969, -8.90534, -6.47579],
							"lerp_mode": "catmullrom"
						},
						"0.9167": [0, -11.3, 0],
						"1.2083": [0, -11.3, 0],
						"1.9167": {
							"pre": [0, -10.15, 0],
							"post": [0, -10.15, 0],
							"lerp_mode": "catmullrom"
						},
						"2.7083": {
							"post": [0, 0, 0],
							"lerp_mode": "catmullrom"
						},
						"3.2917": [0, 0, 0]
					}
				},
				"shoulder_right": {
					"rotation": {
						"0.0": [0, 0, 0],
						"0.2917": {
							"pre": [7.91462, -4.79278, -1.43735],
							"post": [7.91462, -4.79278, -1.43735],
							"lerp_mode": "catmullrom"
						},
						"0.7917": {
							"post": [9.64842, 24.40158, 10.47129],
							"lerp_mode": "catmullrom"
						},
						"0.9167": [-2.41639, -26.16552, 8.52518],
						"1.2083": [-2.41639, -26.16552, 8.52518],
						"1.7917": {
							"pre": [-2.41639, -22.59052, 8.52518],
							"post": [-2.41639, -22.59052, 8.52518],
							"lerp_mode": "catmullrom"
						},
						"2.4583": {
							"post": [0, 0, 0],
							"lerp_mode": "catmullrom"
						},
						"3.2917": [0, 0, 0]
					}
				},
				"arm_right": {
					"rotation": {
						"0.0": [0, 0, 0],
						"0.3333": {
							"pre": [7.91462, -4.79278, -1.43735],
							"post": [7.91462, -4.79278, -1.43735],
							"lerp_mode": "catmullrom"
						},
						"0.7917": {
							"post": [9.63969, 8.90534, 6.47579],
							"lerp_mode": "catmullrom"
						},
						"0.9167": [4.07169, -48.73754, 5.09684],
						"1.2083": [4.07169, -48.73754, 5.09684],
						"1.8333": {
							"pre": [4.07169, -43.83754, 5.09684],
							"post": [4.07169, -43.83754, 5.09684],
							"lerp_mode": "catmullrom"
						},
						"2.5417": {
							"post": [0, 0, 0],
							"lerp_mode": "catmullrom"
						},
						"3.2917": [0, 0, 0]
					}
				},
				"arm_right2": {
					"rotation": {
						"0.0": [0, 0, 0],
						"0.375": {
							"pre": [7.91462, -4.79278, -1.43735],
							"post": [7.91462, -4.79278, -1.43735],
							"lerp_mode": "catmullrom"
						},
						"0.75": {
							"post": [2.22019, -10.01363, 14.66001],
							"lerp_mode": "catmullrom"
						},
						"0.9167": [0, -31.725, 0],
						"1.2083": [0, -31.725, 0],
						"1.875": {
							"pre": [0, -27.375, 0],
							"post": [0, -27.375, 0],
							"lerp_mode": "catmullrom"
						},
						"2.625": {
							"post": [0, 0, 0],
							"lerp_mode": "catmullrom"
						},
						"3.2917": [0, 0, 0]
					},
					"position": {
						"0.9167": [0, 0, 0],
						"0.9583": [0, 0, -0.175],
						"1.0": [0, 0, 0.255],
						"1.0417": [0, 0, 0.06],
						"1.0833": [0, 0, 0.19],
						"1.125": [0, 0, 0.015],
						"1.1667": [0, 0, 0]
					}
				},
				"hand_right": {
					"rotation": {
						"0.0": [0, 0, 0],
						"0.4167": {
							"pre": [7.91462, -4.79278, -1.43735],
							"post": [7.91462, -4.79278, -1.43735],
							"lerp_mode": "catmullrom"
						},
						"0.75": {
							"post": [9.63969, 8.90534, 6.47579],
							"lerp_mode": "catmullrom"
						},
						"0.9167": [0, 11.3, 0],
						"1.2083": [0, 11.3, 0],
						"1.9167": {
							"pre": [0, 10.15, 0],
							"post": [0, 10.15, 0],
							"lerp_mode": "catmullrom"
						},
						"2.7083": {
							"post": [0, 0, 0],
							"lerp_mode": "catmullrom"
						},
						"3.2917": [0, 0, 0]
					}
				},
				"leg_right": {
					"rotation": {
						"0.0": [0, 0, 0],
						"0.25": [-3, 0, 0],
						"0.4583": {
							"pre": [4.58, 0, 0],
							"post": [4.58, 0, 0],
							"lerp_mode": "catmullrom"
						},
						"0.7917": {
							"post": [-16, 0, 0],
							"lerp_mode": "catmullrom"
						},
						"0.875": [0, 0, 0]
					},
					"position": {
						"0.0": [0, 0, 0],
						"0.25": [0, -0.19, 0.18],
						"0.4583": {
							"pre": [0, 0.79, 0.18],
							"post": [0, 0.79, 0.18],
							"lerp_mode": "catmullrom"
						},
						"0.75": {
							"post": [0, 1.485, 0.18],
							"lerp_mode": "catmullrom"
						},
						"0.875": [0, 0, 0]
					}
				},
				"leg_right2": {
					"rotation": {
						"0.0": [0, 0, 0],
						"0.25": [3, 0, 0],
						"0.4583": {
							"pre": [3.96, 0, 0],
							"post": [3.96, 0, 0],
							"lerp_mode": "catmullrom"
						},
						"0.7917": {
							"post": [8.5, 0, 0],
							"lerp_mode": "catmullrom"
						},
						"0.875": [0, 0, 0]
					}
				},
				"foot_right": {
					"rotation": {
						"0.0": [0, 0, 0],
						"0.25": [0, 0, 0],
						"0.4583": {
							"pre": [5.25, 0, 0],
							"post": [5.25, 0, 0],
							"lerp_mode": "catmullrom"
						},
						"0.7917": {
							"post": [-2.25, 0, 0],
							"lerp_mode": "catmullrom"
						},
						"0.875": [0, 0, 0]
					}
				}
			}
		},
		"animation.emboar.mouth_open": {
			"loop": true,
			"bones": {
				"head": {
					"rotation": [-15, 0, 0]
				},
				"mouth_smile": {
					"position": [0, 0, 0.1]
				},
				"mouth_open_curve_up": {
					"position": [0, 0, -0.1]
				},
				"tooth_right": {
					"position": [0.5, -2, 0]
				},
				"tooth_left": {
					"position": [-0.5, -2, 0]
				},
				"mouth_frown": {
					"position": [0, 0, 0.1]
				},
				"mouth_neutral": {
					"position": [0, 0, 0.1]
				},
				"mouth_open_curve_down": {
					"position": [0, 0, 0]
				}
			}
		},
		"animation.emboar.unamused": {
			"loop": true,
			"bones": {
				"eyebrow_left": {
					"rotation": [0, 0, 5],
					"position": [-0.4, 0.2, 0]
				},
				"eyebrow_right": {
					"rotation": [0, 0, -5],
					"position": [0.4, 0.2, 0]
				},
				"mouth_smile": {
					"position": [0, 0, 0.1]
				},
				"tooth_left": {
					"position": [0, -0.2, 0]
				},
				"tooth_right": {
					"position": [0, -0.2, 0]
				},
				"mouth_neutral": {
					"position": [0, 0, -0.1]
				},
				"eyelid_unamused_left": {
					"position": [0, 0, -0.1]
				},
				"eyelid_unamused_right": {
					"position": [0, 0, -0.1]
				}
			}
		},
		"animation.emboar.sad": {
			"loop": true,
			"bones": {
				"eyebrow_left": {
					"rotation": [0, 0, 5],
					"position": [-0.4, 0.2, 0]
				},
				"eyebrow_right": {
					"rotation": [0, 0, -5],
					"position": [0.4, 0.2, 0]
				},
				"mouth_smile": {
					"position": [0, 0, 0.1]
				},
				"tooth_left": {
					"position": [0, -1, 0]
				},
				"tooth_right": {
					"position": [0, -1, 0]
				},
				"mouth_frown": {
					"position": [0, 0, -0.1]
				},
				"eyelid_sad_left": {
					"position": [0, 0, -0.1]
				},
				"eyelid_sad_right": {
					"position": [0, 0, -0.1]
				}
			}
		},
		"animation.emboar.angry": {
			"loop": true,
			"bones": {
				"head": {
					"rotation": [-15, 0, 0]
				},
				"eyebrow_left": {
					"rotation": [0, 0, -10],
					"position": [0, -0.3, 0]
				},
				"eyebrow_right": {
					"rotation": [0, 0, 10],
					"position": [0, -0.3, 0]
				},
				"mouth_smile": {
					"position": [0, 0, 0.1]
				},
				"tooth_left": {
					"position": [0, -3, 0]
				},
				"tooth_right": {
					"position": [0, -3, 0]
				},
				"mouth_open_curve_down": {
					"position": [0, 0, -0.1]
				}
			}
		},
		"animation.emboar.happy": {
			"loop": true,
			"bones": {
				"eyelid_happy_left": {
					"position": [0, 0, -0.1]
				},
				"eyelid_happy_right": {
					"position": [0, 0, -0.1]
				}
			}
		}
	}
}