{
	"format_version": "1.12.0",
	"minecraft:geometry": [
		{
			"description": {
				"identifier": "geometry.dustox",
				"texture_width": 128,
				"texture_height": 128,
				"visible_bounds_width": 4,
				"visible_bounds_height": 4.5,
				"visible_bounds_offset": [0, 1.75, 0]
			},
			"bones": [
				{
					"name": "dustox",
					"pivot": [0, 0, 0]
				},
				{
					"name": "body",
					"parent": "dustox",
					"pivot": [0, 0, 0]
				},
				{
					"name": "body_base",
					"parent": "body",
					"pivot": [0, 0, 0],
					"cubes": [
						{"origin": [-5, 4, -5.5], "size": [10, 6, 10], "uv": [0, 38]}
					]
				},
				{
					"name": "body_bottom",
					"parent": "body",
					"pivot": [0, 2.26333, -0.539],
					"cubes": [
						{"origin": [-4, 0, -4.5], "size": [8, 4, 8], "uv": [40, 0]},
						{"origin": [-4, 0.1, -6.3], "size": [8, 4, 0], "pivot": [0, 2, -6], "rotation": [-27.5, 0, 0], "uv": [40, 12]},
						{"origin": [-4, 0.6, 5.6], "size": [8, 4, 0], "pivot": [0, 2, 6], "rotation": [27.5, 0, 0], "uv": [30, 38]},
						{"origin": [-11, 0.9, 0.4], "size": [8, 4, 0], "pivot": [-7.02997, 2.38485, -0.64165], "rotation": [0, 90, 27], "uv": [30, 4]},
						{"origin": [3, 0.9, 0.4], "size": [8, 4, 0], "pivot": [7.02997, 2.38485, -0.64165], "rotation": [0, -90, -27], "uv": [30, 0]}
					]
				},
				{
					"name": "wings",
					"parent": "body",
					"pivot": [0, 0, 0]
				},
				{
					"name": "wing_right",
					"parent": "wings",
					"pivot": [-1, 12, 5],
					"cubes": [
						{"origin": [-18, 2, 5], "size": [18, 20, 0], "uv": [36, 18]}
					]
				},
				{
					"name": "wing_left",
					"parent": "wings",
					"pivot": [1, 12, 5],
					"cubes": [
						{"origin": [0, 2, 5], "size": [18, 20, 0], "uv": [0, 18]}
					]
				},
				{
					"name": "head",
					"parent": "body",
					"pivot": [0, 11.33333, -1.03333],
					"cubes": [
						{"origin": [-5, 10, -5.5], "size": [10, 8, 10], "uv": [0, 0]},
						{"origin": [-4.8, 12, -6.3], "size": [4, 5, 1], "uv": [50, 52]},
						{"origin": [0.8, 12, -6.3], "size": [4, 5, 1], "uv": [40, 52]}
					]
				},
				{
					"name": "antenna",
					"parent": "head",
					"pivot": [0, 0, 0]
				},
				{
					"name": "antenna_right",
					"parent": "antenna",
					"pivot": [-3, 18, -1],
					"cubes": [
						{"origin": [-4, 18, -2], "size": [2, 6, 2], "uv": [0, 38]}
					]
				},
				{
					"name": "antenna_left",
					"parent": "antenna",
					"pivot": [3, 18, -1],
					"cubes": [
						{"origin": [2, 18, -2], "size": [2, 6, 2], "uv": [0, 0]}
					]
				},
				{
					"name": "legs",
					"parent": "body",
					"pivot": [0, 0, 0]
				},
				{
					"name": "right_legs",
					"parent": "legs",
					"pivot": [0, 0, 0]
				},
				{
					"name": "leg_right_bottom",
					"parent": "right_legs",
					"pivot": [-4.3, 6, -5],
					"cubes": [
						{"origin": [-5.3, 5, -8], "size": [2, 2, 4], "uv": [40, 44]}
					]
				},
				{
					"name": "leg_right_top",
					"parent": "right_legs",
					"pivot": [-4.3, 9, -5],
					"cubes": [
						{"origin": [-5.3, 8.1, -8], "size": [2, 2, 4], "uv": [48, 46]}
					]
				},
				{
					"name": "left_legs",
					"parent": "legs",
					"pivot": [0, 0, 0]
				},
				{
					"name": "leg_left_bottom",
					"parent": "left_legs",
					"pivot": [4.3, 6, -5],
					"cubes": [
						{"origin": [3.3, 5, -8], "size": [2, 2, 4], "uv": [30, 42]}
					]
				},
				{
					"name": "leg_left_top",
					"parent": "left_legs",
					"pivot": [4.3, 9, -5],
					"cubes": [
						{"origin": [3.3, 8.1, -8], "size": [2, 2, 4], "uv": [42, 38]}
					]
				}
			]
		}
	]
}