{
	"format_version": "1.12.0",
	"minecraft:geometry": [
		{
			"description": {
				"identifier": "geometry.scraggy",
				"texture_width": 128,
				"texture_height": 128,
				"visible_bounds_width": 3,
				"visible_bounds_height": 3.5,
				"visible_bounds_offset": [0, 1.25, 0]
			},
			"bones": [
				{
					"name": "scrafty",
					"pivot": [0, 0, 0]
				},
				{
					"name": "body",
					"parent": "scrafty",
					"pivot": [0, 4, 0]
				},
				{
					"name": "body_bend",
					"parent": "body",
					"pivot": [0, 6, 0],
					"cubes": [
						{"origin": [-3.5, 6, -2.5], "size": [7, 3, 5], "uv": [43, 43]}
					]
				},
				{
					"name": "torso",
					"parent": "body_bend",
					"pivot": [0, 8.5, 0],
					"cubes": [
						{"origin": [-2, 11, -1.5], "size": [4, 4, 3], "inflate": 0.01, "uv": [59, 51]},
						{"origin": [-1.5, 11, -1.5], "size": [3, 4, 0], "inflate": 0.02, "uv": [30, 0]},
						{"origin": [-2.5, 8.5, -2], "size": [5, 3, 4], "uv": [39, 51]}
					]
				},
				{
					"name": "neck",
					"parent": "torso",
					"pivot": [0, 14.5, 0],
					"cubes": [
						{"origin": [-2, 14.5, -1.5], "size": [4, 3, 3], "uv": [61, 36]}
					]
				},
				{
					"name": "hood",
					"parent": "neck",
					"pivot": [0.5, 6, 0],
					"cubes": [
						{"origin": [-3.5, 14, -3.75], "size": [7, 3, 7], "pivot": [0, 15.5, -0.25], "rotation": [0, 32.5, -5], "uv": [33, 11]}
					]
				},
				{
					"name": "hood_off",
					"parent": "hood",
					"pivot": [0, 15.5, 2],
					"rotation": [5, 0, 0],
					"cubes": [
						{"origin": [-3.5, 11, 1.5], "size": [7, 5, 0], "pivot": [0, 12.5, 10], "rotation": [0, 0, 5], "uv": [61, 16]},
						{"origin": [3.5, 11, 1.5], "size": [0, 5, 5], "pivot": [0, 12.5, 5], "rotation": [0, 0, 5], "uv": [0, 13]},
						{"origin": [-3.5, 11, 1.5], "size": [0, 5, 5], "pivot": [0, 12.5, 5], "rotation": [0, 0, 5], "uv": [0, 0]},
						{"origin": [-3.5, 11, 6.5], "size": [7, 5, 0], "pivot": [0, 12.5, 10], "rotation": [0, 0, 5], "uv": [62, 0]},
						{"origin": [-3.5, 11, 1.5], "size": [7, 0, 5], "pivot": [0, 12.5, 5], "rotation": [0, 0, 5], "uv": [0, 45]}
					]
				},
				{
					"name": "head",
					"parent": "neck",
					"pivot": [0, 18.5, 0],
					"cubes": [
						{"origin": [-5, 16.5, -5.5], "size": [10, 8, 10], "uv": [0, 18]},
						{"origin": [-2.5, 20.75, -5.5], "size": [5, 1, 0], "inflate": 0.01, "uv": [32, 53]}
					]
				},
				{
					"name": "pupil_left",
					"parent": "head",
					"pivot": [5, 21.1, -4.25],
					"cubes": [
						{"origin": [5, 20.5, -4.85], "size": [0, 1, 1], "inflate": 0.01, "uv": [8, 23]}
					]
				},
				{
					"name": "pupil_right",
					"parent": "head",
					"pivot": [-5, 21, -4.25],
					"cubes": [
						{"origin": [-5, 20.5, -4.85], "size": [0, 1, 1], "inflate": 0.01, "uv": [8, 3]}
					]
				},
				{
					"name": "eyelid_left",
					"parent": "head",
					"pivot": [4.9, 19, -3.4],
					"cubes": [
						{"origin": [4.9, 18.5, -5.4], "size": [0, 5, 4], "inflate": 0.03, "uv": [30, 19]}
					]
				},
				{
					"name": "eyelid_right",
					"parent": "head",
					"pivot": [-4.9, 19, -3.4],
					"cubes": [
						{"origin": [-4.9, 18.5, -5.4], "size": [0, 5, 4], "inflate": 0.03, "uv": [0, 19]}
					]
				},
				{
					"name": "eyelid_left_extra",
					"parent": "head",
					"pivot": [5, 22, -3.5],
					"cubes": [
						{"origin": [5, 21.5, -5.5], "size": [0, 1, 4], "inflate": 0.02, "uv": [19, 38]}
					]
				},
				{
					"name": "eyelid_right_extra",
					"parent": "head",
					"pivot": [-5, 22, -3.5],
					"cubes": [
						{"origin": [-5, 21.5, -5.5], "size": [0, 1, 4], "inflate": 0.02, "uv": [0, 0]}
					]
				},
				{
					"name": "teeth",
					"parent": "head",
					"pivot": [0, 19, -5.5],
					"cubes": [
						{"origin": [-4, 18, -5.5], "size": [8, 2, 0], "inflate": 0.01, "uv": [30, 21]}
					]
				},
				{
					"name": "teeth_hood",
					"parent": "teeth",
					"pivot": [0, 20.5, -5.4],
					"cubes": [
						{"origin": [-1, 20, -5.4], "size": [2, 1, 0], "inflate": 0.01, "uv": [22, 48]}
					]
				},
				{
					"name": "mouth",
					"parent": "head",
					"pivot": [0.5, 18.5, -5.4],
					"cubes": [
						{"origin": [-4, 18, -5.4], "size": [8, 1, 0], "inflate": 0.02, "uv": [62, 5]}
					]
				},
				{
					"name": "mouth2",
					"parent": "mouth",
					"pivot": [0.5, 19.52, -5.3],
					"cubes": [
						{"origin": [-3, 19.02, -5.3], "size": [6, 1, 0], "inflate": 0.02, "uv": [62, 6]}
					]
				},
				{
					"name": "mohawk",
					"parent": "head",
					"pivot": [0, 25.5, -0.5],
					"cubes": [
						{"origin": [-0.5, 23.65, -4], "size": [1, 7, 5], "inflate": 0.01, "pivot": [0.5, 25.5, 0.5], "rotation": [12.5, 0, 0], "uv": [55, 4]},
						{"origin": [-0.5, 24.5, -7.5], "size": [1, 6, 5], "pivot": [0.5, 25.5, -2.5], "rotation": [50, 0, 0], "uv": [44, 60]},
						{"origin": [-0.5, 24.25, 3], "size": [1, 6, 5], "inflate": 0.01, "pivot": [0.5, 25.5, 2.5], "rotation": [-55, 0, 0], "uv": [13, 60]},
						{"origin": [-0.5, 23.85, -0.25], "size": [1, 7, 5], "pivot": [0.5, 25.5, -0.5], "rotation": [-15, 0, 0], "uv": [52, 53]}
					]
				},
				{
					"name": "hood_on",
					"parent": "head",
					"pivot": [0, 20.5, -0.5],
					"cubes": [
						{"origin": [-5, 16.5, -5.5], "size": [10, 8, 10], "inflate": 0.1, "uv": [0, 0]}
					]
				},
				{
					"name": "hood_on2",
					"parent": "hood_on",
					"pivot": [0, 24.75, -3.5],
					"rotation": [12.5, 0, -2.5],
					"cubes": [
						{"origin": [-1.75, 20.75, 5], "size": [3, 3, 3], "pivot": [-0.25, 20.75, 5], "rotation": [32.5, 0, 10], "uv": [62, 42]},
						{"origin": [-2.5, 20.5, -6], "size": [5, 7, 11], "uv": [29, 25]}
					]
				},
				{
					"name": "arm_left",
					"parent": "torso",
					"pivot": [2, 14, 0],
					"cubes": [
						{"origin": [1.5, 13.5, -0.5], "size": [4, 1, 1], "uv": [0, 2]}
					]
				},
				{
					"name": "elbow_left",
					"parent": "arm_left",
					"pivot": [5.5, 14.5, 0.5],
					"cubes": [
						{"origin": [5.5, 13.5, -0.5], "size": [5, 1, 1], "inflate": 0.03, "uv": [43, 9]}
					]
				},
				{
					"name": "hand_left",
					"parent": "elbow_left",
					"pivot": [10.5, 14.5, 0],
					"cubes": [
						{"origin": [10.5, 13.5, -1], "size": [1, 1, 2], "inflate": 0.01, "uv": [19, 45]}
					]
				},
				{
					"name": "left_finger1",
					"parent": "hand_left",
					"pivot": [11.1, 14, -1],
					"cubes": [
						{"origin": [11.6, 13.5, -1.5], "size": [1, 1, 1], "pivot": [11.6, 14, 0], "rotation": [0, 47.5, 0], "uv": [19, 48]}
					]
				},
				{
					"name": "left_finger2",
					"parent": "hand_left",
					"pivot": [11.1, 14, 0],
					"cubes": [
						{"origin": [11.1, 13.5, -0.5], "size": [1, 1, 1], "uv": [0, 47]}
					]
				},
				{
					"name": "left_finger3",
					"parent": "hand_left",
					"pivot": [11.1, 14, 1],
					"cubes": [
						{"origin": [11.6, 13.5, 0.5], "size": [1, 1, 1], "pivot": [11.6, 14, 0], "rotation": [0, -47.5, 0], "uv": [46, 21]}
					]
				},
				{
					"name": "arm_right",
					"parent": "torso",
					"pivot": [-2, 14, 0],
					"cubes": [
						{"origin": [-5.5, 13.5, -0.5], "size": [4, 1, 1], "uv": [0, 0]}
					]
				},
				{
					"name": "elbow_right",
					"parent": "arm_right",
					"pivot": [-5.5, 14.5, 0.5],
					"cubes": [
						{"origin": [-10.5, 13.5, -0.5], "size": [5, 1, 1], "inflate": 0.03, "uv": [38, 23]}
					]
				},
				{
					"name": "hand_right",
					"parent": "elbow_right",
					"pivot": [-10.5, 14.5, 0],
					"cubes": [
						{"origin": [-11.5, 13.5, -1], "size": [1, 1, 2], "inflate": 0.01, "uv": [0, 36]}
					]
				},
				{
					"name": "right_finger1",
					"parent": "hand_right",
					"pivot": [-11.1, 14, -1],
					"cubes": [
						{"origin": [-12.6, 13.5, -1.5], "size": [1, 1, 1], "pivot": [-11.6, 14, 0], "rotation": [0, -47.5, 0], "uv": [0, 45]}
					]
				},
				{
					"name": "right_finger2",
					"parent": "hand_right",
					"pivot": [-11.1, 14, 0],
					"cubes": [
						{"origin": [-12.1, 13.5, -0.5], "size": [1, 1, 1], "uv": [3, 41]}
					]
				},
				{
					"name": "right_finger3",
					"parent": "hand_right",
					"pivot": [-11.1, 14, 1],
					"cubes": [
						{"origin": [-12.6, 13.5, 0.5], "size": [1, 1, 1], "pivot": [-11.6, 14, 0], "rotation": [0, 47.5, 0], "uv": [30, 4]}
					]
				},
				{
					"name": "pants",
					"parent": "body",
					"pivot": [0, 5.5, -0.75]
				},
				{
					"name": "pants_top",
					"parent": "pants",
					"pivot": [0, 6.25, 0.25],
					"rotation": [6.78674, -5.93398, 9.97576]
				},
				{
					"name": "pants_top_right",
					"parent": "pants_top",
					"pivot": [0.75, 5, -0.25],
					"cubes": [
						{"origin": [-5.25, 5.25, -3.25], "size": [6, 2, 7], "inflate": 0.01, "pivot": [0.75, 5, -0.25], "rotation": [0, 0, 2.5], "uv": [0, 36]}
					]
				},
				{
					"name": "pants_top_left",
					"parent": "pants_top",
					"pivot": [0.75, 5.25, 0.25],
					"cubes": [
						{"origin": [0.75, 5.25, -3.25], "size": [5, 2, 7], "pivot": [0.75, 5.25, 0.25], "rotation": [0, 0, -25], "uv": [19, 43]}
					]
				},
				{
					"name": "pants_middle",
					"parent": "pants",
					"pivot": [0, 4.75, 0],
					"rotation": [2.5, -5, 0],
					"cubes": [
						{"origin": [-4.5, 3.75, -2.75], "size": [9, 3, 6], "uv": [30, 0]}
					]
				},
				{
					"name": "pants_bottom",
					"parent": "pants_middle",
					"pivot": [0, 3.5, 0.25],
					"cubes": [
						{"origin": [-3.5, 2.5, -1.75], "size": [7, 2, 4], "pivot": [0, 3.5, 0.25], "rotation": [-7.5, 7.5, 0], "uv": [50, 30]}
					]
				},
				{
					"name": "tail",
					"parent": "pants",
					"pivot": [0, 5, 2.5],
					"cubes": [
						{"origin": [-2, 2.5, 2.27], "size": [4, 5, 4], "inflate": 0.01, "uv": [20, 52]}
					]
				},
				{
					"name": "tail2",
					"parent": "tail",
					"pivot": [-1.75, 5, 6.25],
					"rotation": [-7.5, 22.5, 0],
					"cubes": [
						{"origin": [-1.75, 3.25, 6.27], "size": [2, 3, 3], "inflate": 0.01, "uv": [19, 36]}
					]
				},
				{
					"name": "tail3",
					"parent": "tail2",
					"pivot": [0.25, 4.75, 8.5],
					"rotation": [5, -22.5, 0],
					"cubes": [
						{"origin": [-2.25, 2.75, 8.52], "size": [3, 4, 4], "inflate": 0.01, "uv": [60, 61]}
					]
				},
				{
					"name": "tail_spike",
					"parent": "tail3",
					"pivot": [-0.75, 6.38, 12.17],
					"rotation": [-25, 0, 0],
					"cubes": [
						{"origin": [-0.75, 6.38, 11.67], "size": [0, 1, 1], "uv": [8, 22]},
						{"origin": [-0.75, 7.38, 11.17], "size": [0, 3, 2], "uv": [0, 37]}
					]
				},
				{
					"name": "tail4",
					"parent": "tail3",
					"pivot": [0.5, 5.5, 12.25],
					"rotation": [-10, -30, 0],
					"cubes": [
						{"origin": [-1.5, 4.5, 12.27], "size": [2, 2, 2], "inflate": 0.01, "uv": [54, 0]}
					]
				},
				{
					"name": "leg_left",
					"parent": "pants",
					"pivot": [4.5, 3.75, -0.75],
					"rotation": [12.5, -27.5, 0],
					"cubes": [
						{"origin": [1.5, 1.75, -3.75], "size": [5, 4, 5], "uv": [50, 21]}
					]
				},
				{
					"name": "left_knee",
					"parent": "leg_left",
					"pivot": [4, 1.75, -2.25],
					"rotation": [-12.5, 0, 0],
					"cubes": [
						{"origin": [2.5, 0.75, -2.5], "size": [3, 2, 3], "pivot": [4, 1.75, -1], "rotation": [0, 20, 0], "uv": [25, 64]}
					]
				},
				{
					"name": "left_foot",
					"parent": "left_knee",
					"pivot": [4, 1.25, -0.75],
					"cubes": [
						{"origin": [2, 0.25, -4], "size": [4, 1, 5], "uv": [0, 59]}
					]
				},
				{
					"name": "leg_right",
					"parent": "pants",
					"pivot": [-4.5, 3.75, -0.75],
					"rotation": [12.5, 27.5, 0],
					"cubes": [
						{"origin": [-6.5, 1.75, -3.75], "size": [5, 4, 5], "uv": [0, 50]}
					]
				},
				{
					"name": "right_knee",
					"parent": "leg_right",
					"pivot": [-4, 1.75, -2.25],
					"rotation": [-12.5, 0, 0],
					"cubes": [
						{"origin": [-5.5, 0.75, -2.5], "size": [3, 2, 3], "pivot": [-4, 1.75, -1], "rotation": [0, 20, 0], "uv": [36, 43]}
					]
				},
				{
					"name": "right_foot",
					"parent": "right_knee",
					"pivot": [-4, 1.25, -0.75],
					"cubes": [
						{"origin": [-6, 0.25, -4], "size": [4, 1, 5], "uv": [31, 58]}
					]
				}
			]
		}
	]
}