{
	"format_version": "1.8.0",
	"animations": {
		"animation.flamigo.ground_idle": {
			"loop": true,
			"bones": {
				"torso": {
					"rotation": ["-5-0.2-math.sin(q.anim_time*90*1-30)*-1", "0.2-math.cos(q.anim_time*90*1-70)*1", 0],
					"position": ["0.05*math.cos(q.anim_time*90*1-40)", 0, "0.05*math.sin(q.anim_time*90*1-40)"]
				},
				"wing_closed_left": {
					"rotation": [0, -5, 0]
				},
				"wing_closed_right": {
					"rotation": [0, 5, 0]
				},
				"wing_open_left": {
					"scale": 0
				},
				"neck_base": {
					"rotation": [-2.5, "0.6+math.cos(q.anim_time*90*1-90)*1", 0]
				},
				"neck": {
					"rotation": ["-30-0.5*math.cos(q.anim_time*90*1-30)*1", 0, 0]
				},
				"neck2": {
					"rotation": ["-35-0.5*math.cos(q.anim_time*90*1-40)*1", 0, 0]
				},
				"neck3": {
					"rotation": ["-30-0.5*math.cos(q.anim_time*90*1-50)*1", 0, 0]
				},
				"neck4": {
					"rotation": ["-27.5-0.5*math.cos(q.anim_time*90*1-60)*1", 0, 0]
				},
				"neck5": {
					"rotation": ["32.5-0.5*math.cos(q.anim_time*90*1-70)*-1", 0, 0]
				},
				"neck6": {
					"rotation": ["42.5-0.5*math.cos(q.anim_time*90*1-80)*-1", 0, 0]
				},
				"neck7": {
					"rotation": ["47.5-0.5*math.cos(q.anim_time*90*1-90)*-1", 0, 0]
				},
				"head_rotation": {
					"rotation": ["30.75-0.5*math.cos(q.anim_time*90*1-100)*-1", 0, 0]
				},
				"leg_left": {
					"rotation": ["62.5894+1*math.cos(q.anim_time*90*1-120)", -2.30644, "-10.9375+2*math.cos(q.anim_time*90*0.5-40)"],
					"position": ["0.05*math.cos(q.anim_time*90*1-40)", 0.225, "0.05*math.sin(q.anim_time*90*1-40)"]
				},
				"leg_left2": {
					"rotation": ["-47.5+1*math.cos(q.anim_time*90*1-150)", 0, 0]
				},
				"leg_left3": {
					"rotation": ["-87.5+1*math.cos(q.anim_time*90*1-180)", 0, 0]
				},
				"foot_left": {
					"rotation": ["105+3*math.cos(q.anim_time*90*1-210)", 0, 0]
				},
				"leg_right": {
					"rotation": ["-0.2*math.sin(q.anim_time*90*1-40)", 5, "0.2*math.cos(q.anim_time*90*1-40)"],
					"position": ["0.055*math.cos(q.anim_time*90*1-40)", -0.05, "0.055*math.sin(q.anim_time*90*1-40)"]
				},
				"wing_open_right": {
					"scale": 0
				}
			}
		},
		"animation.flamigo.battle_idle": {
			"loop": true,
			"bones": {
				"torso": {
					"rotation": ["-21.5-0.2-math.sin(q.anim_time*90*1-30)*-1", "0.2-math.cos(q.anim_time*90*1-70)*1", 0],
					"position": ["0.05*math.cos(q.anim_time*90*1-40)", "-0.1*math.cos(q.anim_time*90*1-90)", "0.45+0.05*math.sin(q.anim_time*90*1-40)"]
				},
				"wing_closed_left": {
					"rotation": [0, -5, 0],
					"scale": 0
				},
				"wing_closed_right": {
					"rotation": [0, 5, 0],
					"scale": 0
				},
				"wing_open_left": {
					"rotation": ["51.7327+5*math.cos(q.anim_time*90*1-50)*1", "-7.07-5*math.cos(q.anim_time*90*1-30)*1", "-23.8558-5*math.cos(q.anim_time*90*1-40)*1"]
				},
				"neck_base": {
					"rotation": [7.25, "0.6+math.cos(q.anim_time*90*1-100)*1", 0]
				},
				"neck": {
					"rotation": ["-26.5-0.5*math.cos(q.anim_time*90*1-30)*1", 0, 0]
				},
				"neck2": {
					"rotation": ["-29-0.5*math.cos(q.anim_time*90*1-40)*1", 0, 0]
				},
				"neck3": {
					"rotation": ["-56-0.5*math.cos(q.anim_time*90*1-50)*1", 0, 0]
				},
				"neck4": {
					"rotation": ["-27.5-0.5*math.cos(q.anim_time*90*1-60)*1", 0, 0]
				},
				"neck5": {
					"rotation": ["48+2*math.cos(q.anim_time*90*1-70)*-1", 0, 0]
				},
				"neck6": {
					"rotation": ["52.5-0.5*math.cos(q.anim_time*90*1-80)*-1", 0, 0]
				},
				"neck7": {
					"rotation": ["30.25-1*math.cos(q.anim_time*90*1-90)*-1", 0, 0]
				},
				"head_rotation": {
					"rotation": ["49.75+2*math.cos(q.anim_time*90*1-100)*1", 0, 0]
				},
				"leg_left": {
					"rotation": ["-50.3843-3*math.cos(q.anim_time*90*1-40)", -15.14897, "7.972+2*math.cos(q.anim_time*90*0.5-40)"],
					"position": ["0.05*math.cos(q.anim_time*90*1-40)", 0.225, "0.2*math.cos(q.anim_time*90*1-90)"]
				},
				"leg_left2": {
					"rotation": ["-38.75-1*math.cos(q.anim_time*90*1-70)", 0, 0]
				},
				"leg_left3": {
					"rotation": ["-71.25-1*math.cos(q.anim_time*90*1-100)", 0, 0]
				},
				"foot_left": {
					"rotation": ["206.75-6*math.cos(q.anim_time*90*1-130)", 0, 0]
				},
				"leg_right": {
					"rotation": ["-0.2*math.sin(q.anim_time*90*1-40)", 5, "0.2*math.cos(q.anim_time*90*1-40)"],
					"position": ["0.055*math.cos(q.anim_time*90*1-40)", -0.05, "0.055*math.sin(q.anim_time*90*1-40)"]
				},
				"wing_open_right": {
					"rotation": ["51.7327+5*math.cos(q.anim_time*90*1-50)*1", "7.07+5*math.cos(q.anim_time*90*1-30)*1", "23.8558+5*math.cos(q.anim_time*90*1-40)*1"]
				},
				"feather_left1": {
					"rotation": ["4*math.cos(q.anim_time*90*1-70)*1", 0, 0]
				},
				"wing_open_left2": {
					"rotation": [0, "-7.5+8*math.cos(q.anim_time*90*1-60)*-1", -42.25]
				},
				"feather_left2": {
					"rotation": ["5*math.cos(q.anim_time*90*1-110)*1", 0, 0]
				},
				"wing_open_left3": {
					"rotation": [0, "-8.75+8*math.cos(q.anim_time*90*1-90)*-1", -40.75]
				},
				"feather_left3": {
					"rotation": ["5*math.cos(q.anim_time*90*1-120)*1", 0, 0]
				},
				"feather_left3_2": {
					"rotation": ["6*math.cos(q.anim_time*90*1-150)*1", 0, 0]
				},
				"feather_left4": {
					"rotation": ["5*math.cos(q.anim_time*90*1-130)*1", 0, 0]
				},
				"feather_left4_2": {
					"rotation": ["7*math.cos(q.anim_time*90*1-160)*1", 0, 0]
				},
				"feather_left5": {
					"rotation": [0, "-6*math.cos(q.anim_time*90*1-140)*1", 0]
				},
				"feather_left5_2": {
					"rotation": [0.48401, "-0.0147-8*math.cos(q.anim_time*90*1-170)*1", 3.53327]
				},
				"feather_right1": {
					"rotation": ["4*math.cos(q.anim_time*90*1-70)*1", 0, 0]
				},
				"wing_open_right2": {
					"rotation": [0, "7.5+8*math.cos(q.anim_time*90*1-60)*1", 42.25]
				},
				"feather_right2": {
					"rotation": ["5*math.cos(q.anim_time*90*1-110)*1", 0, 0]
				},
				"wing_open_right3": {
					"rotation": [0, "8.75+8*math.cos(q.anim_time*90*1-90)*1", 40.75]
				},
				"feather_right3": {
					"rotation": ["5*math.cos(q.anim_time*90*1-120)*1", 0, 0]
				},
				"feather_right3_2": {
					"rotation": ["6*math.cos(q.anim_time*90*1-150)*1", 0, 0]
				},
				"feather_right4": {
					"rotation": ["5*math.cos(q.anim_time*90*1-130)*1", 0, 0]
				},
				"feather_right4_2": {
					"rotation": ["7*math.cos(q.anim_time*90*1-160)*1", 0, 0]
				},
				"feather_right5": {
					"rotation": [0, "6*math.cos(q.anim_time*90*1-140)*1", 0]
				},
				"feather_right5_2": {
					"rotation": [0.48401, "0.0147+8*math.cos(q.anim_time*90*1-170)*1", -3.53327]
				},
				"eye_angry_left": {
					"position": [0.1, 0, 0]
				},
				"eye_angry_right": {
					"position": [-0.1, 0, 0]
				}
			}
		},
		"animation.flamigo.ground_walk": {
			"loop": true,
			"animation_length": 1.3333,
			"bones": {
				"torso": {
					"rotation": ["-5-3*math.cos(q.anim_time*90*6+30)", "-math.cos(q.anim_time*90*3-10)*1.5", "math.cos(q.anim_time*90*3-30)*1"],
					"position": ["0.2*math.cos(q.anim_time*90*3-20)", "-0.75-0.2*math.cos(q.anim_time*90*6)", "0.2*math.cos(q.anim_time*90*6-30)"]
				},
				"wing_closed_left": {
					"rotation": [0, -5, 0]
				},
				"wing_closed_right": {
					"rotation": [0, 5, 0]
				},
				"wing_open_left": {
					"scale": 0
				},
				"neck_base": {
					"rotation": ["-8.5+3*math.cos(q.anim_time*90*6+20)", "math.cos(q.anim_time*90*3-20)*1.5", "-math.cos(q.anim_time*90*3-40)*1"]
				},
				"neck": {
					"rotation": ["-33-0.7*math.cos(q.anim_time*90*6-40)", 0, 0]
				},
				"neck2": {
					"rotation": ["-29-0.4*math.cos(q.anim_time*90*6-60)", 0, 0]
				},
				"neck3": {
					"rotation": ["-14.5-0.7*math.cos(q.anim_time*90*6-80)", 0, 0]
				},
				"neck4": {
					"rotation": ["-20.75-0.8*math.cos(q.anim_time*90*6-100)", 0, 0]
				},
				"neck5": {
					"rotation": ["15.75+0.4*math.cos(q.anim_time*90*6-120)", 0, 0]
				},
				"neck6": {
					"rotation": ["33+1*math.cos(q.anim_time*90*6-140)", 0, 0]
				},
				"neck7": {
					"rotation": ["55.75+0.4*math.cos(q.anim_time*90*6-160)", 0, 0]
				},
				"head_rotation": {
					"rotation": ["29+0.6*math.cos(q.anim_time*90*6-180)", 0, 0]
				},
				"leg_left": {
					"rotation": {
						"0.0": [29.5, -3.07831, -3.25],
						"0.0833": [36.18742, -3.07831, -3.25],
						"0.25": {
							"pre": [58.045, -3.08, -3.25],
							"post": [58.045, -3.08, -3.25],
							"lerp_mode": "catmullrom"
						},
						"0.4167": {
							"post": [19.615, -3.08, -3.25],
							"lerp_mode": "catmullrom"
						},
						"0.5833": [-7.81275, -3.07831, -3.25],
						"0.6667": [-5, -3.07831, -3.25],
						"1.3333": [29.5, -3.07831, -3.25]
					},
					"position": {
						"0.0": [0.803, -1.13, -0.46],
						"0.0833": [0.72, -0.83, -0.47],
						"0.25": {
							"pre": [0.64, -0.55, -0.48],
							"post": [0.64, -0.55, -0.48],
							"lerp_mode": "catmullrom"
						},
						"0.4167": {
							"post": [0.53, -1.4, -0.49],
							"lerp_mode": "catmullrom"
						},
						"0.5": {
							"post": [0.48, -1.52, -0.49],
							"lerp_mode": "catmullrom"
						},
						"0.5833": [0.43, -1.23, -0.65],
						"0.6667": [0.4, -1.15, -0.56],
						"0.75": [0.44, -0.9, -0.52],
						"0.8333": [0.48, -0.73, -0.505],
						"0.9167": [0.52, -0.615, -0.505],
						"1.0": [0.58, -0.58, -0.515],
						"1.0833": [0.62, -0.61, -0.515],
						"1.1667": [0.68, -0.72, -0.51],
						"1.25": [0.74, -0.89, -0.5],
						"1.3333": [0.803, -1.13, -0.46]
					}
				},
				"leg_left2": {
					"rotation": {
						"0.0": [-10, 0, 0],
						"0.0833": [-8.75, 0, 0],
						"0.25": {
							"pre": [-36.975, 0, 0],
							"post": [-36.975, 0, 0],
							"lerp_mode": "catmullrom"
						},
						"0.4583": {
							"post": [-39.825, 0, 0],
							"lerp_mode": "catmullrom"
						},
						"0.5833": [-12.85, 0, 0],
						"0.6667": [-10, 0, 0],
						"1.3333": [-10, 0, 0]
					},
					"position": {
						"0.0": [0, 0, 0],
						"0.6667": [0, 0, 0],
						"1.3333": [0, 0, 0]
					}
				},
				"leg_left3": {
					"rotation": {
						"0.0": [-15.5, 0, 0],
						"0.0833": [-19.78, 0, 0],
						"0.25": {
							"pre": [-51.55, 0, 0],
							"post": [-51.55, 0, 0],
							"lerp_mode": "catmullrom"
						},
						"0.5417": {
							"post": [-30.89, 0, 0],
							"lerp_mode": "catmullrom"
						},
						"0.5833": [-13.96, 0, 0],
						"0.6667": [-13, 0, 0],
						"1.3333": [-15.5, 0, 0]
					},
					"position": {
						"0.0": [0, 0, 0],
						"0.6667": [0, 0, 0],
						"1.3333": [0, 0, 0]
					}
				},
				"foot_left": {
					"rotation": {
						"0.0": [-4, 0, 3.25],
						"0.0833": [14.2, 0, 3.25],
						"0.2083": {
							"pre": [51.66919, 0, 3.25],
							"post": [51.66919, 0, 3.25],
							"lerp_mode": "catmullrom"
						},
						"0.375": {
							"post": [70.70942, 0, 3.25],
							"lerp_mode": "catmullrom"
						},
						"0.5": {
							"post": [72.5599, 0, 3.25],
							"lerp_mode": "catmullrom"
						},
						"0.5833": [45.58854, 0, 3.25],
						"0.6667": [28.00814, -1.32439, 2.54567],
						"1.3333": [-4, 0, 3.25]
					},
					"position": {
						"0.0": [0, 0, 0],
						"0.6667": [0, 0, 0],
						"1.3333": [0, 0, 0]
					}
				},
				"leg_right": {
					"rotation": {
						"0.0": [-5, 3.07831, 3.25],
						"0.6667": [29.5, 3.07831, 3.25],
						"0.75": [36.18742, 3.07831, 3.25],
						"0.9167": {
							"pre": [58.045, 3.08, 3.25],
							"post": [58.045, 3.08, 3.25],
							"lerp_mode": "catmullrom"
						},
						"1.0833": {
							"post": [19.615, 3.08, 3.25],
							"lerp_mode": "catmullrom"
						},
						"1.25": [-7.81275, 3.07831, 3.25],
						"1.3333": [-5, 3.07831, 3.25]
					},
					"position": {
						"0.0": [-0.4, -1.15, -0.56],
						"0.0833": [-0.44, -0.9, -0.52],
						"0.1667": [-0.48, -0.73, -0.505],
						"0.25": [-0.52, -0.615, -0.505],
						"0.3333": [-0.58, -0.58, -0.515],
						"0.4167": [-0.62, -0.61, -0.515],
						"0.5": [-0.68, -0.72, -0.51],
						"0.5833": [-0.74, -0.89, -0.5],
						"0.6667": [-0.803, -1.13, -0.46],
						"0.75": [-0.72, -0.83, -0.47],
						"0.9167": {
							"pre": [-0.64, -0.55, -0.48],
							"post": [-0.64, -0.55, -0.48],
							"lerp_mode": "catmullrom"
						},
						"1.0833": {
							"post": [-0.53, -1.4, -0.49],
							"lerp_mode": "catmullrom"
						},
						"1.1667": {
							"post": [-0.48, -1.52, -0.49],
							"lerp_mode": "catmullrom"
						},
						"1.25": [-0.43, -1.23, -0.65],
						"1.3333": [-0.4, -1.15, -0.56]
					}
				},
				"wing_open_right": {
					"scale": 0
				},
				"leg_right2": {
					"rotation": {
						"0.0": [-10, 0, 0],
						"0.6667": [-10, 0, 0],
						"0.75": [-8.75, 0, 0],
						"0.9167": {
							"pre": [-36.975, 0, 0],
							"post": [-36.975, 0, 0],
							"lerp_mode": "catmullrom"
						},
						"1.125": {
							"post": [-39.825, 0, 0],
							"lerp_mode": "catmullrom"
						},
						"1.25": [-12.85, 0, 0],
						"1.3333": [-10, 0, 0]
					},
					"position": {
						"0.0": [0, 0, 0],
						"0.6667": [0, 0, 0],
						"1.3333": [0, 0, 0]
					}
				},
				"leg_right3": {
					"rotation": {
						"0.0": [-13, 0, 0],
						"0.6667": [-15.5, 0, 0],
						"0.75": [-19.78, 0, 0],
						"0.9167": {
							"pre": [-51.55, 0, 0],
							"post": [-51.55, 0, 0],
							"lerp_mode": "catmullrom"
						},
						"1.2083": {
							"post": [-30.89, 0, 0],
							"lerp_mode": "catmullrom"
						},
						"1.25": [-13.96, 0, 0],
						"1.3333": [-13, 0, 0]
					},
					"position": {
						"0.0": [0, 0, 0],
						"0.6667": [0, 0, 0],
						"1.3333": [0, 0, 0]
					}
				},
				"foot_right": {
					"rotation": {
						"0.0": [28.00814, 1.32439, -2.54567],
						"0.6667": [-4, 0, -3.25],
						"0.75": [14.2, 0, -3.25],
						"0.875": {
							"pre": [51.66919, 0, -3.25],
							"post": [51.66919, 0, -3.25],
							"lerp_mode": "catmullrom"
						},
						"1.0417": {
							"post": [70.70942, 0, -3.25],
							"lerp_mode": "catmullrom"
						},
						"1.1667": {
							"post": [72.5599, 0, -3.25],
							"lerp_mode": "catmullrom"
						},
						"1.25": [45.58854, 0, -3.25],
						"1.3333": [28.00814, 1.32439, -2.54567]
					},
					"position": {
						"0.0": [0, 0, 0],
						"0.6667": [0, 0, 0],
						"1.3333": [0, 0, 0]
					}
				}
			}
		},
		"animation.flamigo.sleep": {
			"loop": true,
			"bones": {
				"torso": {
					"rotation": ["0.4-math.sin(q.anim_time*90*1-30)*-1", "0.1-math.cos(q.anim_time*90*1-70)*1", 0],
					"position": ["0.05*math.cos(q.anim_time*90*1-40)", 0, "0.05*math.sin(q.anim_time*90*1-40)"]
				},
				"wing_closed_left": {
					"rotation": [0, -5, 0]
				},
				"wing_closed_right": {
					"rotation": [0, 5, 0]
				},
				"wing_open_left": {
					"scale": 0
				},
				"neck_base": {
					"rotation": [-11.01221, -5.06367, 2.2551]
				},
				"neck": {
					"rotation": [-38.83379, -8.60526, 8.30695],
					"position": [0, 0, 0.7]
				},
				"neck2": {
					"rotation": [-46.75, 0, 0]
				},
				"neck3": {
					"rotation": [-59.73556, -0.31797, 1.52523],
					"position": [0.025, 0, 0]
				},
				"neck4": {
					"rotation": [-24.38522, -5.99424, 5.55127],
					"position": [0, 0.1, 0.1]
				},
				"neck5": {
					"rotation": [0, -4.32032, 0],
					"position": [0, 0, 0.125]
				},
				"neck6": {
					"rotation": [76.23111, -9.24546, 2.69297],
					"position": [0.35, 0.3, -1.475]
				},
				"neck7": {
					"rotation": [62.991, -0.20547, 16.39297]
				},
				"head_rotation": {
					"rotation": ["40.322+2*math.cos(q.anim_time*90*0.5)", 3.6279, 0.67776],
					"position": [0, 0.25, 0.35]
				},
				"leg_left": {
					"rotation": ["65.0894-1*math.cos(q.anim_time*90*1+70)", -1.30644, -10.18745],
					"position": ["0.1*math.cos(q.anim_time*90*1-40)", 0.475, "-0.175+0.1*math.sin(q.anim_time*90*1-40)"]
				},
				"leg_left2": {
					"rotation": ["-73.5-1*math.cos(q.anim_time*90*1+30)", 0, 0]
				},
				"leg_left3": {
					"rotation": ["-86.75-1*math.cos(q.anim_time*90*1-10)", 0, 0]
				},
				"foot_left": {
					"rotation": ["140.25-4*math.cos(q.anim_time*90*1-30)", 0, 0]
				},
				"leg_right": {
					"rotation": ["-0.2*math.sin(q.anim_time*90*1-40)", 5, "0.2*math.cos(q.anim_time*90*1-40)"],
					"position": ["0.055*math.cos(q.anim_time*90*1-40)", -0.05, "0.055*math.sin(q.anim_time*90*1-40)"]
				},
				"wing_open_right": {
					"scale": 0
				},
				"eyelid_left": {
					"position": [0.1, 0, 0]
				},
				"eyelid_right": {
					"position": [-0.1, 0, 0]
				},
				"jaw": {
					"rotation": ["7-3*math.cos(q.anim_time*90*0.5)", 0, 0]
				},
				"jaw2": {
					"rotation": ["-1*math.cos(q.anim_time*90*0.5)", 0, 0]
				}
			}
		},
		"animation.flamigo.air_idle": {
			"loop": true,
			"bones": {
				"torso": {
					"rotation": ["-5+2*math.cos(q.anim_time*90*4-90)", 0, 0]
				},
				"wing_closed_left": {
					"scale": 0
				},
				"wing_closed_right": {
					"scale": 0
				},
				"neck_base": {
					"rotation": ["-2.5+1*math.cos(q.anim_time*90*4-90)", "3*math.cos(q.anim_time*90*2-80)", "2*math.cos(q.anim_time*90*2-40)"]
				},
				"neck": {
					"rotation": ["6.25+1*math.cos(q.anim_time*90*4-100)", 0, 0]
				},
				"neck2": {
					"rotation": ["-38+1.5*math.cos(q.anim_time*90*4-110)", 0, 0]
				},
				"neck3": {
					"rotation": ["-56.25-1.5*math.cos(q.anim_time*90*4-120)", 0, 0]
				},
				"neck4": {
					"rotation": ["-52-2*math.cos(q.anim_time*90*4-130)", 0, 0]
				},
				"neck5": {
					"rotation": ["43.25+1.3*math.cos(q.anim_time*90*4-140)", 0, 0]
				},
				"neck6": {
					"rotation": ["41.5-2.3*math.cos(q.anim_time*90*4-150)", 0, 0]
				},
				"neck7": {
					"rotation": ["42.75-2*math.cos(q.anim_time*90*4-160)", 0, 0]
				},
				"head_rotation": {
					"rotation": ["27.75+1*math.cos(q.anim_time*90*4-170)", 0, 0]
				},
				"leg_left": {
					"rotation": ["49.6323+4*math.cos(q.anim_time*90*4-155)", -1.25521, "-6.6998-1.5*math.cos(q.anim_time*90*4-75)"],
					"position": [0, 0, "0.2*math.cos(q.anim_time*90*4-110)"]
				},
				"leg_left2": {
					"rotation": ["-27.25+2*math.cos(q.anim_time*90*4-195)", 0, 0]
				},
				"leg_left3": {
					"rotation": ["-80+2*math.cos(q.anim_time*90*4-215)", 0, 0]
				},
				"foot_left": {
					"rotation": ["127.5+6*math.cos(q.anim_time*90*4-235)", 0, 0]
				},
				"leg_right": {
					"rotation": ["46.9712+4*math.cos(q.anim_time*90*4-150)", -0.18431, "7.4924+1*math.cos(q.anim_time*90*4-70)"],
					"position": [0, 0, "0.2*math.cos(q.anim_time*90*4-110)"]
				},
				"body": {
					"rotation": [1.25, "-3*math.cos(q.anim_time*90*2-70)", "-2*math.cos(q.anim_time*90*2-30)"],
					"position": ["-0.3*math.sin(q.anim_time*90*2-30)", "2.75-2*math.cos(q.anim_time*90*4-60)", "-0.3*math.sin(q.anim_time*90*2-10)"]
				},
				"wing_open_left": {
					"rotation": ["89.455-20*math.cos(q.anim_time*90*4)", -16.35558, "1.2006-55*math.cos(q.anim_time*90*4)"],
					"position": [-0.4, 1, 0.5]
				},
				"wing_open_left2": {
					"rotation": [0, "-22*math.cos(q.anim_time*90*4-20)", -37.5]
				},
				"wing_open_left3": {
					"rotation": [0, "-25*math.cos(q.anim_time*90*4-40)", -42.5]
				},
				"feather_left3": {
					"rotation": ["12*math.cos(q.anim_time*90*4-80)", 0, 7.5]
				},
				"feather_left3_2": {
					"rotation": ["-10+20*math.cos(q.anim_time*90*4-100)", 0, 0]
				},
				"feather_left4": {
					"rotation": ["15*math.cos(q.anim_time*90*4-90)", 0, -5]
				},
				"feather_left4_2": {
					"rotation": ["-2.5+25*math.cos(q.anim_time*90*4-110)", 0, 0]
				},
				"feather_left5": {
					"rotation": [0, "-15*math.cos(q.anim_time*90*4-100)", -10]
				},
				"leg_right2": {
					"rotation": ["-25+1.5*math.cos(q.anim_time*90*4-190)", 0, 0]
				},
				"leg_right3": {
					"rotation": ["-75.5+2*math.cos(q.anim_time*90*4-210)", 0, 0]
				},
				"foot_right": {
					"rotation": ["125.5+6*math.cos(q.anim_time*90*4-230)", 0, 0]
				},
				"wing_open_right": {
					"rotation": ["89.455-20*math.cos(q.anim_time*90*4)", 16.35558, "-1.2006+55*math.cos(q.anim_time*90*4)"],
					"position": [0.4, 1, 0.5]
				},
				"wing_open_right2": {
					"rotation": [0, "22*math.cos(q.anim_time*90*4-20)", 37.5]
				},
				"wing_open_right3": {
					"rotation": [0, "25*math.cos(q.anim_time*90*4-40)", 42.5]
				},
				"feather_right3": {
					"rotation": ["12*math.cos(q.anim_time*90*4-80)", 0, -7.5]
				},
				"feather_right3_2": {
					"rotation": ["-10+20*math.cos(q.anim_time*90*4-100)", 0, 0]
				},
				"feather_right4": {
					"rotation": ["15*math.cos(q.anim_time*90*4-90)", 0, 5]
				},
				"feather_right4_2": {
					"rotation": ["-2.5+25*math.cos(q.anim_time*90*4-110)", 0, 0]
				},
				"feather_right5": {
					"rotation": [0, "15*math.cos(q.anim_time*90*4-100)", 10]
				},
				"feather_left1": {
					"rotation": ["10*math.cos(q.anim_time*90*4-20)", 0, 0]
				},
				"feather_left2": {
					"rotation": ["10*math.cos(q.anim_time*90*4-40)", 0, 0]
				},
				"feather_left5_2": {
					"rotation": [0, "-40*math.cos(q.anim_time*90*4-120)", 0]
				},
				"feather_right1": {
					"rotation": ["10*math.cos(q.anim_time*90*4-20)", 0, 0]
				},
				"feather_right2": {
					"rotation": ["10*math.cos(q.anim_time*90*4-40)", 0, 0]
				},
				"feather_right5_2": {
					"rotation": [0, "40*math.cos(q.anim_time*90*4-120)", 0]
				}
			}
		},
		"animation.flamigo.air_fly": {
			"loop": true,
			"bones": {
				"torso": {
					"rotation": [-4.5, 0, 0]
				},
				"wing_closed_left": {
					"scale": 0
				},
				"wing_closed_right": {
					"scale": 0
				},
				"neck_base": {
					"rotation": ["5-2.5*math.cos(q.anim_time*90*14-100)", "1*math.cos(q.anim_time*90*3.5-60)", "1*math.cos(q.anim_time*90*3.5-70)"]
				},
				"neck": {
					"rotation": ["11.25-0.3*math.cos(q.anim_time*90*14-70)", 0, 0]
				},
				"neck2": {
					"rotation": ["-1.75-0.3*math.cos(q.anim_time*90*14-80)", 0, 0]
				},
				"neck3": {
					"rotation": ["-8.5-0.3*math.cos(q.anim_time*90*14-60)", 0, 0]
				},
				"neck4": {
					"rotation": ["-9.25-0.4*math.cos(q.anim_time*90*14-100)", 0, 0]
				},
				"neck5": {
					"rotation": ["1+1.5*math.cos(q.anim_time*90*14-110)", 0, 0]
				},
				"neck6": {
					"rotation": ["6+0.4*math.cos(q.anim_time*90*14-120)", 0, 0]
				},
				"neck7": {
					"rotation": ["3.75-0.75*math.cos(q.anim_time*90*14-130)", 0, 0]
				},
				"head_rotation": {
					"rotation": ["-4.5+1.3*math.cos(q.anim_time*90*14-140)", 0, 0]
				},
				"leg_left": {
					"rotation": ["87.455-0.6*math.cos(q.anim_time*90*14-40)", 3.70064, "-6.5586-1*math.cos(q.anim_time*90*14-110)"],
					"position": [0, 3.775, 3.4]
				},
				"leg_left2": {
					"rotation": ["-10.75-0.6*math.cos(q.anim_time*90*14-60)", 0, 0]
				},
				"leg_left3": {
					"rotation": ["1.4999+1*math.cos(q.anim_time*90*14-80)", 0.74972, -0.02063]
				},
				"foot_left": {
					"rotation": ["100+1.4*math.cos(q.anim_time*90*14-140)", 0, 0]
				},
				"leg_right": {
					"rotation": ["87.455-0.6*math.cos(q.anim_time*90*14-40)", -3.70064, "6.5586+1*math.cos(q.anim_time*90*14-110)"],
					"position": [0, 3.775, 3.4]
				},
				"body": {
					"rotation": ["-0.75+1.5*math.cos(q.anim_time*90*14-90)", "-1*math.cos(q.anim_time*90*3.5-70)", "-1*math.cos(q.anim_time*90*3.5-60)"],
					"position": ["-0.3*math.sin(q.anim_time*90*3.5-30)", "2.75-0.5*math.cos(q.anim_time*90*14-50)", "-0.5*math.sin(q.anim_time*90*3.5-10)"]
				},
				"wing_open_left": {
					"rotation": ["96.7927+5*math.cos(q.anim_time*90*14-50)", -7.56676, "3.1838-20*math.cos(q.anim_time*90*14)"],
					"position": [0, 2, 1.2]
				},
				"wing_open_left2": {
					"rotation": [0, "10-10*math.cos(q.anim_time*90*14-20)", "-27.5+10*math.cos(q.anim_time*90*14-40)"]
				},
				"wing_open_left3": {
					"rotation": [0, "20-35*math.cos(q.anim_time*90*14-40)", -42.5]
				},
				"feather_left3": {
					"rotation": ["12*math.cos(q.anim_time*90*14-80)", 0, 7.5]
				},
				"feather_left3_2": {
					"rotation": ["-10+20*math.cos(q.anim_time*90*14-100)", 0, 0]
				},
				"feather_left4": {
					"rotation": ["15*math.cos(q.anim_time*90*14-90)", 0, -5]
				},
				"feather_left4_2": {
					"rotation": ["-2.5+25*math.cos(q.anim_time*90*14-110)", 0, 0]
				},
				"feather_left5": {
					"rotation": [0, "-(15*math.cos(q.anim_time*90*14-100))", -10]
				},
				"leg_right2": {
					"rotation": ["-10.75-0.6*math.cos(q.anim_time*90*14-60)", 0, 0]
				},
				"leg_right3": {
					"rotation": ["1.4999+1*math.cos(q.anim_time*90*14-80)", -0.74972, 0.02063]
				},
				"foot_right": {
					"rotation": ["100+1.4*math.cos(q.anim_time*90*14-140)", 0, 0]
				},
				"wing_open_right": {
					"rotation": ["96.7927+5*math.cos(q.anim_time*90*14-50)", 7.56676, "-3.1838+20*math.cos(q.anim_time*90*14)"],
					"position": [0, 2, 1.2]
				},
				"wing_open_right2": {
					"rotation": [0, "-10+10*math.cos(q.anim_time*90*14-20)", "27.5-10*math.cos(q.anim_time*90*14-40)"]
				},
				"wing_open_right3": {
					"rotation": [0, "-20+35*math.cos(q.anim_time*90*14-40)", 42.5]
				},
				"feather_right3": {
					"rotation": ["12*math.cos(q.anim_time*90*14-80)", 0, -7.5]
				},
				"feather_right3_2": {
					"rotation": ["-10+20*math.cos(q.anim_time*90*14-100)", 0, 0]
				},
				"feather_right4": {
					"rotation": ["15*math.cos(q.anim_time*90*14-90)", 0, 5]
				},
				"feather_right4_2": {
					"rotation": ["-2.5+25*math.cos(q.anim_time*90*14-110)", 0, 0]
				},
				"feather_right5": {
					"rotation": [0, "15*math.cos(q.anim_time*90*14-100)", 10]
				},
				"feather_left1": {
					"rotation": ["10*math.cos(q.anim_time*90*14-20)", 0, 0]
				},
				"feather_left2": {
					"rotation": ["10*math.cos(q.anim_time*90*14-40)", 0, 0]
				},
				"feather_left5_2": {
					"rotation": [0, "-(40*math.cos(q.anim_time*90*14-120))", 0]
				},
				"feather_right1": {
					"rotation": ["10*math.cos(q.anim_time*90*14-20)", 0, 0]
				},
				"feather_right2": {
					"rotation": ["10*math.cos(q.anim_time*90*14-40)", 0, 0]
				},
				"feather_right5_2": {
					"rotation": [0, "40*math.cos(q.anim_time*90*14-120)", 0]
				}
			}
		},
		"animation.flamigo.air_sleep": {
			"loop": true,
			"bones": {
				"torso": {
					"rotation": ["-5+2*math.cos(q.anim_time*90*2-90)", 0, 0]
				},
				"wing_closed_left": {
					"scale": 0
				},
				"wing_closed_right": {
					"scale": 0
				},
				"neck_base": {
					"rotation": ["-0.75+1*math.cos(q.anim_time*90*2-60)", "0+3*math.cos(q.anim_time*90*1-80)", "2*math.cos(q.anim_time*90*1-40)"]
				},
				"neck": {
					"rotation": ["6.75+1*math.cos(q.anim_time*90*2-70)", 0, 0]
				},
				"neck2": {
					"rotation": ["-38+2*math.cos(q.anim_time*90*2-80)", 0, 0]
				},
				"neck3": {
					"rotation": ["-56.25-1.5*math.cos(q.anim_time*90*2-90)", 0, 0]
				},
				"neck4": {
					"rotation": ["-52-2*math.cos(q.anim_time*90*2-100)", 0, 0]
				},
				"neck5": {
					"rotation": ["58.25+1.3*math.cos(q.anim_time*90*2-110)", 0, 0]
				},
				"neck6": {
					"rotation": ["41.5+2.3*math.cos(q.anim_time*90*2-120)", 0, 0]
				},
				"neck7": {
					"rotation": ["57.5-2*math.cos(q.anim_time*90*2-130)", 0, 0]
				},
				"head_rotation": {
					"rotation": ["31.25+4*math.cos(q.anim_time*90*2-140)", 0, 0]
				},
				"leg_left": {
					"rotation": ["49.6323-3*math.cos(q.anim_time*90*2-75)", -1.25521, "-6.6998-1.5*math.cos(q.anim_time*90*2-45)"],
					"position": [0, 0.1, 0]
				},
				"leg_left2": {
					"rotation": ["-27.25-1*math.cos(q.anim_time*90*2-85)", 0, 0]
				},
				"leg_left3": {
					"rotation": ["-80-3*math.cos(q.anim_time*90*2-95)", 0, 0]
				},
				"foot_left": {
					"rotation": ["127.5-5*math.cos(q.anim_time*90*2-125)", 0, 0]
				},
				"leg_right": {
					"rotation": ["46.9712-4*math.cos(q.anim_time*90*2-70)", -0.18431, "7.4924+1*math.cos(q.anim_time*90*2-40)"]
				},
				"body": {
					"rotation": [1.25, "-3*math.cos(q.anim_time*90*1-70)", "-1*math.cos(q.anim_time*90*1-30)"],
					"position": ["-0.3*math.sin(q.anim_time*90*1-30)", "2.75-2*math.cos(q.anim_time*90*2-60)", "-0.3*math.sin(q.anim_time*90*1-10)"]
				},
				"wing_open_left": {
					"rotation": ["89.455-20*math.cos(q.anim_time*90*2)", -16.35558, "1.2006-55*math.cos(q.anim_time*90*2)"],
					"position": [-0.4, 1, 0.5]
				},
				"wing_open_left2": {
					"rotation": [0, "-(22*math.cos(q.anim_time*90*2-20))", -37.5]
				},
				"wing_open_left3": {
					"rotation": [0, "-(25*math.cos(q.anim_time*90*2-40))", -42.5]
				},
				"feather_left3": {
					"rotation": ["12*math.cos(q.anim_time*90*2-80)", 0, 7.5]
				},
				"feather_left3_2": {
					"rotation": ["-10+20*math.cos(q.anim_time*90*2-100)", 0, 0]
				},
				"feather_left4": {
					"rotation": ["15*math.cos(q.anim_time*90*2-90)", 0, -5]
				},
				"feather_left4_2": {
					"rotation": ["-2.5+25*math.cos(q.anim_time*90*2-110)", 0, 0]
				},
				"feather_left5": {
					"rotation": [0, "-(15*math.cos(q.anim_time*90*2-100))", -10]
				},
				"leg_right2": {
					"rotation": ["-25-1*math.cos(q.anim_time*90*2-80)", 0, 0]
				},
				"leg_right3": {
					"rotation": ["-75.5-3*math.cos(q.anim_time*90*2-90)", 0, 0]
				},
				"foot_right": {
					"rotation": ["125.5-5*math.cos(q.anim_time*90*2-120)", 0, 0]
				},
				"wing_open_right": {
					"rotation": ["89.455-20*math.cos(q.anim_time*90*2)", 16.35558, "-1.2006+55*math.cos(q.anim_time*90*2)"],
					"position": [0.4, 1, 0.5]
				},
				"wing_open_right2": {
					"rotation": [0, "22*math.cos(q.anim_time*90*2-20)", 37.5]
				},
				"wing_open_right3": {
					"rotation": [0, "25*math.cos(q.anim_time*90*2-40)", 42.5]
				},
				"feather_right3": {
					"rotation": ["12*math.cos(q.anim_time*90*2-80)", 0, -7.5]
				},
				"feather_right3_2": {
					"rotation": ["-10+20*math.cos(q.anim_time*90*2-100)", 0, 0]
				},
				"feather_right4": {
					"rotation": ["15*math.cos(q.anim_time*90*2-90)", 0, 5]
				},
				"feather_right4_2": {
					"rotation": ["-2.5+25*math.cos(q.anim_time*90*2-110)", 0, 0]
				},
				"feather_right5": {
					"rotation": [0, "15*math.cos(q.anim_time*90*2-100)", 10]
				},
				"feather_left1": {
					"rotation": ["10*math.cos(q.anim_time*90*2-20)", 0, 0]
				},
				"feather_left2": {
					"rotation": ["10*math.cos(q.anim_time*90*2-40)", 0, 0]
				},
				"feather_left5_2": {
					"rotation": [0, "-(40*math.cos(q.anim_time*90*2-120))", 0]
				},
				"feather_right1": {
					"rotation": ["10*math.cos(q.anim_time*90*2-20)", 0, 0]
				},
				"feather_right2": {
					"rotation": ["10*math.cos(q.anim_time*90*2-40)", 0, 0]
				},
				"feather_right5_2": {
					"rotation": [0, "40*math.cos(q.anim_time*90*2-120)", 0]
				},
				"eyelid_left": {
					"position": [0.1, 0, 0]
				},
				"eyelid_right": {
					"position": [-0.1, 0, 0]
				}
			}
		},
		"animation.flamigo.surfacewater_idle": {
			"loop": true,
			"bones": {
				"torso": {
					"rotation": ["-5-0.2-math.sin(q.anim_time*90*1-30)*-1", "0.2-math.cos(q.anim_time*90*1-70)*1", 0],
					"position": ["0.05*math.cos(q.anim_time*90*1-40)", 0.6, "0.05*math.sin(q.anim_time*90*1-40)"]
				},
				"wing_closed_left": {
					"rotation": [0, -5, 0]
				},
				"wing_closed_right": {
					"rotation": [0, 5, 0]
				},
				"wing_open_left": {
					"scale": 0
				},
				"neck_base": {
					"rotation": [4, "0.6+math.cos(q.anim_time*90*1-90)*1", 0]
				},
				"neck": {
					"rotation": ["-44.5-0.5*math.cos(q.anim_time*90*1-30)*1", 0, 0]
				},
				"neck2": {
					"rotation": ["-40.75-0.5*math.cos(q.anim_time*90*1-40)*1", 0, 0]
				},
				"neck3": {
					"rotation": ["-30-0.5*math.cos(q.anim_time*90*1-50)*1", 0, 0]
				},
				"neck4": {
					"rotation": ["-27.5-0.5*math.cos(q.anim_time*90*1-60)*1", 0, 0]
				},
				"neck5": {
					"rotation": ["32.5-0.5*math.cos(q.anim_time*90*1-70)*-1", 0, 0]
				},
				"neck6": {
					"rotation": ["42.5-0.5*math.cos(q.anim_time*90*1-80)*-1", 0, 0]
				},
				"neck7": {
					"rotation": ["47.5-0.5*math.cos(q.anim_time*90*1-90)*-1", 0, 0]
				},
				"head_rotation": {
					"rotation": ["30.75-0.5*math.cos(q.anim_time*90*1-100)*-1", 0, 0]
				},
				"leg_left": {
					"rotation": ["72.036+1*math.cos(q.anim_time*90*1-120)", -1.94838, "-12.132-2*math.cos(q.anim_time*90*0.5-40)"],
					"position": ["-0.1-0.05*math.cos(q.anim_time*90*1-40)", 2.1, "0.925+0.05*math.sin(q.anim_time*90*1-40)"]
				},
				"leg_left2": {
					"rotation": ["-30+1*math.cos(q.anim_time*90*1-150)", 0, 0]
				},
				"leg_left3": {
					"rotation": ["-58.5+1*math.cos(q.anim_time*90*1-180)", 0, 0]
				},
				"foot_left": {
					"rotation": ["105+3*math.cos(q.anim_time*90*1-210)", 0, 0]
				},
				"leg_right": {
					"rotation": ["72.036+1*math.cos(q.anim_time*90*1-120)", 1.94838, "12.132+2*math.cos(q.anim_time*90*0.5-40)"],
					"position": ["-0.1-0.05*math.cos(q.anim_time*90*1-40)", 2.1, "0.925+0.05*math.sin(q.anim_time*90*1-40)"]
				},
				"wing_open_right": {
					"scale": 0
				},
				"body": {
					"rotation": [10.5779, 0.32702, -0.92438],
					"position": [0, -17.45, "0.05*math.sin(q.anim_time*90*1-40)"]
				},
				"leg_right2": {
					"rotation": ["-30+1*math.cos(q.anim_time*90*1-150)", 0, 0]
				},
				"leg_right3": {
					"rotation": ["-58.5+1*math.cos(q.anim_time*90*1-180)", 0, 0]
				},
				"foot_right": {
					"rotation": ["105+3*math.cos(q.anim_time*90*1-210)", 0, 0]
				}
			}
		},
		"animation.flamigo.surfacewater_swim": {
			"loop": true,
			"bones": {
				"torso": {
					"rotation": ["-5-0.2-math.sin(q.anim_time*90*1-30)*-1", "0.2-math.cos(q.anim_time*90*1-70)*1", 0],
					"position": ["0.05*math.cos(q.anim_time*90*1-40)", 0.6, "0.05*math.sin(q.anim_time*90*1-40)"]
				},
				"wing_closed_left": {
					"rotation": [0, -5, 0]
				},
				"wing_closed_right": {
					"rotation": [0, 5, 0]
				},
				"wing_open_left": {
					"scale": 0
				},
				"neck_base": {
					"rotation": [4, "0.6+math.cos(q.anim_time*90*1-90)*1", 0]
				},
				"neck": {
					"rotation": ["-44.5-0.5*math.cos(q.anim_time*90*1-30)*1", 0, 0]
				},
				"neck2": {
					"rotation": ["-40.75-0.5*math.cos(q.anim_time*90*1-40)*1", 0, 0]
				},
				"neck3": {
					"rotation": ["-30-0.5*math.cos(q.anim_time*90*1-50)*1", 0, 0]
				},
				"neck4": {
					"rotation": ["-27.5-0.5*math.cos(q.anim_time*90*1-60)*1", 0, 0]
				},
				"neck5": {
					"rotation": ["32.5-0.5*math.cos(q.anim_time*90*1-70)*-1", 0, 0]
				},
				"neck6": {
					"rotation": ["42.5-0.5*math.cos(q.anim_time*90*1-80)*-1", 0, 0]
				},
				"neck7": {
					"rotation": ["47.5-0.5*math.cos(q.anim_time*90*1-90)*-1", 0, 0]
				},
				"head_rotation": {
					"rotation": ["30.75-0.5*math.cos(q.anim_time*90*1-100)*-1", 0, 0]
				},
				"leg_left": {
					"rotation": ["78.0363-5*math.cos(q.anim_time*90*2-120)", 1.92494, "-5.1308-2*math.cos(q.anim_time*90*0.5-40)"],
					"position": ["-0.1-0.05*math.cos(q.anim_time*90*1-40)", 2.1, "0.925+0.05*math.sin(q.anim_time*90*1-40)"]
				},
				"leg_left2": {
					"rotation": ["-30-5*math.cos(q.anim_time*90*2-150)", 0, 0]
				},
				"leg_left3": {
					"rotation": ["-58.5-10*math.cos(q.anim_time*90*2-180)", 0, 0]
				},
				"foot_left": {
					"rotation": ["105-12*math.cos(q.anim_time*90*2-210)", 0, 0]
				},
				"leg_right": {
					"rotation": ["78.0363+5*math.cos(q.anim_time*90*2-120)", -1.92494, "5.1308+2*math.cos(q.anim_time*90*0.5-40)"],
					"position": ["-0.1-0.05*math.cos(q.anim_time*90*1-40)", 2.1, "0.925+0.05*math.sin(q.anim_time*90*1-40)"]
				},
				"wing_open_right": {
					"scale": 0
				},
				"body": {
					"rotation": ["10.5779-0.5*math.sin(q.anim_time*90*4-250)", 0.32702, -0.92438],
					"position": [0, -17.45, "-0.1*math.sin(q.anim_time*90*4-250)"]
				},
				"leg_right2": {
					"rotation": ["-30+5*math.cos(q.anim_time*90*2-150)", 0, 0]
				},
				"leg_right3": {
					"rotation": ["-58.5+10*math.cos(q.anim_time*90*2-180)", 0, 0]
				},
				"foot_right": {
					"rotation": ["105+12*math.cos(q.anim_time*90*2-210)", 0, 0]
				}
			}
		},
		"animation.flamigo.recoil": {
			"animation_length": 1.5,
			"bones": {
				"eyelid_recoil_left": {
					"position": {
						"0.0": [0.1, 0, 0],
						"0.25": {
							"pre": [0.1, 0, 0],
							"post": [0, 0, 0]
						}
					}
				},
				"eyelid_recoil_right": {
					"position": {
						"0.0": [-0.1, 0, 0],
						"0.25": {
							"pre": [-0.1, 0, 0],
							"post": [0, 0, 0]
						}
					}
				},
				"torso": {
					"rotation": {
						"0.0": [0, 0, 0],
						"0.0417": [-5.85, 0, 0],
						"0.0833": [-5.55, 0, 0],
						"0.2083": {
							"pre": [-5.55, 0, 0],
							"post": [-5.55, 0, 0],
							"lerp_mode": "catmullrom"
						},
						"0.875": {
							"post": [-1.825, 0, 0],
							"lerp_mode": "catmullrom"
						},
						"1.5": [0, 0, 0]
					},
					"position": {
						"0.0": [0, 0, 0],
						"0.0417": [0, 0, 0.85],
						"0.375": {
							"pre": [0, 0, 0.85],
							"post": [0, 0, 0.85],
							"lerp_mode": "catmullrom"
						},
						"1.0": {
							"post": [0, 0, 0.1],
							"lerp_mode": "catmullrom"
						},
						"1.5": [0, 0, 0]
					}
				},
				"wing_open_left": {
					"rotation": {
						"0.0": [0, 0, 0],
						"0.0417": {
							"pre": [-1.5, -6.25, -12.5],
							"post": [-1.5, -6.25, -12.5],
							"lerp_mode": "catmullrom"
						},
						"0.875": {
							"post": [-0.05, -0.825, -3.025],
							"lerp_mode": "catmullrom"
						},
						"1.5": [0, 0, 0]
					}
				},
				"wing_open_left2": {
					"rotation": {
						"0.0": [0, 0, 0],
						"0.0833": {
							"pre": [0, -6.25, 0],
							"post": [0, -6.25, 0],
							"lerp_mode": "catmullrom"
						},
						"0.9167": {
							"post": [-0.05, -0.825, 0],
							"lerp_mode": "catmullrom"
						},
						"1.5": [0, 0, 0]
					}
				},
				"wing_open_left3": {
					"rotation": {
						"0.0": [0, 0, 0],
						"0.125": {
							"pre": [0, -6.25, 0],
							"post": [0, -6.25, 0],
							"lerp_mode": "catmullrom"
						},
						"0.9583": {
							"post": [-0.05, -0.825, 0],
							"lerp_mode": "catmullrom"
						},
						"1.5": [0, 0, 0]
					}
				},
				"wing_open_right": {
					"rotation": {
						"0.0": [0, 0, 0],
						"0.0417": {
							"pre": [-1.5, 6.25, 12.5],
							"post": [-1.5, 6.25, 12.5],
							"lerp_mode": "catmullrom"
						},
						"0.875": {
							"post": [-0.05, 0.825, 3.025],
							"lerp_mode": "catmullrom"
						},
						"1.5": [0, 0, 0]
					}
				},
				"wing_open_right2": {
					"rotation": {
						"0.0": [0, 0, 0],
						"0.0833": {
							"pre": [0, 6.25, 0],
							"post": [0, 6.25, 0],
							"lerp_mode": "catmullrom"
						},
						"0.9167": {
							"post": [-0.05, 0.825, 0],
							"lerp_mode": "catmullrom"
						},
						"1.5": [0, 0, 0]
					}
				},
				"wing_open_right3": {
					"rotation": {
						"0.0": [0, 0, 0],
						"0.125": {
							"pre": [0, 6.25, 0],
							"post": [0, 6.25, 0],
							"lerp_mode": "catmullrom"
						},
						"0.9583": {
							"post": [-0.05, 0.825, 0],
							"lerp_mode": "catmullrom"
						},
						"1.5": [0, 0, 0]
					}
				},
				"neck_base": {
					"rotation": {
						"0.0": [0, 0, 0],
						"0.0417": [-6.75, 0, 0],
						"0.5417": {
							"pre": [-2.23, 0, 0],
							"post": [-2.23, 0, 0],
							"lerp_mode": "catmullrom"
						},
						"0.75": {
							"post": [-0.4, "-1*math.sin(q.anim_time*90*20)", "-1*math.sin(q.anim_time*90*20-40)"],
							"lerp_mode": "catmullrom"
						},
						"1.0833": [0, 0, 0],
						"1.5": [0, 0, 0]
					}
				},
				"neck": {
					"rotation": {
						"0.0": [0, 0, 0],
						"0.0417": [-3.5, 0, 0],
						"0.3333": {
							"pre": [-2.8, 0, 0],
							"post": [-2.8, 0, 0],
							"lerp_mode": "catmullrom"
						},
						"0.5833": {
							"post": [-1.66, 0, 0],
							"lerp_mode": "catmullrom"
						},
						"1.125": [0, 0, 0],
						"1.5": [0, 0, 0]
					}
				},
				"neck2": {
					"rotation": {
						"0.0": [0, 0, 0],
						"0.0833": [-2.45, 0, 0],
						"0.375": {
							"pre": [-1.93, 0, 0],
							"post": [-1.93, 0, 0],
							"lerp_mode": "catmullrom"
						},
						"0.7917": {
							"post": [-0.6, 0, 0],
							"lerp_mode": "catmullrom"
						},
						"1.5": [0, 0, 0]
					}
				},
				"neck3": {
					"rotation": {
						"0.0": [0, 0, 0],
						"0.125": [-2.45, 0, 0],
						"0.4167": {
							"pre": [-1.59, 0, 0],
							"post": [-1.59, 0, 0],
							"lerp_mode": "catmullrom"
						},
						"0.8333": {
							"post": [-0.4, 0, 0],
							"lerp_mode": "catmullrom"
						},
						"1.5": [0, 0, 0]
					}
				},
				"neck5": {
					"rotation": {
						"0.0": [0, 0, 0],
						"0.0833": [-1.3, 0, 0],
						"0.5": {
							"pre": [-0.52, 0, 0],
							"post": [-0.52, 0, 0],
							"lerp_mode": "catmullrom"
						},
						"0.875": {
							"post": [-0.125, 0, 0],
							"lerp_mode": "catmullrom"
						},
						"1.5": [0, 0, 0]
					}
				},
				"neck6": {
					"rotation": {
						"0.0": [0, 0, 0],
						"0.1667": [-2.1, 0, 0],
						"0.5833": {
							"pre": [-1.24, 0, 0],
							"post": [-1.24, 0, 0],
							"lerp_mode": "catmullrom"
						},
						"0.9583": {
							"post": [-0.325, 0, 0],
							"lerp_mode": "catmullrom"
						},
						"1.5": [0, 0, 0]
					}
				},
				"neck7": {
					"rotation": {
						"0.0": [0, 0, 0],
						"0.125": [-3.98, 0, 0],
						"0.4167": {
							"pre": [-3.09, 0, 0],
							"post": [-3.09, 0, 0],
							"lerp_mode": "catmullrom"
						},
						"0.6667": {
							"post": [-1.725, 0, 0],
							"lerp_mode": "catmullrom"
						},
						"0.9583": [0, 0, 0],
						"1.5": [0, 0, 0]
					}
				},
				"head_rotation": {
					"rotation": {
						"0.0": [0, 0, 0],
						"0.125": [-8.04, 0, 0],
						"0.375": {
							"pre": [-9.065, 0, 0],
							"post": [-9.065, 0, 0],
							"lerp_mode": "catmullrom"
						},
						"0.5": {
							"post": [0.075, 0, 0],
							"lerp_mode": "catmullrom"
						},
						"0.6667": {
							"post": [8.4, 0, "5*math.sin(q.anim_time*90*20)"],
							"lerp_mode": "catmullrom"
						},
						"1.0": {
							"post": [0.57, 0, 0],
							"lerp_mode": "catmullrom"
						},
						"1.5": [0, 0, 0]
					}
				},
				"eye_angry_left": {
					"position": {
						"0.0": [-0.1, 0, 0],
						"0.25": {
							"pre": [-0.1, 0, 0],
							"post": [0, 0, 0]
						},
						"0.4167": {
							"pre": [0, 0, 0],
							"post": [-0.1, 0, 0]
						},
						"1.0833": {
							"pre": [-0.1, 0, 0],
							"post": [0, 0, 0]
						}
					}
				},
				"eye_sad_left": {
					"position": {
						"0.0": [-0.1, 0, 0],
						"0.25": {
							"pre": [-0.1, 0, 0],
							"post": [0, 0, 0]
						}
					}
				},
				"eyelid_left": {
					"position": {
						"0.0": [-0.1, 0, 0],
						"0.25": {
							"pre": [-0.1, 0, 0],
							"post": [0, 0, 0]
						},
						"0.4167": {
							"pre": [0, 0, 0],
							"post": [0.1, 0, 0]
						},
						"1.0833": {
							"pre": [0.1, 0, 0],
							"post": [0, 0, 0]
						}
					}
				},
				"eyelid_happy_left": {
					"position": {
						"0.0": [-0.1, 0, 0],
						"0.25": {
							"pre": [-0.1, 0, 0],
							"post": [0, 0, 0]
						}
					}
				},
				"eye_angry_right": {
					"position": {
						"0.0": [0.1, 0, 0],
						"0.25": {
							"pre": [0.1, 0, 0],
							"post": [0, 0, 0]
						},
						"0.4167": {
							"pre": [0, 0, 0],
							"post": [0.1, 0, 0]
						},
						"1.0833": {
							"pre": [0.1, 0, 0],
							"post": [0, 0, 0]
						}
					}
				},
				"eye_sad_right": {
					"position": {
						"0.0": [0.1, 0, 0],
						"0.25": {
							"pre": [0.1, 0, 0],
							"post": [0, 0, 0]
						}
					}
				},
				"eyelid_right": {
					"position": {
						"0.0": [0.1, 0, 0],
						"0.25": {
							"pre": [0.1, 0, 0],
							"post": [0, 0, 0]
						},
						"0.4167": {
							"pre": [0, 0, 0],
							"post": [-0.1, 0, 0]
						},
						"1.0833": {
							"pre": [-0.1, 0, 0],
							"post": [0, 0, 0]
						}
					}
				},
				"eyelid_happy_right": {
					"position": {
						"0.0": [0.1, 0, 0],
						"0.25": {
							"pre": [0.1, 0, 0],
							"post": [0, 0, 0]
						}
					}
				},
				"leg_left": {
					"rotation": {
						"0.0": [0, 0, 0],
						"0.0417": {
							"pre": [1.275, 0, 0],
							"post": [1.275, 0, 0],
							"lerp_mode": "catmullrom"
						},
						"0.7917": {
							"post": [0.075, 0, 0],
							"lerp_mode": "catmullrom"
						},
						"1.5": [0, 0, 0]
					},
					"position": {
						"0.0": [0, 0, 0],
						"0.0417": [0, 0, 0.475],
						"0.2917": {
							"pre": [0, 0, 0.54],
							"post": [0, 0, 0.54],
							"lerp_mode": "catmullrom"
						},
						"0.5": {
							"post": [0, 0, 0.475],
							"lerp_mode": "catmullrom"
						},
						"1.0": {
							"post": [0, 0, 0],
							"lerp_mode": "catmullrom"
						},
						"1.5": [0, 0, 0]
					}
				},
				"leg_left2": {
					"rotation": {
						"0.0": [0, 0, 0],
						"0.0833": {
							"pre": [0.975, 0, 0],
							"post": [0.975, 0, 0],
							"lerp_mode": "catmullrom"
						},
						"0.7917": {
							"post": [0.1, 0, 0],
							"lerp_mode": "catmullrom"
						},
						"1.5": [0, 0, 0]
					}
				},
				"leg_left3": {
					"rotation": {
						"0.0": [0, 0, 0],
						"0.0833": {
							"pre": [2.2, 0, 0],
							"post": [2.2, 0, 0],
							"lerp_mode": "catmullrom"
						},
						"0.875": {
							"post": [0.275, 0, 0],
							"lerp_mode": "catmullrom"
						},
						"1.5": [0, 0, 0]
					}
				},
				"foot_left": {
					"rotation": {
						"0.0": [0, 0, 0],
						"0.0833": [4.325, 0, 0],
						"0.4583": {
							"pre": [4.795, 0, 0],
							"post": [4.795, 0, 0],
							"lerp_mode": "catmullrom"
						},
						"1.0": {
							"post": [-1.8, 0, 0],
							"lerp_mode": "catmullrom"
						},
						"1.5": [0, 0, 0]
					}
				},
				"leg_right": {
					"rotation": {
						"0.0": [0, 0, 0],
						"0.0417": [-1.825, 0, 0],
						"0.2917": {
							"pre": [-2.08, 0, 0],
							"post": [-2.08, 0, 0],
							"lerp_mode": "catmullrom"
						},
						"0.5": {
							"post": [-1.825, 0, 0],
							"lerp_mode": "catmullrom"
						},
						"1.0": {
							"post": [0, 0, 0],
							"lerp_mode": "catmullrom"
						},
						"1.5": [0, 0, 0]
					},
					"position": {
						"0.0": [0, 0, 0],
						"0.0417": [0, 0, 0.475],
						"0.2917": {
							"pre": [0, 0, 0.54],
							"post": [0, 0, 0.54],
							"lerp_mode": "catmullrom"
						},
						"0.5": {
							"post": [0, 0, 0.475],
							"lerp_mode": "catmullrom"
						},
						"1.0": {
							"post": [0, 0, 0],
							"lerp_mode": "catmullrom"
						},
						"1.5": [0, 0, 0]
					}
				},
				"pupil_left": {
					"scale": {
						"0.0": [1, 1, 1],
						"0.25": {
							"pre": [1, 1, 1],
							"post": [1, 0.7, 0.7]
						},
						"1.0833": {
							"pre": [1, 0.7, 0.7],
							"post": [1, 1, 1]
						}
					}
				},
				"pupil_right": {
					"scale": {
						"0.0": [1, 1, 1],
						"0.25": {
							"pre": [1, 1, 1],
							"post": [1, 0.7, 0.7]
						},
						"1.0833": {
							"pre": [1, 0.7, 0.7],
							"post": [1, 1, 1]
						}
					}
				}
			}
		},
		"animation.flamigo.blink": {
			"animation_length": 0.1667,
			"bones": {
				"eye_angry_left": {
					"position": {
						"0.0": [-0.1, 0, 0],
						"0.1667": {
							"pre": [-0.1, 0, 0],
							"post": [0, 0, 0]
						}
					}
				},
				"eye_sad_left": {
					"position": {
						"0.0": [-0.1, 0, 0],
						"0.1667": {
							"pre": [-0.1, 0, 0],
							"post": [0, 0, 0]
						}
					}
				},
				"eyelid_happy_left": {
					"position": {
						"0.0": [-0.1, 0, 0],
						"0.1667": {
							"pre": [-0.1, 0, 0],
							"post": [0, 0, 0]
						}
					}
				},
				"eyelid_recoil_left": {
					"position": {
						"0.0": [-0.1, 0, 0],
						"0.1667": {
							"pre": [-0.1, 0, 0],
							"post": [0, 0, 0]
						}
					}
				},
				"eye_angry_right": {
					"position": {
						"0.0": [0.1, 0, 0],
						"0.1667": {
							"pre": [0.1, 0, 0],
							"post": [0, 0, 0]
						}
					}
				},
				"eye_sad_right": {
					"position": {
						"0.0": [0.1, 0, 0],
						"0.1667": {
							"pre": [0.1, 0, 0],
							"post": [0, 0, 0]
						}
					}
				},
				"eyelid_happy_right": {
					"position": {
						"0.0": [0.1, 0, 0],
						"0.1667": {
							"pre": [0.1, 0, 0],
							"post": [0, 0, 0]
						}
					}
				},
				"eyelid_recoil_right": {
					"position": {
						"0.0": [0.1, 0, 0],
						"0.1667": {
							"pre": [0.1, 0, 0],
							"post": [0, 0, 0]
						}
					}
				},
				"eyelid_left": {
					"position": {
						"0.0": [0.1, 0, 0],
						"0.125": [0.1, 0, 0],
						"0.1667": {
							"pre": [0.1, 0, 0],
							"post": [0, 0, 0]
						}
					}
				},
				"eyelid_right": {
					"position": {
						"0.0": [-0.1, 0, 0],
						"0.125": [-0.1, 0, 0],
						"0.1667": {
							"pre": [-0.1, 0, 0],
							"post": [0, 0, 0]
						}
					}
				}
			}
		},
		"animation.flamigo.cry": {
			"animation_length": 3,
			"bones": {
				"jaw2": {
					"rotation": {
						"0.0833": [0, 0, 0],
						"0.1667": {
							"pre": [21, 0, 0],
							"post": [21, 0, 0],
							"lerp_mode": "catmullrom"
						},
						"0.2917": {
							"post": [12.5, 0, 0],
							"lerp_mode": "catmullrom"
						},
						"0.4583": [21, 0, 0],
						"0.5833": [0, 0, 0],
						"0.7083": [0, 0, 0],
						"0.875": {
							"pre": [21, 0, 0],
							"post": [21, 0, 0],
							"lerp_mode": "catmullrom"
						},
						"1.0833": {
							"post": [10.2, 0, 0],
							"lerp_mode": "catmullrom"
						},
						"1.25": [0, 0, 0]
					}
				},
				"torso": {
					"rotation": {
						"0.0": [0, 0, 0],
						"0.1667": {
							"pre": [-1.95, 0, 0],
							"post": [-1.95, 0, 0],
							"lerp_mode": "catmullrom"
						},
						"0.3333": {
							"post": [-1.35, 0, 0],
							"lerp_mode": "catmullrom"
						},
						"0.5417": {
							"post": [0.1, 0, 0],
							"lerp_mode": "catmullrom"
						},
						"0.8333": {
							"post": [0.3, 0, 0],
							"lerp_mode": "catmullrom"
						},
						"1.0833": {
							"post": [-2.85, 0, 0],
							"lerp_mode": "catmullrom"
						},
						"1.3333": {
							"post": [-2.85, 0, 0],
							"lerp_mode": "catmullrom"
						},
						"1.7917": {
							"post": [0.225, 0, 0],
							"lerp_mode": "catmullrom"
						},
						"2.25": {
							"post": [-0.1, 0, 0],
							"lerp_mode": "catmullrom"
						},
						"3.0": [0, 0, 0]
					},
					"position": {
						"0.1667": [0, 0, 0],
						"0.5417": {
							"pre": [0, -0.15, 0],
							"post": [0, -0.15, 0],
							"lerp_mode": "catmullrom"
						},
						"0.7917": {
							"post": [0, -0.15, 0],
							"lerp_mode": "catmullrom"
						},
						"1.0833": {
							"post": [0, 0.025, 0],
							"lerp_mode": "catmullrom"
						},
						"1.4167": {
							"post": [0, 0.075, 0],
							"lerp_mode": "catmullrom"
						},
						"2.0417": {
							"post": [0, -0.075, 0],
							"lerp_mode": "catmullrom"
						},
						"2.5833": [0, 0, 0]
					}
				},
				"neck_base": {
					"rotation": {
						"0.0": [0, 0, 0],
						"0.2083": {
							"pre": [1, 0, 0],
							"post": [1, 0, 0],
							"lerp_mode": "catmullrom"
						},
						"0.5": {
							"post": [3.45, 0, 0],
							"lerp_mode": "catmullrom"
						},
						"0.875": {
							"post": [3.45, 0, 0],
							"lerp_mode": "catmullrom"
						},
						"1.2083": {
							"post": [1.4, 0, 0],
							"lerp_mode": "catmullrom"
						},
						"1.875": {
							"post": [0, 0, 0],
							"lerp_mode": "catmullrom"
						},
						"3.0": {
							"post": [0, 0, 0],
							"lerp_mode": "catmullrom"
						}
					}
				},
				"neck": {
					"rotation": {
						"0.0": [0, 0, 0],
						"0.1667": {
							"pre": [-1.25, 0, 0],
							"post": [-1.25, 0, 0],
							"lerp_mode": "catmullrom"
						},
						"0.3333": {
							"post": [-2, 0, 0],
							"lerp_mode": "catmullrom"
						},
						"0.5417": {
							"post": [5, 0, 0],
							"lerp_mode": "catmullrom"
						},
						"0.8333": {
							"post": [6, 0, 0],
							"lerp_mode": "catmullrom"
						},
						"1.0417": {
							"post": [0.75, 0, 0],
							"lerp_mode": "catmullrom"
						},
						"1.2917": {
							"post": [-0.07, 0, 0],
							"lerp_mode": "catmullrom"
						},
						"1.9167": {
							"post": [0, 0, 0],
							"lerp_mode": "catmullrom"
						},
						"3.0": [0, 0, 0]
					}
				},
				"neck3": {
					"rotation": {
						"0.0": [0, 0, 0],
						"0.3333": {
							"pre": [3.75, 0, 0],
							"post": [3.75, 0, 0],
							"lerp_mode": "catmullrom"
						},
						"0.5": {
							"post": [-5.5, 0, 0],
							"lerp_mode": "catmullrom"
						},
						"0.7083": {
							"post": [-8, 0, 0],
							"lerp_mode": "catmullrom"
						},
						"1.0833": {
							"post": [0.25, 0, 0],
							"lerp_mode": "catmullrom"
						},
						"1.5833": {
							"post": [0.25, 0, 0],
							"lerp_mode": "catmullrom"
						},
						"2.2917": {
							"post": [0.25, 0, 0],
							"lerp_mode": "catmullrom"
						},
						"3.0": [0, 0, 0]
					}
				},
				"neck6": {
					"rotation": {
						"0.0": [0, 0, 0],
						"0.1667": {
							"pre": [-3, 0, 0],
							"post": [-3, 0, 0],
							"lerp_mode": "catmullrom"
						},
						"0.3333": {
							"post": [2, 0, 0],
							"lerp_mode": "catmullrom"
						},
						"0.7083": {
							"post": [6.25, 0, 0],
							"lerp_mode": "catmullrom"
						},
						"0.9583": {
							"post": [-1.75, 0, 0],
							"lerp_mode": "catmullrom"
						},
						"1.2083": {
							"post": [-4.45, 0, 0],
							"lerp_mode": "catmullrom"
						},
						"2.0417": {
							"post": [0, 0, 0],
							"lerp_mode": "catmullrom"
						},
						"3.0": [0, 0, 0]
					}
				},
				"head_rotation": {
					"rotation": {
						"0.0": [0, 0, 0],
						"0.125": {
							"pre": [-8.15, 0, 0],
							"post": [-8.15, 0, 0],
							"lerp_mode": "catmullrom"
						},
						"0.2917": {
							"post": [-5.65, 0, 0],
							"lerp_mode": "catmullrom"
						},
						"0.5833": {
							"post": [6.05, 0, 0],
							"lerp_mode": "catmullrom"
						},
						"0.7917": {
							"post": [4.85, 0, 0],
							"lerp_mode": "catmullrom"
						},
						"1.0": {
							"post": [-6.025, 0, 0],
							"lerp_mode": "catmullrom"
						},
						"1.2917": {
							"post": [-8.025, 0, 0],
							"lerp_mode": "catmullrom"
						},
						"2.0833": {
							"post": [0, 0, 0],
							"lerp_mode": "catmullrom"
						},
						"3.0": [0, 0, 0]
					}
				},
				"neck7": {
					"rotation": {
						"0.0": [0, 0, 0],
						"0.2917": {
							"pre": [-1.8, 0, 0],
							"post": [-1.8, 0, 0],
							"lerp_mode": "catmullrom"
						},
						"0.4583": {
							"post": [2, 0, 0],
							"lerp_mode": "catmullrom"
						},
						"0.8333": {
							"post": [6.25, 0, 0],
							"lerp_mode": "catmullrom"
						},
						"1.0833": {
							"post": [-0.55, 0, 0],
							"lerp_mode": "catmullrom"
						},
						"1.3333": {
							"post": [-3.25, 0, 0],
							"lerp_mode": "catmullrom"
						},
						"2.1667": {
							"post": [0, 0, 0],
							"lerp_mode": "catmullrom"
						},
						"3.0": [0, 0, 0]
					}
				},
				"wing_open_left": {
					"rotation": {
						"0.0": [0, 0, 0],
						"0.2083": {
							"pre": [0, -0.925, -1.1],
							"post": [0, -0.925, -1.1],
							"lerp_mode": "catmullrom"
						},
						"0.4167": {
							"post": [0, 1.35, 1.4],
							"lerp_mode": "catmullrom"
						},
						"0.75": {
							"post": [0, 3, 3],
							"lerp_mode": "catmullrom"
						},
						"1.0833": {
							"post": [0, -1.825, -1.7],
							"lerp_mode": "catmullrom"
						},
						"1.5": {
							"post": [0, -1.875, -1.7],
							"lerp_mode": "catmullrom"
						},
						"2.1667": {
							"post": [0, 0, 0],
							"lerp_mode": "catmullrom"
						},
						"3.0": [0, 0, 0]
					}
				},
				"wing_open_left2": {
					"rotation": {
						"0.0": [0, 0, 0],
						"0.3333": {
							"pre": [0, -0.4, -0.3],
							"post": [0, -0.4, -0.3],
							"lerp_mode": "catmullrom"
						},
						"0.5417": {
							"post": [0, 0.35, 0.3],
							"lerp_mode": "catmullrom"
						},
						"0.875": {
							"post": [0, 0.5, 0.6],
							"lerp_mode": "catmullrom"
						},
						"1.2083": {
							"post": [0, -0.35, -0.4],
							"lerp_mode": "catmullrom"
						},
						"1.625": {
							"post": [0, -0.4, -0.4],
							"lerp_mode": "catmullrom"
						},
						"2.2917": {
							"post": [0, 0, 0],
							"lerp_mode": "catmullrom"
						},
						"3.0": [0, 0, 0]
					}
				},
				"wing_open_left3": {
					"rotation": {
						"0.0": [0, 0, 0],
						"0.4583": {
							"pre": [0, -1.075, -1.025],
							"post": [0, -1.075, -1.025],
							"lerp_mode": "catmullrom"
						},
						"0.6667": {
							"post": [0, 1.125, 1.05],
							"lerp_mode": "catmullrom"
						},
						"1.0": {
							"post": [0, 1.275, 1.35],
							"lerp_mode": "catmullrom"
						},
						"1.3333": {
							"post": [0, -1.025, -1.05],
							"lerp_mode": "catmullrom"
						},
						"1.75": {
							"post": [0, -1.075, -1.05],
							"lerp_mode": "catmullrom"
						},
						"2.4167": {
							"post": [0, 0, 0],
							"lerp_mode": "catmullrom"
						},
						"3.0": [0, 0, 0]
					}
				},
				"wing_open_right": {
					"rotation": {
						"0.0": [0, 0, 0],
						"0.2083": {
							"pre": [0, 0.925, 1.1],
							"post": [0, 0.925, 1.1],
							"lerp_mode": "catmullrom"
						},
						"0.4167": {
							"post": [0, -1.35, -1.4],
							"lerp_mode": "catmullrom"
						},
						"0.75": {
							"post": [0, -3, -3],
							"lerp_mode": "catmullrom"
						},
						"1.0833": {
							"post": [0, 1.825, 1.7],
							"lerp_mode": "catmullrom"
						},
						"1.5": {
							"post": [0, 1.875, 1.7],
							"lerp_mode": "catmullrom"
						},
						"2.1667": {
							"post": [0, 0, 0],
							"lerp_mode": "catmullrom"
						},
						"3.0": [0, 0, 0]
					}
				},
				"wing_open_right2": {
					"rotation": {
						"0.0": [0, 0, 0],
						"0.3333": {
							"pre": [0, 0.4, 0.3],
							"post": [0, 0.4, 0.3],
							"lerp_mode": "catmullrom"
						},
						"0.5417": {
							"post": [0, -0.35, -0.3],
							"lerp_mode": "catmullrom"
						},
						"0.875": {
							"post": [0, -0.5, -0.6],
							"lerp_mode": "catmullrom"
						},
						"1.2083": {
							"post": [0, 0.35, 0.4],
							"lerp_mode": "catmullrom"
						},
						"1.625": {
							"post": [0, 0.4, 0.4],
							"lerp_mode": "catmullrom"
						},
						"2.2917": {
							"post": [0, 0, 0],
							"lerp_mode": "catmullrom"
						},
						"3.0": [0, 0, 0]
					}
				},
				"wing_open_right3": {
					"rotation": {
						"0.0": [0, 0, 0],
						"0.4583": {
							"pre": [0, 1.075, 1.025],
							"post": [0, 1.075, 1.025],
							"lerp_mode": "catmullrom"
						},
						"0.6667": {
							"post": [0, -1.125, -1.05],
							"lerp_mode": "catmullrom"
						},
						"1.0": {
							"post": [0, -1.275, -1.35],
							"lerp_mode": "catmullrom"
						},
						"1.3333": {
							"post": [0, 1.025, 1.05],
							"lerp_mode": "catmullrom"
						},
						"1.75": {
							"post": [0, 1.075, 1.05],
							"lerp_mode": "catmullrom"
						},
						"2.4167": {
							"post": [0, 0, 0],
							"lerp_mode": "catmullrom"
						},
						"3.0": [0, 0, 0]
					}
				}
			},
			"sound_effects": {
				"0.0833": {
					"effect": "pokemon.flamigo.cry"
				}
			}
		},
		"animation.flamigo.quirk_tap": {
			"animation_length": 4.5,
			"bones": {
				"torso": {
					"rotation": {
						"0.0": ["-5-0.2-math.sin(q.anim_time*90*1-30)*-1", "0.2-math.cos(q.anim_time*90*1-70)*1", 0],
						"0.2083": {
							"pre": [-10.32958, 0.07717, 0.02284],
							"post": [-10.32958, 0.07717, 0.02284],
							"lerp_mode": "catmullrom"
						},
						"0.5": {
							"post": [-2.90966, 0.3918, "-1*math.cos(q.anim_time*90*7-20)"],
							"lerp_mode": "catmullrom"
						},
						"2.2917": {
							"post": [-2.90966, 0.3918, "-2*math.cos(q.anim_time*90*7-50)"],
							"lerp_mode": "catmullrom"
						},
						"3.0417": {
							"post": ["-4.225-0.2-math.sin(q.anim_time*90*1-30)*-1", "0.2-math.cos(q.anim_time*90*1-70)*1", 0],
							"lerp_mode": "catmullrom"
						},
						"4.5": ["-5-0.2-math.sin(q.anim_time*90*1-30)*-1", "0.2-math.cos(q.anim_time*90*1-70)*1", 0]
					},
					"position": {
						"0.0": ["0.05*math.cos(q.anim_time*90*1-40)", 0, "0.05*math.sin(q.anim_time*90*1-40)"],
						"0.2083": [0.43, -0.35, 0],
						"0.5": {
							"pre": ["-0.2*math.cos(q.anim_time*90*7)", "-0.075-0.2*math.cos(q.anim_time*90*14+10)", "-0.05*math.cos(q.anim_time*90*14-20)"],
							"post": ["-0.2*math.cos(q.anim_time*90*7)", "-0.075-0.2*math.cos(q.anim_time*90*14+10)", "-0.05*math.cos(q.anim_time*90*14-20)"],
							"lerp_mode": "catmullrom"
						},
						"2.2917": {
							"post": ["-0.3*math.cos(q.anim_time*90*7)", "-0.075-0.1*math.cos(q.anim_time*90*14)", "-0.05*math.cos(q.anim_time*90*14-20)"],
							"lerp_mode": "catmullrom"
						},
						"3.0417": {
							"post": ["0.05*math.cos(q.anim_time*90*1-40)", 0, "0.05*math.sin(q.anim_time*90*1-40)"],
							"lerp_mode": "catmullrom"
						},
						"4.5": ["0.05*math.cos(q.anim_time*90*1-40)", 0, "0.05*math.sin(q.anim_time*90*1-40)"]
					}
				},
				"wing_closed_left": {
					"rotation": [0, -5, 0]
				},
				"wing_closed_right": {
					"rotation": [0, 5, 0]
				},
				"wing_open_left": {
					"scale": 0
				},
				"neck_base": {
					"rotation": {
						"0.0": [-2.5, 0, 0],
						"0.2083": {
							"pre": [-6.25, 0, 0],
							"post": [-6.25, 0, 0],
							"lerp_mode": "catmullrom"
						},
						"0.5": {
							"post": [9.5, "1*math.cos(q.anim_time*90*7-80)", "-1.2*math.cos(q.anim_time*90*7-60)"],
							"lerp_mode": "catmullrom"
						},
						"2.4167": {
							"post": [9.5, "0.6*math.cos(q.anim_time*90*7-80)", "-1*math.cos(q.anim_time*90*7-60)"],
							"lerp_mode": "catmullrom"
						},
						"2.7917": {
							"post": [3.5, 0, 0],
							"lerp_mode": "catmullrom"
						},
						"3.1667": {
							"post": [-2.5, 0, 0],
							"lerp_mode": "catmullrom"
						},
						"4.5": [-2.5, 0, 0]
					}
				},
				"neck": {
					"rotation": {
						"0.0": [-30, 0, 0],
						"0.2083": {
							"pre": [-33.35, 0, 0],
							"post": [-33.35, 0, 0],
							"lerp_mode": "catmullrom"
						},
						"0.5417": {
							"post": [-21.15, 0, 0],
							"lerp_mode": "catmullrom"
						},
						"2.625": {
							"post": [-30, 0, 0],
							"lerp_mode": "catmullrom"
						},
						"3.25": {
							"post": [-30, 0, 0],
							"lerp_mode": "catmullrom"
						},
						"4.5": [-30, 0, 0]
					}
				},
				"neck2": {
					"rotation": {
						"0.0": [-36.25, 0, 0],
						"0.25": {
							"pre": [-35.95, 0, 0],
							"post": [-35.95, 0, 0],
							"lerp_mode": "catmullrom"
						},
						"0.5833": {
							"post": [-32.25, 0, 0],
							"lerp_mode": "catmullrom"
						},
						"2.6667": {
							"post": [-32.25, 0, 0],
							"lerp_mode": "catmullrom"
						},
						"3.3333": {
							"post": [-36.25, 0, 0],
							"lerp_mode": "catmullrom"
						},
						"4.5": [-36.25, 0, 0]
					}
				},
				"neck3": {
					"rotation": {
						"0.0": [-30, 0, 0],
						"0.2917": {
							"pre": [-30.75, 0, 0],
							"post": [-30.75, 0, 0],
							"lerp_mode": "catmullrom"
						},
						"0.625": {
							"post": [-15.25, 0, 0],
							"lerp_mode": "catmullrom"
						},
						"2.7083": {
							"post": [-15.25, 0, 0],
							"lerp_mode": "catmullrom"
						},
						"3.375": {
							"post": [-30, 0, 0],
							"lerp_mode": "catmullrom"
						},
						"4.5": [-30, 0, 0]
					}
				},
				"neck4": {
					"rotation": {
						"0.0": [-27.5, 0, 0],
						"0.3333": {
							"pre": [-28, 0, 0],
							"post": [-28, 0, 0],
							"lerp_mode": "catmullrom"
						},
						"0.6667": {
							"post": [-5.25, 0, 0],
							"lerp_mode": "catmullrom"
						},
						"2.75": {
							"post": [-5.25, 0, 0],
							"lerp_mode": "catmullrom"
						},
						"3.4583": {
							"post": [-27.5, 0, 0],
							"lerp_mode": "catmullrom"
						},
						"4.5": [-27.5, 0, 0]
					}
				},
				"neck5": {
					"rotation": {
						"0.0": [33, 0, 0],
						"0.3333": {
							"pre": [30.95, 0, 0],
							"post": [30.95, 0, 0],
							"lerp_mode": "catmullrom"
						},
						"0.7083": {
							"post": [45.75, 0, 0],
							"lerp_mode": "catmullrom"
						},
						"2.7917": {
							"post": [45.75, 0, 0],
							"lerp_mode": "catmullrom"
						},
						"3.5": {
							"post": [33.5, 0, 0],
							"lerp_mode": "catmullrom"
						},
						"4.5": [33, 0, 0]
					}
				},
				"neck6": {
					"rotation": {
						"0.0": [42, 0, 0],
						"0.375": {
							"pre": [41.25, 0, 0],
							"post": [41.25, 0, 0],
							"lerp_mode": "catmullrom"
						},
						"0.75": {
							"post": [44.25, 0, 0],
							"lerp_mode": "catmullrom"
						},
						"2.8333": {
							"post": [44.25, 0, 0],
							"lerp_mode": "catmullrom"
						},
						"3.5417": {
							"post": [42, 0, 0],
							"lerp_mode": "catmullrom"
						},
						"4.5": [42, 0, 0]
					}
				},
				"neck7": {
					"rotation": {
						"0.0": [48, 0, 0],
						"0.4167": {
							"pre": [45.25, 0, 0],
							"post": [45.25, 0, 0],
							"lerp_mode": "catmullrom"
						},
						"0.7917": {
							"post": [55, 0, 0],
							"lerp_mode": "catmullrom"
						},
						"2.875": {
							"post": [55, 0, 0],
							"lerp_mode": "catmullrom"
						},
						"3.5833": {
							"post": [48, 0, 0],
							"lerp_mode": "catmullrom"
						},
						"4.5": [48, 0, 0]
					}
				},
				"head_rotation": {
					"rotation": {
						"0.0": [31.25, 0, 0],
						"0.4583": {
							"pre": [15, 0, 0],
							"post": [15, 0, 0],
							"lerp_mode": "catmullrom"
						},
						"0.8333": {
							"post": [9.5, "5*math.cos(q.anim_time*90*7-120)", 0],
							"lerp_mode": "catmullrom"
						},
						"2.75": {
							"post": [9.5, "5*math.cos(q.anim_time*90*7-120)", 0],
							"lerp_mode": "catmullrom"
						},
						"3.0": {
							"post": [17.5, 0, 0],
							"lerp_mode": "catmullrom"
						},
						"3.625": {
							"post": [31.25, 0, 0],
							"lerp_mode": "catmullrom"
						},
						"4.5": [31.25, 0, 0]
					}
				},
				"leg_left": {
					"rotation": {
						"0.0": ["62.5894+1*math.cos(q.anim_time*90*1-120)", -2.30644, "-10.9375+2*math.cos(q.anim_time*90*0.5-40)"],
						"0.1667": [0, 2.25, 0],
						"0.375": [0, 2.25, 0],
						"0.4583": {
							"pre": [21.42, -0.03, -1.13],
							"post": [21.42, -0.03, -1.13],
							"lerp_mode": "catmullrom"
						},
						"0.5417": {
							"post": [42.8394, -2.3064, -2.2625],
							"lerp_mode": "catmullrom"
						},
						"0.625": [15.44046, 1.0073, -0.2742],
						"0.7083": [0, 2.25, 0],
						"0.9167": [0, 2.25, 0],
						"1.0": {
							"pre": [21.42, -0.03, -1.13],
							"post": [21.42, -0.03, -1.13],
							"lerp_mode": "catmullrom"
						},
						"1.0833": {
							"post": [42.8394, -2.3064, -2.2625],
							"lerp_mode": "catmullrom"
						},
						"1.1667": [15.44046, 1.0073, -0.2742],
						"1.25": [0, 2.25, 0],
						"1.4583": [0, 2.25, 0],
						"1.5417": {
							"pre": [21.42, -0.03, -1.13],
							"post": [21.42, -0.03, -1.13],
							"lerp_mode": "catmullrom"
						},
						"1.625": {
							"post": [42.8394, -2.3064, -2.2625],
							"lerp_mode": "catmullrom"
						},
						"1.7083": [15.44046, 1.0073, -0.2742],
						"1.7917": [0, 2.25, 0],
						"2.0": [0, 2.25, 0],
						"2.0833": {
							"pre": [21.42, -0.03, -1.13],
							"post": [21.42, -0.03, -1.13],
							"lerp_mode": "catmullrom"
						},
						"2.1667": {
							"post": [42.8394, -2.3064, -2.2625],
							"lerp_mode": "catmullrom"
						},
						"2.25": [15.44046, 1.0073, -0.2742],
						"2.3333": [0, 2.25, 0],
						"2.5417": [0, 2.25, 0],
						"2.875": {
							"pre": ["42.8394+1*math.cos(q.anim_time*90*1-120)", -2.30644, "-10.9375+2*math.cos(q.anim_time*90*0.5-40)"],
							"post": ["42.8394+1*math.cos(q.anim_time*90*1-120)", -2.30644, "-10.9375+2*math.cos(q.anim_time*90*0.5-40)"],
							"lerp_mode": "catmullrom"
						},
						"3.5833": {
							"post": ["62.5894+1*math.cos(q.anim_time*90*1-120)", -2.30644, "-10.9375+2*math.cos(q.anim_time*90*0.5-40)"],
							"lerp_mode": "catmullrom"
						},
						"4.5": ["62.5894+1*math.cos(q.anim_time*90*1-120)", -2.30644, "-10.9375+2*math.cos(q.anim_time*90*0.5-40)"]
					},
					"position": {
						"0.0": ["0.05*math.cos(q.anim_time*90*1-40)", 0.225, "0.05*math.sin(q.anim_time*90*1-40)"],
						"0.1667": [0.7, 0, 0],
						"0.375": [0.7, 0, 0],
						"0.4583": {
							"pre": [0.51, 0.11, 0.03],
							"post": [0.51, 0.11, 0.03],
							"lerp_mode": "catmullrom"
						},
						"0.5417": {
							"post": [0.325, 0.225, 0.05],
							"lerp_mode": "catmullrom"
						},
						"0.625": [0.615, 0.11, 0],
						"0.7083": [0.7, 0, 0],
						"0.9167": [0.7, 0, 0],
						"1.0": {
							"pre": [0.51, 0.11, 0.03],
							"post": [0.51, 0.11, 0.03],
							"lerp_mode": "catmullrom"
						},
						"1.0833": {
							"post": [0.325, 0.225, 0.05],
							"lerp_mode": "catmullrom"
						},
						"1.1667": [0.615, 0.11, 0],
						"1.25": [0.7, 0, 0],
						"1.4583": [0.7, 0, 0],
						"1.5417": {
							"pre": [0.51, 0.11, 0.03],
							"post": [0.51, 0.11, 0.03],
							"lerp_mode": "catmullrom"
						},
						"1.625": {
							"post": [0.325, 0.225, 0.05],
							"lerp_mode": "catmullrom"
						},
						"1.7083": [0.615, 0.11, 0],
						"1.7917": [0.7, 0, 0],
						"2.0": [0.7, 0, 0],
						"2.0833": {
							"pre": [0.51, 0.11, 0.03],
							"post": [0.51, 0.11, 0.03],
							"lerp_mode": "catmullrom"
						},
						"2.1667": {
							"post": [0.325, 0.225, 0.05],
							"lerp_mode": "catmullrom"
						},
						"2.25": [0.615, 0.11, 0],
						"2.3333": [0.7, 0, 0],
						"2.5417": [0.7, 0, 0],
						"2.875": {
							"pre": ["0.325+0.05*math.cos(q.anim_time*90*1-40)", 0.225, "0.05*math.sin(q.anim_time*90*1-40)"],
							"post": ["0.325+0.05*math.cos(q.anim_time*90*1-40)", 0.225, "0.05*math.sin(q.anim_time*90*1-40)"],
							"lerp_mode": "catmullrom"
						},
						"3.5833": {
							"post": ["0.05*math.cos(q.anim_time*90*1-40)", 0.225, "0.05*math.sin(q.anim_time*90*1-40)"],
							"lerp_mode": "catmullrom"
						},
						"4.5": ["0.05*math.cos(q.anim_time*90*1-40)", 0.225, "0.05*math.sin(q.anim_time*90*1-40)"]
					}
				},
				"leg_left2": {
					"rotation": {
						"0.0": ["-47.5+1*math.cos(q.anim_time*90*1-150)", 0, 0],
						"0.1667": [0, 0, 0],
						"0.375": [0, 0, 0],
						"0.4583": {
							"pre": [-23.75, 0, 0],
							"post": [-23.75, 0, 0],
							"lerp_mode": "catmullrom"
						},
						"0.5417": {
							"post": [-47.5, 0, 0],
							"lerp_mode": "catmullrom"
						},
						"0.625": [-12.72, 0, 0],
						"0.7083": [0, 0, 0],
						"0.9167": [0, 0, 0],
						"1.0": {
							"pre": [-23.75, 0, 0],
							"post": [-23.75, 0, 0],
							"lerp_mode": "catmullrom"
						},
						"1.0833": {
							"post": [-47.5, 0, 0],
							"lerp_mode": "catmullrom"
						},
						"1.1667": [-12.72, 0, 0],
						"1.25": [0, 0, 0],
						"1.4583": [0, 0, 0],
						"1.5417": {
							"pre": [-23.75, 0, 0],
							"post": [-23.75, 0, 0],
							"lerp_mode": "catmullrom"
						},
						"1.625": {
							"post": [-47.5, 0, 0],
							"lerp_mode": "catmullrom"
						},
						"1.7083": [-12.72, 0, 0],
						"1.7917": [0, 0, 0],
						"2.0": [0, 0, 0],
						"2.0833": {
							"pre": [-23.75, 0, 0],
							"post": [-23.75, 0, 0],
							"lerp_mode": "catmullrom"
						},
						"2.1667": {
							"post": [-47.5, 0, 0],
							"lerp_mode": "catmullrom"
						},
						"2.25": [-12.72, 0, 0],
						"2.3333": [0, 0, 0],
						"2.5417": [0, 0, 0],
						"2.875": {
							"pre": ["-47.5+1*math.cos(q.anim_time*90*1-150)", 0, 0],
							"post": ["-47.5+1*math.cos(q.anim_time*90*1-150)", 0, 0],
							"lerp_mode": "catmullrom"
						},
						"3.5833": {
							"post": ["-47.5+1*math.cos(q.anim_time*90*1-150)", 0, 0],
							"lerp_mode": "catmullrom"
						},
						"4.5": ["-47.5+1*math.cos(q.anim_time*90*1-150)", 0, 0]
					}
				},
				"leg_left3": {
					"rotation": {
						"0.0": ["-87.5+1*math.cos(q.anim_time*90*1-180)", 0, 0],
						"0.1667": [0, 0, 0],
						"0.375": [0, 0, 0],
						"0.4583": {
							"pre": [-20, 0, 0],
							"post": [-20, 0, 0],
							"lerp_mode": "catmullrom"
						},
						"0.5417": {
							"post": [-40, 0, 0],
							"lerp_mode": "catmullrom"
						},
						"0.625": [-20.77, 0, 0],
						"0.7083": [0, 0, 0],
						"0.9167": [0, 0, 0],
						"1.0": {
							"pre": [-20, 0, 0],
							"post": [-20, 0, 0],
							"lerp_mode": "catmullrom"
						},
						"1.0833": {
							"post": [-40, 0, 0],
							"lerp_mode": "catmullrom"
						},
						"1.1667": [-20.77, 0, 0],
						"1.25": [0, 0, 0],
						"1.4583": [0, 0, 0],
						"1.5417": {
							"pre": [-20, 0, 0],
							"post": [-20, 0, 0],
							"lerp_mode": "catmullrom"
						},
						"1.625": {
							"post": [-40, 0, 0],
							"lerp_mode": "catmullrom"
						},
						"1.7083": [-20.77, 0, 0],
						"1.7917": [0, 0, 0],
						"2.0": [0, 0, 0],
						"2.0833": {
							"pre": [-20, 0, 0],
							"post": [-20, 0, 0],
							"lerp_mode": "catmullrom"
						},
						"2.1667": {
							"post": [-40, 0, 0],
							"lerp_mode": "catmullrom"
						},
						"2.25": [-20.77, 0, 0],
						"2.3333": [0, 0, 0],
						"2.5417": [0, 0, 0],
						"2.875": {
							"pre": ["-40+1*math.cos(q.anim_time*90*1-180)", 0, 0],
							"post": ["-40+1*math.cos(q.anim_time*90*1-180)", 0, 0],
							"lerp_mode": "catmullrom"
						},
						"3.5833": {
							"post": ["-87.5+1*math.cos(q.anim_time*90*1-180)", 0, 0],
							"lerp_mode": "catmullrom"
						},
						"4.5": ["-87.5+1*math.cos(q.anim_time*90*1-180)", 0, 0]
					}
				},
				"foot_left": {
					"rotation": {
						"0.0": ["105+3*math.cos(q.anim_time*90*1-210)", 0, 0],
						"0.1667": [0, 0, 0],
						"0.375": [0, 0, 0],
						"0.4583": {
							"pre": [52.5, 0, 0],
							"post": [52.5, 0, 0],
							"lerp_mode": "catmullrom"
						},
						"0.5417": {
							"post": [105, 0, 0],
							"lerp_mode": "catmullrom"
						},
						"0.625": [40.4, 0, 0],
						"0.7083": [0, 0, 0],
						"0.9167": [0, 0, 0],
						"1.0": {
							"pre": [52.5, 0, 0],
							"post": [52.5, 0, 0],
							"lerp_mode": "catmullrom"
						},
						"1.0833": {
							"post": [105, 0, 0],
							"lerp_mode": "catmullrom"
						},
						"1.1667": [40.4, 0, 0],
						"1.25": [0, 0, 0],
						"1.4583": [0, 0, 0],
						"1.5417": {
							"pre": [52.5, 0, 0],
							"post": [52.5, 0, 0],
							"lerp_mode": "catmullrom"
						},
						"1.625": {
							"post": [105, 0, 0],
							"lerp_mode": "catmullrom"
						},
						"1.7083": [40.4, 0, 0],
						"1.7917": [0, 0, 0],
						"2.0": [0, 0, 0],
						"2.0833": {
							"pre": [52.5, 0, 0],
							"post": [52.5, 0, 0],
							"lerp_mode": "catmullrom"
						},
						"2.1667": {
							"post": [105, 0, 0],
							"lerp_mode": "catmullrom"
						},
						"2.25": [40.4, 0, 0],
						"2.3333": [0, 0, 0],
						"2.5417": [0, 0, 0],
						"2.875": {
							"pre": ["105+3*math.cos(q.anim_time*90*1-210)", 0, 0],
							"post": ["105+3*math.cos(q.anim_time*90*1-210)", 0, 0],
							"lerp_mode": "catmullrom"
						},
						"3.5833": {
							"post": ["105+3*math.cos(q.anim_time*90*1-210)", 0, 0],
							"lerp_mode": "catmullrom"
						},
						"4.5": ["105+3*math.cos(q.anim_time*90*1-210)", 0, 0]
					}
				},
				"leg_right": {
					"rotation": {
						"0.125": ["-0.2*math.sin(q.anim_time*90*1-40)", 5, "0.2*math.cos(q.anim_time*90*1-40)"],
						"0.2083": {
							"pre": [21.46, 3.65, 1.22],
							"post": [21.46, 3.65, 1.22],
							"lerp_mode": "catmullrom"
						},
						"0.2917": {
							"post": [42.8394, 2.30644, 2.2625],
							"lerp_mode": "catmullrom"
						},
						"0.375": [15.44046, -1.00733, 0.27417],
						"0.4583": [0, -2.25, 0],
						"0.6667": [0, -2.25, 0],
						"0.75": {
							"pre": [21.46, 3.65, 1.22],
							"post": [21.46, 3.65, 1.22],
							"lerp_mode": "catmullrom"
						},
						"0.8333": {
							"post": [42.8394, 2.30644, 2.2625],
							"lerp_mode": "catmullrom"
						},
						"0.9167": [15.44046, -1.00733, 0.27417],
						"1.0": [0, -2.25, 0],
						"1.2083": [0, -2.25, 0],
						"1.2917": {
							"pre": [21.46, 3.65, 1.22],
							"post": [21.46, 3.65, 1.22],
							"lerp_mode": "catmullrom"
						},
						"1.375": {
							"post": [42.8394, 2.30644, 2.2625],
							"lerp_mode": "catmullrom"
						},
						"1.4583": [15.44046, -1.00733, 0.27417],
						"1.5417": [0, -2.25, 0],
						"1.75": [0, -2.25, 0],
						"1.8333": {
							"pre": [21.46, 3.65, 1.22],
							"post": [21.46, 3.65, 1.22],
							"lerp_mode": "catmullrom"
						},
						"1.9167": {
							"post": [42.8394, 2.30644, 2.2625],
							"lerp_mode": "catmullrom"
						},
						"2.0": [15.44046, -1.00733, 0.27417],
						"2.0833": [0, -2.25, 0],
						"2.2917": [0, -2.25, 0],
						"2.375": {
							"pre": [21.46, 3.65, 1.22],
							"post": [21.46, 3.65, 1.22],
							"lerp_mode": "catmullrom"
						},
						"2.4583": {
							"post": [42.8394, 2.30644, 2.2625],
							"lerp_mode": "catmullrom"
						},
						"2.5417": [15.44046, -1.00733, 0.27417],
						"2.625": [-0.2, 5, 0.2],
						"2.7083": ["-0.2*math.sin(q.anim_time*90*1-40)", 5, "0.2*math.cos(q.anim_time*90*1-40)"]
					},
					"position": {
						"0.125": ["0.055*math.cos(q.anim_time*90*1-40)", -0.05, "0.055*math.sin(q.anim_time*90*1-40)"],
						"0.2083": {
							"pre": [-0.04, 0.09, 0.02],
							"post": [-0.04, 0.09, 0.02],
							"lerp_mode": "catmullrom"
						},
						"0.2917": {
							"post": [-0.125, 0.225, 0.05],
							"lerp_mode": "catmullrom"
						},
						"0.375": [-0.615, 0.11, 0],
						"0.4583": [-0.7, 0, 0],
						"0.6667": [-0.7, 0, 0],
						"0.75": {
							"pre": [-0.04, 0.09, 0.02],
							"post": [-0.04, 0.09, 0.02],
							"lerp_mode": "catmullrom"
						},
						"0.8333": {
							"post": [-0.125, 0.225, 0.05],
							"lerp_mode": "catmullrom"
						},
						"0.9167": [-0.615, 0.11, 0],
						"1.0": [-0.7, 0, 0],
						"1.2083": [-0.7, 0, 0],
						"1.2917": {
							"pre": [-0.04, 0.09, 0.02],
							"post": [-0.04, 0.09, 0.02],
							"lerp_mode": "catmullrom"
						},
						"1.375": {
							"post": [-0.125, 0.225, 0.05],
							"lerp_mode": "catmullrom"
						},
						"1.4583": [-0.615, 0.11, 0],
						"1.5417": [-0.7, 0, 0],
						"1.75": [-0.7, 0, 0],
						"1.8333": {
							"pre": [-0.04, 0.09, 0.02],
							"post": [-0.04, 0.09, 0.02],
							"lerp_mode": "catmullrom"
						},
						"1.9167": {
							"post": [-0.125, 0.225, 0.05],
							"lerp_mode": "catmullrom"
						},
						"2.0": [-0.615, 0.11, 0],
						"2.0833": [-0.7, 0, 0],
						"2.2917": [-0.7, 0, 0],
						"2.375": {
							"pre": [-0.04, 0.09, 0.02],
							"post": [-0.04, 0.09, 0.02],
							"lerp_mode": "catmullrom"
						},
						"2.4583": {
							"post": [-0.125, 0.225, 0.05],
							"lerp_mode": "catmullrom"
						},
						"2.5417": [-0.215, 0.11, 0],
						"2.625": [0.055, -0.05, 0.055],
						"2.7083": ["0.055*math.cos(q.anim_time*90*1-40)", -0.05, "0.055*math.sin(q.anim_time*90*1-40)"]
					}
				},
				"wing_open_right": {
					"scale": 0
				},
				"eyelid_happy_left": {
					"position": {
						"0.0": [0, 0, 0],
						"0.5": {
							"pre": [0, 0, 0],
							"post": [0.1, 0, 0]
						},
						"2.5833": {
							"pre": [0.1, 0, 0],
							"post": [0, 0, 0]
						}
					}
				},
				"eyelid_happy_right": {
					"position": {
						"0.0": [0, 0, 0],
						"0.5": {
							"pre": [0, 0, 0],
							"post": [-0.1, 0, 0]
						},
						"2.5833": {
							"pre": [-0.1, 0, 0],
							"post": [0, 0, 0]
						}
					}
				},
				"leg_right2": {
					"rotation": {
						"0.125": [0, 0, 0],
						"0.2083": {
							"pre": [-23.75, 0, 0],
							"post": [-23.75, 0, 0],
							"lerp_mode": "catmullrom"
						},
						"0.2917": {
							"post": [-47.5, 0, 0],
							"lerp_mode": "catmullrom"
						},
						"0.375": [-12.72, 0, 0],
						"0.4583": [0, 0, 0],
						"0.6667": [0, 0, 0],
						"0.75": {
							"pre": [-23.75, 0, 0],
							"post": [-23.75, 0, 0],
							"lerp_mode": "catmullrom"
						},
						"0.8333": {
							"post": [-47.5, 0, 0],
							"lerp_mode": "catmullrom"
						},
						"0.9167": [-12.72, 0, 0],
						"1.0": [0, 0, 0],
						"1.2083": [0, 0, 0],
						"1.2917": {
							"pre": [-23.75, 0, 0],
							"post": [-23.75, 0, 0],
							"lerp_mode": "catmullrom"
						},
						"1.375": {
							"post": [-47.5, 0, 0],
							"lerp_mode": "catmullrom"
						},
						"1.4583": [-12.72, 0, 0],
						"1.5417": [0, 0, 0],
						"1.75": [0, 0, 0],
						"1.8333": {
							"pre": [-23.75, 0, 0],
							"post": [-23.75, 0, 0],
							"lerp_mode": "catmullrom"
						},
						"1.9167": {
							"post": [-47.5, 0, 0],
							"lerp_mode": "catmullrom"
						},
						"2.0": [-12.72, 0, 0],
						"2.0833": [0, 0, 0],
						"2.2917": [0, 0, 0],
						"2.375": {
							"pre": [-23.75, 0, 0],
							"post": [-23.75, 0, 0],
							"lerp_mode": "catmullrom"
						},
						"2.4583": {
							"post": [-47.5, 0, 0],
							"lerp_mode": "catmullrom"
						},
						"2.5417": [-12.72, 0, 0],
						"2.625": [0, 0, 0]
					}
				},
				"leg_right3": {
					"rotation": {
						"0.125": [0, 0, 0],
						"0.2083": {
							"pre": [-20, 0, 0],
							"post": [-20, 0, 0],
							"lerp_mode": "catmullrom"
						},
						"0.2917": {
							"post": [-40, 0, 0],
							"lerp_mode": "catmullrom"
						},
						"0.375": [-20.77, 0, 0],
						"0.4583": [0, 0, 0],
						"0.6667": [0, 0, 0],
						"0.75": {
							"pre": [-20, 0, 0],
							"post": [-20, 0, 0],
							"lerp_mode": "catmullrom"
						},
						"0.8333": {
							"post": [-40, 0, 0],
							"lerp_mode": "catmullrom"
						},
						"0.9167": [-20.77, 0, 0],
						"1.0": [0, 0, 0],
						"1.2083": [0, 0, 0],
						"1.2917": {
							"pre": [-20, 0, 0],
							"post": [-20, 0, 0],
							"lerp_mode": "catmullrom"
						},
						"1.375": {
							"post": [-40, 0, 0],
							"lerp_mode": "catmullrom"
						},
						"1.4583": [-20.77, 0, 0],
						"1.5417": [0, 0, 0],
						"1.75": [0, 0, 0],
						"1.8333": {
							"pre": [-20, 0, 0],
							"post": [-20, 0, 0],
							"lerp_mode": "catmullrom"
						},
						"1.9167": {
							"post": [-40, 0, 0],
							"lerp_mode": "catmullrom"
						},
						"2.0": [-20.77, 0, 0],
						"2.0833": [0, 0, 0],
						"2.2917": [0, 0, 0],
						"2.375": {
							"pre": [-20, 0, 0],
							"post": [-20, 0, 0],
							"lerp_mode": "catmullrom"
						},
						"2.4583": {
							"post": [-40, 0, 0],
							"lerp_mode": "catmullrom"
						},
						"2.5417": [-20.77, 0, 0],
						"2.625": [0, 0, 0]
					}
				},
				"foot_right": {
					"rotation": {
						"0.125": [0, 0, 0],
						"0.2083": {
							"pre": [52.5, 0, 0],
							"post": [52.5, 0, 0],
							"lerp_mode": "catmullrom"
						},
						"0.2917": {
							"post": [105, 0, 0],
							"lerp_mode": "catmullrom"
						},
						"0.375": [40.4, 0, 0],
						"0.4583": [0, 0, 0],
						"0.6667": [0, 0, 0],
						"0.75": {
							"pre": [52.5, 0, 0],
							"post": [52.5, 0, 0],
							"lerp_mode": "catmullrom"
						},
						"0.8333": {
							"post": [105, 0, 0],
							"lerp_mode": "catmullrom"
						},
						"0.9167": [40.4, 0, 0],
						"1.0": [0, 0, 0],
						"1.2083": [0, 0, 0],
						"1.2917": {
							"pre": [52.5, 0, 0],
							"post": [52.5, 0, 0],
							"lerp_mode": "catmullrom"
						},
						"1.375": {
							"post": [105, 0, 0],
							"lerp_mode": "catmullrom"
						},
						"1.4583": [40.4, 0, 0],
						"1.5417": [0, 0, 0],
						"1.75": [0, 0, 0],
						"1.8333": {
							"pre": [52.5, 0, 0],
							"post": [52.5, 0, 0],
							"lerp_mode": "catmullrom"
						},
						"1.9167": {
							"post": [105, 0, 0],
							"lerp_mode": "catmullrom"
						},
						"2.0": [40.4, 0, 0],
						"2.0833": [0, 0, 0],
						"2.2917": [0, 0, 0],
						"2.375": {
							"pre": [52.5, 0, 0],
							"post": [52.5, 0, 0],
							"lerp_mode": "catmullrom"
						},
						"2.4583": {
							"post": [105, 0, 0],
							"lerp_mode": "catmullrom"
						},
						"2.5417": [40.4, 0, 0],
						"2.625": [0, 0, 0]
					}
				},
				"jaw": {
					"rotation": {
						"0.2917": [0, 0, 0],
						"0.5833": ["14-2*math.cos(q.anim_time*90*7-60)", 0, 0],
						"2.4167": ["14-2*math.cos(q.anim_time*90*7-60)", 0, 0],
						"2.6667": [0, 0, 0]
					}
				}
			}
		},
		"animation.flamigo.shock": {
			"loop": true,
			"bones": {
				"pupil_left": {
					"scale": [1, 0.7, 0.7]
				},
				"pupil_right": {
					"scale": [1, 0.7, 0.7]
				},
				"jaw": {
					"rotation": [30, 0, 0]
				}
			}
		},
		"animation.flamigo.angry": {
			"loop": true,
			"bones": {
				"eye_angry_left": {
					"position": [0.1, 0, 0]
				},
				"eye_angry_right": {
					"position": [-0.1, 0, 0]
				}
			}
		},
		"animation.flamigo.sad": {
			"loop": true,
			"bones": {
				"eye_sad_left": {
					"position": [0.1, 0, 0]
				},
				"eye_sad_right": {
					"position": [-0.1, 0, 0]
				}
			}
		},
		"animation.flamigo.happy": {
			"loop": true,
			"bones": {
				"jaw": {
					"rotation": [30, 0, 0]
				},
				"eyelid_happy_left": {
					"position": [0.1, 0, 0]
				},
				"eyelid_happy_right": {
					"position": [-0.1, 0, 0]
				}
			}
		}
	}
}