{
  "portraitScale": 1.74,
  "portraitTranslation": [-0.54, -0.29, 0],
  "profileScale": 0.7,
  "profileTranslation": [-0.1, 0.56, 0],
  "rootBone": "sealeo",
  "animations": {
    "cry": "q.bedrock_stateful('sealeo', 'cry')"
  },
  "poses": {
    "standing": {
      "poseTypes": [
        "STAND",
        "WALK",
        "SWIM",
        "FLOAT",
        "PORTRAIT",
        "PROFILE",
        "NONE"
      ],
      "animations": ["q.bedrock('sealeo', 'ground_idle2')"],
      "quirks": ["q.bedrock_quirk('sealeo', 'blink')"]
    }
  }
}
