{
  "portraitScale": 1.87,
  "portraitTranslation": [-0.17, 0.49, 0],
  "profileScale": 0.79,
  "profileTranslation": [-0.01, 0.57, 0],
  "rootBone": "wobbuffet",
  "animations": {
   "faint": "q.bedrock_primary('wobbuffet', 'faint', q.curve('one'))",
   "cry": "q.bedrock_stateful('wobbuffet', 'cry')",
   "recoil": "q.bedrock_stateful('wobbuffet', 'recoil')",
   "physical": "q.bedrock_primary('wobbuffet', 'physical', q.curve('symmetrical_wide'))",
   "special": "q.bedrock_primary('wobbuffet', 'special', q.curve('symmetrical_wide'))",
   "status": "q.bedrock_primary('wobbuffet', 'status', q.curve('symmetrical_wide'))"
 },
 "poses": {
   "battle-standing": {
     "poseTypes": ["STAND"],
     "isBattle": true,
     "namedAnimations": {
      "cry": "q.bedrock_primary('wobbuffet', 'battle_cry', q.curve('one'))"
    },
     "animations": [
       "q.look('head', 0.6, 0.3)",
       "q.bedrock('wobbuffet', 'battle_idle')"
     ],
     "quirks": ["q.bedrock_quirk('wobbuffet', 'blink')"]
   },
   "standing": {
     "poseTypes": ["STAND", "NONE", "PORTRAIT", "PROFILE"],
     "isBattle": false,
     "animations": [
       "q.look('head', 0.6, 0.3)",
       "q.bedrock('wobbuffet', 'ground_idle')"
     ],
     "quirks": [
       "q.bedrock_quirk('wobbuffet', 'blink')","q.bedrock_quirk('wobbuffet', 'look_quirk_left')","q.bedrock_quirk('wobbuffet', 'look_quirk_right')"
     ]
   },
   "walking": {
     "poseTypes": ["WALK"],
     "animations": [
       "q.look('head', 0.6, 0.3)",
       "q.bedrock('wobbuffet', 'ground_walk')"
     ],
     "quirks": ["q.bedrock_quirk('wobbuffet', 'blink')"]
   },
   "sleep": {
     "poseTypes": ["SLEEP"],
     "animations": ["q.bedrock('wobbuffet', 'sleep')"]
   }
 }
}
