{
  "portraitScale": 1.65,
  "portraitTranslation": [-0.03, -0.01, 0],
  "profileScale": 0.62,
  "profileTranslation": [0, 0.86, 0],
  "animations": {
    "cry": "q.bedrock_stateful('buneary', 'cry')"
  },
  "poses": {
    "battle-standing": {
      "poseTypes": ["STAND"],
      "isBattle": true,
      "animations": ["q.look('head')", "q.bedrock('buneary', 'battle_idle')"],
      "quirks": ["q.bedrock_quirk('buneary', 'blink')"]
    },
    "standing": {
      "poseTypes": ["STAND", "NONE", "PORTRAIT", "PROFILE"],
      "isBattle": false,
      "animations": ["q.look('head')", "q.bedrock('buneary', 'ground_idle')"],
      "quirks": ["q.bedrock_quirk('buneary', 'blink')"]
    },
    "walking": {
      "poseTypes": ["WALK"],
      "animations": ["q.look('head')", "q.bedrock('buneary', 'ground_walk')"],
      "quirks": ["q.bedrock_quirk('buneary', 'blink')"]
    },
    "sleeping": {
      "poseTypes": ["SLEEP"],
      "animations": ["q.bedrock('buneary', 'sleep')"]
    }
  }
}
