{
	"format_version": "1.8.0",
	"animations": {
		"animation.primeape.ground_idle": {
			"loop": true,
			"bones": {
				"body": {
					"rotation": ["4+(math.sin(q.anim_time*90*4-90-45)*1+1)*2", 0, 0],
					"position": [0, "(math.sin(q.anim_time*90*4+90)*1+1)*0.5-0.75", 0]
				},
				"arm_right": {
					"rotation": [5.5, "-15+2.5*math.sin(q.anim_time*90*4)", "-45+2.5*(math.sin(q.anim_time*90*4)*1+1)"]
				},
				"forearm_right": {
					"rotation": [0, "-50-2.5*(math.sin(q.anim_time*90*4)*1+1)", 0]
				},
				"hand_right": {
					"rotation": [-15, -15, -27.5]
				},
				"arm_left": {
					"rotation": [5.5, "15+2.5*math.sin(q.anim_time*90*4)", "45-2.5*(math.sin(q.anim_time*90*4)*1+1)"]
				},
				"forearm_left": {
					"rotation": [0, "50-2.5*(math.sin(q.anim_time*90*4)*1+1)", 0]
				},
				"hand_left": {
					"rotation": [-15, 15, 27.5]
				},
				"ear_right": {
					"rotation": ["(math.sin(q.anim_time*90*4+135)*1+1)*4", 0, 0]
				},
				"ear_left": {
					"rotation": ["(math.sin(q.anim_time*90*4+135)*1+1)*4", 0, 0]
				},
				"leg_right": {
					"rotation": ["-2.5+(math.sin(q.anim_time*90*4+90)*1+1)*2-(math.sin(q.anim_time*90*4-90-45)*1+1)*2", 0, 0],
					"position": ["0.03*(math.sin(q.anim_time*90*4-150)*1+1)", "(math.sin(q.anim_time*90*4-90)*1+1)*0.4", "-0.16*(math.sin(q.anim_time*90*4-135)*1+1)"]
				},
				"knee_right": {
					"rotation": ["-(math.sin(q.anim_time*90*4+90)*1+1)*4", 0, 0]
				},
				"foot_right": {
					"rotation": ["-1+2*math.sin(q.anim_time*90*4+90)", 0, 0]
				},
				"leg_left": {
					"rotation": ["-2.5+(math.sin(q.anim_time*90*4+90)*1+1)*2-(math.sin(q.anim_time*90*4-90-45)*1+1)*2", 0, 0],
					"position": ["-0.03*(math.sin(q.anim_time*90*4-150)*1+1)", "(math.sin(q.anim_time*90*4-90)*1+1)*0.4", "-0.16*(math.sin(q.anim_time*90*4-135)*1+1)"]
				},
				"knee_left": {
					"rotation": ["-(math.sin(q.anim_time*90*4+90)*1+1)*4", 0, 0]
				},
				"foot_left": {
					"rotation": ["-1+2*math.sin(q.anim_time*90*4+90)", 0, 0]
				}
			}
		},
		"animation.primeape.battle_idle": {
			"loop": true,
			"animation_length": 4,
			"bones": {
				"body": {
					"rotation": [4, 12, 0],
					"position": [0, 0, 0]
				},
				"arm_right": {
					"rotation": ["-2.4223+math.cos(q.anim_time*90*4-90)*6", "15.0016+math.sin(q.anim_time*90*4-90)*5", "-28.1892-math.sin(q.anim_time*90*8-140)*2"],
					"position": [0, -0.7, 0]
				},
				"forearm_right": {
					"rotation": [0, "-91.5-math.sin(q.anim_time*90*2-120)*5", 0]
				},
				"hand_right": {
					"rotation": ["-15+math.sin(q.anim_time*90*8-140)*2", -15, -15.5]
				},
				"arm_left": {
					"rotation": ["-21.4223+math.cos(q.anim_time*90*4-90)*6", "16.9984-math.sin(q.anim_time*90*4-90)*5", "5.1892-math.sin(q.anim_time*90*8-140)*4"],
					"position": [0, 0, -0.8]
				},
				"forearm_left": {
					"rotation": [0, "79.5+math.sin(q.anim_time*90*4-120)*5", 0]
				},
				"hand_left": {
					"rotation": [
						"-11-math.cos(q.anim_time*90*4-90)*6-math.sin(q.anim_time*90*8-140)*4",
						"15+math.sin(q.anim_time*90*4)*4",
						"17.5-math.cos(q.anim_time*90*4-90)*6"
					]
				},
				"ear_right": {
					"rotation": ["-math.sin(q.anim_time*90*8-150)*4", 0, 0]
				},
				"ear_left": {
					"rotation": ["-math.sin(q.anim_time*90*8-150)*4", 0, 0]
				},
				"leg_right": {
					"rotation": ["-9.4404+math.sin(q.anim_time*90*8)*4", 16.7271, 0.81743],
					"position": [0.03, "-0.7+math.sin(q.anim_time*90*8)*0.2", 0.34]
				},
				"knee_right": {
					"rotation": ["21-math.sin(q.anim_time*90*8)*6", 0, 0]
				},
				"foot_right": {
					"rotation": ["-11.309+math.sin(q.anim_time*90*8)*1.5", 0.95311, -0.33609]
				},
				"leg_left": {
					"rotation": ["-20.7734+math.sin(q.anim_time*90*8)*3", -20.87038, 1.08492],
					"position": [-0.03, "-0.6+math.sin(q.anim_time*90*8)*0.2", -1.46]
				},
				"knee_left": {
					"rotation": ["17.5-math.sin(q.anim_time*90*8)*4.5", 0, 0]
				},
				"foot_left": {
					"rotation": ["1+math.sin(q.anim_time*90*8)*1.5", 0, 0],
					"position": [0, "-math.sin(q.anim_time*90*8)*0.02", 0]
				},
				"torso": {
					"rotation": [
						"6-math.sin(q.anim_time*90*8-90)*1+math.sin(q.anim_time*90*2-90)*2",
						"2-math.sin(q.anim_time*90*4-90)*1-math.sin(q.anim_time*90*1-90)*1",
						"-math.sin(q.anim_time*90*4-120)*1"
					],
					"position": [0, "-0.6+math.sin(q.anim_time*90*8)*0.2", 0]
				},
				"pupil_left": {
					"position": [0.3, 0, 0]
				},
				"hair_top": {
					"rotation": ["math.sin(q.anim_time*90*8)*2", 0, 0]
				},
				"hair_top2": {
					"rotation": ["math.sin(q.anim_time*90*8-80)*2", 0, 0]
				},
				"hair_bottom": {
					"rotation": ["math.sin(q.anim_time*90*8-80)*2", 0, 0]
				},
				"hair_back1": {
					"rotation": ["math.sin(q.anim_time*90*8-80)*2", 0, 0]
				},
				"hair_back2": {
					"rotation": ["math.sin(q.anim_time*90*8-80)*2", 0, 0]
				},
				"hair_back3": {
					"rotation": ["math.sin(q.anim_time*90*8-80)*2", 0, 0]
				},
				"hair_left": {
					"rotation": [0, "math.sin(q.anim_time*90*8)*2", 0]
				},
				"hair_left2": {
					"rotation": [0, "math.sin(q.anim_time*90*8-80)*2", 0]
				},
				"hair_right": {
					"rotation": [0, "math.sin(q.anim_time*90*8)*2", 0]
				},
				"hair_right2": {
					"rotation": [0, "math.sin(q.anim_time*90*8-80)*2", 0]
				}
			}
		},
		"animation.primeape.physical": {
			"animation_length": 3,
			"bones": {
				"body": {
					"rotation": {
						"0.0": [4, 12, 0],
						"3.0": [4, 12, 0]
					},
					"position": {
						"0.0": [0, 0, 0],
						"1.2083": [0, 0, 0],
						"1.25": [0, 0, -0.5],
						"1.2917": [0, 0, 0],
						"1.375": [0, 0, 0],
						"1.4167": [0, 0, -0.5],
						"1.4583": [0, 0, 0],
						"3.0": [0, 0, 0]
					}
				},
				"arm_right": {
					"rotation": {
						"0.0": [-2.4223, 10.0016, -26.90362],
						"0.3333": {
							"pre": [12.58, 10, -11.1],
							"post": [12.58, 10, -11.1],
							"lerp_mode": "catmullrom"
						},
						"0.625": {
							"post": [-2.4223, 10.0016, -0.90362],
							"lerp_mode": "catmullrom"
						},
						"1.0": {
							"post": [-2.42, 10, -26.9],
							"lerp_mode": "catmullrom"
						},
						"1.1667": {
							"post": [-0.87168, -6.38729, -40.30616],
							"lerp_mode": "catmullrom"
						},
						"1.25": {
							"post": [-2.42, 10, 31.1],
							"lerp_mode": "catmullrom"
						},
						"1.3333": {
							"post": [-2.42, 10, 31.1],
							"lerp_mode": "catmullrom"
						},
						"1.375": {
							"post": [-11.42, 27.5, 8.1],
							"lerp_mode": "catmullrom"
						},
						"1.4167": [-20.42, -66, 31.1],
						"1.625": [-20.42, -66, 31.1],
						"1.6667": {
							"pre": [-14.77, -53.25, 23.07],
							"post": [-14.77, -53.25, 23.07],
							"lerp_mode": "catmullrom"
						},
						"1.75": {
							"post": [-1.36, 10.12, 4],
							"lerp_mode": "catmullrom"
						},
						"1.875": {
							"post": [-1.36, 37.22, 4],
							"lerp_mode": "catmullrom"
						},
						"1.9583": [0.58, -62.55, 1.88],
						"2.0": [0.58, -46.55, 1.88],
						"2.5": {
							"pre": [-2.4223, 10.0016, -26.90362],
							"post": [-2.4223, 10.0016, -26.90362],
							"lerp_mode": "catmullrom"
						},
						"3.0": [-2.4223, 10.0016, -26.90362]
					},
					"position": {
						"0.0": [0, -0.7, 0],
						"0.625": [0, -0.7, 0],
						"1.1667": [0, -0.7, 0],
						"1.3333": [0, -0.7, 2.1],
						"1.375": [1.9, -0.7, -1.45],
						"1.4167": [0, -0.7, -2.9],
						"1.4583": [0, -0.7, -1.8],
						"1.5": [0, -0.7, -2.9],
						"1.6667": {
							"pre": [0, -0.7, -2.9],
							"post": [0, -0.7, -2.9],
							"lerp_mode": "catmullrom"
						},
						"1.875": {
							"post": [0, -0.7, -2.1],
							"lerp_mode": "catmullrom"
						},
						"1.9583": [0, 0, -2.3],
						"2.0": [0, 0, -2.3],
						"2.5": {
							"pre": [0, -0.7, 0],
							"post": [0, -0.7, 0],
							"lerp_mode": "catmullrom"
						},
						"3.0": [0, -0.7, 0]
					}
				},
				"forearm_right": {
					"rotation": {
						"0.0": [0, -87.16987, 0],
						"0.625": [0, -87.16987, 0],
						"1.3333": {
							"pre": [0, -98.17, 0],
							"post": [0, -98.17, 0],
							"lerp_mode": "catmullrom"
						},
						"1.375": {
							"post": [0, -92.89, 0],
							"lerp_mode": "catmullrom"
						},
						"1.4167": [0, -10.5, 0],
						"1.625": [0, -3.8, 0],
						"1.75": {
							"pre": [0, -94.22, 0],
							"post": [0, -94.22, 0],
							"lerp_mode": "catmullrom"
						},
						"1.875": [0, -77.95, 0],
						"1.9583": [0, -77.22, 0],
						"2.0": [0, -77.22, 0],
						"2.5": {
							"pre": [0, -87.16987, 0],
							"post": [0, -87.16987, 0],
							"lerp_mode": "catmullrom"
						},
						"3.0": [0, -87.16987, 0]
					},
					"scale": {
						"1.375": [1, 1, 1],
						"1.4167": [1.48, 1, 1],
						"1.4583": [1, 1, 1]
					}
				},
				"hand_right": {
					"rotation": {
						"0.0": [-16.28558, -15, -15.5],
						"0.625": [-16.28558, -15, -15.5],
						"1.3333": [-61.29, -15, 12],
						"1.4167": [-27, -10, 0],
						"1.625": [-12, -5, 0],
						"1.9583": [-77.43, -32.5, -1.5],
						"2.0": [-77.43, -32.5, -1.5],
						"2.75": {
							"pre": [-16.28558, -15, -15.5],
							"post": [-16.28558, -15, -15.5],
							"lerp_mode": "catmullrom"
						},
						"3.0": [-16.28558, -15, -15.5]
					}
				},
				"arm_left": {
					"rotation": {
						"0.0": [-21.4223, 21.9984, 7.76035],
						"0.625": {
							"pre": [-21.4223, 28.9984, 16.76035],
							"post": [-21.4223, 28.9984, 16.76035],
							"lerp_mode": "catmullrom"
						},
						"0.8333": {
							"post": [-21.75, 0.86, 28.7],
							"lerp_mode": "catmullrom"
						},
						"1.1667": {
							"post": [-21.42, -46, 7.76],
							"lerp_mode": "catmullrom"
						},
						"1.2083": {
							"post": [-14.17, -5.25, -3.24],
							"lerp_mode": "catmullrom"
						},
						"1.25": [-6.92, 63.5, -14.24],
						"1.3333": [-6.92, 63.5, -14.24],
						"1.375": [-21.42, -46, -8.24],
						"1.75": {
							"pre": [-21.42, -46, -8.24],
							"post": [-21.42, -46, -8.24],
							"lerp_mode": "catmullrom"
						},
						"1.875": {
							"post": [-1.36, -37.22, -4],
							"lerp_mode": "catmullrom"
						},
						"1.9583": [0.58, 47.55, -1.88],
						"2.0": [0.58, 32.55, -1.88],
						"2.4167": {
							"pre": [-21.42, -27.45, 16.12],
							"post": [-21.42, -27.45, 16.12],
							"lerp_mode": "catmullrom"
						},
						"3.0": [-21.4223, 21.9984, 7.76035]
					},
					"position": {
						"0.0": [0, 0, -0.8],
						"0.625": [0, 0, -0.8],
						"0.9583": {
							"pre": [0.13, 0, -0.72],
							"post": [0.13, 0, -0.72],
							"lerp_mode": "catmullrom"
						},
						"1.1667": {
							"post": [0, 0, 1],
							"lerp_mode": "catmullrom"
						},
						"1.2083": {
							"post": [-1.8, 0, -1.96],
							"lerp_mode": "catmullrom"
						},
						"1.25": [0, 0, -3],
						"1.2917": [0, 0, -2.1],
						"1.3333": [0, 0, -3],
						"1.4167": [0, 0, -0.8],
						"1.625": [0, 0, -0.8],
						"1.9583": [0, 0, -2.3],
						"2.0": [0, 0, -2.3],
						"3.0": [0, 0, -0.8]
					},
					"scale": {
						"1.1667": [1, 1, 1],
						"1.2083": [1, 1, 0.74],
						"1.25": [1, 1, 1]
					}
				},
				"forearm_left": {
					"rotation": {
						"0.0": [0, 75.16987, 0],
						"0.625": [0, 75.16987, 0],
						"0.9167": {
							"pre": [0, 80.06, 0],
							"post": [0, 80.06, 0],
							"lerp_mode": "catmullrom"
						},
						"1.1667": {
							"post": [0, 135.17, 0],
							"lerp_mode": "catmullrom"
						},
						"1.2083": {
							"post": [0, 82.59, 0],
							"lerp_mode": "catmullrom"
						},
						"1.25": [0, 0, 0],
						"1.3333": [0, 38, 0],
						"1.375": [0, 111.17, 0],
						"1.625": [0, 111.17, 0],
						"1.875": [0, 77.71, 0],
						"1.9583": [0, 83.22, 0],
						"2.0": [0, 83.22, 0],
						"2.4167": {
							"pre": [0, 93.16987, 0],
							"post": [0, 93.16987, 0],
							"lerp_mode": "catmullrom"
						},
						"3.0": [0, 75.16987, 0]
					},
					"position": {
						"0.0": [0, 0, 0],
						"0.625": [0, 0, 0],
						"1.1667": {
							"pre": [0, 0, -2],
							"post": [0, 0, -2],
							"lerp_mode": "catmullrom"
						},
						"1.25": [0, 0, 0],
						"1.3333": [0, 0, 0],
						"1.4167": [0, 0, -2],
						"1.625": [0, 0, -2],
						"3.0": [0, 0, 0]
					},
					"scale": {
						"1.2083": [1, 1, 1],
						"1.25": [1.48, 1, 1],
						"1.2917": [1, 1, 1]
					}
				},
				"hand_left": {
					"rotation": {
						"0.0": [-8.42885, 15, 17.5],
						"0.625": [-8.42885, 15, 17.5],
						"1.1667": [0, 0, 0],
						"1.25": [-88, 0, 0],
						"1.3333": [0, 0, 0],
						"1.4167": {
							"pre": [-8.43, 15, 17.5],
							"post": [-8.43, 15, 17.5],
							"lerp_mode": "catmullrom"
						},
						"1.625": {
							"post": [-8.43, 15, 17.5],
							"lerp_mode": "catmullrom"
						},
						"1.9583": [-77.43, 45.5, -1.5],
						"2.0": [-77.43, 45.5, -1.5],
						"2.6667": {
							"pre": [-8.42885, 15, 17.5],
							"post": [-8.42885, 15, 17.5],
							"lerp_mode": "catmullrom"
						},
						"3.0": [-8.42885, 15, 17.5]
					}
				},
				"ear_right": {
					"rotation": {
						"0.0": [2, 0, 0],
						"0.875": {
							"pre": [0, 0, 0],
							"post": [0, 0, 0],
							"lerp_mode": "catmullrom"
						},
						"1.1667": {
							"post": [-13.77, 0, 0],
							"lerp_mode": "catmullrom"
						},
						"1.25": {
							"post": [-34.06, 0, 0],
							"lerp_mode": "catmullrom"
						},
						"1.375": {
							"post": [11.92, 0, 0],
							"lerp_mode": "catmullrom"
						},
						"1.5": {
							"post": [-33.87, 0, -14],
							"lerp_mode": "catmullrom"
						},
						"1.5833": {
							"post": [-33.87, 0, -14],
							"lerp_mode": "catmullrom"
						},
						"1.75": {
							"post": [0, 0, 0],
							"lerp_mode": "catmullrom"
						},
						"1.9167": {
							"post": [-8.75, 0, 8.93],
							"lerp_mode": "catmullrom"
						},
						"2.0417": {
							"post": [-8.67, 0, -14.08],
							"lerp_mode": "catmullrom"
						},
						"2.125": {
							"post": [-8.67, 0, -10.08],
							"lerp_mode": "catmullrom"
						},
						"2.625": {
							"post": [0, 0, 0],
							"lerp_mode": "catmullrom"
						},
						"3.0": [2, 0, 0]
					}
				},
				"ear_left": {
					"rotation": {
						"0.0": [0, 0, 0],
						"0.875": {
							"pre": [0, 0, 0],
							"post": [0, 0, 0],
							"lerp_mode": "catmullrom"
						},
						"1.1667": {
							"post": [15.23, 0, 0],
							"lerp_mode": "catmullrom"
						},
						"1.25": {
							"post": [-34.06, 0, 0],
							"lerp_mode": "catmullrom"
						},
						"1.375": {
							"post": [11.92, 0, 0],
							"lerp_mode": "catmullrom"
						},
						"1.5": {
							"post": [-33.87, 0, 14],
							"lerp_mode": "catmullrom"
						},
						"1.5833": {
							"post": [-33.87, 0, 14],
							"lerp_mode": "catmullrom"
						},
						"1.75": {
							"post": [0, 0, 0],
							"lerp_mode": "catmullrom"
						},
						"1.9167": {
							"post": [-8.75, 0, -8.93],
							"lerp_mode": "catmullrom"
						},
						"2.0417": {
							"post": [-8.67, 0, 14.08],
							"lerp_mode": "catmullrom"
						},
						"2.125": {
							"post": [-8.67, 0, 10.08],
							"lerp_mode": "catmullrom"
						},
						"2.625": {
							"post": [0, 0, 0],
							"lerp_mode": "catmullrom"
						},
						"3.0": [0, 0, 0]
					}
				},
				"leg_right": {
					"rotation": {
						"0.0": [-9.4404, 16.7271, 0.81743],
						"0.5": {
							"pre": [-9.44, 16.73, 0.82],
							"post": [-9.44, 16.73, 0.82],
							"lerp_mode": "catmullrom"
						},
						"1.1667": [17.011, 11.2676, 13.247],
						"1.25": [37.42193, 15.78351, 18.04102],
						"1.2917": [37.42193, 15.78351, 18.04102],
						"1.3333": [17.011, 11.2676, 13.247],
						"1.4167": [43.62385, -18.04175, 8.87057],
						"1.6667": [43.62385, -18.04175, 8.87057],
						"1.875": [28.79302, -0.82364, 5.22122],
						"2.1667": {
							"pre": [-6.8404, 15.7271, 1.56743],
							"post": [-6.8404, 15.7271, 1.56743],
							"lerp_mode": "catmullrom"
						},
						"2.6667": [-9.4404, 16.7271, 0.81743],
						"3.0": [-9.4404, 16.7271, 0.81743]
					},
					"position": {
						"0.0": [0.03, -0.7, 0.34],
						"0.5": {
							"pre": [0.03, -0.7, 0.34],
							"post": [0.03, -0.7, 0.34],
							"lerp_mode": "catmullrom"
						},
						"1.1667": [0.03, -1.7, -2.26],
						"1.25": [0.03, -1.61, -3.18],
						"1.2917": [0.03, -1.61, -3.18],
						"1.3333": [0.03, -1.7, -2.26],
						"1.4167": [0.03, -0.4, -4.86],
						"1.6667": [0.03, -0.4, -4.86],
						"1.875": {
							"pre": [0.03, -0.52, -2.85],
							"post": [0.03, -0.52, -2.85],
							"lerp_mode": "catmullrom"
						},
						"2.1667": {
							"post": [0.03, -0.7, -0.01],
							"lerp_mode": "catmullrom"
						},
						"2.6667": [0.03, -0.7, 0.34],
						"3.0": [0.03, -0.7, 0.34]
					}
				},
				"knee_right": {
					"rotation": {
						"0.0": [21, 0, 0],
						"0.5": {
							"pre": [21, 0, 0],
							"post": [21, 0, 0],
							"lerp_mode": "catmullrom"
						},
						"1.1667": [21, 0, 0],
						"1.25": [5, 0, 0],
						"1.2917": [5, 0, 0],
						"1.3333": [21, 0, 0],
						"1.4167": [-8, 0, 0],
						"1.6667": [-8, 0, 0],
						"1.7917": [-3.74, 0, 0],
						"2.1667": {
							"pre": [21, 0, 0],
							"post": [21, 0, 0],
							"lerp_mode": "catmullrom"
						},
						"2.6667": [21, 0, 0],
						"3.0": [21, 0, 0]
					}
				},
				"foot_right": {
					"rotation": {
						"0.0": [-11.309, 0.95311, -0.33609],
						"0.5": {
							"pre": [-11.31, 0.95, -0.34],
							"post": [-11.31, 0.95, -0.34],
							"lerp_mode": "catmullrom"
						},
						"1.1667": [-33.31, 0.95, -0.34],
						"1.25": [-28.81, 0.95, -0.34],
						"1.2917": [-28.81, 0.95, -0.34],
						"1.3333": [-33.31, 0.95, -0.34],
						"1.4167": [-14.17828, -4.80165, 2.20165],
						"1.6667": {
							"pre": [-14.17828, -4.80165, 2.20165],
							"post": [-14.17828, -4.80165, 2.20165],
							"lerp_mode": "catmullrom"
						},
						"1.875": {
							"post": [-20.72181, 9.12466, -4.3447],
							"lerp_mode": "catmullrom"
						},
						"2.1667": {
							"post": [-13.309, 0.95311, -0.33609],
							"lerp_mode": "catmullrom"
						},
						"2.6667": [-11.309, 0.95311, -0.33609],
						"3.0": [-11.309, 0.95311, -0.33609]
					}
				},
				"leg_left": {
					"rotation": {
						"0.0": [-20.7734, -20.87038, 1.08492],
						"0.5": {
							"pre": [-20.77, -20.87, 1.08],
							"post": [-20.77, -20.87, 1.08],
							"lerp_mode": "catmullrom"
						},
						"1.1667": [-41.77, -20.87, 1.08],
						"1.25": [-11.82, -9.87, -11.92],
						"1.2917": [-11.82, -9.87, -11.92],
						"1.3333": [-41.77, -20.87, 1.08],
						"1.4167": [-6.82, -33.87, -14.92],
						"1.5833": [-6.82, -33.87, -14.92],
						"1.875": {
							"pre": [-27.95, -21.41, -7.53],
							"post": [-27.95, -21.41, -7.53],
							"lerp_mode": "catmullrom"
						},
						"2.1667": {
							"post": [-20.7734, -20.87038, 1.08492],
							"lerp_mode": "catmullrom"
						},
						"3.0": [-20.7734, -20.87038, 1.08492]
					},
					"position": {
						"0.0": [-0.03, -0.6, -1.46],
						"0.5": {
							"pre": [-0.03, -0.6, -1.46],
							"post": [-0.03, -0.6, -1.46],
							"lerp_mode": "catmullrom"
						},
						"1.1667": [-0.03, -2.1, -1.46],
						"1.25": [-0.03, -2.03, -4.06],
						"1.2917": [-0.03, -2.03, -4.06],
						"1.3333": [-0.03, -2.1, -1.46],
						"1.4167": [-0.03, -2.03, -4.06],
						"1.5833": [-0.03, -2.03, -4.06],
						"1.875": {
							"pre": [-0.03, -2.17, -2.86],
							"post": [-0.03, -2.17, -2.86],
							"lerp_mode": "catmullrom"
						},
						"2.1667": {
							"post": [-0.03, -0.6, -1.46],
							"lerp_mode": "catmullrom"
						},
						"3.0": [-0.03, -0.6, -1.46]
					}
				},
				"knee_left": {
					"rotation": {
						"0.0": [17.5, 0, 0],
						"0.5": {
							"pre": [17.5, 0, 0],
							"post": [17.5, 0, 0],
							"lerp_mode": "catmullrom"
						},
						"1.1667": [47.5, 0, 0],
						"1.5833": [47.5, 0, 0],
						"1.875": {
							"pre": [52.65, 0, 0],
							"post": [52.65, 0, 0],
							"lerp_mode": "catmullrom"
						},
						"2.1667": {
							"post": [17.5, 0, 0],
							"lerp_mode": "catmullrom"
						},
						"3.0": [17.5, 0, 0]
					}
				},
				"foot_left": {
					"rotation": {
						"0.0": [1, 0, 0],
						"0.5": {
							"pre": [1, 0, 0],
							"post": [1, 0, 0],
							"lerp_mode": "catmullrom"
						},
						"1.1667": [-11, 0, 0],
						"1.25": [-31.38, 1, 14],
						"1.2917": [-31.38, 1, 14],
						"1.3333": [-11, 0, 0],
						"1.4167": {
							"pre": [-23.38, 4, 14],
							"post": [-23.38, 4, 14],
							"lerp_mode": "catmullrom"
						},
						"1.5": {
							"post": [-23.38, 4, 14],
							"lerp_mode": "catmullrom"
						},
						"1.5833": {
							"post": [-23.38, 4, 14],
							"lerp_mode": "catmullrom"
						},
						"1.875": {
							"post": [-20.94, 2.16, 7.56],
							"lerp_mode": "catmullrom"
						},
						"2.1667": {
							"post": [1, 0, 0],
							"lerp_mode": "catmullrom"
						},
						"3.0": [1, 0, 0]
					},
					"position": {
						"0.0": [0, 0, 0],
						"0.5": {
							"pre": [0, 0, 0],
							"post": [0, 0, 0],
							"lerp_mode": "catmullrom"
						},
						"2.1667": {
							"post": [0, 0, 0],
							"lerp_mode": "catmullrom"
						},
						"3.0": [0, 0, 0]
					}
				},
				"torso": {
					"rotation": {
						"0.0": [5, 4, 0.86603],
						"0.3333": {
							"pre": [11, 4, 0.87],
							"post": [11, 4, 0.87],
							"lerp_mode": "catmullrom"
						},
						"0.625": {
							"post": [12, 4, 0.86603],
							"lerp_mode": "catmullrom"
						},
						"0.9167": {
							"post": [-3, -11.25, 0.87],
							"lerp_mode": "catmullrom"
						},
						"1.1667": [-7.79809, -51.75369, 17.09697],
						"1.25": [5, 17, 0.87],
						"1.2917": [4.38987, 16.66599, -4.94489],
						"1.3333": {
							"pre": [2.36179, 20.21457, -7.53741],
							"post": [2.36179, 20.21457, -7.53741],
							"lerp_mode": "catmullrom"
						},
						"1.4167": [5, -36, 0.87],
						"1.4583": [4.98028, -40.29744, 0.95149],
						"1.5417": [5.00887, -44.30127, 0.82998],
						"1.625": {
							"pre": [5, -36, 0.87],
							"post": [5, -36, 0.87],
							"lerp_mode": "catmullrom"
						},
						"1.875": {
							"post": [-10, 0, 0.86603],
							"lerp_mode": "catmullrom"
						},
						"1.9583": {
							"post": [7.1, 1.4, 0.87],
							"lerp_mode": "catmullrom"
						},
						"2.0833": {
							"post": [7.1, 1.4, 0.87],
							"lerp_mode": "catmullrom"
						},
						"2.2917": {
							"post": [7.1, -0.4, 0.87],
							"lerp_mode": "catmullrom"
						},
						"2.5417": {
							"post": [3.6, 0.375, 0.86603],
							"lerp_mode": "catmullrom"
						},
						"2.7917": {
							"post": [5, 3.35, 0.86603],
							"lerp_mode": "catmullrom"
						},
						"3.0": [5, 4, 0.86603]
					},
					"position": {
						"0.0": [0, -0.6, 0],
						"0.625": [0, -0.6, -0.89],
						"1.1667": {
							"pre": [0, -2.3, -1],
							"post": [0, -2.3, -1],
							"lerp_mode": "catmullrom"
						},
						"1.25": {
							"post": [0, -1.7, -3.87],
							"lerp_mode": "catmullrom"
						},
						"1.2917": {
							"post": [0, -1.7, -3.87],
							"lerp_mode": "catmullrom"
						},
						"1.3333": {
							"post": [0, -1.7, -2.47],
							"lerp_mode": "catmullrom"
						},
						"1.4167": {
							"post": [0, -1.7, -3.87],
							"lerp_mode": "catmullrom"
						},
						"1.625": {
							"post": [0, -1.7, -3.87],
							"lerp_mode": "catmullrom"
						},
						"1.8333": {
							"post": [0, -1.91, -2.49],
							"lerp_mode": "catmullrom"
						},
						"1.9167": {
							"post": [0, -1.06, -1.89],
							"lerp_mode": "catmullrom"
						},
						"2.125": {
							"post": [0, -0.78, -0.51],
							"lerp_mode": "catmullrom"
						},
						"2.375": {
							"post": [0, -0.6, 0],
							"lerp_mode": "catmullrom"
						},
						"3.0": [0, -0.6, 0]
					}
				},
				"pupil_left": {
					"position": {
						"0.0": [0.3, 0, 0],
						"1.25": {"pre": [0.3, 0, 0], "post": [0.7, 0, 0]},
						"1.4167": {"pre": [0.7, 0, 0], "post": [0.3, 0, 0]},
						"3.0": {"pre": [0.3, 0, 0], "post": [0.3, 0, 0]}
					}
				},
				"nose": {
					"scale": {
						"2.25": [1, 1, 1],
						"2.2917": [1.07, 1.07, 1.07],
						"2.375": [1, 1, 1]
					}
				},
				"eyebrow_left": {
					"rotation": {
						"0.0": [0, 0, 0],
						"0.7917": {"pre": [0, 0, 0], "post": [0, 0, 15]},
						"1.0": {"pre": [0, 0, 15], "post": [0, 0, 0]},
						"1.2083": {"pre": [0, 0, 0], "post": [0, 0, 15]},
						"1.25": {"pre": [0, 0, 15], "post": [0, 0, 0]},
						"1.3333": {"pre": [0, 0, 0], "post": [0, 0, 15]},
						"1.4167": {"pre": [0, 0, 15], "post": [0, 0, 0]},
						"1.75": {"pre": [0, 0, 0], "post": [0, 0, 15]},
						"1.9583": {"pre": [0, 0, 15], "post": [0, 0, 0]},
						"3.0": {"pre": [0, 0, 0], "post": [0, 0, 0]}
					},
					"position": {
						"0.0": [0, 0, 0],
						"0.7917": {"pre": [0, 0, 0], "post": [0, 0.3, 0]},
						"1.0": {"pre": [0, 0.3, 0], "post": [0, 0, 0]},
						"1.2083": {"pre": [0, 0, 0], "post": [0, 0.3, 0]},
						"1.25": {"pre": [0, 0.3, 0], "post": [0, 0, 0]},
						"1.3333": {"pre": [0, 0, 0], "post": [0, 0.3, 0]},
						"1.4167": {"pre": [0, 0.3, 0], "post": [0, 0, 0]},
						"1.75": {"pre": [0, 0, 0], "post": [0, 0.3, 0]},
						"1.9583": {"pre": [0, 0.3, 0], "post": [0, 0, 0]},
						"3.0": {"pre": [0, 0, 0], "post": [0, 0, 0]}
					}
				},
				"eyelid_left": {
					"position": {
						"0.0": [0, 0, 0],
						"0.7917": {"pre": [0, 0, 0], "post": [0, 0, -0.1]},
						"1.0": {"pre": [0, 0, -0.1], "post": [0, 0, 0]},
						"1.2083": {"pre": [0, 0, 0], "post": [0, 0, -0.1]},
						"1.25": {"pre": [0, 0, -0.1], "post": [0, 0, 0]},
						"1.3333": {"pre": [0, 0, 0], "post": [0, 0, -0.1]},
						"1.4167": {"pre": [0, 0, -0.1], "post": [0, 0, 0]},
						"1.75": {"pre": [0, 0, 0], "post": [0, 0, -0.1]},
						"1.9583": {"pre": [0, 0, -0.1], "post": [0, 0, 0]},
						"3.0": {"pre": [0, 0, 0], "post": [0, 0, 0]}
					}
				},
				"pupil_right": {
					"position": {
						"0.0": [0, 0, 0],
						"1.0": {"pre": [0, 0, 0], "post": [-0.9, 0, 0]},
						"1.1667": {"pre": [-0.9, 0, 0], "post": [-0.9, 0, 0]},
						"1.25": {"pre": [-0.9, 0, 0], "post": [0, 0, 0]},
						"1.4167": {"pre": [0, 0, 0], "post": [-0.6, 0, 0]},
						"1.9583": {"pre": [-0.6, 0, 0], "post": [0, 0, 0]},
						"3.0": {"pre": [0, 0, 0], "post": [0, 0, 0]}
					}
				},
				"eyebrow_right": {
					"rotation": {
						"0.0": [0, 0, 0],
						"0.7917": {"pre": [0, 0, 0], "post": [0, 0, -15]},
						"1.0": {"pre": [0, 0, -15], "post": [0, 0, 0]},
						"1.2083": {"pre": [0, 0, 0], "post": [0, 0, -15]},
						"1.25": {"pre": [0, 0, -15], "post": [0, 0, 0]},
						"1.3333": {"pre": [0, 0, 0], "post": [0, 0, -15]},
						"1.4167": {"pre": [0, 0, -15], "post": [0, 0, 0]},
						"1.75": {"pre": [0, 0, 0], "post": [0, 0, -15]},
						"1.9583": {"pre": [0, 0, -15], "post": [0, 0, 0]},
						"3.0": {"pre": [0, 0, 0], "post": [0, 0, 0]}
					},
					"position": {
						"0.0": [0, 0, 0],
						"0.7917": {"pre": [0, 0, 0], "post": [0, 0.3, 0]},
						"1.0": {"pre": [0, 0.3, 0], "post": [0, 0, 0]},
						"1.2083": {"pre": [0, 0, 0], "post": [0, 0.3, 0]},
						"1.25": {"pre": [0, 0.3, 0], "post": [0, 0, 0]},
						"1.3333": {"pre": [0, 0, 0], "post": [0, 0.3, 0]},
						"1.4167": {"pre": [0, 0.3, 0], "post": [0, 0, 0]},
						"1.75": {"pre": [0, 0, 0], "post": [0, 0.3, 0]},
						"1.9583": {"pre": [0, 0.3, 0], "post": [0, 0, 0]},
						"3.0": {"pre": [0, 0, 0], "post": [0, 0, 0]}
					}
				},
				"eyelid_right": {
					"position": {
						"0.0": [0, 0, 0],
						"0.7917": {"pre": [0, 0, 0], "post": [0, 0, -0.1]},
						"1.0": {"pre": [0, 0, -0.1], "post": [0, 0, 0]},
						"1.2083": {"pre": [0, 0, 0], "post": [0, 0, -0.1]},
						"1.25": {"pre": [0, 0, -0.1], "post": [0, 0, 0]},
						"1.3333": {"pre": [0, 0, 0], "post": [0, 0, -0.1]},
						"1.4167": {"pre": [0, 0, -0.1], "post": [0, 0, 0]},
						"1.75": {"pre": [0, 0, 0], "post": [0, 0, -0.1]},
						"1.9583": {"pre": [0, 0, -0.1], "post": [0, 0, 0]},
						"3.0": {"pre": [0, 0, 0], "post": [0, 0, 0]}
					}
				},
				"hair_top": {
					"rotation": {
						"0.0": [0, 0, 0],
						"0.75": {
							"pre": [-7, 0, 0],
							"post": [-7, 0, 0],
							"lerp_mode": "catmullrom"
						},
						"1.0833": {
							"post": [-7, 0, 0],
							"lerp_mode": "catmullrom"
						},
						"1.3333": {
							"post": [22, 0, 0],
							"lerp_mode": "catmullrom"
						},
						"1.4583": {
							"post": [6, 0, 0],
							"lerp_mode": "catmullrom"
						},
						"1.625": {
							"post": [12, 0, 0],
							"lerp_mode": "catmullrom"
						},
						"1.9583": {
							"post": [-4, 0, 0],
							"lerp_mode": "catmullrom"
						},
						"2.0": {
							"post": [14, 0, 0],
							"lerp_mode": "catmullrom"
						},
						"2.5833": {
							"post": [0, 0, 0],
							"lerp_mode": "catmullrom"
						},
						"2.9583": [0, 0, 0],
						"3.0": [0, 0, 0]
					}
				},
				"hair_top2": {
					"rotation": {
						"0.0": [0, 0, 0],
						"0.7917": {
							"pre": [-7, 0, 0],
							"post": [-7, 0, 0],
							"lerp_mode": "catmullrom"
						},
						"1.125": {
							"post": [-7, 0, 0],
							"lerp_mode": "catmullrom"
						},
						"1.375": {
							"post": [22, 0, 0],
							"lerp_mode": "catmullrom"
						},
						"1.5": {
							"post": [6, 0, 0],
							"lerp_mode": "catmullrom"
						},
						"1.6667": {
							"post": [12, 0, 0],
							"lerp_mode": "catmullrom"
						},
						"2.0": {
							"post": [-4, 0, 0],
							"lerp_mode": "catmullrom"
						},
						"2.0417": {
							"post": [14, 0, 0],
							"lerp_mode": "catmullrom"
						},
						"2.625": {
							"post": [0, 0, 0],
							"lerp_mode": "catmullrom"
						},
						"2.9583": [0, 0, 0],
						"3.0": [0, 0, 0]
					}
				},
				"hair_bottom": {
					"rotation": {
						"0.0": [0, 0, 0],
						"0.6667": {
							"pre": [-15, 0, 0],
							"post": [-15, 0, 0],
							"lerp_mode": "catmullrom"
						},
						"1.2083": {
							"post": [-3, 0, 0],
							"lerp_mode": "catmullrom"
						},
						"1.25": {
							"post": [-16, 0, 0],
							"lerp_mode": "catmullrom"
						},
						"1.4167": {
							"post": [-2, 0, 0],
							"lerp_mode": "catmullrom"
						},
						"1.5417": {
							"post": [-11, 0, 0],
							"lerp_mode": "catmullrom"
						},
						"1.7083": {
							"post": [-11, 0, 0],
							"lerp_mode": "catmullrom"
						},
						"1.9583": {
							"post": [6, 0, 0],
							"lerp_mode": "catmullrom"
						},
						"2.0": {
							"post": [-8, 0, 0],
							"lerp_mode": "catmullrom"
						},
						"2.5": {
							"post": [0, 0, 0],
							"lerp_mode": "catmullrom"
						},
						"2.9583": [0, 0, 0]
					}
				},
				"hair_back1": {
					"rotation": {
						"0.0": [0, 0, 0],
						"0.5": {
							"pre": [-27, 0, 0],
							"post": [-27, 0, 0],
							"lerp_mode": "catmullrom"
						},
						"1.25": {
							"post": [-27, 0, 0],
							"lerp_mode": "catmullrom"
						},
						"1.2917": {
							"post": [-12, 0, 0],
							"lerp_mode": "catmullrom"
						},
						"1.3333": {
							"post": [-25, 0, 0],
							"lerp_mode": "catmullrom"
						},
						"1.4583": {
							"post": [-12, 0, 0],
							"lerp_mode": "catmullrom"
						},
						"1.75": {
							"post": [-12, 0, 0],
							"lerp_mode": "catmullrom"
						},
						"2.2083": {
							"post": [0, 0, 0],
							"lerp_mode": "catmullrom"
						},
						"2.9167": [0, 0, 0]
					}
				},
				"hair_back2": {
					"rotation": {
						"0.0": [0, 0, 0],
						"0.5": {
							"pre": [-27, 0, 0],
							"post": [-27, 0, 0],
							"lerp_mode": "catmullrom"
						},
						"1.25": {
							"post": [-27, 0, 0],
							"lerp_mode": "catmullrom"
						},
						"1.2917": {
							"post": [-12, 0, 0],
							"lerp_mode": "catmullrom"
						},
						"1.3333": {
							"post": [-25, 0, 0],
							"lerp_mode": "catmullrom"
						},
						"1.4583": {
							"post": [-12, 0, 0],
							"lerp_mode": "catmullrom"
						},
						"1.75": {
							"post": [-12, 0, 0],
							"lerp_mode": "catmullrom"
						},
						"2.2083": {
							"post": [0, 0, 0],
							"lerp_mode": "catmullrom"
						},
						"2.9167": [0, 0, 0]
					}
				},
				"hair_back3": {
					"rotation": {
						"0.0": [0, 0, 0],
						"0.5": {
							"pre": [-27, 0, 0],
							"post": [-27, 0, 0],
							"lerp_mode": "catmullrom"
						},
						"1.25": {
							"post": [-27, 0, 0],
							"lerp_mode": "catmullrom"
						},
						"1.2917": {
							"post": [-12, 0, 0],
							"lerp_mode": "catmullrom"
						},
						"1.3333": {
							"post": [-25, 0, 0],
							"lerp_mode": "catmullrom"
						},
						"1.4583": {
							"post": [-12, 0, 0],
							"lerp_mode": "catmullrom"
						},
						"1.75": {
							"post": [-12, 0, 0],
							"lerp_mode": "catmullrom"
						},
						"2.2083": {
							"post": [0, 0, 0],
							"lerp_mode": "catmullrom"
						},
						"2.9167": [0, 0, 0]
					}
				},
				"hair_left": {
					"rotation": {
						"0.0": [0, 0, 0],
						"0.6667": {
							"pre": [0, 0, 0],
							"post": [0, 0, 0],
							"lerp_mode": "catmullrom"
						},
						"1.1667": {
							"post": [0, 16, 0],
							"lerp_mode": "catmullrom"
						},
						"1.25": {
							"post": [0, -25, 0],
							"lerp_mode": "catmullrom"
						},
						"1.375": {
							"post": [0, -35, 0],
							"lerp_mode": "catmullrom"
						},
						"1.5": {
							"post": [0, 31, 0],
							"lerp_mode": "catmullrom"
						},
						"1.6667": {
							"post": [0, 31, 0],
							"lerp_mode": "catmullrom"
						},
						"1.9583": {
							"post": [0, -12.71, 0],
							"lerp_mode": "catmullrom"
						},
						"2.0417": {
							"post": [0, 28.25, 0],
							"lerp_mode": "catmullrom"
						},
						"2.2083": {
							"post": [0, 28.25, 0],
							"lerp_mode": "catmullrom"
						},
						"2.5417": {
							"post": [0, 0, 0],
							"lerp_mode": "catmullrom"
						},
						"2.9583": [0, 0, 0],
						"3.0": [0, 0, 0]
					}
				},
				"hair_left2": {
					"rotation": {
						"0.0": [0, 0, 0],
						"0.7083": {
							"pre": [0, 0, 0],
							"post": [0, 0, 0],
							"lerp_mode": "catmullrom"
						},
						"1.2083": {
							"post": [0, 33, 0],
							"lerp_mode": "catmullrom"
						},
						"1.2917": {
							"post": [0, -16, 0],
							"lerp_mode": "catmullrom"
						},
						"1.4167": {
							"post": [0, -21, 0],
							"lerp_mode": "catmullrom"
						},
						"1.5417": {
							"post": [0, 31, 0],
							"lerp_mode": "catmullrom"
						},
						"1.7083": {
							"post": [0, 31, 0],
							"lerp_mode": "catmullrom"
						},
						"2.1667": {
							"post": [0, 0, 0],
							"lerp_mode": "catmullrom"
						},
						"2.8333": [0, 0, 0],
						"3.0": [0, 0, 0]
					}
				},
				"hair_right": {
					"rotation": {
						"0.0": [0, 0, 0],
						"0.5": {
							"pre": [0, 0, 0],
							"post": [0, 0, 0],
							"lerp_mode": "catmullrom"
						},
						"1.125": {
							"post": [0, 22, 0],
							"lerp_mode": "catmullrom"
						},
						"1.25": {
							"post": [0, -40, 0],
							"lerp_mode": "catmullrom"
						},
						"1.4167": {
							"post": [0, 15, 0],
							"lerp_mode": "catmullrom"
						},
						"1.5833": {
							"post": [0, 15, 0],
							"lerp_mode": "catmullrom"
						},
						"1.75": {
							"post": [0, 1, 0],
							"lerp_mode": "catmullrom"
						},
						"1.9167": {
							"post": [0, 1, 0],
							"lerp_mode": "catmullrom"
						},
						"2.0": {
							"post": [0, -31, 0],
							"lerp_mode": "catmullrom"
						},
						"2.1667": {
							"post": [0, -31, 0],
							"lerp_mode": "catmullrom"
						},
						"2.5833": {
							"post": [0, 0, 0],
							"lerp_mode": "catmullrom"
						},
						"2.9583": [0, 0, 0],
						"3.0": [0, 0, 0]
					}
				},
				"hair_right2": {
					"rotation": {
						"0.0": [0, 0, 0],
						"0.5417": {
							"pre": [0, 0, 0],
							"post": [0, 0, 0],
							"lerp_mode": "catmullrom"
						},
						"1.1667": {
							"post": [0, 22, 0],
							"lerp_mode": "catmullrom"
						},
						"1.2917": {
							"post": [0, -40, 0],
							"lerp_mode": "catmullrom"
						},
						"1.4583": {
							"post": [0, 15, 0],
							"lerp_mode": "catmullrom"
						},
						"1.625": {
							"post": [0, 15, 0],
							"lerp_mode": "catmullrom"
						},
						"1.7917": {
							"post": [0, 1, 0],
							"lerp_mode": "catmullrom"
						},
						"1.9583": {
							"post": [0, 1, 0],
							"lerp_mode": "catmullrom"
						},
						"2.0417": {
							"post": [0, -31, 0],
							"lerp_mode": "catmullrom"
						},
						"2.2083": {
							"post": [0, -31, 0],
							"lerp_mode": "catmullrom"
						},
						"2.625": {
							"post": [0, 0, 0],
							"lerp_mode": "catmullrom"
						},
						"2.9583": [0, 0, 0],
						"3.0": [0, 0, 0]
					}
				}
			}
		},
		"animation.primeape.ground_walk": {
			"loop": true,
			"bones": {
				"body": {
					"rotation": [
						"5+(math.sin(q.anim_time*90*4*2-90-45)*1+1)*2-(math.clamp(math.sin(q.anim_time*90*4*2+90)*1,0.5,1)*1-0.5)*10",
						0,
						"math.clamp(math.sin(q.anim_time*90*4*1)*5,-4,4)+math.sin(q.anim_time*90*4*1)*4"
					],
					"position": [0, "math.sin(q.anim_time*90*4*2+90)*1+1+math.clamp((math.sin(q.anim_time*90*4*2+90)*1+0.5)*1,0,20)", "math.sin(q.anim_time*90*4*2)*1"]
				},
				"arm_right": {
					"rotation": ["-22.5-10*math.sin(q.anim_time*90*4*2)", "-15*math.sin(q.anim_time*90*4)", "-45+2.5*(math.sin(q.anim_time*90*4*2)*1+1)"]
				},
				"forearm_right": {
					"rotation": [0, "-70-5*(math.sin(q.anim_time*90*4)*1+1)", 0]
				},
				"hand_right": {
					"rotation": [-15, -15, -27.5]
				},
				"arm_left": {
					"rotation": ["-22.5-10*math.sin(q.anim_time*90*4*2)", "-15*math.sin(q.anim_time*90*4)", "45-2.5*(math.sin(q.anim_time*90*4*2)*1+1)"]
				},
				"forearm_left": {
					"rotation": [0, "70+5*(math.sin(q.anim_time*90*4)*1+1)", 0]
				},
				"hand_left": {
					"rotation": [-15, 15, 27.5]
				},
				"ear_right": {
					"rotation": ["(math.sin(q.anim_time*90*4*2+135)*1+1)*10", 0, 0]
				},
				"ear_left": {
					"rotation": ["(math.sin(q.anim_time*90*4*2+135)*1+1)*10", 0, 0]
				},
				"leg_right": {
					"rotation": [
						"math.clamp(math.sin(q.anim_time*90*4*1+180*1-90)*40,0,60)+math.clamp(math.sin(q.anim_time*90*4*1+180*1-90)*37,-40,30)",
						"math.clamp((math.sin(q.anim_time*90*4*1)*1-1)*10,-5,10)",
						"(math.sin(q.anim_time*90*4*1-90)*1+1)*-3"
					],
					"position": [0, "(math.sin(q.anim_time*90*4*2-90)*1+1)*0.3-2*(math.clamp(math.sin(q.anim_time*90*4*1+200)*1,0.75,1)*1-0.75)", 0]
				},
				"knee_right": {
					"rotation": [
						"-14-(math.sin(q.anim_time*90*4*2)*1+1)*10+(math.sin(q.anim_time*90*4*2-90)*1+1)*25-(math.clamp((math.sin(q.anim_time*90*4*1+145)*1)*1,0.8,1)*1-0.8)*90",
						0,
						0
					]
				},
				"foot_right": {
					"rotation": [
						"-(math.sin(q.anim_time*90*4*2-90)*1)*15",
						0,
						"math.clamp(20*(math.sin(q.anim_time*90*4*1)*1+2),0,20)-math.clamp(10*(math.sin(q.anim_time*90*4*1)*1+2),20,50)+10-80*(math.clamp(math.sin(q.anim_time*90*4*1-105)*1,0.85,1)*1-0.85)"
					]
				},
				"leg_left": {
					"rotation": [
						"math.clamp(math.sin(q.anim_time*90*4*1+180*0-90)*40,0,60)+math.clamp(math.sin(q.anim_time*90*4*1+180*0-90)*37,-40,30)",
						"-1*math.clamp((math.sin(q.anim_time*90*4*1+180)*1-1)*10,-5,10)",
						"3*(math.sin(q.anim_time*90*4*1-90+180)*1+1)"
					],
					"position": [0, "(math.sin(q.anim_time*90*4*2-90+180*0)*1+1)*0.3-2*(math.clamp(math.sin(q.anim_time*90*4*1+200+180)*1,0.75,1)*1-0.75)", 0]
				},
				"knee_left": {
					"rotation": [
						"-14-(math.sin(q.anim_time*90*4*2+180*0)*1+1)*10+(math.sin(q.anim_time*90*4*2-90+180*0)*1+1)*25-(math.clamp((math.sin(q.anim_time*90*4*1+145+180)*1)*1,0.8,1)*1-0.8)*90",
						0,
						0
					]
				},
				"foot_left": {
					"rotation": [
						"-(math.sin(q.anim_time*90*4*2-90+180*0)*1)*15",
						0,
						"-1*(math.clamp(20*(math.sin(q.anim_time*90*4*1+180)*1+2),0,20)-math.clamp(10*(math.sin(q.anim_time*90*4*1+180)*1+2),20,50)+10-80*(math.clamp(math.sin(q.anim_time*90*4*1-105+180)*1,0.85,1)*1-0.85))"
					]
				},
				"primeape": {
					"position": [0, "-(math.clamp(math.sin(q.anim_time*90*4*2+90)*1,0.25,1)*1-0.25)*1", 0]
				}
			}
		},
		"animation.primeape.faint": {
			"animation_length": 3,
			"bones": {
				"body": {
					"rotation": {
						"0.0": ["14+(math.sin(q.anim_time*90*4*2-90-45)*1+1)*2", 0, 0],
						"0.1": ["-1+(math.sin(q.anim_time*90*4*2-90-45)*1+1)*2", 0, 0],
						"0.25": [1.27736, -2.49938, -0.05571],
						"0.55": [-1, 0, 0],
						"0.75": [-13.5, 0, 0],
						"0.95": [-13.5, 0, 0],
						"1.1": [-28.5, 0, 0],
						"1.5": [-23.5, 0, 0],
						"1.8": [-28.5, 0, 0],
						"1.9": [-33.5, 0, 0],
						"2.0": [-61, 0, 0],
						"2.1": [-111, 0, 0],
						"2.2": [-83.5, 0, 0],
						"2.25": [-91, 0, 0],
						"2.5": [-91, 0, 0],
						"2.55": [-88.5, 0, 0],
						"2.6": [-91, 0, 0]
					},
					"position": {
						"0.0": [0, "(math.sin(q.anim_time*90*4*2+90)*1+1)*0.5-1", 0],
						"0.1": [0, "(math.sin(q.anim_time*90*4*2+90)*1+1)*0.5-0.75", 0.75],
						"0.25": [0, -0.05, 0],
						"0.35": [0, "(math.sin(q.anim_time*90*4*2+90)*1+1)*0.5+0", -0.5],
						"0.65": [0, 2.15, -1.75],
						"0.75": [0, 2.15, -1.75],
						"0.8": [0, 1.9, -1.75],
						"0.85": [0, 2.15, -1.75],
						"0.9": [0, 1.9, -1.75],
						"0.95": [0, 2.15, -1.75],
						"1.1": [0, -3.35, 0.75],
						"1.15": [0, -3.6, 0.75],
						"1.2": [0, -3.35, 0.5],
						"1.25": [0, -3.6, 0.5],
						"1.3": [0, -3.35, 0.25],
						"1.35": [0, -3.6, 0.25],
						"1.4": [0, -3.35, 0],
						"1.45": [0, -3.6, 0],
						"1.5": [0, -3.35, 0],
						"1.8": [0, -3.35, 0.75],
						"1.9": [0, -3.73, 1.38],
						"2.0": [0, -5.1, 5],
						"2.05": [0, -7.6, 7.25],
						"2.1": [0, -10.1, 9],
						"2.15": [0, -10.1, 8],
						"2.2": [0, -9.1, 7],
						"2.25": [0, -8.85, 7.58],
						"2.5": [0, -8.85, 7.5],
						"2.55": [0, -9.1, 7.5],
						"2.6": [0, -9.1, 7.5]
					}
				},
				"arm_right": {
					"rotation": {
						"0.0": [-41.89309, "-56.3876-2.5*math.sin(q.anim_time*90*4*2)", "-14.3578+2.5*(math.sin(q.anim_time*90*4*2)*1+1)"],
						"0.1": [-21.35822, "20.4373-2.5*math.sin(q.anim_time*90*4*2)", "-58.7584+2.5*(math.sin(q.anim_time*90*4*2)*1+1)"],
						"0.2": [-38.97584, 16.503, -41.3947],
						"0.8": [-88.59061, "-5.063-2.5*math.sin(q.anim_time*90*4*2)", "7.6989+2.5*(math.sin(q.anim_time*90*4*2)*1+1)"],
						"0.95": [-90.2438, "-5.1907-2.5*math.sin(q.anim_time*90*4*2)", "20.3066+2.5*(math.sin(q.anim_time*90*4*2)*1+1)"],
						"1.1": [-61.29293, "-1.0633-2.5*math.sin(q.anim_time*90*4*2)", "-79.6881+2.5*(math.sin(q.anim_time*90*4*2)*1+1)"],
						"1.5": [-61.29, -1.0633, -79.6881],
						"2.05": [-61.29, -1.06, -79.69],
						"2.15": [-79.52348, 23.62763, 8.87456],
						"2.25": [-85.92415, 29.89908, 16.12083]
					}
				},
				"forearm_right": {
					"rotation": {
						"0.0": [0, "-82.5+2.5*(math.sin(q.anim_time*90*4*2)*1+1)", 0],
						"1.5": [0, -62.5, 0],
						"1.8": [0, -35, 0],
						"1.85": [0, -35, 0],
						"2.05": [0, -12.5, 0]
					}
				},
				"hand_right": {
					"rotation": [-15, -15, -27.5]
				},
				"arm_left": {
					"rotation": {
						"0.0": [-35.55075, "50.5239+2.5*math.sin(q.anim_time*90*4*2)", "22.2373-2.5*(math.sin(q.anim_time*90*4*2)*1+1)"],
						"0.1": [-21.34482, "-17.8987+2.5*math.sin(q.anim_time*90*4*2)", "57.89-2.5*(math.sin(q.anim_time*90*4*2)*1+1)"],
						"0.2": [-38.66464, -16.48072, 41.34056],
						"0.8": [-86.16317, "5.5151+2.5*math.sin(q.anim_time*90*4*2)", "-11.4641-2.5*(math.sin(q.anim_time*90*4*2)*1+1)"],
						"0.95": [-87.5996, "6.0605+2.5*math.sin(q.anim_time*90*4*2)", "-21.5517-2.5*(math.sin(q.anim_time*90*4*2)*1+1)"],
						"1.1": [-58.25568, "-1.5018+2.5*math.sin(q.anim_time*90*4*2)", "75.742-2.5*(math.sin(q.anim_time*90*4*2)*1+1)"],
						"1.5": [-58.26, -1.5018, 75.742],
						"2.05": [-58.26, -1.5, 75.74],
						"2.15": [-78.40022, -24.40881, -4.03067],
						"2.25": [-73.99642, -32.9405, -12.26238]
					}
				},
				"forearm_left": {
					"rotation": {
						"0.0": [0, "82.5-2.5*(math.sin(q.anim_time*90*4*2)*1+1)", 0],
						"0.2": [0, "30-2.5*(math.sin(q.anim_time*90*4*2)*1+1)", 0],
						"0.55": [0, "80-2.5*(math.sin(q.anim_time*90*4*2)*1+1)", 0],
						"1.5": [0, 62.5, 0],
						"1.8": [0, 47.5, 0],
						"1.85": [0, 47.5, 0],
						"2.05": [0, 15, 0]
					}
				},
				"hand_left": {
					"rotation": [-15, 15, 27.5]
				},
				"ear_right": {
					"rotation": {
						"0.0": ["(math.sin(q.anim_time*90*4*2+135)*1+1)*4", 0, 0],
						"1.5": [0, 0, 0],
						"1.9": [0, 0, 0],
						"2.1": [45, 0, 0],
						"2.15": [-17.5, 0, 0],
						"2.2": [25, 0, 0],
						"2.3": ["(math.sin(q.anim_time*90*4*2+135)*1+1)*4", 0, 0]
					}
				},
				"ear_left": {
					"rotation": {
						"0.0": ["(math.sin(q.anim_time*90*4*2+135)*1+1)*4", 0, 0],
						"1.5": [0, 0, 0],
						"1.9": [0, 0, 0],
						"2.1": [47.5, 0, 0],
						"2.15": [-22.5, 0, 0],
						"2.2": [20, 0, 0],
						"2.3": ["(math.sin(q.anim_time*90*4*2+135)*1+1)*4", 0, 0]
					}
				},
				"leg_right": {
					"rotation": {
						"0.0": ["-17.5+(math.sin(q.anim_time*90*4*2+90)*1+1)*2-(math.sin(q.anim_time*90*4*2-90-45)*1+1)*2", 0, 0],
						"0.1": ["(math.sin(q.anim_time*90*4*2+90)*1+1)*2-(math.sin(q.anim_time*90*4*2-90-45)*1+1)*2", 0, 0],
						"0.35": [25, 0, 0],
						"0.55": [25, 0, 0],
						"0.75": [42.5, 0, 0],
						"0.95": [42.5, 0, 0],
						"1.1": [12.5, 0, 0],
						"2.05": [12.5, 0, 0],
						"2.15": [-47.5, 0, 0],
						"2.3": [-55, 0, 0],
						"2.4": [-20, 0, 0],
						"2.5": [35, 0, 0],
						"2.55": [25, 0, 0],
						"2.6": [32.5, 0, 0]
					},
					"position": {
						"0.0": ["0.03*(math.sin(q.anim_time*90*4*2-150)*1+1)", "(math.sin(q.anim_time*90*4*2-90)*1+1)*0.4", "-0.16*(math.sin(q.anim_time*90*4*2-135)*1+1)"],
						"0.1": ["0.03*(math.sin(q.anim_time*90*4*2-150)*1+1)", "(math.sin(q.anim_time*90*4*2-90)*1+1)*0.4", "-0.16*(math.sin(q.anim_time*90*4*2-135)*1+1)"],
						"0.55": [0.03, 0, -0.16]
					}
				},
				"knee_right": {
					"rotation": {
						"0.0": ["-(math.sin(q.anim_time*90*4*2+90)*1+1)*4", 0, 0],
						"0.1": ["-(math.sin(q.anim_time*90*4*2+90)*1+1)*4", 0, 0],
						"0.35": ["-25-(math.sin(q.anim_time*90*4*2+90)*1+1)*4", 0, 0],
						"0.55": [-25, 0, 0],
						"0.95": [-25, 0, 0],
						"1.1": [62.5, 0, 0],
						"2.1": [62.5, 0, 0],
						"2.2": [-22.5, 0, 0]
					}
				},
				"foot_right": {
					"rotation": {
						"0.0": ["-1+2*math.sin(q.anim_time*90*4*2+90)", 0, 0],
						"0.35": [-1, 0, 0],
						"0.65": [34, 0, 0],
						"0.75": [39, 0, 0],
						"0.95": [39, 0, 0],
						"1.1": [-46, 0, 0],
						"1.9": [-41, 0, 0],
						"2.0": [-13.5, 0, 0],
						"2.1": [39, 0, 0],
						"2.2": [84, 0, 0],
						"2.3": [16.5, 0, 0],
						"2.5": [16.5, 0, 0],
						"2.55": [56.5, 0, 0],
						"2.6": [36.5, 0, 0]
					}
				},
				"leg_left": {
					"rotation": {
						"0.0": ["-17.5+(math.sin(q.anim_time*90*4*2+90)*1+1)*2-(math.sin(q.anim_time*90*4*2-90-45)*1+1)*2", 0, 0],
						"0.05": [-1.41, 0, 0],
						"0.1": ["2.5+(math.sin(q.anim_time*90*4*2+90)*1+1)*2-(math.sin(q.anim_time*90*4*2-90-45)*1+1)*2", 0, 0],
						"0.35": [25, 0, 0],
						"0.55": [25, 0, 0],
						"0.75": [42.5, 0, 0],
						"0.95": [42.5, 0, 0],
						"1.1": [16.65225, -11.01422, -6.14593],
						"2.05": [16.65, -11.01, -6.15],
						"2.15": [-43.35, -11.01, -6.15],
						"2.3": [-30.85, -11.01, -6.15],
						"2.4": [-6.68, -11.01, -6.15],
						"2.5": [41.65, -11.01, -6.15],
						"2.55": [29.15, -11.01, -6.15],
						"2.6": [39.15, -11.01, -6.15]
					},
					"position": {
						"0.0": [
							"-0.03*(math.sin(q.anim_time*90*4*2-150)*1+1)",
							"(math.sin(q.anim_time*90*4*2-90)*1+1)*0.4",
							"-0.16*(math.sin(q.anim_time*90*4*2-135)*1+1)"
						],
						"0.55": [-0.03, 0, -0.16]
					}
				},
				"knee_left": {
					"rotation": {
						"0.0": ["-(math.sin(q.anim_time*90*4*2+90)*1+1)*4", 0, 0],
						"0.1": ["-(math.sin(q.anim_time*90*4*2+90)*1+1)*4", 0, 0],
						"0.35": ["-25-(math.sin(q.anim_time*90*4*2+90)*1+1)*4", 0, 0],
						"0.55": [-25, 0, 0],
						"0.95": [-25, 0, 0],
						"1.1": [60, 0, 0],
						"2.1": [60, 0, 0],
						"2.2": [-27.5, 0, 0]
					}
				},
				"foot_left": {
					"rotation": {
						"0.0": ["-1+2*math.sin(q.anim_time*90*4*2+90)", 0, 0],
						"0.35": [-1, 0, 0],
						"0.65": [31.5, 0, 0],
						"0.75": [36.5, 0, 0],
						"0.95": [36.5, 0, 0],
						"1.1": [-43.5, 0, 0],
						"1.8": [-43.5, 0, 0],
						"1.9": [-41, 0, 0],
						"2.0": [-18.5, 0, 0],
						"2.1": [31.5, 0, 0],
						"2.2": [91.5, 0, 0],
						"2.3": [49, 0, 0]
					}
				},
				"eyes": {
					"position": {
						"0.0": [0, 0, 0],
						"1.1": [0, 0, 0],
						"1.5": [0, -0.25, 0],
						"1.8": [0, -0.25, 0]
					}
				},
				"eyelids": {
					"position": {
						"0.0": [0, 0, -0.1],
						"0.1": [0, 0, -0.1],
						"0.15": [0, 0, 0],
						"0.5": [0, 0, 0],
						"0.55": [0, 0, -0.1],
						"1.1": [0, 0, -0.1],
						"1.15": [0, 0, 0],
						"2.05": [0, 0, 0],
						"2.1": [0, 0, -0.1]
					}
				},
				"torso": {
					"position": {
						"0.0": [0, 0, 0],
						"1.05": {"pre": [0, 0, 0], "post": [0, "Math.cos((query.anim_time) * 90 * 48 - 90) * 0.3", 0]},
						"1.9": [0, 0, 0]
					}
				},
				"eye_left": {
					"position": {
						"0.0": [0, 0, 0],
						"0.1": {"pre": [0, 0, 0], "post": [0, 0, 0.125]},
						"1.05": {"pre": [0, 0, 0.125], "post": [0, 0, 0]},
						"1.8": {"pre": [0, 0, 0], "post": [0, 0, 0.125]}
					}
				},
				"eyebrow_left": {
					"rotation": {
						"0.0": [0, 0, 0],
						"0.1": {"pre": [0, 0, 0], "post": [0, 0, 15]},
						"1.05": {"pre": [0, 0, 15], "post": [0, 0, 0]},
						"1.8": {"pre": [0, 0, 0], "post": [0, 0, 15]}
					},
					"position": {
						"0.0": [0, 0, -0.15],
						"0.1": {"pre": [0, 0, -0.15], "post": [0, -0.5, -0.15]},
						"1.05": {"pre": [0, -0.5, -0.15], "post": [0, 0, -0.15]},
						"1.8": {"pre": [0, 0, -0.15], "post": [0, -0.5, -0.15]}
					}
				},
				"eyelid_left": {
					"position": {
						"0.0": [0, 0, 0],
						"0.1": {"pre": [0, 0, 0], "post": [0, 0, -0.2]},
						"1.05": {"pre": [0, 0, -0.2], "post": [0, 0, 0]},
						"1.8": {"pre": [0, 0, 0], "post": [0, 0, -0.2]}
					}
				},
				"eye_right": {
					"position": {
						"0.0": [0, 0, 0],
						"0.1": {"pre": [0, 0, 0], "post": [0, 0, 0.125]},
						"1.05": {"pre": [0, 0, 0.125], "post": [0, 0, 0]},
						"1.8": {"pre": [0, 0, 0], "post": [0, 0, 0.125]}
					}
				},
				"eyebrow_right": {
					"rotation": {
						"0.0": [0, 0, 0],
						"0.1": {"pre": [0, 0, 0], "post": [0, 0, -15]},
						"1.05": {"pre": [0, 0, -15], "post": [0, 0, 0]},
						"1.8": {"pre": [0, 0, 0], "post": [0, 0, -15]}
					},
					"position": {
						"0.0": [0, 0, -0.15],
						"0.1": {"pre": [0, 0, -0.15], "post": [0, -0.5, -0.15]},
						"1.05": {"pre": [0, -0.5, -0.15], "post": [0, 0, -0.15]},
						"1.8": {"pre": [0, 0, -0.15], "post": [0, -0.5, -0.15]}
					}
				},
				"eyelid_right": {
					"position": {
						"0.0": [0, 0, 0],
						"0.1": {"pre": [0, 0, 0], "post": [0, 0, -0.2]},
						"1.05": {"pre": [0, 0, -0.2], "post": [0, 0, 0]},
						"1.8": {"pre": [0, 0, 0], "post": [0, 0, -0.2]}
					}
				}
			}
		},
		"animation.primeape.sleep": {
			"loop": true,
			"bones": {
				"body": {
					"rotation": [10, 0, 0],
					"position": ["0+Math.cos((query.anim_time) * 90 * 1) * 0.3", 0, 0]
				},
				"eyelids": {
					"position": [0, 0, -0.1]
				},
				"ear_right": {
					"rotation": [27.6236, 8.28692, "-22.1844+Math.cos((query.anim_time) * 90 * 1 - 90) * 8"]
				},
				"ear_left": {
					"rotation": [27.6236, -8.28692, "22.1844+Math.cos((query.anim_time) * 90 * 1 - 90) * 8"]
				},
				"arm_right": {
					"rotation": [0, 0, "-47.5+Math.cos((query.anim_time) * 90 * 1 - 90) * -5"]
				},
				"forearm_right": {
					"rotation": [0, "-75+Math.cos((query.anim_time) * 90 * 1 - 180) * -8", 0]
				},
				"hand_right": {
					"rotation": [0, 0, -17.5]
				},
				"arm_left": {
					"rotation": [17.67556, 22.06085, "54.7754+Math.cos((query.anim_time) * 90 * 1 - 90) * -5"]
				},
				"forearm_left": {
					"rotation": [0, "55+Math.cos((query.anim_time) * 90 * 1 - 180) * -8", 0]
				},
				"hand_left": {
					"rotation": [0, 0, 15]
				},
				"leg_right": {
					"rotation": [-12.21341, 29.48295, "-8.2007+Math.cos((query.anim_time) * 90 * 1) * 3"]
				},
				"leg_left": {
					"rotation": [-12.21341, -21.98295, "8.2007+Math.cos((query.anim_time) * 90 * 1) * 3"]
				},
				"eyebrow_left": {
					"rotation": [0, 0, 15],
					"position": [0, -0.5, 0]
				},
				"eyebrow_right": {
					"rotation": [0, 0, -15],
					"position": [0, -0.5, 0]
				},
				"pupil_left": {
					"position": [-0.00151, -0.0173, 0.09848]
				},
				"eyelid_left": {
					"position": [0.00151, 0.0173, -0.09848]
				},
				"pupil_right": {
					"position": [0.00151, -0.0173, 0.09848]
				},
				"eyelid_right": {
					"position": [-0.00151, 0.0173, -0.09848]
				},
				"eye_right_base": {
					"position": [0.00151, -0.0173, 0.09848]
				},
				"eye_left_base": {
					"position": [-0.00151, -0.0173, 0.09848]
				},
				"torso": {
					"rotation": ["0+Math.cos((query.anim_time) * 90 * 1 - 90) * -2", 0, "0+Math.cos((query.anim_time) * 90 * 1) * 4"],
					"position": ["0+Math.cos((query.anim_time) * 90 * 1) * 0.3", 0, 0]
				},
				"knee_left": {
					"rotation": ["0+Math.cos((query.anim_time) * 90 * 1) * -2", 0, 0]
				},
				"foot_left": {
					"rotation": ["2.8124+Math.cos((query.anim_time) * 90 * 1) * -2", 0.52606, -6.0999]
				},
				"knee_right": {
					"rotation": ["0+Math.cos((query.anim_time) * 90 * 1) * -2", 0, 0]
				},
				"foot_right": {
					"rotation": ["0+Math.cos((query.anim_time) * 90 * 1) * 4", 0, 0]
				}
			}
		},
		"animation.primeape.blink": {
			"animation_length": 0.1667,
			"bones": {
				"eyebrow_left": {
					"rotation": {
						"0.0": [0, 0, 15],
						"0.125": {"pre": [0, 0, 15], "post": [0, 0, 15]},
						"0.1667": {"pre": [0, 0, 15], "post": [0, 0, 0]}
					},
					"position": {
						"0.0": [0, 0.3, 0],
						"0.125": {"pre": [0, 0.3, 0], "post": [0, 0.3, 0]},
						"0.1667": {"pre": [0, 0.3, 0], "post": [0, 0, 0]}
					}
				},
				"eyebrow_right": {
					"rotation": {
						"0.0": [0, 0, -15],
						"0.125": {"pre": [0, 0, -15], "post": [0, 0, -15]},
						"0.1667": {"pre": [0, 0, -15], "post": [0, 0, 0]}
					},
					"position": {
						"0.0": [0, 0.3, 0],
						"0.125": {"pre": [0, 0.3, 0], "post": [0, 0.3, 0]},
						"0.1667": {"pre": [0, 0.3, 0], "post": [0, 0, 0]}
					}
				},
				"eyelid_left": {
					"position": {
						"0.0": [0, 0, -0.1],
						"0.125": {"pre": [0, 0, -0.1], "post": [0, 0, -0.1]},
						"0.1667": {"pre": [0, 0, -0.1], "post": [0, 0, 0]}
					}
				},
				"eyelid_right": {
					"position": {
						"0.0": [0, 0, -0.1],
						"0.125": {"pre": [0, 0, -0.1], "post": [0, 0, -0.1]},
						"0.1667": {"pre": [0, 0, -0.1], "post": [0, 0, 0]}
					}
				}
			}
		},
		"animation.primeape.cry": {
			"animation_length": 2.25,
			"bones": {
				"torso": {
					"rotation": {
						"0.0": [0, 0, 0],
						"0.1667": {
							"pre": [7, 0, 0],
							"post": [7, 0, 0],
							"lerp_mode": "catmullrom"
						},
						"0.2917": {
							"post": [-3, 0, 0],
							"lerp_mode": "catmullrom"
						},
						"0.5": {
							"post": [1, 0, 0],
							"lerp_mode": "catmullrom"
						},
						"0.6667": {
							"post": [-3, 0, 0],
							"lerp_mode": "catmullrom"
						},
						"0.9583": {
							"post": [2, 0, 0],
							"lerp_mode": "catmullrom"
						},
						"1.375": {
							"post": [0, 0, 0],
							"lerp_mode": "catmullrom"
						},
						"1.9583": [0, 0, 0]
					}
				},
				"nose": {
					"rotation": {
						"0.0": [0, 0, 0],
						"0.25": {
							"pre": [4, 0, 0],
							"post": [4, 0, 0],
							"lerp_mode": "catmullrom"
						},
						"0.375": {
							"post": [-3, 0, 0],
							"lerp_mode": "catmullrom"
						},
						"0.5417": {
							"post": [3, 0, 0],
							"lerp_mode": "catmullrom"
						},
						"0.7083": {
							"post": [-1, 0, 0],
							"lerp_mode": "catmullrom"
						},
						"1.2083": {
							"post": [0, 0, 0],
							"lerp_mode": "catmullrom"
						},
						"1.6667": [0, 0, 0]
					},
					"position": {
						"0.0": [0, 0, 0],
						"0.25": {
							"pre": [0, 0, 0],
							"post": [0, 0, 0],
							"lerp_mode": "catmullrom"
						},
						"0.375": {
							"post": [0, 0.2, 0],
							"lerp_mode": "catmullrom"
						},
						"0.6667": {
							"post": [0, 0.2, 0],
							"lerp_mode": "catmullrom"
						},
						"0.75": {
							"post": [0, 0, 0],
							"lerp_mode": "catmullrom"
						},
						"0.8333": {
							"post": [0, 0.2, 0],
							"lerp_mode": "catmullrom"
						},
						"0.9167": {
							"post": [0, 0.2, 0],
							"lerp_mode": "catmullrom"
						},
						"1.1667": {
							"post": [0, 0, 0],
							"lerp_mode": "catmullrom"
						},
						"1.5417": [0, 0, 0]
					},
					"scale": {
						"0.7917": [1, 1, 1],
						"0.8333": [1.07, 1.07, 1.07],
						"1.0": [1, 1, 1]
					}
				},
				"arm_left": {
					"rotation": {
						"0.0": [0, 0, 0],
						"0.25": {
							"pre": [8, 0, 0],
							"post": [8, 0, 0],
							"lerp_mode": "catmullrom"
						},
						"0.6667": {
							"post": [8, 0, 0],
							"lerp_mode": "catmullrom"
						},
						"0.8333": {
							"post": [5.63, -7, 0],
							"lerp_mode": "catmullrom"
						},
						"1.1667": {
							"post": [0, 0, 0],
							"lerp_mode": "catmullrom"
						},
						"1.7083": [0, 0, 0]
					}
				},
				"arm_right": {
					"rotation": {
						"0.0": [0, 0, 0],
						"0.25": {
							"pre": [8, 0, 0],
							"post": [8, 0, 0],
							"lerp_mode": "catmullrom"
						},
						"0.6667": {
							"post": [8, 0, 0],
							"lerp_mode": "catmullrom"
						},
						"0.8333": {
							"post": [5.63, 7, 0],
							"lerp_mode": "catmullrom"
						},
						"1.1667": {
							"post": [0, 0, 0],
							"lerp_mode": "catmullrom"
						},
						"1.7083": [0, 0, 0]
					}
				}
			},
			"sound_effects": {
				"0.1667": {
					"effect": "pokemon.primeape.cry"
				}
			}
		},
		"animation.primeape.recoil": {
			"animation_length": 1.75,
			"bones": {
				"torso": {
					"rotation": {
						"0.0": [0, 0, 0],
						"0.0417": {
							"pre": [-12, 0, 0],
							"post": [-12, 0, 0],
							"lerp_mode": "catmullrom"
						},
						"0.625": {
							"post": [2, 0, 0],
							"lerp_mode": "catmullrom"
						},
						"1.2917": {
							"post": [0, 0, 0],
							"lerp_mode": "catmullrom"
						},
						"1.7083": [0, 0, 0]
					},
					"position": {
						"0.0": [0, 0, 0],
						"0.0417": {
							"pre": [0, 0, 0.9],
							"post": [0, 0, 0.9],
							"lerp_mode": "catmullrom"
						},
						"0.4583": {
							"post": [0, 0, 0.6],
							"lerp_mode": "catmullrom"
						},
						"0.9583": {
							"post": [0, 0, 0],
							"lerp_mode": "catmullrom"
						},
						"1.5417": [0, 0, 0]
					}
				},
				"eyebrow_left": {
					"rotation": {
						"0.0": [0, 0, 0],
						"0.0417": {"pre": [0, 0, 0], "post": [0, 0, 15]},
						"0.2917": {"pre": [0, 0, 15], "post": [0, 0, 0]}
					},
					"position": {
						"0.0": [0, 0, 0],
						"0.0417": {"pre": [0, 0, 0], "post": [0, 0.3, 0]},
						"0.2917": {"pre": [0, 0.3, 0], "post": [0, 0, 0]}
					}
				},
				"eyelid_left": {
					"position": {
						"0.0": [0, 0, 0],
						"0.0417": {"pre": [0, 0, 0], "post": [0, 0, -0.1]},
						"0.2917": {"pre": [0, 0, -0.1], "post": [0, 0, 0]}
					}
				},
				"eyebrow_right": {
					"rotation": {
						"0.0": [0, 0, 0],
						"0.0417": {"pre": [0, 0, 0], "post": [0, 0, -15]},
						"0.2917": {"pre": [0, 0, -15], "post": [0, 0, 0]}
					},
					"position": {
						"0.0": [0, 0, 0],
						"0.0417": {"pre": [0, 0, 0], "post": [0, 0.3, 0]},
						"0.2917": {"pre": [0, 0.3, 0], "post": [0, 0, 0]}
					}
				},
				"eyelid_right": {
					"position": {
						"0.0": [0, 0, 0],
						"0.0417": {"pre": [0, 0, 0], "post": [0, 0, -0.1]},
						"0.2917": {"pre": [0, 0, -0.1], "post": [0, 0, 0]}
					}
				},
				"ear_left": {
					"rotation": {
						"0.0": [0, 0, 0],
						"0.125": {
							"pre": [10, 0, 0],
							"post": [10, 0, 0],
							"lerp_mode": "catmullrom"
						},
						"0.5": {
							"post": [0, 0, 0],
							"lerp_mode": "catmullrom"
						},
						"1.25": [0, 0, 0]
					}
				},
				"ear_right": {
					"rotation": {
						"0.0": [0, 0, 0],
						"0.125": {
							"pre": [10, 0, 0],
							"post": [10, 0, 0],
							"lerp_mode": "catmullrom"
						},
						"0.5": {
							"post": [0, 0, 0],
							"lerp_mode": "catmullrom"
						},
						"1.25": [0, 0, 0]
					}
				},
				"arm_left": {
					"rotation": {
						"0.0": [0, 0, 0],
						"0.125": {
							"pre": [6.72614, 15.47541, 0],
							"post": [6.72614, 15.47541, 0],
							"lerp_mode": "catmullrom"
						},
						"0.4583": {
							"post": [6.72614, 15.47541, 0],
							"lerp_mode": "catmullrom"
						},
						"1.0": {
							"post": [0, 0, 0],
							"lerp_mode": "catmullrom"
						},
						"1.5": [0, 0, 0]
					}
				},
				"arm_right": {
					"rotation": {
						"0.0": [0, 0, 0],
						"0.125": {
							"pre": [6.72614, -15.47541, 0],
							"post": [6.72614, -15.47541, 0],
							"lerp_mode": "catmullrom"
						},
						"0.4583": {
							"post": [6.72614, -15.47541, 0],
							"lerp_mode": "catmullrom"
						},
						"1.0": {
							"post": [0, 0, 0],
							"lerp_mode": "catmullrom"
						},
						"1.5": [0, 0, 0]
					}
				}
			}
		},
		"animation.primeape.cyclopsside": {
			"animation_length": 2.75,
			"bones": {
				"primeape": {
					"position": {
						"0.9583": [0, 0, 0],
						"1.0": [0, -0.4, 0],
						"1.0833": [0, 0, 0]
					}
				},
				"body": {
					"rotation": [0, 53, 0],
					"position": {
						"0.0": [38, 0, 0],
						"0.5": {
							"pre": [20.56, 0, 0],
							"post": [20.56, 0, 0],
							"lerp_mode": "catmullrom"
						},
						"0.875": [16.5, 0, 0],
						"0.9583": [13.8, 0, 0]
					}
				},
				"torso": {
					"rotation": {
						"0.0": [-4, -18, 0],
						"0.9583": {"pre": [-4, -18, 0], "post": [-2, -18, 0]}
					}
				},
				"pupil_right": {
					"position": [-0.9, 0, 0]
				},
				"eyebrow_right": {
					"rotation": [0, 0, -7]
				},
				"ear_left": {
					"rotation": {
						"0.0": [0, 0, 0],
						"0.9583": {"pre": [0, 0, 0], "post": [0, 0, 21]}
					},
					"position": [0, 0, 0]
				},
				"ear_right": {
					"rotation": {
						"0.0": [0, 0, 0],
						"0.9583": {"pre": [0, 0, 0], "post": [16, 0, 16]}
					}
				},
				"arm_left": {
					"rotation": [69.39994, -22.73918, 39.3654],
					"position": [0, 0.5, 0]
				},
				"forearm_left": {
					"rotation": [0, 82, 0]
				},
				"hand_left": {
					"rotation": [0, -15, 0]
				},
				"arm_right": {
					"rotation": {
						"0.0": [-7.41436, 21.76011, -34.19862],
						"0.9583": {"pre": [-7.41436, 21.76011, -34.19862], "post": [-2.72702, 24.1296, -28.93793]}
					},
					"position": [0, -0.4, -2.4]
				},
				"forearm_right": {
					"rotation": [0, -51, 0]
				},
				"hand_right": {
					"rotation": {
						"0.0": [-87.53758, -11.81365, 22.19245],
						"0.9583": {"pre": [-87.53758, -11.81365, 22.19245], "post": [-86.6735, -28.95931, 18.68987]}
					}
				},
				"leg_left": {
					"rotation": [1.32194, -13.94315, -0.38876]
				}
			}
		}
	}
}