{
	"format_version": "1.12.0",
	"minecraft:geometry": [
		{
			"description": {
				"identifier": "geometry.jigglypuff",
				"texture_width": 64,
				"texture_height": 64,
				"visible_bounds_width": 2,
				"visible_bounds_height": 2.5,
				"visible_bounds_offset": [0, 0.75, 0]
			},
			"bones": [
				{
					"name": "jigglypuff",
					"pivot": [0, 0, 0]
				},
				{
					"name": "body",
					"parent": "jigglypuff",
					"pivot": [0, 0, 0]
				},
				{
					"name": "head",
					"parent": "body",
					"pivot": [0, 2.5, 0]
				},
				{
					"name": "head_scale",
					"parent": "head",
					"pivot": [0, 7.5, 0.5],
					"cubes": [
						{"origin": [-6, 1.5, -5.5], "size": [12, 12, 12], "uv": [0, 0]}
					]
				},
				{
					"name": "arms",
					"parent": "head",
					"pivot": [0, 4, -3.5]
				},
				{
					"name": "arm_left",
					"parent": "arms",
					"pivot": [5.5, 4, -3.5],
					"cubes": [
						{"origin": [4.45, 3, -6.5], "size": [2, 2, 3], "inflate": 0.01, "uv": [37, 35]}
					]
				},
				{
					"name": "arm_left2",
					"parent": "arm_left",
					"pivot": [6.45, 4, -6.5],
					"cubes": [
						{"origin": [4.45, 3, -8.5], "size": [2, 2, 2], "uv": [16, 42]}
					]
				},
				{
					"name": "arm_right",
					"parent": "arms",
					"pivot": [-5.5, 4, -3.5],
					"cubes": [
						{"origin": [-6.45, 3, -6.5], "size": [2, 2, 3], "inflate": 0.01, "uv": [30, 33]}
					]
				},
				{
					"name": "arm_right2",
					"parent": "arm_right",
					"pivot": [-6.45, 4, -6.5],
					"cubes": [
						{"origin": [-6.45, 3, -8.5], "size": [2, 2, 2], "uv": [8, 43]}
					]
				},
				{
					"name": "microphone_arm1",
					"parent": "arms",
					"pivot": [-5.5, 4, -3.5]
				},
				{
					"name": "microphone_arm2",
					"parent": "microphone_arm1",
					"pivot": [-6.45, 4, -6.5]
				},
				{
					"name": "microphone",
					"parent": "microphone_arm2",
					"pivot": [-5.45, 4, -8.5],
					"cubes": [
						{"origin": [-5.45, 6.5, -9], "size": [0, 1, 1], "pivot": [-5.45, 6.5, -8.5], "rotation": [0, -45, 0], "uv": [1, 51]},
						{"origin": [-5.95, 2.5, -9], "size": [1, 4, 1], "uv": [0, 47]},
						{"origin": [-5.45, 1.5, -9], "size": [0, 1, 1], "uv": [1, 51]}
					]
				},
				{
					"name": "microphone_top",
					"parent": "microphone",
					"pivot": [-5.45, 6.5, -8.5],
					"cubes": [
						{"origin": [-5.95, 5.5, -9], "size": [1, 2, 1], "inflate": 0.1, "uv": [4, 47]}
					]
				},
				{
					"name": "hair",
					"parent": "head",
					"pivot": [0, 12.5, -1.75],
					"rotation": [7.5, 0, 0],
					"cubes": [
						{"origin": [-2, 12.25, -6.75], "size": [4, 2, 5], "inflate": 0.02, "uv": [0, 24]}
					]
				},
				{
					"name": "hair_curl",
					"parent": "hair",
					"pivot": [-2, 12.25, -6.25],
					"rotation": [0, 0, -22.5],
					"cubes": [
						{"origin": [-2, 9.25, -6.75], "size": [3, 3, 2], "uv": [25, 38]}
					]
				},
				{
					"name": "face",
					"parent": "head",
					"pivot": [0, 5.575, -5.52]
				},
				{
					"name": "mouths",
					"parent": "face",
					"pivot": [0, 0, 0]
				},
				{
					"name": "mouth_closed",
					"parent": "mouths",
					"pivot": [0, 5.2, -5.52]
				},
				{
					"name": "mouth1",
					"parent": "mouth_closed",
					"pivot": [-1.25, 5.7, -5.52],
					"cubes": [
						{"origin": [-1.75, 5.2, -5.51], "size": [1, 1, 0], "inflate": 0.01, "uv": [9, 1]}
					]
				},
				{
					"name": "mouth2",
					"parent": "mouth_closed",
					"pivot": [-0.5, 5.2, -5.52],
					"cubes": [
						{"origin": [-1, 4.7, -5.51], "size": [1, 1, 0], "inflate": 0.01, "uv": [9, 2]}
					]
				},
				{
					"name": "mouth3",
					"parent": "mouth_closed",
					"pivot": [0.5, 5.2, -5.52],
					"cubes": [
						{"origin": [0, 4.7, -5.51], "size": [1, 1, 0], "inflate": 0.01, "uv": [0, 6]}
					]
				},
				{
					"name": "mouth4",
					"parent": "mouth_closed",
					"pivot": [1.25, 5.7, -5.52],
					"cubes": [
						{"origin": [0.75, 5.2, -5.51], "size": [1, 1, 0], "inflate": 0.01, "uv": [0, 7]}
					]
				},
				{
					"name": "mouth_pout_right",
					"parent": "mouths",
					"pivot": [1.25, 5.7, -5.41],
					"cubes": [
						{"origin": [1.25, 5.2, -5.41], "size": [1, 1, 0], "inflate": 0.015, "uv": [13, 40]},
						{"origin": [0.75, 4.7, -5.41], "size": [1, 2, 0], "inflate": 0.01, "uv": [13, 38]}
					]
				},
				{
					"name": "mouth_pout_left",
					"parent": "mouths",
					"pivot": [-1.25, 5.7, -5.41],
					"cubes": [
						{"origin": [-2.25, 5.2, -5.41], "size": [1, 1, 0], "inflate": 0.015, "uv": [9, 7]},
						{"origin": [-1.75, 4.7, -5.41], "size": [1, 2, 0], "inflate": 0.01, "uv": [9, 5]}
					]
				},
				{
					"name": "mouth_open",
					"parent": "mouths",
					"pivot": [0, 5.2, -5.23],
					"cubes": [
						{"origin": [-2, 4.2, -5.41], "size": [4, 2, 0], "inflate": 0.01, "uv": [0, 10]}
					]
				},
				{
					"name": "mouth_open_small",
					"parent": "mouths",
					"pivot": [0, 5.2, -5.23],
					"cubes": [
						{"origin": [-0.5, 4.2, -5.41], "size": [1, 2, 0], "inflate": 0.01, "uv": [0, 0]}
					]
				},
				{
					"name": "mouth_open_angry",
					"parent": "mouths",
					"pivot": [0, 5.7, -5.23],
					"cubes": [
						{"origin": [-2, 4.7, -5.41], "size": [4, 2, 0], "inflate": 0.01, "uv": [8, 52]}
					]
				},
				{
					"name": "eyes",
					"parent": "face",
					"pivot": [-3.125, 8, -5.51]
				},
				{
					"name": "eye_right",
					"parent": "eyes",
					"pivot": [-3.5, 8, -5.5],
					"cubes": [
						{"origin": [-5.5, 6, -5.5], "size": [4, 4, 0], "inflate": 0.01, "uv": [24, 43]}
					]
				},
				{
					"name": "iris_right",
					"parent": "eye_right",
					"pivot": [-3.25, 8, -5.5],
					"cubes": [
						{"origin": [-4.75, 6.5, -5.5], "size": [3, 3, 0], "inflate": 0.02, "uv": [13, 31]}
					]
				},
				{
					"name": "pupil_right",
					"parent": "iris_right",
					"pivot": [-2.75, 8.75, -5],
					"cubes": [
						{"origin": [-3.25, 8.25, -5.5], "size": [1, 1, 1], "inflate": 0.03, "uv": [0, 24]}
					]
				},
				{
					"name": "right_tear",
					"parent": "eye_right",
					"pivot": [-4.75, 5.75, -5.4],
					"cubes": [
						{"origin": [-5.75, 5.25, -5.4], "size": [2, 1, 0], "inflate": 0.04, "uv": [16, 52]}
					]
				},
				{
					"name": "eye_left",
					"parent": "eyes",
					"pivot": [3.5, 8, -5.5],
					"cubes": [
						{"origin": [1.5, 6, -5.5], "size": [4, 4, 0], "inflate": 0.01, "uv": [0, 43]}
					]
				},
				{
					"name": "iris_left",
					"parent": "eye_left",
					"pivot": [3.25, 8, -5.5],
					"cubes": [
						{"origin": [1.75, 6.5, -5.5], "size": [3, 3, 0], "inflate": 0.02, "uv": [13, 24]}
					]
				},
				{
					"name": "pupil_left",
					"parent": "iris_left",
					"pivot": [3.25, 8.75, -5.57],
					"cubes": [
						{"origin": [2.25, 8.25, -5.5], "size": [1, 1, 1], "inflate": 0.03, "uv": [8, 10]}
					]
				},
				{
					"name": "left_tear",
					"parent": "eye_left",
					"pivot": [4.75, 5.75, -5.4],
					"cubes": [
						{"origin": [3.75, 5.25, -5.4], "size": [2, 1, 0], "inflate": 0.04, "uv": [16, 53]}
					]
				},
				{
					"name": "eyelids",
					"parent": "eyes",
					"pivot": [0, 0, 0]
				},
				{
					"name": "eyelids_right",
					"parent": "eyelids",
					"pivot": [0, 0, 0]
				},
				{
					"name": "eyelid_right",
					"parent": "eyelids_right",
					"pivot": [-3.5, 8, -4.9],
					"cubes": [
						{"origin": [-5.5, 6, -5.4], "size": [4, 4, 1], "inflate": 0.01, "uv": [0, 38]}
					]
				},
				{
					"name": "half_eyelid_right",
					"parent": "eyelids_right",
					"pivot": [-3.25, 9, -4.9],
					"cubes": [
						{"origin": [-5.75, 8, -5.4], "size": [5, 2, 1], "inflate": 0.04, "uv": [36, 0]}
					]
				},
				{
					"name": "eyelid_happy_right",
					"parent": "eyelids_right",
					"pivot": [-3.5, 8, -4.9],
					"cubes": [
						{"origin": [-5.5, 6, -5.4], "size": [4, 4, 1], "inflate": 0.01, "uv": [18, 47]}
					]
				},
				{
					"name": "eyelid_pout_right",
					"parent": "eyelids_right",
					"pivot": [-4.25, 6.25, -4.9],
					"cubes": [
						{"origin": [-5.75, 5.25, -5.4], "size": [3, 2, 1], "inflate": 0.04, "uv": [36, 6]}
					]
				},
				{
					"name": "right_blush",
					"parent": "eyelids_right",
					"pivot": [-4.75, 5.25, -5.4],
					"cubes": [
						{"origin": [-5.75, 4.75, -5.4], "size": [2, 1, 0], "inflate": 0.01, "uv": [20, 53]}
					]
				},
				{
					"name": "eyelids_left",
					"parent": "eyelids",
					"pivot": [0, 0, 0]
				},
				{
					"name": "eyelid_left",
					"parent": "eyelids_left",
					"pivot": [3.5, 8, -4.9],
					"cubes": [
						{"origin": [1.5, 6, -5.4], "size": [4, 4, 1], "inflate": 0.01, "uv": [15, 37]}
					]
				},
				{
					"name": "half_eyelid_left",
					"parent": "eyelids_left",
					"pivot": [3.25, 9, -4.9],
					"cubes": [
						{"origin": [0.75, 8, -5.4], "size": [5, 2, 1], "inflate": 0.04, "uv": [36, 3]}
					]
				},
				{
					"name": "eyelid_happy_left",
					"parent": "eyelids_left",
					"pivot": [3.5, 8, -4.9],
					"cubes": [
						{"origin": [1.5, 6, -5.4], "size": [4, 4, 1], "inflate": 0.01, "uv": [8, 47]}
					]
				},
				{
					"name": "eyelid_pout_left",
					"parent": "eyelids_left",
					"pivot": [4.25, 6.25, -4.9],
					"cubes": [
						{"origin": [2.75, 5.25, -5.4], "size": [3, 2, 1], "inflate": 0.04, "uv": [36, 9]}
					]
				},
				{
					"name": "left_blush",
					"parent": "eyelids_left",
					"pivot": [4.75, 5.25, -5.4],
					"cubes": [
						{"origin": [3.75, 4.75, -5.4], "size": [2, 1, 0], "inflate": 0.01, "uv": [20, 52]}
					]
				},
				{
					"name": "ears",
					"parent": "head",
					"pivot": [1.5, 13.25, 0.5]
				},
				{
					"name": "ear_right",
					"parent": "ears",
					"pivot": [-3.75, 12, 0.5],
					"cubes": [
						{"origin": [-6.25, 12, -1.5], "size": [5, 4, 3], "inflate": 0.01, "uv": [0, 31]}
					]
				},
				{
					"name": "ear_right2",
					"parent": "ear_right",
					"pivot": [-3.85, 16, 0.5],
					"cubes": [
						{"origin": [-5.25, 15.5, -1.5], "size": [3, 2, 2], "uv": [35, 40]},
						{"origin": [-4.25, 16, -1.5], "size": [1, 1, 0], "inflate": 0.01, "uv": [0, 2]}
					]
				},
				{
					"name": "ear_left",
					"parent": "ears",
					"pivot": [3.75, 12, 0.5],
					"cubes": [
						{"origin": [1.25, 12, -1.5], "size": [5, 4, 3], "inflate": 0.01, "uv": [18, 24]}
					]
				},
				{
					"name": "ear_left2",
					"parent": "ear_left",
					"pivot": [3.75, 16, 0.5],
					"cubes": [
						{"origin": [2.25, 15.5, -1.5], "size": [3, 2, 2], "uv": [40, 24]},
						{"origin": [3.25, 16, -1.5], "size": [1, 1, 0], "inflate": 0.01, "uv": [0, 5]}
					]
				},
				{
					"name": "legs",
					"parent": "body",
					"pivot": [-2.5, 1.5, 1.5]
				},
				{
					"name": "leg_right",
					"parent": "legs",
					"pivot": [-2.5, 1.5, 1.5],
					"cubes": [
						{"origin": [-4.5, 0, -1.5], "size": [3, 2, 4], "uv": [16, 31]}
					]
				},
				{
					"name": "foot_right",
					"parent": "leg_right",
					"pivot": [-3, 0, -1.5],
					"cubes": [
						{"origin": [-4.5, 0, -4.5], "size": [3, 2, 3], "inflate": 0.02, "uv": [0, 5]}
					]
				},
				{
					"name": "leg_left",
					"parent": "legs",
					"pivot": [2.5, 1.5, 1.5],
					"cubes": [
						{"origin": [1.5, 0, -1.5], "size": [3, 2, 4], "uv": [30, 27]}
					]
				},
				{
					"name": "foot_left",
					"parent": "leg_left",
					"pivot": [3, 0, -1.5],
					"cubes": [
						{"origin": [1.5, 0, -4.5], "size": [3, 2, 3], "inflate": 0.02, "uv": [0, 0]}
					]
				}
			]
		}
	]
}