{
	"format_version": "1.12.0",
	"minecraft:geometry": [
		{
			"description": {
				"identifier": "geometry.joltik",
				"texture_width": 64,
				"texture_height": 64,
				"visible_bounds_width": 2,
				"visible_bounds_height": 2.5,
				"visible_bounds_offset": [0, 0.75, 0]
			},
			"bones": [
				{
					"name": "joltik",
					"pivot": [0, 0, 0]
				},
				{
					"name": "root",
					"parent": "joltik",
					"pivot": [0, 0, 0]
				},
				{
					"name": "torso",
					"parent": "root",
					"pivot": [0, 0, 0],
					"cubes": [
						{"origin": [-4, 1, -4], "size": [8, 4, 8], "pivot": [-1, 2, -1], "rotation": [5, 0, 0], "uv": [0, 0]},
						{"origin": [-4.25, 5.4085, 2.5612], "size": [4, 4, 0], "pivot": [-0.5, 5.4085, 2.5612], "rotation": [-26.4789, -6.0531, -33.1414], "uv": [24, 24]},
						{"origin": [0.25, 5.4085, 2.5612], "size": [4, 4, 0], "pivot": [0.5, 5.4085, 2.5612], "rotation": [-26.4789, 6.0531, 33.1414], "uv": [24, 28]},
						{"origin": [-6.25, 1.9085, 2.3112], "size": [3, 3, 0], "pivot": [-3.25, 1.9085, 2.3112], "rotation": [0, 40, 0], "uv": [16, 29]},
						{"origin": [3.25, 1.9085, 2.3112], "size": [3, 3, 0], "pivot": [3.25, 1.9085, 2.3112], "rotation": [0, -40, 0], "uv": [32, 0]}
					]
				},
				{
					"name": "frontr",
					"parent": "root",
					"pivot": [-3.25, 4, -3],
					"cubes": [
						{"origin": [-4.32862, -0.4699, -3.83473], "size": [2, 4, 2], "pivot": [-2.32862, 3.5301, -2.83473], "rotation": [-15, 0, 30], "uv": [0, 23]},
						{"origin": [-6.32862, 1.0301, -5.08473], "size": [3, 0, 3], "pivot": [-4.32862, 1.0301, -4.08473], "rotation": [-15, 0, 42.5], "uv": [0, 20]}
					]
				},
				{
					"name": "frontl",
					"parent": "root",
					"pivot": [3.25, 4, -3.25],
					"cubes": [
						{"origin": [2.5, -0.75, -4], "size": [2, 4, 2], "pivot": [2.5, 3.25, -3], "rotation": [-15, 0, -30], "uv": [8, 23]},
						{"origin": [3.5, 0.75, -5.25], "size": [3, 0, 3], "pivot": [4.5, 0.75, -4.25], "rotation": [-15, 0, -42.5], "uv": [12, 20]}
					]
				},
				{
					"name": "backr",
					"parent": "root",
					"pivot": [-3.25, 3.9085, 1.3112],
					"cubes": [
						{"origin": [-4.09515, -0.11315, -0.1888], "size": [2, 4, 2], "pivot": [-3.25, 4.4085, 1.3112], "rotation": [25.6848, -10.1778, 20.1739], "uv": [16, 23]},
						{"origin": [-6, 0.6585, 1.0612], "size": [3, 0, 3], "pivot": [-4, 0.6585, 2.0612], "rotation": [25.6848, -10.1778, 20.1739], "uv": [20, 12]}
					]
				},
				{
					"name": "backl",
					"parent": "root",
					"pivot": [3.5, 3.9085, 1.0612],
					"cubes": [
						{"origin": [2, -0.5915, -0.1888], "size": [2, 4, 2], "pivot": [2, 4.4085, 1.3112], "rotation": [25.6848, 10.1778, -20.1739], "uv": [24, 18]},
						{"origin": [3, 0.6585, 1.0612], "size": [3, 0, 3], "pivot": [4, 0.6585, 2.0612], "rotation": [25.6848, 10.1778, -20.1739], "uv": [20, 15]}
					]
				},
				{
					"name": "head",
					"parent": "root",
					"pivot": [0, 2, -4],
					"cubes": [
						{"origin": [-3.25, 3.25, -6.75], "size": [4, 4, 0], "pivot": [-0.25, 3.25, -5.75], "rotation": [-37.5, -5, -25], "uv": [0, 29]},
						{"origin": [-3, 0.75, -7], "size": [6, 4, 4], "uv": [0, 12]},
						{"origin": [-3.25, 3.25, -6.75], "size": [3, 3, 0], "pivot": [-1.25, 3.25, -5.75], "rotation": [-20.77183, 6.14234, -117.47755], "uv": [32, 3]},
						{"origin": [-0.75, 3.25, -6.75], "size": [4, 4, 0], "pivot": [0.25, 3.25, -5.75], "rotation": [-37.5, 5, 25], "uv": [8, 29]},
						{"origin": [0.25, 3.25, -6.75], "size": [3, 3, 0], "pivot": [1.25, 3.25, -5.75], "rotation": [-20.77183, -6.14234, 117.47755], "uv": [32, 6]}
					]
				},
				{
					"name": "pedipalp_r",
					"parent": "head",
					"pivot": [-0.5, 2.25, -6.5],
					"cubes": [
						{"origin": [-1.225, 0.2, -7], "size": [1, 2, 1], "inflate": -0.1, "pivot": [-0.225, 2.2, -6], "rotation": [-25.67323, -5.40276, -5.5048], "uv": [32, 9]}
					]
				},
				{
					"name": "pedipalp_r2",
					"parent": "head",
					"pivot": [0.5, 2.25, -6.5],
					"cubes": [
						{"origin": [0.225, 0.2, -7], "size": [1, 2, 1], "inflate": -0.1, "pivot": [0.225, 2.2, -6], "rotation": [-25.67323, 5.40276, 5.5048], "uv": [32, 12]}
					]
				},
				{
					"name": "eye",
					"parent": "head",
					"pivot": [1, 2.25, -6],
					"cubes": [
						{"origin": [-2.5, 1.55, -7.001], "size": [2, 2, 0], "pivot": [-1.6, 2.55, -7.001], "rotation": [0, 0, 2.5], "uv": [20, 18]},
						{"origin": [-1.25, 3.55, -7.0005], "size": [1, 1, 0], "pivot": [-0.8, 4.05, -7.0005], "rotation": [0, 0, 15], "uv": [22, 29]},
						{"origin": [-1.8, 2.1, -6.95], "size": [1, 1, 0], "inflate": 0.1, "uv": [22, 31]},
						{"origin": [-2.25, 2.325, -7.125], "size": [1, 1, 0], "uv": [18, 32]}
					]
				},
				{
					"name": "eyelid",
					"parent": "eye",
					"pivot": [-1.5, 1.5, -6.25],
					"cubes": [
						{"origin": [-2.49766, 1.54863, -6.15], "size": [2, 2, 2], "pivot": [-1.49766, 2.54863, -5.15], "rotation": [0, 0, 2.25], "uv": [17, 8]},
						{"origin": [-1.25363, 3.52993, -6.075], "size": [1, 1, 1], "pivot": [-0.75363, 4.02993, -5.575], "rotation": [0, 0, 15], "uv": [13, 8]}
					]
				},
				{
					"name": "eye2",
					"parent": "head",
					"pivot": [-1, 2.25, -6],
					"cubes": [
						{"origin": [0.5, 1.55, -7.001], "size": [2, 2, 0], "pivot": [1.425, 2.55, -7.001], "rotation": [0, 0, -2.5], "uv": [32, 15]},
						{"origin": [0.25, 3.55, -7.0005], "size": [1, 1, 0], "pivot": [0.775, 4.05, -7.0005], "rotation": [0, 0, -15], "uv": [22, 30]},
						{"origin": [0.775, 2.1, -6.95], "size": [1, 1, 0], "inflate": 0.1, "uv": [16, 32]},
						{"origin": [0.525, 2.325, -7.125], "size": [1, 1, 0], "uv": [32, 17]}
					]
				},
				{
					"name": "bone",
					"parent": "eye2",
					"pivot": [0.525, 2.325, -6.125],
					"cubes": [
						{"origin": [0.5, 1.55, -6.15], "size": [2, 2, 2], "pivot": [1.5, 2.55, -5.15], "rotation": [0, 0, -2.5], "uv": [16, 8]},
						{"origin": [0.25, 3.55, -6.1], "size": [1, 1, 1], "pivot": [0.75, 4.05, -5.6], "rotation": [0, 0, -15], "uv": [9, 8]}
					]
				}
			]
		}
	]
}