{
	"format_version": "1.12.0",
	"minecraft:geometry": [
		{
			"description": {
				"identifier": "geometry.crustle",
				"texture_width": 128,
				"texture_height": 128,
				"visible_bounds_width": 3,
				"visible_bounds_height": 3.5,
				"visible_bounds_offset": [0, 1.25, 0]
			},
			"bones": [
				{
					"name": "crustle",
					"pivot": [0, 0, 0]
				},
				{
					"name": "body",
					"parent": "crustle",
					"pivot": [0, 4.5, -0.5]
				},
				{
					"name": "torso",
					"parent": "body",
					"pivot": [0, 4, -0.5],
					"cubes": [
						{"origin": [-10.5, 2.5, -11], "size": [21, 9, 21], "uv": [0, 39]},
						{"origin": [-9.5, 2.5, -11], "size": [19, 6, 0], "uv": [0, 71]},
						{"origin": [-9.5, 2.5, -9], "size": [19, 6, 0], "uv": [0, 79]},
						{"origin": [-9.5, 8.5, -11], "size": [19, 0, 2], "uv": [-2, 69]},
						{"origin": [-9.5, 2.5, -11], "size": [19, 0, 2], "uv": [-2, 77]},
						{"origin": [9.5, 2.5, -11], "size": [0, 6, 2], "uv": [38, 67]},
						{"origin": [-9.5, 2.5, -11], "size": [0, 6, 2], "uv": [42, 67], "mirror": true},
						{"origin": [-12, 11.5, -12.5], "size": [24, 15, 24], "uv": [30, 0]}
					]
				},
				{
					"name": "head",
					"parent": "torso",
					"pivot": [0, 4.75, -9],
					"cubes": [
						{"origin": [-4, 2.75, -14], "size": [8, 4, 6], "uv": [0, 0]}
					]
				},
				{
					"name": "eyes",
					"parent": "head",
					"pivot": [0, 7, -17.25]
				},
				{
					"name": "eye_left",
					"parent": "eyes",
					"pivot": [0.5, 6.75, -11],
					"rotation": [-20, -5, 5],
					"cubes": [
						{"origin": [0.5, 5, -13.5], "size": [2, 2, 3], "uv": [102, 0]},
						{"origin": [0.5, 4.5, -15.5], "size": [2, 3, 2], "uv": [102, 5]}
					]
				},
				{
					"name": "pupil_left",
					"parent": "eye_left",
					"pivot": [1.5, 6, -15.51],
					"cubes": [
						{"origin": [1, 5, -15.51], "size": [1, 2, 0], "uv": [108, 5]}
					]
				},
				{
					"name": "eyelid_left",
					"parent": "eye_left",
					"pivot": [1.5, 6, -14.91],
					"cubes": [
						{"origin": [0.5, 4.5, -15.41], "size": [2, 3, 1], "inflate": 0.01, "uv": [102, 10]}
					]
				},
				{
					"name": "eye_right",
					"parent": "eyes",
					"pivot": [-0.5, 6.75, -11],
					"rotation": [-20, 5, -5],
					"cubes": [
						{"origin": [-2.5, 5, -13.5], "size": [2, 2, 3], "uv": [112, 0], "mirror": true},
						{"origin": [-2.5, 4.5, -15.5], "size": [2, 3, 2], "uv": [110, 5], "mirror": true}
					]
				},
				{
					"name": "pupil_right",
					"parent": "eye_right",
					"pivot": [-1.5, 6, -15.51],
					"cubes": [
						{"origin": [-2, 5, -15.51], "size": [1, 2, 0], "uv": [110, 5], "mirror": true}
					]
				},
				{
					"name": "eyelid_right",
					"parent": "eye_right",
					"pivot": [-1.5, 6, -14.91],
					"cubes": [
						{"origin": [-2.5, 4.5, -15.41], "size": [2, 3, 1], "inflate": 0.01, "uv": [108, 10], "mirror": true}
					]
				},
				{
					"name": "mouth",
					"parent": "head",
					"pivot": [0, 4, -14.01]
				},
				{
					"name": "mouth_closed",
					"parent": "mouth",
					"pivot": [0, 4, -14.01],
					"cubes": [
						{"origin": [-1.5, 3.5, -14.01], "size": [3, 1, 0], "uv": [22, 0]},
						{"origin": [1, 3.25, -14.02], "size": [2, 1, 0], "uv": [22, 1]},
						{"origin": [-3, 3.25, -14.02], "size": [2, 1, 0], "uv": [22, 2]}
					]
				},
				{
					"name": "mouth_open",
					"parent": "mouth",
					"pivot": [0, 3.85, -13.91],
					"cubes": [
						{"origin": [-3, 2.85, -13.91], "size": [6, 2, 0], "uv": [0, 45]},
						{"origin": [2, 3.35, -13.92], "size": [1, 1, 0], "uv": [12, 45]},
						{"origin": [-3, 3.35, -13.92], "size": [1, 1, 0], "uv": [12, 46]}
					]
				},
				{
					"name": "arms",
					"parent": "torso",
					"pivot": [0, 4.75, -11]
				},
				{
					"name": "arm_left",
					"parent": "arms",
					"pivot": [5, 4.75, -9],
					"cubes": [
						{"origin": [4.5, 4.25, -16], "size": [1, 1, 8], "uv": [20, 2]}
					]
				},
				{
					"name": "arm_left2",
					"parent": "arm_left",
					"pivot": [5, 4.75, -15],
					"cubes": [
						{"origin": [1.5, 3.25, -22], "size": [7, 4, 7], "inflate": 0.01, "uv": [2, 11]}
					]
				},
				{
					"name": "hand_left",
					"parent": "arm_left2",
					"pivot": [5, 6.75, -22],
					"cubes": [
						{"origin": [2, 4.75, -25.5], "size": [6, 2, 4], "inflate": 0.01, "uv": [0, 33]}
					]
				},
				{
					"name": "claw_inner_left",
					"parent": "hand_left",
					"pivot": [2, 5.75, -25.5],
					"cubes": [
						{"origin": [2, 5.75, -28.5], "size": [2, 0, 3], "uv": [2, 12]}
					]
				},
				{
					"name": "claw_outer_left",
					"parent": "hand_left",
					"pivot": [8, 5.75, -25.5],
					"cubes": [
						{"origin": [6, 5.75, -28.5], "size": [2, 0, 3], "uv": [20, 12]}
					]
				},
				{
					"name": "arm_right",
					"parent": "arms",
					"pivot": [-5, 4.75, -9],
					"cubes": [
						{"origin": [-5.5, 4.25, -16], "size": [1, 1, 8], "uv": [30, 0], "mirror": true}
					]
				},
				{
					"name": "arm_right2",
					"parent": "arm_right",
					"pivot": [-5, 4.75, -15],
					"cubes": [
						{"origin": [-8.5, 3.25, -22], "size": [7, 4, 7], "inflate": 0.01, "uv": [1, 22], "mirror": true}
					]
				},
				{
					"name": "hand_right",
					"parent": "arm_right2",
					"pivot": [-5, 6.75, -22],
					"cubes": [
						{"origin": [-8, 4.75, -25.5], "size": [6, 2, 4], "inflate": 0.01, "uv": [0, 39], "mirror": true}
					]
				},
				{
					"name": "claw_inner_right",
					"parent": "hand_right",
					"pivot": [-2, 5.75, -25.5],
					"cubes": [
						{"origin": [-4, 5.75, -28.5], "size": [2, 0, 3], "uv": [2, 15], "mirror": true}
					]
				},
				{
					"name": "claw_outer_right",
					"parent": "hand_right",
					"pivot": [-8, 5.75, -25.5],
					"cubes": [
						{"origin": [-8, 5.75, -28.5], "size": [2, 0, 3], "uv": [20, 15], "mirror": true}
					]
				},
				{
					"name": "legs",
					"parent": "body",
					"pivot": [0, 4.5, -0.5]
				},
				{
					"name": "leg_front_left",
					"parent": "legs",
					"pivot": [10.5, 4.5, -6],
					"rotation": [0, 0, -5],
					"cubes": [
						{"origin": [10, 4, -6.5], "size": [4, 1, 1], "uv": [27, 11]}
					]
				},
				{
					"name": "leg_front_left2",
					"parent": "leg_front_left",
					"pivot": [14, 5, -6],
					"cubes": [
						{"origin": [12.5, 2, -7], "size": [2, 3, 2], "inflate": 0.01, "uv": [46, 11]},
						{"origin": [12.5, -1, -6.5], "size": [2, 3, 1], "uv": [30, 0]}
					]
				},
				{
					"name": "leg_middle_left",
					"parent": "legs",
					"pivot": [10.5, 4.5, 0],
					"rotation": [0, 0, -5],
					"cubes": [
						{"origin": [10, 4, -0.5], "size": [4, 1, 1], "uv": [40, 0]}
					]
				},
				{
					"name": "leg_middle_left2",
					"parent": "leg_middle_left",
					"pivot": [14, 5, 0],
					"cubes": [
						{"origin": [12.5, 2, -1], "size": [2, 3, 2], "inflate": 0.01, "uv": [27, 13]},
						{"origin": [12.5, -1, -0.5], "size": [2, 3, 1], "uv": [48, 16]}
					]
				},
				{
					"name": "leg_back_left",
					"parent": "legs",
					"pivot": [10.5, 4.5, 6],
					"rotation": [0, 0, -5],
					"cubes": [
						{"origin": [10, 4, 5.5], "size": [4, 1, 1], "uv": [40, 4]}
					]
				},
				{
					"name": "leg_back_left2",
					"parent": "leg_back_left",
					"pivot": [14, 5, 6],
					"cubes": [
						{"origin": [12.5, 2, 5], "size": [2, 3, 2], "inflate": 0.01, "uv": [0, 24]},
						{"origin": [12.5, -1, 5.5], "size": [2, 3, 1], "uv": [36, 20]}
					]
				},
				{
					"name": "leg_front_right",
					"parent": "legs",
					"pivot": [-10.5, 4.5, -6],
					"rotation": [0, 0, 5],
					"cubes": [
						{"origin": [-14, 4, -6.5], "size": [4, 1, 1], "uv": [33, 13], "mirror": true}
					]
				},
				{
					"name": "leg_front_right2",
					"parent": "leg_front_right",
					"pivot": [-14, 5, -6],
					"cubes": [
						{"origin": [-14.5, 2, -7], "size": [2, 3, 2], "inflate": 0.01, "uv": [40, 15], "mirror": true},
						{"origin": [-14.5, -1, -6.5], "size": [2, 3, 1], "uv": [30, 4], "mirror": true}
					]
				},
				{
					"name": "leg_middle_right",
					"parent": "legs",
					"pivot": [-10.5, 4.5, 0],
					"rotation": [0, 0, 5],
					"cubes": [
						{"origin": [-14, 4, -0.5], "size": [4, 1, 1], "uv": [40, 2], "mirror": true}
					]
				},
				{
					"name": "leg_middle_right2",
					"parent": "leg_middle_right",
					"pivot": [-14, 5, 0],
					"cubes": [
						{"origin": [-14.5, 2, -1], "size": [2, 3, 2], "inflate": 0.01, "uv": [22, 22], "mirror": true},
						{"origin": [-14.5, -1, -0.5], "size": [2, 3, 1], "uv": [48, 20], "mirror": true}
					]
				},
				{
					"name": "leg_back_right",
					"parent": "legs",
					"pivot": [-10.5, 4.5, 6],
					"rotation": [0, 0, 5],
					"cubes": [
						{"origin": [-14, 4, 5.5], "size": [4, 1, 1], "uv": [40, 6], "mirror": true}
					]
				},
				{
					"name": "leg_back_right2",
					"parent": "leg_back_right",
					"pivot": [-14, 5, 6],
					"cubes": [
						{"origin": [-14.5, 2, 5], "size": [2, 3, 2], "inflate": 0.01, "uv": [20, 33], "mirror": true},
						{"origin": [-14.5, -1, 5.5], "size": [2, 3, 1], "uv": [42, 20], "mirror": true}
					]
				}
			]
		}
	]
}