{
	"format_version": "1.12.0",
	"minecraft:geometry": [
		{
			"description": {
				"identifier": "geometry.servine",
				"texture_width": 64,
				"texture_height": 64,
				"visible_bounds_width": 6,
				"visible_bounds_height": 3.5,
				"visible_bounds_offset": [0, 1.25, 0]
			},
			"bones": [
				{
					"name": "servine",
					"pivot": [0, 0, 0]
				},
				{
					"name": "body",
					"parent": "servine",
					"pivot": [0, 10, 0]
				},
				{
					"name": "torso_bottom",
					"parent": "body",
					"pivot": [0, 5, 0.75],
					"cubes": [
						{"origin": [-2.5, 5, -2.25], "size": [5, 6, 5], "uv": [44, 23]}
					]
				},
				{
					"name": "back_leaf1",
					"parent": "torso_bottom",
					"pivot": [0, 10.75, 2.75],
					"rotation": [-2.5, 0, 0]
				},
				{
					"name": "back_leaf1_middle",
					"parent": "back_leaf1",
					"pivot": [0, 10.75, 2.75],
					"cubes": [
						{"origin": [0, 10.75, 1.75], "size": [0, 3, 2], "inflate": 0.01, "uv": [28, 7]},
						{"origin": [0, 13.25, 2.25], "size": [0, 2, 1], "uv": [28, 6]}
					]
				},
				{
					"name": "back_leaf1_front",
					"parent": "back_leaf1",
					"pivot": [0, 10.75, 1.75],
					"rotation": [37.5, 0, 0],
					"cubes": [
						{"origin": [0, 10.75, 1.75], "size": [0, 2, 1], "uv": [23, 15]}
					]
				},
				{
					"name": "back_leaf1_back",
					"parent": "back_leaf1",
					"pivot": [0, 10.75, 3.75],
					"rotation": [-37.5, 0, 0],
					"cubes": [
						{"origin": [0, 10.75, 2.75], "size": [0, 2, 1], "uv": [25, 15]}
					]
				},
				{
					"name": "torso_top",
					"parent": "torso_bottom",
					"pivot": [0, 5, -2.25],
					"rotation": [-50, 0, 0],
					"cubes": [
						{"origin": [-3, 5, -7.25], "size": [6, 6, 5], "inflate": 0.01, "uv": [42, 12]},
						{"origin": [-0.5, 4.99, -5.25], "size": [1, 0, 1], "inflate": 0.01, "uv": [-1, 14]}
					]
				},
				{
					"name": "torso_top2",
					"parent": "torso_top",
					"pivot": [0, 5.3, -7.25],
					"rotation": [-32, 0, 0],
					"cubes": [
						{"origin": [-2.5, 5.35, -12.1], "size": [5, 5, 5], "inflate": 0.01, "uv": [8, 13]}
					]
				},
				{
					"name": "arms",
					"parent": "torso_top2",
					"pivot": [0, 9.1, -11.3],
					"rotation": [-7.5, 0, 0]
				},
				{
					"name": "arm_left",
					"parent": "arms",
					"pivot": [2.5, 8.5, -11.5],
					"cubes": [
						{"origin": [2, 7.5, -11.5], "size": [2, 2, 0], "uv": [48, 0]}
					]
				},
				{
					"name": "arm_left2",
					"parent": "arm_left",
					"pivot": [4, 8.5, -11.5],
					"cubes": [
						{"origin": [4, 7, -11.5], "size": [2, 3, 0], "inflate": 0.01, "uv": [52, 0]}
					]
				},
				{
					"name": "finger_front_left",
					"parent": "arm_left2",
					"pivot": [6, 8, -11.5],
					"cubes": [
						{"origin": [6, 7, -11.5], "size": [2, 1, 0], "uv": [56, 3]}
					]
				},
				{
					"name": "finger_middle_left",
					"parent": "arm_left2",
					"pivot": [6, 8.5, -11.5],
					"cubes": [
						{"origin": [6, 8, -11.5], "size": [2, 1, 0], "uv": [56, 4]}
					]
				},
				{
					"name": "finger_back_left",
					"parent": "arm_left2",
					"pivot": [6, 9, -11.5],
					"cubes": [
						{"origin": [6, 9, -11.5], "size": [2, 1, 0], "uv": [56, 5]}
					]
				},
				{
					"name": "arm_right",
					"parent": "arms",
					"pivot": [-2.5, 8.5, -11.5],
					"cubes": [
						{"origin": [-4, 7.5, -11.5], "size": [2, 2, 0], "uv": [48, 2], "mirror": true}
					]
				},
				{
					"name": "arm_right2",
					"parent": "arm_right",
					"pivot": [-4, 8.5, -11.5],
					"cubes": [
						{"origin": [-6, 7, -11.5], "size": [2, 3, 0], "inflate": 0.01, "uv": [56, 0], "mirror": true}
					]
				},
				{
					"name": "finger_front_right",
					"parent": "arm_right2",
					"pivot": [-6, 8, -11.5],
					"cubes": [
						{"origin": [-8, 7, -11.5], "size": [2, 1, 0], "uv": [60, 3], "mirror": true}
					]
				},
				{
					"name": "finger_middle_right",
					"parent": "arm_right2",
					"pivot": [-6, 8.5, -11.5],
					"cubes": [
						{"origin": [-8, 8, -11.5], "size": [2, 1, 0], "uv": [60, 4], "mirror": true}
					]
				},
				{
					"name": "finger_back_right",
					"parent": "arm_right2",
					"pivot": [-6, 9, -11.5],
					"cubes": [
						{"origin": [-8, 9, -11.5], "size": [2, 1, 0], "uv": [60, 5], "mirror": true}
					]
				},
				{
					"name": "torso_top3",
					"parent": "torso_top2",
					"pivot": [0, 8.25, -12.25],
					"rotation": [-10, 0, 0],
					"cubes": [
						{"origin": [-2, 6.2, -15.5], "size": [4, 4, 4], "uv": [29, 9]}
					]
				},
				{
					"name": "neck_leaves",
					"parent": "torso_top3",
					"pivot": [0, 8.3, -14.75]
				},
				{
					"name": "neck_leaf_left",
					"parent": "neck_leaves",
					"pivot": [2, 6.95, -13.5],
					"rotation": [-30, -5, 0],
					"cubes": [
						{"origin": [2, 6.95, -15.5], "size": [0, 2, 2], "uv": [24, 8]}
					]
				},
				{
					"name": "neck_leaf_left2",
					"parent": "neck_leaf_left",
					"pivot": [2, 6.95, -15.5],
					"rotation": [0, 0, 0],
					"cubes": [
						{"origin": [2, 6.95, -18.5], "size": [0, 3, 3], "inflate": 0.01, "uv": [42, -3]}
					]
				},
				{
					"name": "neck_leaf_left3",
					"parent": "neck_leaf_left2",
					"pivot": [2, 7.95, -18.5],
					"cubes": [
						{"origin": [2, 7.95, -21.5], "size": [0, 2, 3], "uv": [41, 6]}
					]
				},
				{
					"name": "neck_leaf_left4",
					"parent": "neck_leaf_left3",
					"pivot": [2, 8.95, -21.5],
					"cubes": [
						{"origin": [2, 8.95, -23.5], "size": [0, 1, 2], "uv": [23, 12]}
					]
				},
				{
					"name": "neck_leaf_right",
					"parent": "neck_leaves",
					"pivot": [-2, 6.95, -13.5],
					"rotation": [-30, 5, 0],
					"cubes": [
						{"origin": [-2, 6.95, -15.5], "size": [0, 2, 2], "uv": [24, 10], "mirror": true}
					]
				},
				{
					"name": "neck_leaf_right2",
					"parent": "neck_leaf_right",
					"pivot": [-2, 6.95, -15.5],
					"rotation": [0, 0, 0],
					"cubes": [
						{"origin": [-2, 6.95, -18.5], "size": [0, 3, 3], "inflate": 0.01, "uv": [42, 0], "mirror": true}
					]
				},
				{
					"name": "neck_leaf_right3",
					"parent": "neck_leaf_right2",
					"pivot": [-2, 7.95, -18.5],
					"cubes": [
						{"origin": [-2, 7.95, -21.5], "size": [0, 2, 3], "uv": [41, 8], "mirror": true}
					]
				},
				{
					"name": "neck_leaf_right4",
					"parent": "neck_leaf_right3",
					"pivot": [-2, 8.95, -21.5],
					"cubes": [
						{"origin": [-2, 8.95, -23.5], "size": [0, 1, 2], "uv": [23, 13], "mirror": true}
					]
				},
				{
					"name": "neck",
					"parent": "torso_top3",
					"pivot": [0, 7, -15.5],
					"rotation": [-10, 0, 0],
					"cubes": [
						{"origin": [-1.5, 7, -20.5], "size": [3, 3, 5], "uv": [31, 1]},
						{"origin": [-1.5, 8.5, -20.5], "size": [3, 1, 5], "inflate": 0.01, "uv": [9, 29]}
					]
				},
				{
					"name": "vines",
					"parent": "neck",
					"pivot": [3.15, 9.85, -16.95],
					"rotation": [-77.5, 0, 0]
				},
				{
					"name": "vine_left",
					"parent": "vines",
					"pivot": [1.45, 9.75, -15.825],
					"cubes": [
						{"origin": [1.45, 9.25, -15.825], "size": [4, 1, 0], "uv": [0, 27]}
					]
				},
				{
					"name": "vine_left2",
					"parent": "vine_left",
					"pivot": [5.45, 9.75231, -15.83343],
					"cubes": [
						{"origin": [5.45, 9.25, -15.825], "size": [4, 1, 0], "uv": [0, 28]}
					]
				},
				{
					"name": "vine_left3",
					"parent": "vine_left2",
					"pivot": [9.45, 9.75231, -15.83343],
					"cubes": [
						{"origin": [9.45, 9.25, -15.825], "size": [4, 1, 0], "uv": [0, 29]}
					]
				},
				{
					"name": "vine_left4",
					"parent": "vine_left3",
					"pivot": [13.45, 9.75231, -15.83343],
					"cubes": [
						{"origin": [13.45, 9.25, -15.825], "size": [4, 1, 0], "uv": [0, 30]}
					]
				},
				{
					"name": "vine_left5",
					"parent": "vine_left4",
					"pivot": [17.45, 9.75231, -15.83343],
					"cubes": [
						{"origin": [17.45, 9.25, -15.825], "size": [4, 1, 0], "uv": [0, 31]}
					]
				},
				{
					"name": "vine_left6",
					"parent": "vine_left5",
					"pivot": [21.45, 9.75231, -15.83343],
					"cubes": [
						{"origin": [21.45, 9.25, -15.825], "size": [4, 1, 0], "uv": [0, 32]}
					]
				},
				{
					"name": "vine_left7",
					"parent": "vine_left6",
					"pivot": [25.45, 9.75231, -15.83343],
					"cubes": [
						{"origin": [25.45, 9.25, -15.825], "size": [4, 1, 0], "uv": [0, 33]}
					]
				},
				{
					"name": "vine_left_end",
					"parent": "vine_left7",
					"pivot": [29.45, 9.75231, -15.83343],
					"cubes": [
						{"origin": [29.45, 8.75, -15.825], "size": [3, 2, 0], "uv": [8, 29]}
					]
				},
				{
					"name": "vine_right",
					"parent": "vines",
					"pivot": [-1.45, 9.75, -15.825],
					"cubes": [
						{"origin": [-5.45, 9.25, -15.825], "size": [4, 1, 0], "uv": [0, 34], "mirror": true}
					]
				},
				{
					"name": "vine_right2",
					"parent": "vine_right",
					"pivot": [-5.45, 9.75231, -15.83343],
					"cubes": [
						{"origin": [-9.45, 9.25, -15.825], "size": [4, 1, 0], "uv": [0, 35], "mirror": true}
					]
				},
				{
					"name": "vine_right3",
					"parent": "vine_right2",
					"pivot": [-9.45, 9.75231, -15.83343],
					"cubes": [
						{"origin": [-13.45, 9.25, -15.825], "size": [4, 1, 0], "uv": [0, 36], "mirror": true}
					]
				},
				{
					"name": "vine_right4",
					"parent": "vine_right3",
					"pivot": [-13.45, 9.75231, -15.83343],
					"cubes": [
						{"origin": [-17.45, 9.25, -15.825], "size": [4, 1, 0], "uv": [0, 37], "mirror": true}
					]
				},
				{
					"name": "vine_right5",
					"parent": "vine_right4",
					"pivot": [-17.45, 9.75231, -15.83343],
					"cubes": [
						{"origin": [-21.45, 9.25, -15.825], "size": [4, 1, 0], "uv": [0, 38], "mirror": true}
					]
				},
				{
					"name": "vine_right6",
					"parent": "vine_right5",
					"pivot": [-21.45, 9.75231, -15.83343],
					"cubes": [
						{"origin": [-25.45, 9.25, -15.825], "size": [4, 1, 0], "uv": [0, 39], "mirror": true}
					]
				},
				{
					"name": "vine_right7",
					"parent": "vine_right6",
					"pivot": [-25.45, 9.75231, -15.83343],
					"cubes": [
						{"origin": [-29.45, 9.25, -15.825], "size": [4, 1, 0], "uv": [0, 40], "mirror": true}
					]
				},
				{
					"name": "vine_right_end",
					"parent": "vine_right7",
					"pivot": [-29.45, 9.75231, -15.83343],
					"cubes": [
						{"origin": [-32.45, 8.75, -15.825], "size": [3, 2, 0], "uv": [8, 31], "mirror": true}
					]
				},
				{
					"name": "head",
					"parent": "neck",
					"pivot": [0, 7, -18.3],
					"rotation": [102, 0, 0]
				},
				{
					"name": "head_correction",
					"parent": "head",
					"pivot": [0, 8.05, -16.5]
				},
				{
					"name": "head_ai",
					"parent": "head_correction",
					"pivot": [0, 9.05, -16.5]
				},
				{
					"name": "head_angle",
					"parent": "head_ai",
					"pivot": [0, 8.05, -16.5],
					"rotation": [-90, 0, 0],
					"cubes": [
						{"origin": [-3, 2.75, -21.45], "size": [6, 7, 6], "uv": [0, 0]},
						{"origin": [-0.5, 2.75, -21.45], "size": [1, 1, 1], "inflate": 0.01, "uv": [21, 23]}
					]
				},
				{
					"name": "eyes",
					"parent": "head_angle",
					"pivot": [0, 4.25, -18.75]
				},
				{
					"name": "eye_left",
					"parent": "eyes",
					"pivot": [3.01, 4.75, -18.95]
				},
				{
					"name": "eye_front_left",
					"parent": "eye_left",
					"pivot": [3.01, 4.75, -18.95],
					"cubes": [
						{"origin": [3.01, 2.74, -19.95], "size": [0, 4, 2], "uv": [0, -2]},
						{"origin": [2.01, 2.74, -19.2], "size": [1, 0, 1], "uv": [3, 0]}
					]
				},
				{
					"name": "eye_back_left",
					"parent": "eye_left",
					"pivot": [2.91, 4.85, -18.95],
					"cubes": [
						{"origin": [2.91, 2.84, -19.95], "size": [0, 4, 2], "uv": [56, 4]},
						{"origin": [1.91, 2.84, -19.2], "size": [1, 0, 1], "uv": [54, 10]}
					]
				},
				{
					"name": "eye_unamused_left",
					"parent": "eye_left",
					"pivot": [2.92, 4.85, -19.95],
					"cubes": [
						{"origin": [2.92, 2.84, -20.95], "size": [0, 4, 2], "inflate": 0.01, "uv": [59, 22]},
						{"origin": [1.92, 2.84, -19.95], "size": [1, 0, 1], "inflate": 0.01, "uv": [58, 23]}
					]
				},
				{
					"name": "eye_angry_left",
					"parent": "eye_left",
					"pivot": [2.91, 4.35, -19.95],
					"cubes": [
						{"origin": [2.92, 2.85, -21.2], "size": [0, 1, 2], "inflate": 0.01, "uv": [59, 8]},
						{"origin": [2.92, 3.86, -20.45], "size": [0, 2, 1], "inflate": 0.01, "uv": [60, 0]},
						{"origin": [1.91, 2.84, -19.95], "size": [1, 0, 1], "inflate": 0.01, "uv": [56, 10]}
					]
				},
				{
					"name": "eye_sad_left",
					"parent": "eye_left",
					"pivot": [2.91, 4.75, -19.45],
					"cubes": [
						{"origin": [2.92, 3.75, -20.45], "size": [0, 2, 1], "inflate": 0.01, "uv": [45, 12]},
						{"origin": [2.92, 5.76, -20.95], "size": [0, 2, 2], "uv": [59, 10]}
					]
				},
				{
					"name": "pupil_left",
					"parent": "eye_left",
					"pivot": [3.02, 3.49, -18.95],
					"cubes": [
						{"origin": [3.02, 2.99, -19.95], "size": [0, 1, 2], "uv": [0, 2]}
					]
				},
				{
					"name": "eyelid_left",
					"parent": "eye_left",
					"pivot": [2.42, 5.34, -19.45],
					"cubes": [
						{"origin": [1.92, 2.84, -20.95], "size": [1, 5, 3], "inflate": 0.01, "uv": [0, 41]}
					]
				},
				{
					"name": "eyelid_happy_left",
					"parent": "eye_left",
					"pivot": [2.42, 5.34, -19.45],
					"cubes": [
						{"origin": [1.92, 2.84, -20.95], "size": [1, 5, 3], "inflate": 0.01, "uv": [8, 43]}
					]
				},
				{
					"name": "eyelid_recoil_left",
					"parent": "eye_left",
					"pivot": [2.42, 5.34, -19.45],
					"cubes": [
						{"origin": [1.92, 2.84, -20.95], "size": [1, 5, 3], "inflate": 0.01, "uv": [24, 33]}
					]
				},
				{
					"name": "eye_right",
					"parent": "eyes",
					"pivot": [-3.01, 4.75, -18.95]
				},
				{
					"name": "eye_front_right",
					"parent": "eye_right",
					"pivot": [-3.01, 4.75, -18.95],
					"cubes": [
						{"origin": [-3.01, 2.74, -19.95], "size": [0, 4, 2], "uv": [24, 4], "mirror": true},
						{"origin": [-3.01, 2.74, -19.2], "size": [1, 0, 1], "uv": [3, 1], "mirror": true}
					]
				},
				{
					"name": "eye_back_right",
					"parent": "eye_right",
					"pivot": [-2.91, 4.85, -18.95],
					"cubes": [
						{"origin": [-2.91, 2.84, -19.95], "size": [0, 4, 2], "uv": [60, 4], "mirror": true},
						{"origin": [-2.91, 2.84, -19.2], "size": [1, 0, 1], "uv": [54, 11], "mirror": true}
					]
				},
				{
					"name": "eye_unamused_right",
					"parent": "eye_right",
					"pivot": [-2.92, 4.85, -19.95],
					"cubes": [
						{"origin": [-2.92, 2.84, -20.95], "size": [0, 4, 2], "inflate": 0.01, "uv": [40, 24], "mirror": true},
						{"origin": [-2.92, 2.84, -19.96], "size": [1, 0, 1], "inflate": 0.01, "uv": [60, 23], "mirror": true}
					]
				},
				{
					"name": "eye_angry_right",
					"parent": "eye_right",
					"pivot": [-2.91, 4.35, -19.95],
					"cubes": [
						{"origin": [-2.92, 2.85, -21.2], "size": [0, 1, 2], "inflate": 0.01, "uv": [59, 9], "mirror": true},
						{"origin": [-2.92, 3.86, -20.45], "size": [0, 2, 1], "inflate": 0.01, "uv": [62, 0], "mirror": true},
						{"origin": [-2.91, 2.84, -19.95], "size": [1, 0, 1], "inflate": 0.01, "uv": [56, 11], "mirror": true}
					]
				},
				{
					"name": "eye_sad_right",
					"parent": "eye_right",
					"pivot": [-2.91, 4.75, -19.45],
					"cubes": [
						{"origin": [-2.92, 3.75, -20.45], "size": [0, 2, 1], "inflate": 0.01, "uv": [45, 14], "mirror": true},
						{"origin": [-2.92, 5.76, -20.95], "size": [0, 2, 2], "uv": [59, 12], "mirror": true}
					]
				},
				{
					"name": "pupil_right",
					"parent": "eye_right",
					"pivot": [-3.02, 3.49, -18.95],
					"cubes": [
						{"origin": [-3.02, 2.99, -19.95], "size": [0, 1, 2], "uv": [0, 3], "mirror": true}
					]
				},
				{
					"name": "eyelid_right",
					"parent": "eye_right",
					"pivot": [-2.42, 5.34, -19.45],
					"cubes": [
						{"origin": [-2.92, 2.84, -20.95], "size": [1, 5, 3], "inflate": 0.01, "uv": [8, 35], "mirror": true}
					]
				},
				{
					"name": "eyelid_happy_right",
					"parent": "eye_right",
					"pivot": [-2.42, 5.34, -19.45],
					"cubes": [
						{"origin": [-2.92, 2.84, -20.95], "size": [1, 5, 3], "inflate": 0.01, "uv": [16, 35], "mirror": true}
					]
				},
				{
					"name": "eyelid_recoil_right",
					"parent": "eye_right",
					"pivot": [-2.42, 5.34, -19.45],
					"cubes": [
						{"origin": [-2.92, 2.84, -20.95], "size": [1, 5, 3], "inflate": 0.01, "uv": [21, 41], "mirror": true}
					]
				},
				{
					"name": "head_leaf",
					"parent": "head_angle",
					"pivot": [0, 9.75, -20.95],
					"rotation": [-5, 0, 0],
					"cubes": [
						{"origin": [-1.5, 9.75, -22.95], "size": [3, 0, 2], "uv": [16, 1]}
					]
				},
				{
					"name": "head_leaf2",
					"parent": "head_leaf",
					"pivot": [0, 9.75, -22.95],
					"cubes": [
						{"origin": [-1, 9.75, -24.95], "size": [2, 0, 2], "uv": [16, 3]}
					]
				},
				{
					"name": "muzzle",
					"parent": "head_angle",
					"pivot": [0, 2.75, -18.95],
					"rotation": [7.5, 0, 0],
					"cubes": [
						{"origin": [-2, -0.25, -18.95], "size": [4, 3, 3], "uv": [22, 0]}
					]
				},
				{
					"name": "mouth",
					"parent": "muzzle",
					"pivot": [0, 1.5, -16.05],
					"cubes": [
						{"origin": [-1.5, 0.5, -16.05], "size": [3, 2, 0], "uv": [33, 26]}
					]
				},
				{
					"name": "muzzle2",
					"parent": "muzzle",
					"pivot": [0, -0.25, -16.95],
					"rotation": [-5, 0, 0],
					"cubes": [
						{"origin": [-1, -2.25, -18.95], "size": [2, 2, 2], "uv": [0, 13]}
					]
				},
				{
					"name": "tail",
					"parent": "torso_bottom",
					"pivot": [0, 5.75, 2.75],
					"rotation": [7.5, 0, 0],
					"cubes": [
						{"origin": [-2, 5.75, 2.75], "size": [4, 5, 5], "uv": [20, 23]}
					]
				},
				{
					"name": "tail2",
					"parent": "tail",
					"pivot": [0, 7.5, 7.75],
					"rotation": [5, 0, 0],
					"cubes": [
						{"origin": [-1, 7.5, 7.75], "size": [2, 3, 5], "uv": [33, 18]}
					]
				},
				{
					"name": "back_leaf2",
					"parent": "tail2",
					"pivot": [0, 10.5, 9.75],
					"rotation": [2.5, 0, 0]
				},
				{
					"name": "back_leaf2_middle",
					"parent": "back_leaf2",
					"pivot": [0, 10.5, 9.75],
					"cubes": [
						{"origin": [0, 10.5, 8.75], "size": [0, 3, 2], "inflate": 0.01, "uv": [8, 11]},
						{"origin": [0, 13, 9.25], "size": [0, 2, 1], "uv": [6, 12]}
					]
				},
				{
					"name": "back_leaf2_front",
					"parent": "back_leaf2",
					"pivot": [0, 10.5, 8.75],
					"rotation": [37.5, 0, 0],
					"cubes": [
						{"origin": [0, 10.5, 8.75], "size": [0, 2, 1], "uv": [8, 15]}
					]
				},
				{
					"name": "back_leaf2_back",
					"parent": "back_leaf2",
					"pivot": [0, 10.5, 10.75],
					"rotation": [-37.5, 0, 0],
					"cubes": [
						{"origin": [0, 10.5, 9.75], "size": [0, 2, 1], "uv": [10, 15]}
					]
				},
				{
					"name": "tail_leaves",
					"parent": "tail2",
					"pivot": [0, 9.75, 12.5],
					"rotation": [15, 0, 0]
				},
				{
					"name": "tail_leaf_middle",
					"parent": "tail_leaves",
					"pivot": [0, 9.75, 12.5],
					"cubes": [
						{"origin": [-2.5, 9.75, 12.5], "size": [5, 0, 6], "inflate": 0.01, "uv": [4, 23]}
					]
				},
				{
					"name": "tail_leaf_middle2",
					"parent": "tail_leaf_middle",
					"pivot": [0, 9.75, 18.5],
					"cubes": [
						{"origin": [-2.5, 9.75, 18.5], "size": [5, 0, 4], "uv": [-4, 23]}
					]
				},
				{
					"name": "tail_leaf_left",
					"parent": "tail_leaves",
					"pivot": [0.5, 9.75, 12.75],
					"rotation": [0, 45, 0],
					"cubes": [
						{"origin": [-1.5, 9.75, 12.75], "size": [4, 0, 4], "inflate": 0.005, "uv": [44, 4]}
					]
				},
				{
					"name": "tail_leaf_left2",
					"parent": "tail_leaf_left",
					"pivot": [2.5, 9.75, 16.75],
					"rotation": [0, -2.5, 0],
					"cubes": [
						{"origin": [-1.5, 9.75, 16.75], "size": [4, 0, 3], "uv": [-3, 17]}
					]
				},
				{
					"name": "tail_leaf_right",
					"parent": "tail_leaves",
					"pivot": [-0.5, 9.75, 12.75],
					"rotation": [0, -45, 0],
					"cubes": [
						{"origin": [-2.5, 9.75, 12.75], "size": [4, 0, 4], "inflate": 0.005, "uv": [43, 8], "mirror": true}
					]
				},
				{
					"name": "tail_leaf_right2",
					"parent": "tail_leaf_right",
					"pivot": [-2.5, 9.75, 16.75],
					"rotation": [0, 2.5, 0],
					"cubes": [
						{"origin": [-2.5, 9.75, 16.75], "size": [4, 0, 3], "uv": [-3, 20], "mirror": true}
					]
				},
				{
					"name": "legs",
					"parent": "body",
					"pivot": [0, 5, -0.6]
				},
				{
					"name": "leg_left",
					"parent": "legs",
					"pivot": [1.5, 5, 0.25],
					"rotation": [0, 0, 0],
					"cubes": [
						{"origin": [1.5, 4.5, -0.25], "size": [0, 1, 1], "pivot": [1.5, 4.5, 0.25], "rotation": [0, 0, 0], "uv": [38, 16]}
					]
				},
				{
					"name": "leg_left2",
					"parent": "leg_left",
					"pivot": [1.5, 4.5, -0.5],
					"rotation": [0, 0, 0],
					"cubes": [
						{"origin": [1.5, 2.5, -0.5], "size": [0, 2, 2], "inflate": 0.01, "pivot": [1.5, 6, 0.5], "rotation": [0, 0, 0], "uv": [30, 15]}
					]
				},
				{
					"name": "leg_left3",
					"parent": "leg_left2",
					"pivot": [1.5, 2.5, -0.5],
					"rotation": [0, 0, 0],
					"cubes": [
						{"origin": [1.5, 0.5, -0.5], "size": [0, 2, 2], "inflate": 0.015, "pivot": [1.5, 4, 0.5], "rotation": [0, 0, 0], "uv": [30, 17]}
					]
				},
				{
					"name": "foot_left",
					"parent": "leg_left3",
					"pivot": [1.5, 1, 0.25],
					"rotation": [0, 0, 0],
					"cubes": [
						{"origin": [1.5, 0, -1], "size": [0, 1, 2], "pivot": [1.5, 4.5, 0.25], "rotation": [0, 0, 0], "uv": [30, 19]}
					]
				},
				{
					"name": "leg_right",
					"parent": "legs",
					"pivot": [-1.5, 5, 0.25],
					"rotation": [0, 0, 0],
					"cubes": [
						{"origin": [-1.5, 4.5, -0.25], "size": [0, 1, 1], "pivot": [-1.5, 4.5, 0.25], "rotation": [0, 0, 0], "uv": [40, 16], "mirror": true}
					]
				},
				{
					"name": "leg_right2",
					"parent": "leg_right",
					"pivot": [-1.5, 4.5, -0.5],
					"rotation": [0, 0, 0],
					"cubes": [
						{"origin": [-1.5, 2.5, -0.5], "size": [0, 2, 2], "inflate": 0.01, "pivot": [-1.5, 6, 0.5], "rotation": [0, 0, 0], "uv": [34, 15], "mirror": true}
					]
				},
				{
					"name": "leg_right3",
					"parent": "leg_right2",
					"pivot": [-1.5, 2.5, -0.5],
					"rotation": [0, 0, 0],
					"cubes": [
						{"origin": [-1.5, 0.5, -0.5], "size": [0, 2, 2], "inflate": 0.015, "pivot": [-1.5, 4, 0.5], "rotation": [0, 0, 0], "uv": [34, 17], "mirror": true}
					]
				},
				{
					"name": "foot_right",
					"parent": "leg_right3",
					"pivot": [-1.5, 1, 0.25],
					"rotation": [0, 0, 0],
					"cubes": [
						{"origin": [-1.5, 0, -1], "size": [0, 1, 2], "pivot": [-1.5, 4.5, 0.25], "rotation": [0, 0, 0], "uv": [34, 19], "mirror": true}
					]
				}
			]
		}
	]
}