{
	"format_version": "1.8.0",
	"animations": {
		"animation.fennekin.ground_idle": {
			"loop": true,
			"bones": {
				"neck": {
					"rotation": ["-math.sin(q.anim_time*90*2.5)*2", 0, 0]
				},
				"head": {
					"rotation": ["math.sin(q.anim_time*90*2.5+45)*2", 0, 0]
				},
				"ear_ruff_right": {
					"rotation": [0, 0, "-math.sin(q.anim_time*90*2.5+45)*2"]
				},
				"ear_ruff_right2": {
					"rotation": [0, 0, "-math.sin(q.anim_time*90*2.5)*2"]
				},
				"ear_ruff_right3": {
					"rotation": [0, 0, "-math.sin(q.anim_time*90*2.5-45)*2"]
				},
				"ear_ruff_left": {
					"rotation": [0, 0, "math.sin(q.anim_time*90*2.5+45)*2"]
				},
				"ear_ruff_left2": {
					"rotation": [0, 0, "math.sin(q.anim_time*90*2.5)*2"]
				},
				"ear_ruff_left3": {
					"rotation": [0, 0, "math.sin(q.anim_time*90*2.5-45)*2"]
				},
				"tail": {
					"rotation": ["-15+math.sin(q.anim_time*90*2.5)*2", "math.sin(q.anim_time*90*1.25-90)*4", "math.sin(q.anim_time*90*1.25-90)*2"]
				},
				"tail2": {
					"rotation": ["math.sin(q.anim_time*90*2.5-45)*2", 0, 0]
				},
				"tail3": {
					"rotation": ["math.sin(q.anim_time*90*2.5-90)*2", 0, 0]
				},
				"tail4": {
					"rotation": ["math.sin(q.anim_time*90*2.5-135)*2", 0, 0]
				},
				"head_ruff_left": {
					"rotation": [0, -10, 0]
				},
				"head_ruff_right": {
					"rotation": [0, 10, 0]
				},
				"ear_ruff_shock_left": {
					"scale": 0
				},
				"ear_ruff_shock_right": {
					"scale": 0
				}
			}
		},
		"animation.fennekin.ground_walk": {
			"loop": true,
			"animation_length": 1.58,
			"bones": {
				"body": {
					"rotation": ["-math.sin(q.anim_time*90*10)*1", 0, 0],
					"position": [0, "math.abs(math.sin(q.anim_time*90*5)*0.4)", 0]
				},
				"neck": {
					"rotation": [22.5, 0, 0]
				},
				"head": {
					"rotation": ["-20+math.sin(q.anim_time*90*10-90)*2", 0, 0]
				},
				"ear_ruff_right": {
					"rotation": [5, 15, "-math.sin(q.anim_time*90*10+45)*2"]
				},
				"ear_ruff_right2": {
					"rotation": [0, 0, "-math.sin(q.anim_time*90*10)*2"]
				},
				"ear_ruff_right3": {
					"rotation": [0, 0, "-math.sin(q.anim_time*90*10-45)*2"]
				},
				"ear_ruff_left": {
					"rotation": [5, -15, "math.sin(q.anim_time*90*10+45)*2"]
				},
				"ear_ruff_left2": {
					"rotation": [0, 0, "math.sin(q.anim_time*90*10)*2"]
				},
				"ear_ruff_left3": {
					"rotation": [0, 0, "math.sin(q.anim_time*90*10-45)*2"]
				},
				"leg_front_right": {
					"rotation": ["math.sin(q.anim_time*90*5)*10", 0, 0]
				},
				"leg_front_right2": {
					"rotation": ["math.sin(q.anim_time*90*5+90)*10", 0, 0],
					"position": [0, "math.clamp(math.sin(q.anim_time*90*5-90)*1,0,180)", 0]
				},
				"leg_front_right3": {
					"rotation": ["math.sin(q.anim_time*90*5+200)*10", 0, 0]
				},
				"leg_front_left": {
					"rotation": ["-math.sin(q.anim_time*90*5)*10", 0, 0]
				},
				"leg_front_left2": {
					"rotation": ["math.sin(q.anim_time*90*5+270)*10", 0, 0],
					"position": [0, "math.clamp(math.sin(q.anim_time*90*5-270)*1,0,180)", 0]
				},
				"leg_front_left3": {
					"rotation": ["math.sin(q.anim_time*90*5+380)*10", 0, 0]
				},
				"tail": {
					"rotation": ["-15+math.sin(q.anim_time*90*5)*5", "math.sin(q.anim_time*90*2.5-90)*10", "math.sin(q.anim_time*90*2.5-90)*5"]
				},
				"tail2": {
					"rotation": ["math.sin(q.anim_time*90*5-45)*5", 0, 0]
				},
				"tail3": {
					"rotation": ["math.sin(q.anim_time*90*5-90)*5", 0, 0]
				},
				"tail4": {
					"rotation": ["math.sin(q.anim_time*90*5-45)*5", 0, 0]
				},
				"leg_back_right": {
					"rotation": ["-math.sin(q.anim_time*90*5)*10", 0, 0]
				},
				"leg_back_right2": {
					"rotation": ["math.sin(q.anim_time*90*5+270)*10", 0, 0],
					"position": [0, "math.clamp(math.sin(q.anim_time*90*5-270)*1,0,180)", 0]
				},
				"leg_back_right3": {
					"rotation": ["math.sin(q.anim_time*90*5+380)*10", 0, 0]
				},
				"leg_back_left": {
					"rotation": ["math.sin(q.anim_time*90*5)*10", 0, 0]
				},
				"leg_back_left2": {
					"rotation": ["math.sin(q.anim_time*90*5+90)*10", 0, 0],
					"position": [0, "math.clamp(math.sin(q.anim_time*90*5-90)*1,0,180)", 0]
				},
				"leg_back_left3": {
					"rotation": ["math.sin(q.anim_time*90*5+200)*10", 0, 0]
				},
				"ear_ruff_shock_left": {
					"scale": 0
				},
				"ear_ruff_shock_right": {
					"scale": 0
				}
			}
		},
		"animation.fennekin.blink": {
			"animation_length": 0.125,
			"bones": {
				"eyelid_right": {
					"position": {
						"0.0": [-0.1, 0, -0.1],
						"0.0417": [-0.1, 0, -0.1],
						"0.0833": [0, 0, 0]
					}
				},
				"eyelid_left": {
					"position": {
						"0.0": [0.1, 0, -0.1],
						"0.0417": [0.1, 0, -0.1],
						"0.0833": [0, 0, 0]
					}
				}
			}
		},
		"animation.fennekin.cry": {
			"animation_length": 0.75,
			"bones": {
				"head": {
					"rotation": {
						"0.0": [0, 0, 0],
						"0.0833": [-2.37, 0, 0],
						"0.125": [-2.5, 0, 0],
						"0.1667": [-0.5, 0, 0],
						"0.25": [-0.9, 0, 0],
						"0.3333": [-7.45, 0, 0],
						"0.375": [-8, 0, 0],
						"0.4167": [-7.4, 0, 0],
						"0.5417": [-0.53, 0, 0],
						"0.5833": [0, 0, 0]
					}
				},
				"jaw": {
					"rotation": {
						"0.0": [0, 0, 0],
						"0.0833": [64.27, 0, 0],
						"0.125": [70, 0, 0],
						"0.1667": [38.9, 0, 0],
						"0.2083": [35, 0, 0],
						"0.25": [38.75, 0, 0],
						"0.2917": [65.58, 0, 0],
						"0.3333": [70, 0, 0],
						"0.4167": [65.76, 0, 0],
						"0.5417": [3.9, 0, 0],
						"0.5833": [0, 0, 0]
					}
				},
				"mouth_top": {
					"position": {
						"0.0": [0, 0, 0],
						"0.0417": [0, -1, 0],
						"0.5": [0, -1, 0],
						"0.5417": [0, 0, 0]
					}
				}
			},
			"sound_effects": {
				"0.0": {
					"effect": "pokemon.fennekin.cry"
				}
			}
		},
		"animation.fennekin.surprise_hair": {
			"loop": true,
			"bones": {
				"ear_ruff_left": {
					"rotation": [0, 0, 2.5]
				},
				"ear_ruff_side_left": {
					"rotation": [0, 10, 0]
				},
				"ear_ruff_left2": {
					"rotation": [0, 0, 5]
				},
				"ear_ruff_left3": {
					"rotation": [4.68159, -4.87252, 5.31614]
				},
				"ear_ruff_side_right": {
					"rotation": [0, -10, 0]
				},
				"ear_ruff_right2": {
					"rotation": [0, 0, -5]
				},
				"ear_ruff_right3": {
					"rotation": [4.68159, 4.87252, -5.31614]
				},
				"ear_ruff_shock_left": {
					"rotation": [0, 0, 0]
				}
			}
		},
		"animation.fennekin.shock": {
			"loop": true,
			"bones": {
				"pupil_left2": {
					"scale": [0.7, 0.7, 1]
				},
				"mouth_top": {
					"position": [0, -1, 0]
				},
				"jaw": {
					"rotation": [65, 0, 0]
				},
				"pupil_right2": {
					"scale": [0.7, 0.7, 1]
				}
			}
		},
		"animation.fennekin.angry": {
			"loop": true,
			"bones": {
				"eye_angry_left": {
					"position": [0.1, 0, -0.1]
				},
				"eye_angry_right": {
					"position": [-0.1, 0, -0.1]
				},
				"ear_ruff_shock_left": {
					"scale": 0
				},
				"ear_ruff_shock_right": {
					"scale": 0
				}
			}
		},
		"animation.fennekin.sad": {
			"loop": true,
			"bones": {
				"eye_sad_left": {
					"position": [0.1, 0, -0.1]
				},
				"eye_sad_right": {
					"position": [-0.1, 0, -0.1]
				},
				"ear_ruff_shock_left": {
					"scale": 0
				},
				"ear_ruff_shock_right": {
					"scale": 0
				}
			}
		},
		"animation.fennekin.happy": {
			"loop": true,
			"bones": {
				"eyelid_happy_left": {
					"position": [0.1, 0, -0.1]
				},
				"mouth_top": {
					"position": [0, -1, 0]
				},
				"jaw": {
					"rotation": [65, 0, 0]
				},
				"eyelid_happy_right": {
					"position": [-0.1, 0, -0.1]
				},
				"ear_ruff_shock_left": {
					"scale": 0
				},
				"ear_ruff_shock_right": {
					"scale": 0
				}
			}
		},
		"animation.fennekin.blush": {
			"loop": true,
			"bones": {
				"blush_left": {
					"position": [0.1, 0, 0]
				},
				"blush_right": {
					"position": [-0.1, 0, 0]
				},
				"ear_ruff_shock_left": {
					"scale": 0
				},
				"ear_ruff_shock_right": {
					"scale": 0
				}
			}
		},
		"animation.fennekin.recoil": {
			"loop": true,
			"bones": {
				"eyelid_recoil_left": {
					"position": [0.1, 0, -0.1]
				},
				"eyelid_recoil_right": {
					"position": [-0.1, 0, -0.1]
				},
				"ear_ruff_shock_left": {
					"scale": 0
				},
				"ear_ruff_shock_right": {
					"scale": 0
				}
			}
		}
	}
}