{
	"format_version": "1.8.0",
	"animations": {
		"animation.lurantis.ground_idle": {
			"loop": true,
			"bones": {
				"side_antenna_left": {
					"rotation": [0, "-17.5+math.sin(q.anim_time*90*1-125)*3", "0+math.sin(q.anim_time*90*1-115)*2"]
				},
				"side_antenna_right": {
					"rotation": [0, "17.5+math.sin(q.anim_time*90*1+55)*3", "0+math.sin(q.anim_time*90*1+65)*2"]
				},
				"antenna_left": {
					"rotation": ["-5+math.sin(q.anim_time*90*1-115)*2", 0, "0+math.sin(q.anim_time*90*0.5-120)*2"]
				},
				"antenna_left_bend": {
					"rotation": ["-5+math.sin(q.anim_time*90*1-145)*1.5", 0, 0]
				},
				"antenna_right": {
					"rotation": ["-5+math.sin(q.anim_time*90*1-125)*2", 0, "0+math.sin(q.anim_time*90*0.5-120)*2"]
				},
				"antenna_right_bend": {
					"rotation": ["-5+math.sin(q.anim_time*90*1-155)*1.5", 0, 0]
				},
				"right_arm": {
					"rotation": [82.5, "0+math.sin(q.anim_time*90*1+120)*1.5", -40]
				},
				"right_elbow": {
					"rotation": [0, 0, "107.5+math.sin(q.anim_time*90*1-90)*1.5"]
				},
				"right_claw": {
					"rotation": [-6, "-16+math.sin(q.anim_time*90*0.5+150)*3", "-92+math.sin(q.anim_time*90*1-120)*2.5"]
				},
				"left_arm": {
					"rotation": [82.5, "0+math.sin(q.anim_time*90*1-60)*1.5", 40]
				},
				"left_elbow": {
					"rotation": [0, 0, "-107.5+math.sin(q.anim_time*90*1+90)*1.5"]
				},
				"left_claw": {
					"rotation": [-6, "16+math.sin(q.anim_time*90*0.5+150)*3", "92+math.sin(q.anim_time*90*1+60)*2.5"]
				},
				"left_leg": {
					"rotation": ["-5+math.sin(q.anim_time*90*1-30)*2", -12.5, 0],
					"position": ["0+math.sin(q.anim_time*90*1-30)*0.05", "0+math.sin(q.anim_time*90*1-30)*0.07", "0+math.sin(q.anim_time*90*1+150)*0.2"]
				},
				"left_knee": {
					"rotation": ["0+math.sin(q.anim_time*90*1+150)*2", 0, 0]
				},
				"left_foot": {
					"rotation": [7.5, 0, 0]
				},
				"right_leg": {
					"rotation": ["0+math.sin(q.anim_time*90*1-30)*2", 12.5, 0],
					"position": ["0+math.sin(q.anim_time*90*1+150)*0.05", "0+math.sin(q.anim_time*90*1-30)*0.05", "0+math.sin(q.anim_time*90*1+150)*0.2"]
				},
				"right_knee": {
					"rotation": ["7.5+math.sin(q.anim_time*90*1+150)*2", 0, 0]
				},
				"right_foot": {
					"rotation": [-7.5, 0, 0]
				},
				"right_skirt": {
					"rotation": [0, "0+math.sin(q.anim_time*90*1+120)*1.5", "-10+math.sin(q.anim_time*90*1+120)*2.5"]
				},
				"right_skirt_bend": {
					"rotation": [0, 0, "-10+math.sin(q.anim_time*90*1+90)*2.5"]
				},
				"left_skirt": {
					"rotation": [0, "0+math.sin(q.anim_time*90*1-60)*1.5", "10+math.sin(q.anim_time*90*1-60)*2.5"]
				},
				"left_skirt_bend": {
					"rotation": [0, 0, "10+math.sin(q.anim_time*90*1-90)*2.5"]
				},
				"petals_flowering": {
					"scale": 0
				},
				"front_antenna_left": {
					"scale": 0
				},
				"front_antenna_right": {
					"scale": 0
				},
				"head": {
					"rotation": ["10+math.sin(q.anim_time*90*1-90)*1.5", "2.5-math.sin(q.anim_time*90*0.5-120)*2", "1+math.sin(q.anim_time*90*0.5+90)*2"]
				},
				"torso": {
					"rotation": ["-1.5+math.sin(q.anim_time*90*1-30)*1.5", "-2.5+math.sin(q.anim_time*90*0.5-120)*2", "0+math.sin(q.anim_time*90*0.5-30)*1"],
					"position": [0, 0, "0+math.sin(q.anim_time*90*1+165)*0.15"]
				},
				"right_claw_bend": {
					"rotation": [0, 0, "0+math.sin(q.anim_time*90*1-150)*1.5"]
				},
				"left_claw_bend": {
					"rotation": [0, 0, "0+math.sin(q.anim_time*90*1+30)*1.5"]
				},
				"top_left_petal": {
					"rotation": ["0+math.sin(q.anim_time*90*1-55)*2", 0, 0]
				},
				"top_left_petal2": {
					"rotation": ["0+math.sin(q.anim_time*90*1-85)*2.5", 0, 0]
				},
				"top_right_petal": {
					"rotation": ["0+math.sin(q.anim_time*90*1-65)*2", 0, 0]
				},
				"top_right_petal2": {
					"rotation": ["0+math.sin(q.anim_time*90*1-95)*2.5", 0, 0]
				},
				"bottom_right_petal": {
					"rotation": ["0+math.sin(q.anim_time*90*1-55)*3", 0, 0]
				},
				"bottom_right_petal_bend": {
					"rotation": ["0+math.sin(q.anim_time*90*1-85)*3", 0, 0]
				},
				"bottom_left_petal": {
					"rotation": ["0+math.sin(q.anim_time*90*1-65)*3", 0, 0]
				},
				"bottom_left_petal_bend": {
					"rotation": ["0+math.sin(q.anim_time*90*1-95)*3", 0, 0]
				},
				"butt_bend": {
					"rotation": ["0+math.sin(q.anim_time*90*1+0)*1", 0, 0]
				},
				"neck": {
					"rotation": ["0+math.sin(q.anim_time*90*1-60)*0.5", 0, "0+math.sin(q.anim_time*90*0.5-60)*1"]
				},
				"side_antenna_left_bend": {
					"rotation": [0, 0, "0+math.sin(q.anim_time*90*1-150)*2.5"]
				},
				"side_antenna_right_bend": {
					"rotation": [0, 0, "0+math.sin(q.anim_time*90*1+30)*2.5"]
				},
				"back_antenna_left": {
					"rotation": ["0+math.sin(q.anim_time*90*1-125)*2.5", 0, "0+math.sin(q.anim_time*90*0.5-60)*3"]
				},
				"back_antenna_left_bend": {
					"rotation": ["0+math.sin(q.anim_time*90*1-155)*3", 0, 0]
				},
				"back_antenna_right": {
					"rotation": ["0+math.sin(q.anim_time*90*1-115)*2.5", 0, "0+math.sin(q.anim_time*90*0.5-60)*3"]
				},
				"back_antenna_right_bend": {
					"rotation": ["0+math.sin(q.anim_time*90*1-145)*3", 0, 0]
				}
			}
		},
		"animation.lurantis.ground_walk": {
			"loop": true,
			"animation_length": 1.75,
			"bones": {
				"body": {
					"position": [0, -0.9, 0]
				},
				"torso": {
					"rotation": ["7.5+math.sin(q.anim_time*90*4.5+30)*1", "math.sin(q.anim_time*90*2.25+60)*2.5", "math.sin(q.anim_time*90*2.25-120)*2"],
					"position": [0, "0.325+math.sin(q.anim_time*90*4.5+240)*0.6", 0]
				},
				"head": {
					"rotation": ["10+math.sin(q.anim_time*90*4.5-30)*1", "math.sin(q.anim_time*90*2.25-120)*2.5", "math.sin(q.anim_time*90*2.25+0)*1.5"]
				},
				"side_antenna_left": {
					"rotation": [0, "0+math.sin(q.anim_time*90*2.25-150)*2", "0+math.sin(q.anim_time*90*4.5-60)*5"]
				},
				"side_antenna_left_bend": {
					"rotation": [0, 0, "0+math.sin(q.anim_time*90*4.5-90)*3"]
				},
				"side_antenna_right": {
					"rotation": [0, "0+math.sin(q.anim_time*90*2.25-150)*2", "0+math.sin(q.anim_time*90*4.5+120)*5"]
				},
				"side_antenna_right_bend": {
					"rotation": [0, 0, "0+math.sin(q.anim_time*90*4.5+90)*3"]
				},
				"back_antenna_left": {
					"rotation": ["0+math.sin(q.anim_time*90*4.5-95)*4", 0, "0+math.sin(q.anim_time*90*2.25-30)*3"]
				},
				"back_antenna_left_bend": {
					"rotation": ["0+math.sin(q.anim_time*90*4.5-125)*3", 0, 0]
				},
				"front_antenna_left": {
					"rotation": ["0+math.sin(q.anim_time*90*4.5-55)*5", 0, "0+math.sin(q.anim_time*90*2.25-30)*2"],
					"scale": 0
				},
				"front_antenna_left_bend": {
					"rotation": ["0+math.sin(q.anim_time*90*4.5-85)*4", 0, 0]
				},
				"back_antenna_right": {
					"rotation": ["0+math.sin(q.anim_time*90*4.5-85)*4", 0, "0+math.sin(q.anim_time*90*2.25-30)*3"]
				},
				"back_antenna_right_bend": {
					"rotation": ["0+math.sin(q.anim_time*90*4.5-115)*3", 0, 0]
				},
				"front_antenna_right": {
					"rotation": ["0+math.sin(q.anim_time*90*4.5-65)*5", 0, "0+math.sin(q.anim_time*90*2.25-30)*2"],
					"scale": 0
				},
				"front_antenna_right_bend": {
					"rotation": ["0+math.sin(q.anim_time*90*4.5-95)*4", 0, 0]
				},
				"antenna_left": {
					"rotation": ["-2.5+math.sin(q.anim_time*90*4.5-65)*2.5", 0, 0]
				},
				"antenna_left_bend": {
					"rotation": ["-10+math.sin(q.anim_time*90*4.5-95)*2", 0, 0]
				},
				"antenna_right": {
					"rotation": ["-2.5+math.sin(q.anim_time*90*4.5-55)*2.5", 0, 0]
				},
				"antenna_right_bend": {
					"rotation": ["-10+math.sin(q.anim_time*90*4.5-85)*2", 0, 0]
				},
				"right_arm": {
					"rotation": [82.5, "-5+math.sin(q.anim_time*90*2.25-90)*10", -40]
				},
				"right_elbow": {
					"rotation": [0, 0, "107.5+math.sin(q.anim_time*90*2.25+240)*2.5"]
				},
				"right_claw": {
					"rotation": [-6.5, "-26+math.sin(q.anim_time*90*4.5+150)*2.5", "-87.5+math.sin(q.anim_time*90*2.25+30)*3.5"],
					"position": [0, 0.35, 0]
				},
				"right_claw_bend": {
					"rotation": [0, 0, "0+math.sin(q.anim_time*90*2.25+0)*2.5"]
				},
				"left_arm": {
					"rotation": [82.5, "5+math.sin(q.anim_time*90*2.25-90)*10", 40]
				},
				"left_elbow": {
					"rotation": [0, 0, "-107.5+math.sin(q.anim_time*90*2.25+240)*2.5"]
				},
				"left_claw": {
					"rotation": [-6.5, "26+math.sin(q.anim_time*90*4.5-30)*2.5", "87.5+math.sin(q.anim_time*90*2.25+30)*3.5"],
					"position": [0, 0.35, 0]
				},
				"left_claw_bend": {
					"rotation": [0, 0, "0+math.sin(q.anim_time*90*2.25+0)*2.5"]
				},
				"petals_flowering": {
					"scale": 0
				},
				"butt": {
					"rotation": ["0+math.sin(q.anim_time*90*4.5+60)*1", "0+math.sin(q.anim_time*90*2.25+90)*10", "0+math.sin(q.anim_time*90*2.25-90)*2.5"]
				},
				"butt_bend": {
					"rotation": [0, 0, 0]
				},
				"right_skirt": {
					"rotation": {
						"0.0": {
							"post": [-8.9, 0, -7.5],
							"lerp_mode": "catmullrom"
						},
						"0.1667": {
							"post": [-8.9, 0, 2],
							"lerp_mode": "catmullrom"
						},
						"0.4583": {
							"post": [-8.9, 0, -2.5],
							"lerp_mode": "catmullrom"
						},
						"0.875": {
							"post": [-8.9, 5, -10],
							"lerp_mode": "catmullrom"
						},
						"1.3333": {
							"post": [-11.4, 2.5, -15],
							"lerp_mode": "catmullrom"
						},
						"1.75": {
							"post": [-8.9, 0, -7.5],
							"lerp_mode": "catmullrom"
						}
					},
					"position": {
						"0.0": [0, 0.19, 0],
						"0.4583": [0, 0, 0],
						"0.875": [0, 0.55, 0],
						"1.75": [0, 0.19, 0]
					}
				},
				"right_skirt_bend": {
					"rotation": [0, 0, "-10+math.sin(q.anim_time*90*4.5-225)*5"]
				},
				"left_skirt": {
					"rotation": {
						"0.0": {
							"post": [-8.9, -5, 10],
							"lerp_mode": "catmullrom"
						},
						"0.4583": {
							"post": [-11.4, -2.5, 15],
							"lerp_mode": "catmullrom"
						},
						"0.875": {
							"post": [-8.9, 0, 7.5],
							"lerp_mode": "catmullrom"
						},
						"1.0417": {
							"post": [-8.9, 0, -2],
							"lerp_mode": "catmullrom"
						},
						"1.3333": {
							"post": [-8.9, 0, 2.5],
							"lerp_mode": "catmullrom"
						},
						"1.75": {
							"post": [-8.9, -5, 10],
							"lerp_mode": "catmullrom"
						}
					},
					"position": {
						"0.0": [0, 0.55, 0],
						"1.3333": [0, 0, 0],
						"1.75": [0, 0.55, 0]
					}
				},
				"left_skirt_bend": {
					"rotation": [0, 0, "10+math.sin(q.anim_time*90*4.5-45)*5"]
				},
				"left_leg": {
					"rotation": {
						"0.0": [-22.5, 3.5, 6.5],
						"0.25": [-13.77, 1.91, 5.82],
						"0.5": [0, 0, 5],
						"0.875": {
							"pre": [35, -2.5, 4.5],
							"post": [35, -2.5, 4.5],
							"lerp_mode": "catmullrom"
						},
						"1.3333": {
							"post": [-2.5, 0.5, 0],
							"lerp_mode": "catmullrom"
						},
						"1.5833": {
							"post": [-23.90917, 2.63058, 3.88924],
							"lerp_mode": "catmullrom"
						},
						"1.75": [-22.5, 3.5, 6.5]
					},
					"position": {
						"0.0": [0, 0.875, -0.25],
						"0.25": [0, 0.545, 0.165],
						"0.5": [0, 1.05, 0.95],
						"0.875": {
							"pre": [0, 0, 0.5],
							"post": [0, 0, 0.5],
							"lerp_mode": "catmullrom"
						},
						"1.3333": {
							"post": [0, 0.5, 0],
							"lerp_mode": "catmullrom"
						},
						"1.5833": {
							"post": [0, 0.78, -0.21],
							"lerp_mode": "catmullrom"
						},
						"1.75": [0, 0.875, -0.25]
					}
				},
				"left_knee": {
					"rotation": {
						"0.0": [2.5, 0, -2.5],
						"0.25": [14.64572, 0, -2.5],
						"0.5": [0, 0, -2.5],
						"0.875": {
							"pre": [-2.5, 0, -2.5],
							"post": [-2.5, 0, -2.5],
							"lerp_mode": "catmullrom"
						},
						"1.2083": {
							"post": [43.9, 0, -2.5],
							"lerp_mode": "catmullrom"
						},
						"1.5833": {
							"post": [13.5, 0, -2.5],
							"lerp_mode": "catmullrom"
						},
						"1.75": [2.5, 0, -2.5]
					},
					"position": {
						"0.0": [0, 0, 0],
						"0.5": [0, 0.13, 0],
						"0.875": {
							"pre": [0, 0.2, 0],
							"post": [0, 0.2, 0],
							"lerp_mode": "catmullrom"
						},
						"1.3333": {
							"post": [0, 0.13, 0],
							"lerp_mode": "catmullrom"
						},
						"1.75": [0, 0, 0]
					}
				},
				"left_foot": {
					"rotation": {
						"0.0": [-7.5701, 1.70818, -4.69986],
						"0.1667": [-0.31714, 1.08698, -3.89985],
						"0.4583": [0.25, 0, -2.5],
						"0.875": [-28.5, 0, -2.5],
						"1.3333": {
							"pre": [12.25, 0, 0],
							"post": [12.25, 0, 0],
							"lerp_mode": "catmullrom"
						},
						"1.5833": {
							"post": [-25.51986, 1.24429, -2.98464],
							"lerp_mode": "catmullrom"
						},
						"1.75": [-7.5701, 1.70818, -4.69986]
					}
				},
				"right_leg": {
					"rotation": {
						"0.0": {
							"post": [35, 2.5, -4.5],
							"lerp_mode": "catmullrom"
						},
						"0.4583": {
							"post": [-2.5, -0.5, 0],
							"lerp_mode": "catmullrom"
						},
						"0.7083": {
							"post": [-23.90917, -2.63058, -3.88924],
							"lerp_mode": "catmullrom"
						},
						"0.875": [-22.5, -3.5, -6.5],
						"1.125": [-13.77, -1.91, -5.82],
						"1.375": [0, 0, -5],
						"1.75": [35, 2.5, -4.5]
					},
					"position": {
						"0.0": {
							"post": [0, 0, 0.5],
							"lerp_mode": "catmullrom"
						},
						"0.4583": {
							"post": [0, 0.5, 0],
							"lerp_mode": "catmullrom"
						},
						"0.7083": {
							"post": [0, 0.78, -0.21],
							"lerp_mode": "catmullrom"
						},
						"0.875": [0, 0.875, -0.25],
						"1.125": [0, 0.545, 0.165],
						"1.375": [0, 1.05, 0.95],
						"1.75": [0, 0, 0.5]
					}
				},
				"right_knee": {
					"rotation": {
						"0.0": {
							"post": [-2.5, 0, 2.5],
							"lerp_mode": "catmullrom"
						},
						"0.3333": {
							"post": [43.9, 0, 2.5],
							"lerp_mode": "catmullrom"
						},
						"0.7083": {
							"post": [13.5, 0, 2.5],
							"lerp_mode": "catmullrom"
						},
						"0.875": [2.5, 0, 2.5],
						"1.125": [14.64572, 0, 2.5],
						"1.375": [0, 0, 2.5],
						"1.75": [-2.5, 0, 2.5]
					},
					"position": {
						"0.0": {
							"post": [0, 0.2, 0],
							"lerp_mode": "catmullrom"
						},
						"0.4583": {
							"post": [0, 0.13, 0],
							"lerp_mode": "catmullrom"
						},
						"0.875": [0, 0, 0],
						"1.375": [0, 0.13, 0],
						"1.75": [0, 0.2, 0]
					}
				},
				"right_foot": {
					"rotation": {
						"0.0": [-28.5, 0, 2.5],
						"0.4583": {
							"pre": [12.25, 0, 0],
							"post": [12.25, 0, 0],
							"lerp_mode": "catmullrom"
						},
						"0.7083": {
							"post": [-25.51986, -1.24429, 2.98464],
							"lerp_mode": "catmullrom"
						},
						"0.875": [-7.5701, -1.70818, 4.69986],
						"1.0417": [-0.31714, -1.08698, 3.89985],
						"1.3333": [0.25, 0, 2.5],
						"1.75": [-28.5, 0, 2.5]
					}
				},
				"neck": {
					"rotation": ["-2.5+math.sin(q.anim_time*90*4.5+0)*1", "math.sin(q.anim_time*90*2.25-90)*1", "math.sin(q.anim_time*90*2.25+30)*1"]
				},
				"top_left_petal": {
					"rotation": ["-2.5+math.sin(q.anim_time*90*4.5+185)*5", 0, "math.sin(q.anim_time*90*2.25-145)*3"]
				},
				"top_right_petal": {
					"rotation": ["-2.5+math.sin(q.anim_time*90*4.5+175)*5", 0, "math.sin(q.anim_time*90*2.25-155)*3"]
				},
				"bottom_right_petal": {
					"rotation": {
						"0.0": ["-5+math.sin(q.anim_time*90*4.5+5)*5", 0, "math.sin(q.anim_time*90*2.25-145)*5"],
						"0.2083": ["-7.5+math.sin(q.anim_time*90*4.5+5)*5", 0, "math.sin(q.anim_time*90*2.25-145)*5"],
						"0.5": ["0+math.sin(q.anim_time*90*4.5+5)*5", 0, "math.sin(q.anim_time*90*2.25-145)*5"],
						"1.5": ["0+math.sin(q.anim_time*90*4.5+5)*5", 0, "math.sin(q.anim_time*90*2.25-145)*5"],
						"1.75": ["-5+math.sin(q.anim_time*90*4.5+5)*5", 0, "math.sin(q.anim_time*90*2.25-145)*5"]
					}
				},
				"bottom_right_petal_bend": {
					"rotation": ["0+math.sin(q.anim_time*90*4.5-25)*5", 0, 0]
				},
				"bottom_left_petal": {
					"rotation": {
						"0.0": ["0+math.sin(q.anim_time*90*4.5-5)*5", 0, "math.sin(q.anim_time*90*2.25-155)*5"],
						"0.625": ["0+math.sin(q.anim_time*90*4.5+5)*5", 0, "math.sin(q.anim_time*90*2.25-155)*5"],
						"0.875": ["-5+math.sin(q.anim_time*90*4.5+5)*5", 0, "math.sin(q.anim_time*90*2.25-155)*5"],
						"1.0833": ["-7.5+math.sin(q.anim_time*90*4.5+5)*5", 0, "math.sin(q.anim_time*90*2.25-155)*5"],
						"1.375": ["0+math.sin(q.anim_time*90*4.5+5)*5", 0, "math.sin(q.anim_time*90*2.25-155)*5"],
						"1.75": ["0+math.sin(q.anim_time*90*4.5+5)*5", 0, "math.sin(q.anim_time*90*2.25-155)*5"]
					}
				},
				"bottom_left_petal_bend": {
					"rotation": ["0+math.sin(q.anim_time*90*4.5-35)*5", 0, 0]
				},
				"top_left_petal2": {
					"rotation": ["0+math.sin(q.anim_time*90*4.5+155)*3", 0, 0]
				},
				"top_right_petal2": {
					"rotation": ["0+math.sin(q.anim_time*90*4.5+145)*3", 0, 0]
				}
			}
		},
		"animation.lurantis.battle_idle": {
			"loop": true,
			"bones": {
				"head": {
					"rotation": ["3.25-3*Math.cos((query.anim_time-0.5) * 90 * 2) * 0.5", 8, -8],
					"position": [0, "0.05-0.05*Math.cos((query.anim_time-0) * 90 * 2) * 0.5", 0]
				},
				"lurantis": {
					"rotation": [0, 7.5, 0]
				},
				"torso": {
					"rotation": ["-1*Math.cos((query.anim_time-0.25) * 90 * 2) * 0.5", 0, 0],
					"position": [0, "-0.1-0.15*Math.cos((query.anim_time-0) * 90 * 2) * 0.5", "0+math.cos(q.anim_time*90*2+120)*0.15"]
				},
				"antenna_left": {
					"rotation": ["-5-5*Math.cos((query.anim_time-0.25) * 90 * 2) * 0.5", 0, 10]
				},
				"antenna_left_bend": {
					"rotation": ["-10-10*Math.cos((query.anim_time-0.5) * 90 * 2) * 0.5", 0, 0]
				},
				"antenna_right": {
					"rotation": ["-5-5*Math.cos((query.anim_time-0.25) * 90 * 2) * 0.5", 0, -10]
				},
				"antenna_right_bend": {
					"rotation": ["-10-10*Math.cos((query.anim_time-0.5) * 90 * 2) * 0.5", 0, 0]
				},
				"back_antenna_left": {
					"rotation": ["-7.5-5*Math.cos((query.anim_time-0.5) * 90 * 2 -60) * 0.5", 0, 0]
				},
				"side_antenna_left": {
					"rotation": [0, -10, "-2*Math.cos((query.anim_time-0.25) * 90 * 2) * 0.5"]
				},
				"side_antenna_right": {
					"rotation": [0, 10, "2*Math.cos((query.anim_time-0.25) * 90 * 2) * 0.5"]
				},
				"left_eye_open": {
					"position": [0.35, 0, 0]
				},
				"back_antenna_right": {
					"rotation": ["-7.5-5*Math.cos((query.anim_time-0.5) * 90 * 2 -60) * 0.5", 0, 0]
				},
				"butt": {
					"rotation": ["1*Math.cos((query.anim_time-0.25) * 90 * 2) * 0.5", 0, 0],
					"position": [0, "0.1+0.15*Math.cos((query.anim_time-0) * 90 * 2) * 0.5", 0]
				},
				"right_arm": {
					"rotation": [85, "-14+5*Math.cos((query.anim_time-0.25) * 90 * 2) * 0.5", "-57+5*Math.cos((query.anim_time-0.25) * 90 * 2) * 0.5"]
				},
				"right_elbow": {
					"rotation": [0, 0, "110-3*Math.cos((query.anim_time-0.5) * 90 * 2) * 0.5"]
				},
				"right_claw": {
					"rotation": [
						"53+2*Math.cos((query.anim_time-0.75) * 90 * 2) * 0.5",
						"-17+2*Math.cos((query.anim_time-0.75) * 90 * 2) * 0.5",
						"-103-2*Math.cos((query.anim_time-0.75) * 90 * 2) * 0.5"
					]
				},
				"right_claw_bend": {
					"rotation": [0, 0, "4*Math.cos((query.anim_time-0) * 90 * 2) * 0.5"]
				},
				"left_arm": {
					"rotation": [32, "8+5*Math.cos((query.anim_time-0.25) * 90 * 2) * 0.5", "67+5*Math.cos((query.anim_time-0.25) * 90 * 2) * 0.5"]
				},
				"left_elbow": {
					"rotation": [0, 0, "-125-3*Math.cos((query.anim_time-0.5) * 90 * 2) * 0.5"]
				},
				"left_claw": {
					"rotation": [
						"-20+2*Math.cos((query.anim_time-0.75) * 90 * 2) * 0.5",
						"15.5+2*Math.cos((query.anim_time-0.75) * 90 * 2) * 0.5",
						"118-2*Math.cos((query.anim_time-0.75) * 90 * 2) * 0.5"
					]
				},
				"left_claw_bend": {
					"rotation": [0, 0, "4*Math.cos((query.anim_time-0) * 90 * 2) * 0.5"]
				},
				"top_left_petal": {
					"rotation": ["-5*Math.cos((query.anim_time-0.5) * 90 * 2) * 0.5", 0, 0]
				},
				"top_right_petal": {
					"rotation": ["-5*Math.cos((query.anim_time-0.5) * 90 * 2) * 0.5", 0, 0]
				},
				"bottom_right_petal": {
					"rotation": ["-5*Math.cos((query.anim_time-0.5) * 90 * 2) * 0.5", 0, 0]
				},
				"right_skirt": {
					"rotation": [0, 0, "-10-3*Math.cos((query.anim_time-0.25) * 90 * 2) * 0.5"]
				},
				"right_skirt_bend": {
					"rotation": [0, 0, "-10-5*Math.cos((query.anim_time-0.5) * 90 * 2) * 0.5"]
				},
				"bottom_left_petal": {
					"rotation": ["-5*Math.cos((query.anim_time-0.5) * 90 * 2) * 0.5", 0, 0]
				},
				"left_leg": {
					"rotation": ["-10+math.cos(q.anim_time*90*2-60)*2", 15, 2.5],
					"position": ["0+math.cos(q.anim_time*90*2+120)*0.05", "0+math.cos(q.anim_time*90*2-60)*0.1", "0+math.cos(q.anim_time*90*2+120)*0.2"]
				},
				"left_knee": {
					"rotation": ["2.5+math.cos(q.anim_time*90*2+120)*2", 0, 0]
				},
				"left_skirt": {
					"rotation": [0, 0, "10+3*Math.cos((query.anim_time-0.25) * 90 * 2) * 0.5"]
				},
				"left_skirt_bend": {
					"rotation": [0, 0, "10+5*Math.cos((query.anim_time-0.5) * 90 * 2) * 0.5"]
				},
				"right_leg": {
					"rotation": ["0+math.cos(q.anim_time*90*2-60)*2", 5, 0],
					"position": ["0+math.cos(q.anim_time*90*2+120)*0.025", "0+math.cos(q.anim_time*90*2-60)*0.05", "0+math.cos(q.anim_time*90*2+120)*0.2"]
				},
				"left_foot": {
					"rotation": [17.5, 0, 0]
				},
				"right_knee": {
					"rotation": ["17.5+math.cos(q.anim_time*90*2+120)*2", 0, 0]
				},
				"right_foot": {
					"rotation": [-15, 0, 0]
				},
				"right_eye_open": {
					"position": [0.35, 0, 0]
				},
				"petals_flowering": {
					"scale": 0
				},
				"bottom_right_petal_bend": {
					"rotation": ["-5*Math.cos((query.anim_time-0.75) * 90 * 2) * 0.5", 0, 0]
				},
				"bottom_left_petal_bend": {
					"rotation": ["-5*Math.cos((query.anim_time-0.75) * 90 * 2) * 0.5", 0, 0]
				},
				"front_antenna_left": {
					"scale": 0
				},
				"front_antenna_right": {
					"scale": 0
				},
				"body": {
					"position": [0, 0, 0]
				}
			}
		},
		"animation.lurantis.sleep": {
			"loop": true,
			"bones": {
				"body": {
					"position": [0, -12, 0]
				},
				"torso": {
					"rotation": ["5+math.sin(q.anim_time*90*1+0)*1", 0, 0]
				},
				"right_arm": {
					"rotation": [74.06246, "-3.8073+math.sin(q.anim_time*90*1+180)*1", -42.0085]
				},
				"right_elbow": {
					"rotation": [0, 0, 80]
				},
				"right_claw": {
					"rotation": [10, "22.5+math.sin(q.anim_time*90*1+0)*0.5", "-62.5+math.sin(q.anim_time*90*1+180)*1"]
				},
				"right_claw_bend": {
					"rotation": [0, 5, 0]
				},
				"left_arm": {
					"rotation": [74.06246, "3.8073+math.sin(q.anim_time*90*1+0)*1", 42.0085]
				},
				"left_elbow": {
					"rotation": [0, 0, -80]
				},
				"left_claw": {
					"rotation": [10, "-22.5+math.sin(q.anim_time*90*1+180)*0.5", "62.5+math.sin(q.anim_time*90*1+0)*1"]
				},
				"left_claw_bend": {
					"rotation": [0, -5, 0]
				},
				"top_left_petal": {
					"rotation": ["-20+math.sin(q.anim_time*90*1-25)*1.5", 0, -12.5]
				},
				"top_left_petal2": {
					"rotation": ["-10+math.sin(q.anim_time*90*1-55)*2", 0, 0]
				},
				"top_right_petal": {
					"rotation": ["-20+math.sin(q.anim_time*90*1-35)*1.5", 0, 12.5]
				},
				"top_right_petal2": {
					"rotation": ["-10+math.sin(q.anim_time*90*1-65)*2", 0, 0]
				},
				"bottom_right_petal": {
					"rotation": ["-19.8007+math.sin(q.anim_time*90*1-25)*1.5", 3.61426, -9.60373]
				},
				"bottom_right_petal_bend": {
					"rotation": ["3+math.sin(q.anim_time*90*1-55)*1", 0, 0]
				},
				"bottom_left_petal": {
					"rotation": ["-19.8007+math.sin(q.anim_time*90*1-35)*1.5", -3.61426, 9.60373]
				},
				"bottom_left_petal_bend": {
					"rotation": ["3+math.sin(q.anim_time*90*1-65)*1", 0, 0]
				},
				"bottom_right_petal2": {
					"scale": 0
				},
				"bottom_left_petal2": {
					"scale": 0
				},
				"butt_bend": {
					"rotation": ["17.5+math.sin(q.anim_time*90*1+30)*1", 0, 0]
				},
				"right_skirt": {
					"rotation": [-47.41068, 5.18687, 2.4149],
					"position": [0, 0.25, 0]
				},
				"right_skirt_bend": {
					"rotation": [0, 0, -15]
				},
				"left_skirt": {
					"rotation": [-47.41068, -5.18687, -2.4149],
					"position": [0, 0.25, 0]
				},
				"left_skirt_bend": {
					"rotation": [0, 0, 15]
				},
				"neck": {
					"rotation": ["15+math.sin(q.anim_time*90*1-30)*0.5", 0, 0]
				},
				"head": {
					"rotation": ["10+math.sin(q.anim_time*90*1-60)*1", 0, "0+math.sin(q.anim_time*90*0.5-150)*0.5"]
				},
				"side_antenna_left": {
					"rotation": [0, "0+math.sin(q.anim_time*90*1-85)*1", "0+math.sin(q.anim_time*90*1-95)*1"]
				},
				"side_antenna_left_bend": {
					"rotation": [0, 0, "0+math.sin(q.anim_time*90*1-125)*1.25"]
				},
				"side_antenna_right": {
					"rotation": [0, "0+math.sin(q.anim_time*90*1+85)*1", "0+math.sin(q.anim_time*90*1+95)*1"]
				},
				"side_antenna_right_bend": {
					"rotation": [0, 0, "0+math.sin(q.anim_time*90*1+65)*1.25"]
				},
				"left_eye_open": {
					"position": [0, 0, 0.1]
				},
				"left_eye_closed": {
					"position": [0, 0, -0.1]
				},
				"right_eye_open": {
					"position": [0, 0, 0.1]
				},
				"right_eye_closed": {
					"position": [0, 0, -0.1]
				},
				"back_antenna_left": {
					"rotation": ["0+math.sin(q.anim_time*90*1-85)*1.5", 0, 0]
				},
				"back_antenna_left_bend": {
					"rotation": ["7.5+math.sin(q.anim_time*90*1-115)*2", 0, 0]
				},
				"front_antenna_left": {
					"scale": 0
				},
				"back_antenna_right": {
					"rotation": ["0+math.sin(q.anim_time*90*1-95)*1.5", 0, 0]
				},
				"back_antenna_right_bend": {
					"rotation": ["7.5+math.sin(q.anim_time*90*1-125)*2", 0, 0]
				},
				"front_antenna_right": {
					"scale": 0
				},
				"antenna_left": {
					"rotation": ["12.5+math.sin(q.anim_time*90*1-95)*1", 0, 0]
				},
				"antenna_left_bend": {
					"rotation": ["22.5+math.sin(q.anim_time*90*1-125)*1.5", 0, 0]
				},
				"antenna_right": {
					"rotation": ["12.5+math.sin(q.anim_time*90*1-85)*1", 0, 0]
				},
				"antenna_right_bend": {
					"rotation": ["22.5+math.sin(q.anim_time*90*1-115)*1.5", 0, 0]
				},
				"left_leg": {
					"rotation": [-112.10789, 3.60188, -13.51064]
				},
				"left_knee": {
					"rotation": [69.75742, 5.73853, -4.83711]
				},
				"left_foot": {
					"rotation": [49.75742, -5.73853, 4.83711]
				},
				"right_leg": {
					"rotation": [-112.10789, -3.60188, 13.51064]
				},
				"right_knee": {
					"rotation": [69.75742, -5.73853, 4.83711]
				},
				"right_foot": {
					"rotation": [49.75742, 5.73853, -4.83711]
				}
			}
		},
		"animation.lurantis.cry": {
			"animation_length": 1.25,
			"bones": {
				"head": {
					"rotation": {
						"0.0": [0, 0, 0],
						"0.25": [-15, 0, "-2*Math.cos((query.anim_time-0) * 90 * 12) * 0.5"],
						"0.9583": [-15, 0, "-2*Math.cos((query.anim_time-0) * 90 * 12) * 0.5"],
						"1.25": [0, 0, 0]
					}
				},
				"side_antenna_left": {
					"rotation": {
						"0.0": [0, 0, 0],
						"0.25": [0, "5*Math.cos((query.anim_time-0.5) * 90 * 12) * 0.5", 0],
						"0.9583": [0, "5*Math.cos((query.anim_time-0.5) * 90 * 12) * 0.5", 0],
						"1.25": [0, 0, 0]
					}
				},
				"side_antenna_right": {
					"rotation": {
						"0.0": [0, 0, 0],
						"0.25": [0, "-5*Math.cos((query.anim_time-0.5) * 90 * 12) * 0.5", 0],
						"0.9583": [0, "-5*Math.cos((query.anim_time-0.5) * 90 * 12) * 0.5", 0],
						"1.25": [0, 0, 0]
					}
				},
				"back_antenna_left": {
					"rotation": {
						"0.0": [0, 0, 0],
						"0.25": ["5*Math.cos((query.anim_time-0) * 90 * 12) * 0.5", 0, 0],
						"0.9583": ["5*Math.cos((query.anim_time-0) * 90 * 12) * 0.5", 0, 0],
						"1.25": [0, 0, 0]
					}
				},
				"back_antenna_right": {
					"rotation": {
						"0.0": [0, 0, 0],
						"0.25": ["5*Math.cos((query.anim_time-0) * 90 * 12) * 0.5", 0, 0],
						"0.9583": ["5*Math.cos((query.anim_time-0) * 90 * 12) * 0.5", 0, 0],
						"1.25": [0, 0, 0]
					}
				},
				"antenna_left": {
					"rotation": {
						"0.0": [0, 0, 0],
						"0.25": ["5*Math.cos((query.anim_time-0.25) * 90 * 12) * 0.5", 0, 0],
						"0.9583": ["5*Math.cos((query.anim_time-0.25) * 90 * 12) * 0.5", 0, 0],
						"1.25": [0, 0, 0]
					}
				},
				"antenna_right": {
					"rotation": {
						"0.0": [0, 0, 0],
						"0.25": ["5*Math.cos((query.anim_time-0.25) * 90 * 12) * 0.5", 0, 0],
						"0.9583": ["5*Math.cos((query.anim_time-0.25) * 90 * 12) * 0.5", 0, 0],
						"1.25": [0, 0, 0]
					}
				},
				"right_claw": {
					"rotation": {
						"0.0": {
							"post": [0, 0, 0],
							"lerp_mode": "catmullrom"
						},
						"0.25": {
							"post": [0, 0, 32.5],
							"lerp_mode": "catmullrom"
						},
						"0.9583": {
							"post": [0, 0, 32.5],
							"lerp_mode": "catmullrom"
						},
						"1.25": {
							"post": [0, 0, 0],
							"lerp_mode": "catmullrom"
						}
					}
				},
				"left_claw": {
					"rotation": {
						"0.0": {
							"post": [0, 0, 0],
							"lerp_mode": "catmullrom"
						},
						"0.25": {
							"post": [0, 0, -32.5],
							"lerp_mode": "catmullrom"
						},
						"0.9583": {
							"post": [0, 0, -32.5],
							"lerp_mode": "catmullrom"
						},
						"1.25": {
							"post": [0, 0, 0],
							"lerp_mode": "catmullrom"
						}
					}
				},
				"top_left_petal": {
					"rotation": {
						"0.0": [0, 0, 0],
						"0.25": ["5*Math.cos((query.anim_time-0.25) * 90 * 12) * 0.5", 0, 0],
						"0.9583": ["5*Math.cos((query.anim_time-0.25) * 90 * 12) * 0.5", 0, 0],
						"1.25": [0, 0, 0]
					}
				},
				"top_right_petal": {
					"rotation": {
						"0.0": [0, 0, 0],
						"0.25": ["5*Math.cos((query.anim_time-0.25) * 90 * 12) * 0.5", 0, 0],
						"0.9583": ["5*Math.cos((query.anim_time-0.25) * 90 * 12) * 0.5", 0, 0],
						"1.25": [0, 0, 0]
					}
				},
				"bottom_right_petal": {
					"rotation": {
						"0.0": [0, 0, 0],
						"0.25": ["5*Math.cos((query.anim_time-0.25) * 90 * 12) * 0.5", 0, 0],
						"0.9583": ["5*Math.cos((query.anim_time-0.25) * 90 * 12) * 0.5", 0, 0],
						"1.25": [0, 0, 0]
					}
				},
				"bottom_left_petal": {
					"rotation": {
						"0.0": [0, 0, 0],
						"0.25": ["5*Math.cos((query.anim_time-0.25) * 90 * 12) * 0.5", 0, 0],
						"0.9583": ["5*Math.cos((query.anim_time-0.25) * 90 * 12) * 0.5", 0, 0],
						"1.25": [0, 0, 0]
					}
				},
				"right_skirt": {
					"rotation": {
						"0.0": [0, 0, 0],
						"0.25": [0, 0, "5*Math.cos((query.anim_time-0.5) * 90 * 12) * 0.5"],
						"0.9583": [0, 0, "5*Math.cos((query.anim_time-0.5) * 90 * 12) * 0.5"],
						"1.25": [0, 0, 0]
					}
				},
				"left_skirt": {
					"rotation": {
						"0.0": [0, 0, 0],
						"0.25": [0, 0, "-5*Math.cos((query.anim_time-0.5) * 90 * 12) * 0.5"],
						"0.9583": [0, 0, "-5*Math.cos((query.anim_time-0.5) * 90 * 12) * 0.5"],
						"1.25": [0, 0, 0]
					}
				}
			},
			"sound_effects": {
				"0.0": {
					"effect": "pokemon.lurantis.cry"
				}
			}
		},
		"animation.lurantis.blink": {
			"animation_length": 0.2083,
			"bones": {
				"left_eye_open": {
					"position": {
						"0.0": [0, 0, 0.1],
						"0.125": [0, 0, 0.1],
						"0.1667": [0, 0, 0]
					}
				},
				"left_eye_closed": {
					"position": {
						"0.0": [0, 0, -0.1],
						"0.125": [0, 0, -0.1],
						"0.2083": [0, 0, 0]
					}
				},
				"right_eye_open": {
					"position": {
						"0.0": [0, 0, 0.1],
						"0.125": [0, 0, 0.1],
						"0.1667": [0, 0, 0]
					}
				},
				"right_eye_closed": {
					"position": {
						"0.0": [0, 0, -0.1],
						"0.125": [0, 0, -0.1],
						"0.2083": [0, 0, 0]
					}
				}
			}
		},
		"animation.lurantis.flowering": {
			"loop": true,
			"bones": {
				"lurantis": {
					"position": [0, -7, 0]
				},
				"head": {
					"rotation": [-10, 0, 0],
					"position": [0, -2.4, 0],
					"scale": 0.8
				},
				"side_antenna_left": {
					"scale": 0
				},
				"side_antenna_left_bend": {
					"rotation": [0, 0, 7.5]
				},
				"side_antenna_right": {
					"scale": 0
				},
				"side_antenna_right_bend": {
					"rotation": [0, 0, -7.5]
				},
				"left_eye": {
					"scale": 0
				},
				"right_eye": {
					"scale": 0
				},
				"back_antenna_left": {
					"rotation": [0, 35, 0],
					"position": [0, -4, 2.5],
					"scale": 1.3
				},
				"back_antenna_left_bend": {
					"rotation": [-20, 0, 0]
				},
				"back_antenna_right": {
					"rotation": [0, -35, 0],
					"position": [0, -4, 2.5],
					"scale": 1.3
				},
				"back_antenna_right_bend": {
					"rotation": [-20, 0, 0]
				},
				"antenna_left": {
					"rotation": [-7.5, 0, 12.5]
				},
				"antenna_left_bend": {
					"rotation": [-17.5, 0, 0]
				},
				"antenna_right": {
					"rotation": [-7.5, 0, -12.5]
				},
				"antenna_right_bend": {
					"rotation": [-17.5, 0, 0]
				},
				"right_arm": {
					"rotation": [0, 0, -110]
				},
				"right_elbow": {
					"rotation": [0, 0, 132.5]
				},
				"right_claw": {
					"rotation": [0, 0, -22.5],
					"position": [1, 1, 0]
				},
				"right_claw_bend": {
					"rotation": [0, 0, -12.5]
				},
				"left_arm": {
					"rotation": [0, 0, 110]
				},
				"left_elbow": {
					"rotation": [0, 0, -132.5]
				},
				"left_claw": {
					"rotation": [0, 0, 22.5],
					"position": [-1, 1, 0]
				},
				"left_claw_bend": {
					"rotation": [0, 0, 12.5]
				},
				"back_petals": {
					"rotation": [80, 0, 0],
					"position": [0, 2, -0.75]
				},
				"top_left_petal": {
					"scale": 0
				},
				"top_right_petal": {
					"scale": 0
				},
				"bottom_right_petal": {
					"rotation": [40, 0, 0],
					"scale": [2, 1, 1]
				},
				"bottom_left_petal": {
					"rotation": [40, 0, 0],
					"scale": [2, 1, 1]
				},
				"butt": {
					"position": [0, 3, 0]
				},
				"butt_bend": {
					"rotation": [-35, 0, 0],
					"position": [0, -0.1, 0]
				},
				"left_leg": {
					"position": [-1, 0, 0]
				},
				"left_knee": {
					"position": [0, 3.9, 0]
				},
				"left_foot": {
					"rotation": [180, 0, 0]
				},
				"right_leg": {
					"position": [1, 0, 0]
				},
				"right_knee": {
					"position": [0, 3.9, 0]
				},
				"right_foot": {
					"rotation": [180, 0, 0]
				},
				"right_skirt": {
					"rotation": [0, -15, -35]
				},
				"right_skirt_bend": {
					"rotation": [0, 0, -30]
				},
				"left_skirt": {
					"rotation": [0, 15, 35]
				},
				"left_skirt_bend": {
					"rotation": [0, 0, 30]
				},
				"petals_flowering": {
					"rotation": [20, 0, 0]
				},
				"bottom_right_petal2": {
					"rotation": [-40, 0, 0],
					"scale": [2, 1, 1]
				},
				"bottom_left_petal2": {
					"rotation": [-40, 0, 0],
					"scale": [2, 1, 1]
				},
				"bottom_left_petal2_bend": {
					"rotation": [-27.5, 0, 0]
				},
				"bottom_right_petal_bend": {
					"rotation": [27.5, 0, 0]
				},
				"bottom_left_petal_bend": {
					"rotation": [27.5, 0, 0]
				},
				"bottom_right_petal2_bend": {
					"rotation": [-27.5, 0, 0]
				},
				"front_antenna_right": {
					"rotation": [0, 35, 0],
					"position": [0, -4, -2.5],
					"scale": 1.3
				},
				"front_antenna_left": {
					"rotation": [0, -35, 0],
					"position": [0, -4, -2.5],
					"scale": 1.3
				},
				"front_antenna_left_bend": {
					"rotation": [20, 0, 0]
				},
				"front_antenna_right_bend": {
					"rotation": [20, 0, 0]
				}
			}
		}
	}
}