{
	"format_version": "1.8.0",
	"animations": {
		"animation.scraggy.ground_idle": {
			"loop": true,
			"bones": {
				"body_bend": {
					"rotation": [5, 0, 0]
				},
				"torso": {
					"rotation": [-5, 0, 0]
				},
				"neck": {
					"rotation": [-5, 0, 0]
				},
				"head": {
					"rotation": [10, 0, 0]
				},
				"spike": {
					"rotation": [-3.28761, 22.22485, 8.37516]
				},
				"arm_right": {
					"rotation": [41.48141, -6.03041, -37.7329]
				},
				"elbow_right": {
					"rotation": [0, -62.5, 0]
				},
				"pants_top": {
					"position": [0, 0, 0]
				},
				"tail": {
					"rotation": [2.5, 0, 0]
				},
				"foot_right": {
					"rotation": [0, 25, 0]
				},
				"foot_left": {
					"rotation": [-5, -25, 0]
				},
				"tail2": {
					"rotation": [16.32668, 3.66209, 9.25334]
				},
				"tail3": {
					"rotation": [-25.99317, -4.51375, 7.36953]
				},
				"tail4": {
					"rotation": [-15, 0, 0]
				},
				"tail5": {
					"rotation": [25, 0, 0]
				},
				"hand_right": {
					"rotation": [0, 0, -17.5]
				},
				"arm_left": {
					"rotation": [49.50022, 8.7942, 32.54167]
				},
				"elbow_left": {
					"rotation": [0, 72.5, 0]
				},
				"hand_left": {
					"rotation": [0, 0, 7.5]
				}
			}
		},
		"animation.scraggy.blink": {
			"animation_length": 0.1667,
			"bones": {
				"eyelid_right": {
					"position": {
						"0.0": [-0.1, 0, -0.1],
						"0.125": [-0.1, 0, -0.1],
						"0.1667": [0, 0, 0]
					}
				},
				"eyelid_left": {
					"position": {
						"0.0": [0.1, 0, -0.1],
						"0.125": [0.1, 0, -0.1],
						"0.1667": [0, 0, 0]
					}
				}
			}
		},
		"animation.scraggy.mouth": {
			"loop": true,
			"bones": {
				"mouth": {
					"position": [0, 0, -0.1]
				}
			}
		},
		"animation.scraggy.mouth2": {
			"loop": true,
			"bones": {
				"mouth": {
					"position": [0, 0, -0.1]
				},
				"mouth2": {
					"position": [0, 0, -0.1]
				}
			}
		}
	}
}