{
	"format_version": "1.12.0",
	"minecraft:geometry": [
		{
			"description": {
				"identifier": "geometry.brionne",
				"texture_width": 64,
				"texture_height": 64,
				"visible_bounds_width": 4,
				"visible_bounds_height": 3.5,
				"visible_bounds_offset": [0, 1.25, 0]
			},
			"bones": [
				{
					"name": "brionne",
					"pivot": [0, 0, 0]
				},
				{
					"name": "body",
					"parent": "brionne",
					"pivot": [0, 15, 1]
				},
				{
					"name": "torso",
					"parent": "body",
					"pivot": [0, 19, 0],
					"cubes": [
						{"origin": [-3.5, 9.5, -3.5], "size": [7, 8, 7], "uv": [0, 16]}
					]
				},
				{
					"name": "arms",
					"parent": "torso",
					"pivot": [0, 17.5, 0.25]
				},
				{
					"name": "arm_left",
					"parent": "arms",
					"pivot": [3.5, 17.5, 0.25],
					"cubes": [
						{"origin": [3.5, 17.5, -1.75], "size": [4, 0, 4], "uv": [36, 35]}
					]
				},
				{
					"name": "arm_left2",
					"parent": "arm_left",
					"pivot": [7.5, 17.5, 2.25],
					"cubes": [
						{"origin": [7.5, 17.5, -2.25], "size": [6, 0, 5], "inflate": 0.01, "uv": [35, 43]}
					]
				},
				{
					"name": "arm_left3",
					"parent": "arm_left2",
					"pivot": [13.5, 17.5, 2.75],
					"cubes": [
						{"origin": [13.5, 17.5, -2.25], "size": [3, 0, 5], "uv": [18, 59]}
					]
				},
				{
					"name": "hand_left",
					"parent": "arm_left3",
					"pivot": [16.5, 17.5, -2.25],
					"cubes": [
						{"origin": [16.5, 17.5, -2.25], "size": [2, 0, 5], "uv": [55, 19]}
					]
				},
				{
					"name": "arm_right",
					"parent": "arms",
					"pivot": [-3.5, 17.5, 0.25],
					"cubes": [
						{"origin": [-7.5, 17.5, -1.75], "size": [4, 0, 4], "uv": [36, 39], "mirror": true}
					]
				},
				{
					"name": "arm_right2",
					"parent": "arm_right",
					"pivot": [-7.5, 17.5, 2.25],
					"cubes": [
						{"origin": [-13.5, 17.5, -2.25], "size": [6, 0, 5], "inflate": 0.01, "uv": [47, 44], "mirror": true}
					]
				},
				{
					"name": "arm_right3",
					"parent": "arm_right2",
					"pivot": [-13.5, 17.5, 2.75],
					"cubes": [
						{"origin": [-16.5, 17.5, -2.25], "size": [3, 0, 5], "uv": [24, 59], "mirror": true}
					]
				},
				{
					"name": "hand_right",
					"parent": "arm_right3",
					"pivot": [-16.5, 17.5, -2.25],
					"cubes": [
						{"origin": [-18.5, 17.5, -2.25], "size": [2, 0, 5], "uv": [45, 35], "mirror": true}
					]
				},
				{
					"name": "neck",
					"parent": "torso",
					"pivot": [0, 17.5, 0],
					"cubes": [
						{"origin": [-3, 16, -3], "size": [6, 5, 6], "uv": [28, 13]}
					]
				},
				{
					"name": "head",
					"parent": "neck",
					"pivot": [0, 21, 0],
					"cubes": [
						{"origin": [-4, 19, -4], "size": [8, 8, 8], "uv": [0, 0]}
					]
				},
				{
					"name": "blush_left",
					"parent": "head",
					"pivot": [3.91, 20.5, -0.25],
					"cubes": [
						{"origin": [3.91, 20, -1.25], "size": [0, 1, 2], "uv": [35, 59]}
					]
				},
				{
					"name": "blush_right",
					"parent": "head",
					"pivot": [-3.91, 20.5, -0.25],
					"cubes": [
						{"origin": [-3.91, 20, -1.25], "size": [0, 1, 2], "uv": [35, 60], "mirror": true}
					]
				},
				{
					"name": "eyes",
					"parent": "head",
					"pivot": [0, 23.5, -3]
				},
				{
					"name": "eye_left",
					"parent": "eyes",
					"pivot": [3.01, 22.5, -3.01],
					"cubes": [
						{"origin": [2.01, 23.5, -4.01], "size": [2, 1, 1], "uv": [0, 62]},
						{"origin": [2.02, 21, -4.02], "size": [2, 3, 2], "uv": [0, 55]}
					]
				},
				{
					"name": "eye_angry_left",
					"parent": "eye_left",
					"pivot": [3.41, 23.5, -3.43],
					"cubes": [
						{"origin": [1.92, 22.5, -3.93], "size": [1, 2, 0], "inflate": 0.01, "uv": [32, 14]},
						{"origin": [2.92, 23, -3.93], "size": [1, 2, 1], "inflate": 0.01, "uv": [30, 16]},
						{"origin": [2.92, 23.5, -3.94], "size": [1, 1, 0], "inflate": 0.01, "uv": [32, 13]}
					]
				},
				{
					"name": "eye_sad_left",
					"parent": "eye_left",
					"pivot": [3.41, 24, -3.43],
					"cubes": [
						{"origin": [3.92, 23, -3.93], "size": [0, 2, 2], "inflate": 0.01, "uv": [21, 14]},
						{"origin": [2.92, 23.5, -3.93], "size": [1, 1, 0], "inflate": 0.01, "uv": [21, 18]}
					]
				},
				{
					"name": "eye_unamused_left",
					"parent": "eye_left",
					"pivot": [3.41, 24, -3.43],
					"cubes": [
						{"origin": [3.92, 23, -3.93], "size": [0, 2, 2], "inflate": 0.01, "uv": [4, -2]},
						{"origin": [1.92, 23, -3.93], "size": [2, 2, 0], "inflate": 0.01, "uv": [0, 0]}
					]
				},
				{
					"name": "pupil_left",
					"parent": "eye_left",
					"pivot": [3.01, 22.75, -4.03],
					"cubes": [
						{"origin": [2.51, 21.75, -4.03], "size": [1, 2, 0], "uv": [0, 60]}
					]
				},
				{
					"name": "eyelid_left",
					"parent": "eye_left",
					"pivot": [2.92, 23, -2.43],
					"cubes": [
						{"origin": [1.92, 21, -3.93], "size": [2, 4, 3], "inflate": 0.02, "uv": [54, 49]},
						{"origin": [2.92, 20.5, -3.93], "size": [1, 1, 0], "uv": [55, 49]},
						{"origin": [3.92, 20.5, -2.93], "size": [0, 1, 1], "uv": [55, 49]}
					]
				},
				{
					"name": "eyelid_happy_left",
					"parent": "eye_left",
					"pivot": [2.92, 23, -2.43],
					"cubes": [
						{"origin": [1.92, 20.5, -3.93], "size": [2, 4, 3], "inflate": 0.02, "uv": [40, 1]}
					]
				},
				{
					"name": "eyelid_recoil_left",
					"parent": "eye_left",
					"pivot": [2.92, 23, -2.43],
					"cubes": [
						{"origin": [1.92, 21, -3.93], "size": [2, 4, 3], "inflate": 0.02, "uv": [40, 55]},
						{"origin": [2.92, 22.5, -3.95], "size": [1, 1, 0], "inflate": 0.01, "uv": [35, 59]},
						{"origin": [3.94, 23.5, -2.95], "size": [0, 1, 1], "inflate": 0.01, "uv": [35, 59]}
					]
				},
				{
					"name": "eye_right",
					"parent": "eyes",
					"pivot": [-3.01, 22.5, -3.01],
					"cubes": [
						{"origin": [-4.01, 23.5, -4.01], "size": [2, 1, 1], "uv": [4, 60], "mirror": true},
						{"origin": [-4.02, 21, -4.02], "size": [2, 3, 2], "uv": [8, 55], "mirror": true}
					]
				},
				{
					"name": "eye_angry_right",
					"parent": "eye_right",
					"pivot": [-3.41, 23.5, -3.43],
					"cubes": [
						{"origin": [-2.92, 22.5, -3.93], "size": [1, 2, 0], "inflate": 0.01, "uv": [26, 19], "mirror": true},
						{"origin": [-3.92, 23, -3.93], "size": [1, 2, 1], "inflate": 0.01, "uv": [26, 16], "mirror": true},
						{"origin": [-3.92, 23.5, -3.94], "size": [1, 1, 0], "inflate": 0.01, "uv": [29, 16], "mirror": true}
					]
				},
				{
					"name": "eye_sad_right",
					"parent": "eye_right",
					"pivot": [-3.41, 24, -3.43],
					"cubes": [
						{"origin": [-3.92, 23, -3.93], "size": [0, 2, 2], "inflate": 0.01, "uv": [21, 17], "mirror": true},
						{"origin": [-3.92, 23.5, -3.93], "size": [1, 1, 0], "inflate": 0.01, "uv": [23, 18], "mirror": true}
					]
				},
				{
					"name": "eye_unamused_right",
					"parent": "eye_right",
					"pivot": [-3.41, 24, -3.43],
					"cubes": [
						{"origin": [-3.92, 23, -3.93], "size": [0, 2, 2], "inflate": 0.01, "uv": [0, 16], "mirror": true},
						{"origin": [-3.92, 23, -3.93], "size": [2, 2, 0], "inflate": 0.01, "uv": [0, 16], "mirror": true}
					]
				},
				{
					"name": "pupil_right",
					"parent": "eye_right",
					"pivot": [-2.76, 22.75, -4.03],
					"cubes": [
						{"origin": [-3.26, 21.75, -4.03], "size": [1, 2, 0], "uv": [2, 60], "mirror": true}
					]
				},
				{
					"name": "eyelid_right",
					"parent": "eye_right",
					"pivot": [-2.92, 23, -2.43],
					"cubes": [
						{"origin": [-3.92, 21, -3.93], "size": [2, 4, 3], "inflate": 0.02, "uv": [54, 56], "mirror": true},
						{"origin": [-3.92, 20.5, -3.93], "size": [1, 1, 0], "uv": [61, 49], "mirror": true},
						{"origin": [-3.92, 20.5, -2.93], "size": [0, 1, 1], "uv": [61, 49], "mirror": true}
					]
				},
				{
					"name": "eyelid_happy_right",
					"parent": "eye_right",
					"pivot": [-2.92, 23, -2.43],
					"cubes": [
						{"origin": [-3.92, 20.5, -3.93], "size": [2, 4, 3], "inflate": 0.02, "uv": [13, 57], "mirror": true}
					]
				},
				{
					"name": "eyelid_recoil_right",
					"parent": "eye_right",
					"pivot": [-2.92, 23, -2.43],
					"cubes": [
						{"origin": [-3.92, 21, -3.93], "size": [2, 4, 3], "inflate": 0.02, "uv": [40, 48], "mirror": true},
						{"origin": [-3.92, 22.5, -3.95], "size": [1, 1, 0], "inflate": 0.01, "uv": [37, 59], "mirror": true},
						{"origin": [-3.94, 23.5, -2.95], "size": [0, 1, 1], "inflate": 0.01, "uv": [37, 59], "mirror": true}
					]
				},
				{
					"name": "muzzle",
					"parent": "head",
					"pivot": [0, 23.5, -4],
					"rotation": [5, 0, 0],
					"cubes": [
						{"origin": [-2, 19.5, -7], "size": [4, 4, 3], "uv": [24, 1]}
					]
				},
				{
					"name": "mouth",
					"parent": "muzzle",
					"pivot": [0, 20.5, -6.3],
					"cubes": [
						{"origin": [-1.5, 20.49, -6.3], "size": [3, 0, 2], "uv": [19, 21]}
					]
				},
				{
					"name": "teeth_left",
					"parent": "mouth",
					"pivot": [0.8, 20.48, -6.3],
					"rotation": [-20, 0, 0],
					"cubes": [
						{"origin": [0.33, 20.48, -6.82], "size": [1, 0, 1], "pivot": [0.8, 20.48, -6.3], "rotation": [0, 45, 0], "uv": [27, 24]}
					]
				},
				{
					"name": "teeth_right",
					"parent": "mouth",
					"pivot": [-0.8, 20.48, -6.3],
					"rotation": [-20, 0, 0],
					"cubes": [
						{"origin": [-1.33, 20.48, -6.82], "size": [1, 0, 1], "pivot": [-0.8, 20.48, -6.3], "rotation": [0, -45, 0], "uv": [27, 25], "mirror": true}
					]
				},
				{
					"name": "muzzle2",
					"parent": "muzzle",
					"pivot": [0, 20.5, -7],
					"rotation": [-5, 0, 0],
					"cubes": [
						{"origin": [-1.5, 20.5, -9], "size": [3, 3, 2], "uv": [32, 8]}
					]
				},
				{
					"name": "nose",
					"parent": "muzzle2",
					"pivot": [0, 23, -8.5],
					"cubes": [
						{"origin": [-1, 22.5, -10.5], "size": [2, 2, 2], "inflate": 0.1, "uv": [20, 31]}
					]
				},
				{
					"name": "ear_left",
					"parent": "head",
					"pivot": [3.25, 26.25, 0.5],
					"rotation": [-10, -10, 45],
					"cubes": [
						{"origin": [2.25, 25.6, 0], "size": [2, 3, 2], "inflate": -0.1, "uv": [0, 3]}
					]
				},
				{
					"name": "ear_left2",
					"parent": "ear_left",
					"pivot": [3.25, 28.7, 1],
					"cubes": [
						{"origin": [2.25, 28.7, 0], "size": [2, 2, 2], "inflate": 0.2, "uv": [35, 0]}
					]
				},
				{
					"name": "ear_left3",
					"parent": "ear_left2",
					"pivot": [3.25, 30.8, 1],
					"cubes": [
						{"origin": [1.75, 30.8, -0.5], "size": [3, 3, 3], "uv": [52, 1]}
					]
				},
				{
					"name": "ear_right",
					"parent": "head",
					"pivot": [-3.25, 26.25, 0.5],
					"rotation": [-10, 10, -45],
					"cubes": [
						{"origin": [-4.25, 25.6, 0], "size": [2, 3, 2], "inflate": -0.1, "uv": [28, 24], "mirror": true}
					]
				},
				{
					"name": "ear_right2",
					"parent": "ear_right",
					"pivot": [-3.25, 28.7, 1],
					"cubes": [
						{"origin": [-4.25, 28.7, 0], "size": [2, 2, 2], "inflate": 0.2, "uv": [47, 0], "mirror": true}
					]
				},
				{
					"name": "ear_right3",
					"parent": "ear_right2",
					"pivot": [-3.25, 30.8, 1],
					"cubes": [
						{"origin": [-4.75, 30.8, -0.5], "size": [3, 3, 3], "uv": [50, 7], "mirror": true}
					]
				},
				{
					"name": "ruff",
					"parent": "torso",
					"pivot": [0, 16, 0.5]
				},
				{
					"name": "ruff_front",
					"parent": "ruff",
					"pivot": [0, 16.5, -3.5],
					"rotation": [55, 0, 0],
					"cubes": [
						{"origin": [-5, 16.5, -7.5], "size": [10, 0, 4], "uv": [-4, 31]}
					]
				},
				{
					"name": "ruff_back",
					"parent": "ruff",
					"pivot": [0, 16.5, 3.5],
					"rotation": [-50, 0, 0],
					"cubes": [
						{"origin": [-5, 16.5, 3.5], "size": [10, 0, 4], "uv": [-4, 35]}
					]
				},
				{
					"name": "ruff_left",
					"parent": "ruff",
					"pivot": [3.5, 16.5, 0],
					"rotation": [0, -90, 55],
					"cubes": [
						{"origin": [-1.5, 16.5, -4], "size": [10, 0, 4], "uv": [16, 35], "mirror": true}
					]
				},
				{
					"name": "ruff_right",
					"parent": "ruff",
					"pivot": [-3.5, 16.5, 0],
					"rotation": [0, 90, -55],
					"cubes": [
						{"origin": [-8.5, 16.5, -4], "size": [10, 0, 4], "uv": [16, 39]}
					]
				},
				{
					"name": "ruff2",
					"parent": "torso",
					"pivot": [0, 13.5, 0.5]
				},
				{
					"name": "ruff_front2",
					"parent": "ruff2",
					"pivot": [0, 14, -3.5],
					"rotation": [55, 0, 0],
					"cubes": [
						{"origin": [-5, 14, -7.5], "size": [10, 0, 4], "uv": [-4, 39]}
					]
				},
				{
					"name": "ruff_back2",
					"parent": "ruff2",
					"pivot": [0, 14, 3.5],
					"rotation": [-50, 0, 0],
					"cubes": [
						{"origin": [-5, 14, 3.5], "size": [10, 0, 4], "uv": [-4, 43]}
					]
				},
				{
					"name": "ruff_left2",
					"parent": "ruff2",
					"pivot": [3.5, 14, 0],
					"rotation": [0, -90, 55],
					"cubes": [
						{"origin": [-1.5, 14, -4], "size": [10, 0, 4], "uv": [16, 43], "mirror": true}
					]
				},
				{
					"name": "ruff_right2",
					"parent": "ruff2",
					"pivot": [-3.5, 14, 0],
					"rotation": [0, 90, -55],
					"cubes": [
						{"origin": [-8.5, 14, -4], "size": [10, 0, 4], "uv": [16, 47]}
					]
				},
				{
					"name": "ruff3",
					"parent": "torso",
					"pivot": [0, 11, 0.5]
				},
				{
					"name": "ruff_front3",
					"parent": "ruff3",
					"pivot": [0, 11.5, -3.5],
					"rotation": [55, 0, 0],
					"cubes": [
						{"origin": [-5, 11.5, -7.5], "size": [10, 0, 4], "uv": [-4, 47]}
					]
				},
				{
					"name": "ruff_back3",
					"parent": "ruff3",
					"pivot": [0, 11.5, 3.5],
					"rotation": [-50, 0, 0],
					"cubes": [
						{"origin": [-5, 11.5, 3.5], "size": [10, 0, 4], "uv": [-4, 51]}
					]
				},
				{
					"name": "ruff_left3",
					"parent": "ruff3",
					"pivot": [3.5, 11.5, 0],
					"rotation": [0, -90, 55],
					"cubes": [
						{"origin": [-1.5, 11.5, -4], "size": [10, 0, 4], "uv": [16, 51], "mirror": true}
					]
				},
				{
					"name": "ruff_right3",
					"parent": "ruff3",
					"pivot": [-3.5, 11.5, 0],
					"rotation": [0, 90, -55],
					"cubes": [
						{"origin": [-8.5, 11.5, -4], "size": [10, 0, 4], "uv": [16, 55]}
					]
				},
				{
					"name": "tail",
					"parent": "torso",
					"pivot": [0, 9.5, 0],
					"cubes": [
						{"origin": [-3, 6, -2.75], "size": [6, 5, 6], "inflate": 0.01, "uv": [30, 24]}
					]
				},
				{
					"name": "tail2",
					"parent": "tail",
					"pivot": [0, 6, 0.75],
					"cubes": [
						{"origin": [-2, 3, -1.25], "size": [4, 4, 4], "inflate": 0.01, "uv": [48, 20]}
					]
				},
				{
					"name": "tail3",
					"parent": "tail2",
					"pivot": [0, 3, 0.75],
					"cubes": [
						{"origin": [-1.5, 1, -0.75], "size": [3, 3, 3], "uv": [46, 13]}
					]
				},
				{
					"name": "tail_end",
					"parent": "tail3",
					"pivot": [0, 1, 0.75]
				},
				{
					"name": "tail_left",
					"parent": "tail_end",
					"pivot": [1.25, 1.5, 0.75],
					"rotation": [0, 0, -40],
					"cubes": [
						{"origin": [-1.25, -6, 0.75], "size": [5, 8, 0], "uv": [54, 28]}
					]
				},
				{
					"name": "tail_right",
					"parent": "tail_end",
					"pivot": [-1.25, 1.5, 0.75],
					"rotation": [0, 0, 40],
					"cubes": [
						{"origin": [-3.75, -6, 0.75], "size": [5, 8, 0], "inflate": 0.01, "uv": [54, 36]}
					]
				}
			]
		}
	]
}