{
	"format_version": "1.12.0",
	"minecraft:geometry": [
		{
			"description": {
				"identifier": "geometry.mamoswine_male",
				"texture_width": 256,
				"texture_height": 256,
				"visible_bounds_width": 6,
				"visible_bounds_height": 5.5,
				"visible_bounds_offset": [0, 2.25, 0]
			},
			"bones": [
				{
					"name": "mamoswine",
					"pivot": [0, 0, 0]
				},
				{
					"name": "body",
					"parent": "mamoswine",
					"pivot": [0, 0, 0]
				},
				{
					"name": "waist",
					"parent": "body",
					"pivot": [0, 19.5, 18]
				},
				{
					"name": "torso",
					"parent": "waist",
					"pivot": [0, 19.5, 18],
					"cubes": [
						{"origin": [-19, 10.29237, 5.48457], "size": [38, 40, 19], "uv": [0, 79]},
						{"origin": [-19, 10.29237, 0.48457], "size": [38, 40, 5], "uv": [14, 93]}
					]
				},
				{
					"name": "chest",
					"parent": "torso",
					"pivot": [0, 30.5, 5],
					"rotation": [-2.5, 0, 0],
					"cubes": [
						{"origin": [-20, 9.29237, -27.51543], "size": [40, 46, 33], "uv": [0, 0]}
					]
				},
				{
					"name": "goggles",
					"parent": "chest",
					"pivot": [0, 42.79237, -28.02543],
					"rotation": [-5, 0, 0],
					"cubes": [
						{"origin": [-19, 34.29237, -29.01543], "size": [16, 17, 3], "uv": [160, 197]},
						{"origin": [3, 34.29237, -29.01543], "size": [16, 17, 3], "uv": [194, 17]},
						{"origin": [-3, 36.29237, -29.01543], "size": [6, 13, 3], "uv": [0, 79]}
					]
				},
				{
					"name": "eye_left",
					"parent": "goggles",
					"pivot": [10.75, 43.29237, -27.52543],
					"rotation": [0, 0, -17.5],
					"cubes": [
						{"origin": [7, 39.79237, -29.02543], "size": [8, 7, 1], "uv": [198, 122]}
					]
				},
				{
					"name": "pupil_left",
					"parent": "eye_left",
					"pivot": [9.5, 44.7924, -29.0254],
					"cubes": [
						{"origin": [9, 43.79237, -29.02543], "size": [1, 2, 1], "inflate": 0.01, "uv": [28, 0]}
					]
				},
				{
					"name": "eyelid_left",
					"parent": "eye_left",
					"pivot": [10.75, 43.29237, -27.42543],
					"cubes": [
						{"origin": [7, 39.79237, -28.92543], "size": [8, 7, 1], "inflate": 0.02, "uv": [106, 184]}
					]
				},
				{
					"name": "eyelid_unamused_left",
					"parent": "eye_left",
					"pivot": [10.75, 43.29237, -27.52543],
					"cubes": [
						{"origin": [7, 39.79237, -28.92543], "size": [8, 7, 0], "inflate": 0.02, "uv": [0, 145]}
					]
				},
				{
					"name": "eyelid_angry_left",
					"parent": "eye_left",
					"pivot": [10.75, 43.29237, -27.42543],
					"cubes": [
						{"origin": [7, 39.79237, -28.92543], "size": [8, 7, 0], "inflate": 0.02, "uv": [0, 138]}
					]
				},
				{
					"name": "eyelid_sad_left",
					"parent": "eye_left",
					"pivot": [10.75, 43.29237, -27.42543],
					"cubes": [
						{"origin": [7, 39.79237, -28.92543], "size": [8, 7, 0], "inflate": 0.02, "uv": [114, 114]}
					]
				},
				{
					"name": "eyelid_happy_left",
					"parent": "eye_left",
					"pivot": [10.75, 43.29237, -27.52543],
					"cubes": [
						{"origin": [7, 39.79237, -28.92543], "size": [8, 7, 0], "inflate": 0.02, "uv": [114, 107]}
					]
				},
				{
					"name": "eyelid_recoil_left",
					"parent": "eye_left",
					"pivot": [10.75, 43.29237, -27.52543],
					"cubes": [
						{"origin": [7, 39.79237, -28.92543], "size": [8, 7, 0], "inflate": 0.02, "uv": [113, 86]}
					]
				},
				{
					"name": "eye_right",
					"parent": "goggles",
					"pivot": [-10.75, 43.29237, -27.52543],
					"rotation": [0, 0, 17.5],
					"cubes": [
						{"origin": [-15, 39.79237, -29.02543], "size": [8, 7, 1], "uv": [181, 78]}
					]
				},
				{
					"name": "pupil_right",
					"parent": "eye_right",
					"pivot": [-9.5, 44.7924, -29.0254],
					"cubes": [
						{"origin": [-10, 43.79237, -29.02543], "size": [1, 2, 1], "inflate": 0.01, "uv": [0, 28]}
					]
				},
				{
					"name": "eyelid_right",
					"parent": "eye_right",
					"pivot": [-10.75, 43.29237, -27.42543],
					"cubes": [
						{"origin": [-15, 39.79237, -28.92543], "size": [8, 7, 1], "inflate": 0.02, "uv": [146, 135]}
					]
				},
				{
					"name": "eyelid_unamused_right",
					"parent": "eye_right",
					"pivot": [-10.75, 43.29237, -27.52543],
					"cubes": [
						{"origin": [-15, 39.79237, -28.92543], "size": [8, 7, 0], "inflate": 0.02, "uv": [113, 79]}
					]
				},
				{
					"name": "eyelid_angry_right",
					"parent": "eye_right",
					"pivot": [-10.75, 43.29237, -27.42543],
					"cubes": [
						{"origin": [-15, 39.79237, -28.92543], "size": [8, 7, 0], "inflate": 0.02, "uv": [0, 21]}
					]
				},
				{
					"name": "eyelid_sad_right",
					"parent": "eye_right",
					"pivot": [-10.75, 43.29237, -27.42543],
					"cubes": [
						{"origin": [-15, 39.79237, -28.92543], "size": [8, 7, 0], "inflate": 0.02, "uv": [0, 14]}
					]
				},
				{
					"name": "eyelid_happy_right",
					"parent": "eye_right",
					"pivot": [-10.75, 43.29237, -27.52543],
					"cubes": [
						{"origin": [-15, 39.79237, -28.92543], "size": [8, 7, 0], "inflate": 0.02, "uv": [0, 7]}
					]
				},
				{
					"name": "eyelid_recoil_right",
					"parent": "eye_right",
					"pivot": [-10.75, 43.29237, -27.52543],
					"cubes": [
						{"origin": [-15, 39.79237, -28.92543], "size": [8, 7, 0], "inflate": 0.02, "uv": [0, 0]}
					]
				},
				{
					"name": "snout",
					"parent": "chest",
					"pivot": [0, 41.29237, -27.51543],
					"rotation": [12.5, 0, 0]
				},
				{
					"name": "nose",
					"parent": "snout",
					"pivot": [0, 41.29237, -28.51543],
					"cubes": [
						{"origin": [-4, 32.29237, -33.51543], "size": [8, 9, 6], "uv": [194, 54]}
					]
				},
				{
					"name": "fur",
					"parent": "snout",
					"pivot": [0, 41.29237, -30.01543],
					"rotation": [-25, 0, 0],
					"cubes": [
						{"origin": [-10.5, 28.29237, -30.01543], "size": [21, 13, 7], "uv": [148, 171]},
						{"origin": [-14, 23.29237, -27.51543], "size": [28, 17, 0], "pivot": [0, 41.29237, -27.01543], "rotation": [-7.5, 0, 0], "uv": [177, 0]}
					]
				},
				{
					"name": "tusk_right",
					"parent": "chest",
					"pivot": [-13.25, 22.29237, -25.01543],
					"rotation": [47.5, 10, 5],
					"cubes": [
						{"origin": [-18.25, 14.79237, -39.01543], "size": [10, 10, 14], "uv": [42, 171]}
					]
				},
				{
					"name": "tusk_right2",
					"parent": "tusk_right",
					"pivot": [-13.25, 15.79237, -39.01543],
					"rotation": [-47.5, 0, 0],
					"cubes": [
						{"origin": [-17.25, 15.79237, -53.01543], "size": [8, 8, 14], "uv": [0, 185]}
					]
				},
				{
					"name": "tusk_right3",
					"parent": "tusk_right2",
					"pivot": [-13.25, 17.79237, -53.01543],
					"rotation": [-47.5, 0, 0],
					"cubes": [
						{"origin": [-16.25, 17.79237, -67.01543], "size": [6, 6, 14], "uv": [190, 177]}
					]
				},
				{
					"name": "tusk_right4",
					"parent": "tusk_right3",
					"pivot": [-13.25, 18.79237, -67.01543],
					"rotation": [-47.5, 0, 0],
					"cubes": [
						{"origin": [-15.25, 18.79237, -78.01543], "size": [4, 4, 11], "uv": [192, 78]}
					]
				},
				{
					"name": "tusk_left",
					"parent": "chest",
					"pivot": [13.25, 22.29237, -25.01543],
					"rotation": [47.5, -10, -5],
					"cubes": [
						{"origin": [8.25, 14.79237, -39.01543], "size": [10, 10, 14], "uv": [164, 121]}
					]
				},
				{
					"name": "tusk_left2",
					"parent": "tusk_left",
					"pivot": [13.25, 15.79237, -39.01543],
					"rotation": [-47.5, 0, 0],
					"cubes": [
						{"origin": [9.25, 15.79237, -53.01543], "size": [8, 8, 14], "uv": [76, 184]}
					]
				},
				{
					"name": "tusk_left3",
					"parent": "tusk_left2",
					"pivot": [13.25, 17.79237, -53.01543],
					"rotation": [-47.5, 0, 0],
					"cubes": [
						{"origin": [10.25, 17.79237, -67.01543], "size": [6, 6, 14], "uv": [120, 184]}
					]
				},
				{
					"name": "tusk_left4",
					"parent": "tusk_left3",
					"pivot": [13.25, 18.79237, -67.01543],
					"rotation": [-47.5, 0, 0],
					"cubes": [
						{"origin": [11.25, 18.79237, -78.01543], "size": [4, 4, 11], "uv": [162, 78]}
					]
				},
				{
					"name": "tail",
					"parent": "torso",
					"pivot": [0, 32.29237, 24.48457],
					"cubes": [
						{"origin": [0, 26.79237, 19.48457], "size": [0, 9, 12], "uv": [48, 126]}
					]
				},
				{
					"name": "front_legs_chest",
					"parent": "waist",
					"pivot": [0, 30.5, 5]
				},
				{
					"name": "leg_front_left",
					"parent": "front_legs_chest",
					"pivot": [15, 22, -13],
					"cubes": [
						{"origin": [7, 16, -21], "size": [16, 12, 16], "inflate": 0.01, "uv": [98, 135]}
					]
				},
				{
					"name": "knee_front_left",
					"parent": "leg_front_left",
					"pivot": [15, 16, -21],
					"cubes": [
						{"origin": [7, 6, -21], "size": [16, 10, 16], "uv": [146, 28]},
						{"origin": [22.5, 6, -21], "size": [3, 0, 16], "pivot": [23, 6, -13], "rotation": [0, 0, 15], "uv": [91, 79]},
						{"origin": [4.5, 6, -21], "size": [3, 0, 16], "pivot": [7, 6, -13], "rotation": [0, 0, -15], "uv": [79, 79]},
						{"origin": [7, 6, -5.5], "size": [16, 0, 3], "pivot": [15, 6, -5], "rotation": [-15, 0, 0], "uv": [159, 114]},
						{"origin": [7, 6, -23.5], "size": [16, 0, 3], "pivot": [15, 6, -21], "rotation": [15, 0, 0], "uv": [45, 147]}
					]
				},
				{
					"name": "foot_front_left",
					"parent": "knee_front_left",
					"pivot": [15, 6.5, -13],
					"cubes": [
						{"origin": [8, 0, -20], "size": [14, 7, 14], "uv": [164, 93]},
						{"origin": [9, 0, -23], "size": [12, 5, 3], "uv": [198, 114]}
					]
				},
				{
					"name": "leg_front_right",
					"parent": "front_legs_chest",
					"pivot": [-15, 22, -13],
					"cubes": [
						{"origin": [-23, 16, -21], "size": [16, 12, 16], "inflate": 0.01, "uv": [114, 79]}
					]
				},
				{
					"name": "knee_front_right",
					"parent": "leg_front_right",
					"pivot": [-15, 16, -21],
					"cubes": [
						{"origin": [-23, 6, -21], "size": [16, 10, 16], "uv": [0, 138]},
						{"origin": [-25.5, 6, -21], "size": [3, 0, 16], "pivot": [-23, 6, -13], "rotation": [0, 0, -15], "uv": [6, 16]},
						{"origin": [-7.5, 6, -21], "size": [3, 0, 16], "pivot": [-7, 6, -13], "rotation": [0, 0, 15], "uv": [0, 16]},
						{"origin": [-23, 6, -5.5], "size": [16, 0, 3], "pivot": [-15, 6, -5], "rotation": [-15, 0, 0], "uv": [69, 144]},
						{"origin": [-23, 6, -23.5], "size": [16, 0, 3], "pivot": [-15, 6, -21], "rotation": [15, 0, 0], "uv": [69, 141]}
					]
				},
				{
					"name": "foot_front_right",
					"parent": "knee_front_right",
					"pivot": [-15, 6.5, -13],
					"cubes": [
						{"origin": [-22, 0, -20], "size": [14, 7, 14], "uv": [92, 163]},
						{"origin": [-21, 0, -23], "size": [12, 5, 3], "uv": [194, 153]}
					]
				},
				{
					"name": "leg_back_left",
					"parent": "body",
					"pivot": [14, 22, 18],
					"cubes": [
						{"origin": [6, 14, 10], "size": [16, 12, 16], "inflate": 0.01, "uv": [114, 107]}
					]
				},
				{
					"name": "knee_back_left",
					"parent": "leg_back_left",
					"pivot": [14, 14, 10],
					"cubes": [
						{"origin": [6, 6, 10], "size": [16, 8, 16], "uv": [146, 147]},
						{"origin": [21.5, 6, 10], "size": [3, 0, 16], "pivot": [22, 6, 18], "rotation": [0, 0, 15], "uv": [97, 0]},
						{"origin": [3.5, 6, 10], "size": [3, 0, 16], "pivot": [6, 6, 18], "rotation": [0, 0, -15], "uv": [85, 79]},
						{"origin": [6, 6, 25.5], "size": [16, 0, 3], "pivot": [14, 6, 26], "rotation": [-15, 0, 0], "uv": [159, 117]},
						{"origin": [6, 6, 7.5], "size": [16, 0, 3], "pivot": [14, 6, 10], "rotation": [15, 0, 0], "uv": [77, 147]}
					]
				},
				{
					"name": "foot_back_left",
					"parent": "knee_back_left",
					"pivot": [15, 6.5, 18],
					"cubes": [
						{"origin": [7, 0, 11], "size": [14, 7, 14], "uv": [0, 164]},
						{"origin": [8, 0, 8], "size": [12, 5, 3], "uv": [44, 195]}
					]
				},
				{
					"name": "leg_back_right",
					"parent": "body",
					"pivot": [-14, 22, 18],
					"cubes": [
						{"origin": [-22, 14, 10], "size": [16, 12, 16], "inflate": 0.01, "uv": [113, 0]}
					]
				},
				{
					"name": "knee_back_right",
					"parent": "leg_back_right",
					"pivot": [-14, 14, 10],
					"cubes": [
						{"origin": [-22, 6, 10], "size": [16, 8, 16], "uv": [146, 54]},
						{"origin": [-24.5, 6, 10], "size": [3, 0, 16], "pivot": [-22, 6, 18], "rotation": [0, 0, -15], "uv": [6, 0]},
						{"origin": [-6.5, 6, 10], "size": [3, 0, 16], "pivot": [-6, 6, 18], "rotation": [0, 0, 15], "uv": [0, 0]},
						{"origin": [-22, 6, 25.5], "size": [16, 0, 3], "pivot": [-14, 6, 26], "rotation": [-15, 0, 0], "uv": [69, 138]},
						{"origin": [-22, 6, 7.5], "size": [16, 0, 3], "pivot": [-14, 6, 10], "rotation": [15, 0, 0], "uv": [110, 28]}
					]
				},
				{
					"name": "foot_back_right",
					"parent": "knee_back_right",
					"pivot": [-15, 6.5, 18],
					"cubes": [
						{"origin": [-21, 0, 11], "size": [14, 7, 14], "uv": [50, 150]},
						{"origin": [-20, 0, 8], "size": [12, 5, 3], "uv": [194, 145]}
					]
				}
			]
		}
	]
}