{
	"format_version": "1.12.0",
	"minecraft:geometry": [
		{
			"description": {
				"identifier": "geometry.gimmighoul_chest_minecraft",
				"texture_width": 128,
				"texture_height": 64,
				"visible_bounds_width": 3,
				"visible_bounds_height": 3.5,
				"visible_bounds_offset": [0, 1.25, 0]
			},
			"bones": [
				{
					"name": "gimmighoul_chest",
					"pivot": [0, 0, 0]
				},
				{
					"name": "body",
					"parent": "gimmighoul_chest",
					"pivot": [0, 0, 0]
				},
				{
					"name": "chest",
					"parent": "body",
					"pivot": [0, 6.5, 0],
					"cubes": [
						{"origin": [6, 6, -6], "size": [1, 4, 12], "uv": [0, 33]},
						{"origin": [-7, 6, -6], "size": [1, 4, 12], "uv": [14, 37], "mirror": true},
						{"origin": [-7, 6, -7], "size": [14, 4, 1], "uv": [0, 23]},
						{"origin": [-7, 6, 6], "size": [14, 4, 1], "uv": [0, 28]},
						{"origin": [-7, 0, -7], "size": [14, 6, 14], "uv": [18, 0]}
					]
				},
				{
					"name": "chest_lid",
					"parent": "chest",
					"pivot": [0, 10, 7],
					"cubes": [
						{"origin": [-7, 14, -7], "size": [14, 1, 14], "uv": [26, 49]},
						{"origin": [6, 10, -6], "size": [1, 4, 12], "uv": [18, 21]},
						{"origin": [-7, 10, -6], "size": [1, 4, 12], "uv": [32, 33], "mirror": true},
						{"origin": [-7, 10, -7], "size": [14, 4, 1], "uv": [0, 53]},
						{"origin": [-7, 10, 6], "size": [14, 4, 1], "uv": [0, 58]},
						{"origin": [-1, 8, -8], "size": [2, 4, 1], "uv": [10, 13]}
					]
				},
				{
					"name": "gimmighoul_body",
					"parent": "body",
					"pivot": [0, 8.5, 2]
				},
				{
					"name": "torso",
					"parent": "gimmighoul_body",
					"pivot": [0, 3, 2],
					"cubes": [
						{"origin": [-1.5, 3, 1], "size": [3, 6, 2], "inflate": 0.01, "uv": [0, 9]}
					]
				},
				{
					"name": "arms",
					"parent": "torso",
					"pivot": [4, 5.9, 2]
				},
				{
					"name": "arm_left",
					"parent": "arms",
					"pivot": [1.5, 7.7, 2],
					"cubes": [
						{"origin": [1.5, 7.2, 1.5], "size": [3, 1, 1], "uv": [8, 9]}
					]
				},
				{
					"name": "arm_left2",
					"parent": "arm_left",
					"pivot": [4.5, 7.7, 2.5],
					"cubes": [
						{"origin": [4.5, 7.2, 1.5], "size": [3, 1, 1], "inflate": 0.01, "uv": [16, 9]}
					]
				},
				{
					"name": "arm_right",
					"parent": "arms",
					"pivot": [-1.5, 7.7, 2],
					"cubes": [
						{"origin": [-4.5, 7.2, 1.5], "size": [3, 1, 1], "uv": [10, 11], "mirror": true}
					]
				},
				{
					"name": "arm_right2",
					"parent": "arm_right",
					"pivot": [-4.5, 7.7, 2.5],
					"cubes": [
						{"origin": [-7.5, 7.2, 1.5], "size": [3, 1, 1], "inflate": 0.01, "uv": [18, 11], "mirror": true}
					]
				},
				{
					"name": "head",
					"parent": "torso",
					"pivot": [0, 8.5, 2],
					"cubes": [
						{"origin": [-3, 8.5, 0.5], "size": [6, 6, 3], "uv": [0, 0]},
						{"origin": [-1, 11.1, 0.495], "size": [2, 1, 0], "uv": [25, 11]}
					]
				},
				{
					"name": "eyes",
					"parent": "head",
					"pivot": [0, -0.25, 2]
				},
				{
					"name": "eye_left",
					"parent": "eyes",
					"pivot": [1.7, 11.6, 0.49],
					"cubes": [
						{"origin": [0.7, 10.6, 0.49], "size": [2, 2, 0], "uv": [15, 0]}
					]
				},
				{
					"name": "pupil_left",
					"parent": "eye_left",
					"pivot": [1.7, 11.6, 0.48],
					"cubes": [
						{"origin": [1.2, 11.1, 0.48], "size": [1, 1, 0], "uv": [15, 2]}
					]
				},
				{
					"name": "eyelid_left",
					"parent": "eye_left",
					"pivot": [1.7, 11.6, 1.08],
					"cubes": [
						{"origin": [0.7, 10.6, 0.58], "size": [2, 2, 1], "inflate": 0.01, "uv": [23, 0]}
					]
				},
				{
					"name": "eye_right",
					"parent": "eyes",
					"pivot": [-1.7, 11.6, 0.49],
					"cubes": [
						{"origin": [-2.7, 10.6, 0.49], "size": [2, 2, 0], "uv": [19, 0], "mirror": true}
					]
				},
				{
					"name": "pupil_right",
					"parent": "eye_right",
					"pivot": [-1.7, 11.6, 0.48],
					"cubes": [
						{"origin": [-2.2, 11.1, 0.48], "size": [1, 1, 0], "uv": [17, 2], "mirror": true}
					]
				},
				{
					"name": "eyelid_right",
					"parent": "eye_right",
					"pivot": [-1.7, 11.6, 1.08],
					"cubes": [
						{"origin": [-2.7, 10.6, 0.58], "size": [2, 2, 1], "inflate": 0.01, "uv": [18, 2], "mirror": true}
					]
				},
				{
					"name": "mouth",
					"parent": "head",
					"pivot": [1, 9.95, 0.49],
					"rotation": [-3, 0, -30]
				},
				{
					"name": "mouth_closed",
					"parent": "mouth",
					"pivot": [1, 9.95, 0.49],
					"cubes": [
						{"origin": [0, 9.45, 0.49], "size": [2, 1, 0], "uv": [10, 20]}
					]
				},
				{
					"name": "mouth_open",
					"parent": "mouth",
					"pivot": [1, 9.95, 0.59],
					"cubes": [
						{"origin": [0, 9.45, 0.59], "size": [2, 1, 0], "uv": [10, 21]}
					]
				},
				{
					"name": "antennae",
					"parent": "head",
					"pivot": [0, 14.4, 2]
				},
				{
					"name": "antenna_left",
					"parent": "antennae",
					"pivot": [1, 14.5, 2.5],
					"cubes": [
						{"origin": [1, 14.4, 1.5], "size": [0, 2, 1], "inflate": 0.01, "uv": [29, -1]}
					]
				},
				{
					"name": "antenna_left2",
					"parent": "antenna_left",
					"pivot": [1, 16.5, 1.5],
					"cubes": [
						{"origin": [1, 15.4, -5.5], "size": [0, 1, 7], "uv": [18, -2]}
					]
				},
				{
					"name": "antenna_left3",
					"parent": "antenna_left2",
					"pivot": [1, 15.9, -5],
					"cubes": [
						{"origin": [1, 14.9, -7], "size": [0, 2, 2], "inflate": 0.01, "uv": [18, 5]},
						{"origin": [1, 15.4, -6.5], "size": [0, 1, 1], "inflate": 0.02, "uv": [24, 2]}
					]
				},
				{
					"name": "antenna_right",
					"parent": "antennae",
					"pivot": [-1, 14.5, 2.5],
					"cubes": [
						{"origin": [-1, 14.4, 1.5], "size": [0, 2, 1], "inflate": 0.01, "uv": [29, 1], "mirror": true}
					]
				},
				{
					"name": "antenna_right2",
					"parent": "antenna_right",
					"pivot": [-1, 16.5, 1.5],
					"cubes": [
						{"origin": [-1, 15.4, -5.5], "size": [0, 1, 7], "uv": [18, -1], "mirror": true}
					]
				},
				{
					"name": "antenna_right3",
					"parent": "antenna_right2",
					"pivot": [-1, 15.9, -5],
					"cubes": [
						{"origin": [-1, 14.9, -7], "size": [0, 2, 2], "inflate": 0.01, "uv": [22, 5], "mirror": true},
						{"origin": [-1, 15.4, -6.5], "size": [0, 1, 1], "inflate": 0.02, "uv": [24, 3], "mirror": true}
					]
				},
				{
					"name": "tail",
					"parent": "torso",
					"pivot": [0, 4.1, 3],
					"cubes": [
						{"origin": [0, 3.5, 3], "size": [0, 1, 3], "inflate": 0.01, "uv": [26, 4]}
					]
				},
				{
					"name": "tail2",
					"parent": "tail",
					"pivot": [0, 4.5, 5],
					"cubes": [
						{"origin": [0, 4.5, 5], "size": [0, 3, 1], "uv": [26, 7]}
					]
				},
				{
					"name": "tail3",
					"parent": "tail2",
					"pivot": [0, 7, 5.5],
					"cubes": [
						{"origin": [0, 7, 4.5], "size": [0, 2, 2], "inflate": 0.01, "uv": [28, 6]},
						{"origin": [0, 7.5, 5], "size": [0, 1, 1], "inflate": 0.02, "uv": [28, 9]}
					]
				},
				{
					"name": "legs",
					"parent": "gimmighoul_body",
					"pivot": [0, 3.5, 3]
				},
				{
					"name": "leg_left",
					"parent": "legs",
					"pivot": [0, 3, 1],
					"cubes": [
						{"origin": [0.5, 2.5, 1], "size": [1, 1, 2], "uv": [0, 17]}
					]
				},
				{
					"name": "leg_left2",
					"parent": "leg_left",
					"pivot": [0, 2.5, 1],
					"cubes": [
						{"origin": [0.5, 1.5, 1], "size": [1, 1, 2], "inflate": 0.01, "uv": [6, 17]}
					]
				},
				{
					"name": "leg_right",
					"parent": "legs",
					"pivot": [0, 3, 1],
					"cubes": [
						{"origin": [-1.5, 2.5, 1], "size": [1, 1, 2], "uv": [0, 20], "mirror": true}
					]
				},
				{
					"name": "leg_right2",
					"parent": "leg_right",
					"pivot": [0, 2.5, 1],
					"cubes": [
						{"origin": [-1.5, 1.5, 1], "size": [1, 1, 2], "inflate": 0.01, "uv": [6, 20], "mirror": true}
					]
				},
				{
					"name": "body2",
					"pivot": [0, 7, 0]
				}
			]
		}
	]
}