{
	"format_version": "1.12.0",
	"minecraft:geometry": [
		{
			"description": {
				"identifier": "geometry.gimmighoul_roaming",
				"texture_width": 32,
				"texture_height": 32,
				"visible_bounds_width": 2,
				"visible_bounds_height": 2.5,
				"visible_bounds_offset": [0, 0.75, 0]
			},
			"bones": [
				{
					"name": "gimmighoul_roaming",
					"pivot": [0, 0, 0]
				},
				{
					"name": "body",
					"parent": "gimmighoul_roaming",
					"pivot": [0, 7, 0]
				},
				{
					"name": "torso",
					"parent": "body",
					"pivot": [0, 1.5, 0],
					"cubes": [
						{"origin": [-1.5, 1.5, -1], "size": [3, 6, 2], "inflate": 0.01, "uv": [0, 9]}
					]
				},
				{
					"name": "arms",
					"parent": "torso",
					"pivot": [4, 4.4, 0]
				},
				{
					"name": "arm_left",
					"parent": "arms",
					"pivot": [1.5, 6.2, 0],
					"cubes": [
						{"origin": [1.5, 5.2, -0.5], "size": [3, 1, 1], "uv": [8, 9]}
					]
				},
				{
					"name": "arm_left2",
					"parent": "arm_left",
					"pivot": [4.5, 5.7, 0.5],
					"cubes": [
						{"origin": [4.5, 5.2, -0.5], "size": [3, 1, 1], "inflate": 0.01, "uv": [16, 9]}
					]
				},
				{
					"name": "arm_right",
					"parent": "arms",
					"pivot": [-1.5, 6.2, 0],
					"cubes": [
						{"origin": [-4.5, 5.2, -0.5], "size": [3, 1, 1], "uv": [10, 11], "mirror": true}
					]
				},
				{
					"name": "arm_right2",
					"parent": "arm_right",
					"pivot": [-4.5, 5.7, 0.5],
					"cubes": [
						{"origin": [-7.5, 5.2, -0.5], "size": [3, 1, 1], "inflate": 0.01, "uv": [18, 11], "mirror": true}
					]
				},
				{
					"name": "head",
					"parent": "torso",
					"pivot": [0, 6.5, 0],
					"cubes": [
						{"origin": [-3, 6.5, -1.5], "size": [6, 6, 3], "uv": [0, 0]},
						{"origin": [-1, 8.95, -1.505], "size": [2, 1, 0], "uv": [25, 11]}
					]
				},
				{
					"name": "eyes",
					"parent": "head",
					"pivot": [0, -2.4, 0]
				},
				{
					"name": "eye_left",
					"parent": "eyes",
					"pivot": [1.7, 9.45, -1.51],
					"cubes": [
						{"origin": [0.7, 8.45, -1.41], "size": [2, 2, 0], "inflate": 0.1, "uv": [15, 0]}
					]
				},
				{
					"name": "pupil_left",
					"parent": "eye_left",
					"pivot": [1.7, 9.45, -1.52],
					"cubes": [
						{"origin": [1.2, 8.95, -1.27], "size": [1, 1, 0], "inflate": 0.25, "uv": [18, 20]},
						{"origin": [1.2, 8.95, -1.52], "size": [1, 1, 0], "inflate": 0.01, "uv": [18, 19]}
					]
				},
				{
					"name": "eyelid_left",
					"parent": "eye_left",
					"pivot": [1.7, 9.45, -0.82],
					"cubes": [
						{"origin": [0.7, 8.45, -1.34], "size": [2, 2, 1], "inflate": 0.11, "uv": [23, 0]}
					]
				},
				{
					"name": "eye_right",
					"parent": "eyes",
					"pivot": [-1.7, 9.45, -1.51],
					"cubes": [
						{"origin": [-2.7, 8.45, -1.41], "size": [2, 2, 0], "inflate": 0.1, "uv": [19, 0], "mirror": true}
					]
				},
				{
					"name": "pupil_right",
					"parent": "eye_right",
					"pivot": [-1.7, 9.45, -1.52],
					"cubes": [
						{"origin": [-2.2, 8.95, -1.27], "size": [1, 1, 0], "inflate": 0.25, "uv": [16, 20], "mirror": true},
						{"origin": [-2.2, 8.95, -1.52], "size": [1, 1, 0], "inflate": 0.01, "uv": [16, 19], "mirror": true}
					]
				},
				{
					"name": "eyelid_right",
					"parent": "eye_right",
					"pivot": [-1.7, 9.45, -0.92],
					"cubes": [
						{"origin": [-2.7, 8.45, -1.34], "size": [2, 2, 1], "inflate": 0.11, "uv": [18, 2], "mirror": true}
					]
				},
				{
					"name": "mouth",
					"parent": "head",
					"pivot": [1, 7.7, -1.51],
					"rotation": [-3, 0, -30]
				},
				{
					"name": "mouth_closed",
					"parent": "mouth",
					"pivot": [1, 7.7, -1.51],
					"cubes": [
						{"origin": [0, 7.2, -1.51], "size": [2, 1, 0], "uv": [26, 4]}
					]
				},
				{
					"name": "mouth_open",
					"parent": "mouth",
					"pivot": [1, 7.7, -1.41],
					"cubes": [
						{"origin": [0, 7.2, -1.41], "size": [2, 1, 0], "uv": [26, 12]}
					]
				},
				{
					"name": "antennae",
					"parent": "head",
					"pivot": [0, 12.4, 0]
				},
				{
					"name": "antenna_left",
					"parent": "antennae",
					"pivot": [1, 12.5, 0.5],
					"cubes": [
						{"origin": [1, 12.4, -0.5], "size": [0, 2, 1], "inflate": 0.01, "uv": [29, -1]}
					]
				},
				{
					"name": "antenna_left2",
					"parent": "antenna_left",
					"pivot": [1, 14.5, -0.5],
					"cubes": [
						{"origin": [1, 13.4, -7.5], "size": [0, 1, 7], "uv": [18, -2]}
					]
				},
				{
					"name": "antenna_left3",
					"parent": "antenna_left2",
					"pivot": [1, 13.9, -7],
					"cubes": [
						{"origin": [1, 12.9, -9], "size": [0, 2, 2], "inflate": 0.01, "uv": [18, 5]},
						{"origin": [1, 13.4, -8.5], "size": [0, 1, 1], "inflate": 0.02, "uv": [24, 2]}
					]
				},
				{
					"name": "antenna_right",
					"parent": "antennae",
					"pivot": [-1, 12.5, 0.5],
					"cubes": [
						{"origin": [-1, 12.4, -0.5], "size": [0, 2, 1], "inflate": 0.01, "uv": [29, 1], "mirror": true}
					]
				},
				{
					"name": "antenna_right2",
					"parent": "antenna_right",
					"pivot": [-1, 14.5, -0.5],
					"cubes": [
						{"origin": [-1, 13.4, -7.5], "size": [0, 1, 7], "uv": [18, -1], "mirror": true}
					]
				},
				{
					"name": "antenna_right3",
					"parent": "antenna_right2",
					"pivot": [-1, 13.9, -7],
					"cubes": [
						{"origin": [-1, 12.9, -9], "size": [0, 2, 2], "inflate": 0.01, "uv": [22, 5], "mirror": true},
						{"origin": [-1, 13.4, -8.5], "size": [0, 1, 1], "inflate": 0.02, "uv": [24, 3], "mirror": true}
					]
				},
				{
					"name": "tail",
					"parent": "torso",
					"pivot": [0, 2.6, 1],
					"cubes": [
						{"origin": [0, 2, 1], "size": [0, 1, 3], "inflate": 0.01, "uv": [26, 4]}
					]
				},
				{
					"name": "tail2",
					"parent": "tail",
					"pivot": [0, 3, 3],
					"cubes": [
						{"origin": [0, 3, 3], "size": [0, 3, 1], "uv": [26, 7]}
					]
				},
				{
					"name": "tail3",
					"parent": "tail2",
					"pivot": [0, 5.5, 3.5],
					"cubes": [
						{"origin": [0, 5.5, 2.5], "size": [0, 2, 2], "inflate": 0.01, "uv": [28, 6]},
						{"origin": [0, 6, 3], "size": [0, 1, 1], "inflate": 0.02, "uv": [28, 9]}
					]
				},
				{
					"name": "coin",
					"parent": "torso",
					"pivot": [0, 3, 2.25],
					"cubes": [
						{"origin": [-3.5, 2.90228, 0.88301], "size": [7, 7, 1], "uv": [0, 19]}
					]
				},
				{
					"name": "legs",
					"parent": "body",
					"pivot": [0, 1.5, 0]
				},
				{
					"name": "leg_left",
					"parent": "legs",
					"pivot": [0, 1.5, -1],
					"cubes": [
						{"origin": [0.5, 1, -1], "size": [1, 1, 2], "uv": [10, 16]}
					]
				},
				{
					"name": "leg_left2",
					"parent": "leg_left",
					"pivot": [0, 1, -1],
					"cubes": [
						{"origin": [0.5, 0, -1], "size": [1, 1, 2], "inflate": 0.01, "uv": [16, 16]}
					]
				},
				{
					"name": "leg_right",
					"parent": "legs",
					"pivot": [0, 1.5, -1],
					"cubes": [
						{"origin": [-1.5, 1, -1], "size": [1, 1, 2], "uv": [10, 13], "mirror": true}
					]
				},
				{
					"name": "leg_right2",
					"parent": "leg_right",
					"pivot": [0, 1, -1],
					"cubes": [
						{"origin": [-1.5, 0, -1], "size": [1, 1, 2], "inflate": 0.01, "uv": [16, 13], "mirror": true}
					]
				}
			]
		}
	]
}