{
	"format_version": "1.12.0",
	"minecraft:geometry": [
		{
			"description": {
				"identifier": "geometry.smeargle",
				"texture_width": 128,
				"texture_height": 64,
				"visible_bounds_width": 8,
				"visible_bounds_height": 3.5,
				"visible_bounds_offset": [0, 1.25, 0]
			},
			"bones": [
				{
					"name": "smeargle",
					"pivot": [0, 0, 0]
				},
				{
					"name": "body",
					"parent": "smeargle",
					"pivot": [0, 6, 0]
				},
				{
					"name": "torso",
					"parent": "body",
					"pivot": [0, 6, 0],
					"cubes": [
						{"origin": [-3.5, 6, -3], "size": [7, 6, 6], "inflate": 0.01, "uv": [24, 34]}
					]
				},
				{
					"name": "chest",
					"parent": "torso",
					"pivot": [0, 12, 3],
					"cubes": [
						{"origin": [-3, 12, -3], "size": [6, 5, 6], "uv": [0, 34]},
						{"origin": [-0.5, 14.5, 3.01], "size": [1, 1, 0], "uv": [29, 46]},
						{"origin": [1.25, 14, 3.01], "size": [1, 1, 0], "uv": [29, 47]},
						{"origin": [-2.25, 14, 3.01], "size": [1, 1, 0], "uv": [29, 48], "mirror": true}
					]
				},
				{
					"name": "arms",
					"parent": "chest",
					"pivot": [0, 16, 0]
				},
				{
					"name": "arm_left",
					"parent": "arms",
					"pivot": [3, 16, 0],
					"cubes": [
						{"origin": [2.5, 14, -1], "size": [4, 2, 2], "uv": [0, 45]}
					]
				},
				{
					"name": "arm_left2",
					"parent": "arm_left",
					"pivot": [6.5, 16, 1],
					"cubes": [
						{"origin": [6.5, 14, -1], "size": [4, 2, 2], "inflate": 0.01, "uv": [0, 49]}
					]
				},
				{
					"name": "hand_left",
					"parent": "arm_left2",
					"pivot": [10.5, 16, 0],
					"cubes": [
						{"origin": [10.5, 14, -1.5], "size": [2, 2, 3], "inflate": 0.02, "uv": [22, 46]}
					]
				},
				{
					"name": "thumb_left",
					"parent": "hand_left",
					"pivot": [11, 14.5, -1.5],
					"cubes": [
						{"origin": [11, 13.5, -2], "size": [2, 2, 1], "inflate": 0.01, "uv": [0, 61]}
					]
				},
				{
					"name": "thumb_left2",
					"parent": "thumb_left",
					"pivot": [13, 15.5, -2],
					"cubes": [
						{"origin": [13, 13.5, -2], "size": [2, 2, 1], "uv": [12, 61]}
					]
				},
				{
					"name": "finger_front_left",
					"parent": "hand_left",
					"pivot": [12.5, 16, -0.5],
					"cubes": [
						{"origin": [12.5, 14, -1.5], "size": [2, 2, 2], "inflate": 0.01, "uv": [12, 53]}
					]
				},
				{
					"name": "finger_front_left2",
					"parent": "finger_front_left",
					"pivot": [14.5, 16, -0.5],
					"cubes": [
						{"origin": [14.5, 14, -1.5], "size": [2, 2, 2], "uv": [10, 57]}
					]
				},
				{
					"name": "finger_back_left",
					"parent": "hand_left",
					"pivot": [12.5, 16, 1],
					"cubes": [
						{"origin": [12.5, 14, 0.5], "size": [2, 2, 1], "inflate": 0.01, "uv": [0, 53]}
					]
				},
				{
					"name": "finger_back_left2",
					"parent": "finger_back_left",
					"pivot": [14.5, 16, 1],
					"cubes": [
						{"origin": [14.5, 14, 0.5], "size": [2, 2, 1], "uv": [0, 56]}
					]
				},
				{
					"name": "arm_right",
					"parent": "arms",
					"pivot": [-3, 16, 0],
					"cubes": [
						{"origin": [-6.5, 14, -1], "size": [4, 2, 2], "uv": [12, 45], "mirror": true}
					]
				},
				{
					"name": "arm_right2",
					"parent": "arm_right",
					"pivot": [-6.5, 16, 1],
					"cubes": [
						{"origin": [-10.5, 14, -1], "size": [4, 2, 2], "inflate": 0.01, "uv": [12, 49], "mirror": true}
					]
				},
				{
					"name": "hand_right",
					"parent": "arm_right2",
					"pivot": [-10.5, 16, 0],
					"cubes": [
						{"origin": [-12.5, 14, -1.5], "size": [2, 2, 3], "inflate": 0.02, "uv": [32, 46], "mirror": true}
					]
				},
				{
					"name": "thumb_right",
					"parent": "hand_right",
					"pivot": [-11, 14.5, -1.5],
					"cubes": [
						{"origin": [-13, 13.5, -2], "size": [2, 2, 1], "inflate": 0.01, "uv": [6, 61], "mirror": true}
					]
				},
				{
					"name": "thumb_right2",
					"parent": "thumb_right",
					"pivot": [-13, 15.5, -2],
					"cubes": [
						{"origin": [-15, 13.5, -2], "size": [2, 2, 1], "uv": [18, 61], "mirror": true}
					]
				},
				{
					"name": "finger_front_right",
					"parent": "hand_right",
					"pivot": [-12.5, 16, -0.5],
					"cubes": [
						{"origin": [-14.5, 14, -1.5], "size": [2, 2, 2], "inflate": 0.01, "uv": [20, 53], "mirror": true}
					]
				},
				{
					"name": "finger_front_right2",
					"parent": "finger_front_right",
					"pivot": [-14.5, 16, -0.5],
					"cubes": [
						{"origin": [-16.5, 14, -1.5], "size": [2, 2, 2], "uv": [18, 57], "mirror": true}
					]
				},
				{
					"name": "finger_back_right",
					"parent": "hand_right",
					"pivot": [-12.5, 16, 1],
					"cubes": [
						{"origin": [-14.5, 14, 0.5], "size": [2, 2, 1], "inflate": 0.01, "uv": [6, 53], "mirror": true}
					]
				},
				{
					"name": "finger_back_right2",
					"parent": "finger_back_right",
					"pivot": [-14.5, 16, 1],
					"cubes": [
						{"origin": [-16.5, 14, 0.5], "size": [2, 2, 1], "uv": [6, 56], "mirror": true}
					]
				},
				{
					"name": "neck",
					"parent": "chest",
					"pivot": [0, 16, 0],
					"cubes": [
						{"origin": [-3.5, 16, -3.5], "size": [7, 3, 7], "uv": [33, 12]}
					]
				},
				{
					"name": "head",
					"parent": "neck",
					"pivot": [0, 18, 0],
					"cubes": [
						{"origin": [-4, 18, -8], "size": [8, 7, 12], "uv": [0, 0]},
						{"origin": [0.5, 21, -8.01], "size": [1, 1, 0], "uv": [0, 10]},
						{"origin": [-1.5, 21, -8.01], "size": [1, 1, 0], "uv": [0, 9], "mirror": true}
					]
				},
				{
					"name": "eyes",
					"parent": "head",
					"pivot": [0, 23, -3]
				},
				{
					"name": "eye_left",
					"parent": "eyes",
					"pivot": [4.02, 23.5, -4],
					"cubes": [
						{"origin": [4.02, 21.5, -6], "size": [0, 4, 4], "uv": [0, -4]},
						{"origin": [4.01, 20.5, -7], "size": [0, 5, 6], "uv": [0, -2]}
					]
				},
				{
					"name": "eye_angry_left",
					"parent": "eye_left",
					"pivot": [3.93, 24.5, -4],
					"cubes": [
						{"origin": [3.93, 23.5, -6], "size": [0, 2, 4], "inflate": 0.01, "uv": [37, -4]},
						{"origin": [3.94, 24, -4], "size": [0, 1, 1], "inflate": 0.01, "uv": [45, -1]}
					]
				},
				{
					"name": "eye_sad_left",
					"parent": "eye_left",
					"pivot": [3.93, 24.5, -4],
					"cubes": [
						{"origin": [3.93, 23.5, -6], "size": [0, 2, 4], "inflate": 0.01, "uv": [51, -4]},
						{"origin": [3.94, 24, -5], "size": [0, 1, 1], "inflate": 0.01, "uv": [59, -1]}
					]
				},
				{
					"name": "eye_squint_left",
					"parent": "eye_left",
					"pivot": [3.93, 23.5, -4],
					"cubes": [
						{"origin": [3.93, 24, -6], "size": [0, 1, 4], "inflate": 0.01, "uv": [62, 35]},
						{"origin": [3.93, 21.5, -6], "size": [0, 1, 4], "inflate": 0.01, "uv": [62, 36]}
					]
				},
				{
					"name": "pupil_left",
					"parent": "eye_left",
					"pivot": [4.03, 23.5, -5],
					"cubes": [
						{"origin": [4.03, 22.5, -5.5], "size": [0, 2, 1], "uv": [8, -1]}
					]
				},
				{
					"name": "eyelid_left",
					"parent": "eye_left",
					"pivot": [3.43, 23.5, -4],
					"cubes": [
						{"origin": [2.93, 21.5, -6], "size": [1, 4, 4], "inflate": 0.01, "uv": [68, 23]}
					]
				},
				{
					"name": "eyelid_happy_left",
					"parent": "eye_left",
					"pivot": [3.43, 23.5, -4],
					"cubes": [
						{"origin": [2.93, 21.5, -6], "size": [1, 4, 4], "inflate": 0.01, "uv": [54, 30]}
					]
				},
				{
					"name": "eyelid_recoil_left",
					"parent": "eye_left",
					"pivot": [3.43, 23.5, -4],
					"cubes": [
						{"origin": [2.93, 21.5, -6], "size": [1, 4, 4], "inflate": 0.01, "uv": [74, 27]}
					]
				},
				{
					"name": "eye_right",
					"parent": "eyes",
					"pivot": [-4.02, 23.5, -4],
					"cubes": [
						{"origin": [-4.02, 21.5, -6], "size": [0, 4, 4], "uv": [0, 15], "mirror": true},
						{"origin": [-4.01, 20.5, -7], "size": [0, 5, 6], "uv": [18, 28], "mirror": true}
					]
				},
				{
					"name": "eye_angry_right",
					"parent": "eye_right",
					"pivot": [-3.93, 24.5, -4],
					"cubes": [
						{"origin": [-3.93, 23.5, -6], "size": [0, 2, 4], "inflate": 0.01, "uv": [37, -2], "mirror": true},
						{"origin": [-3.94, 24, -4], "size": [0, 1, 1], "inflate": 0.01, "uv": [45, 0], "mirror": true}
					]
				},
				{
					"name": "eye_sad_right",
					"parent": "eye_right",
					"pivot": [-3.93, 24.5, -4],
					"cubes": [
						{"origin": [-3.93, 23.5, -6], "size": [0, 2, 4], "inflate": 0.01, "uv": [51, -2], "mirror": true},
						{"origin": [-3.94, 24, -5], "size": [0, 1, 1], "inflate": 0.01, "uv": [59, 0], "mirror": true}
					]
				},
				{
					"name": "eye_squint_right",
					"parent": "eye_right",
					"pivot": [-3.93, 23.5, -4],
					"cubes": [
						{"origin": [-3.93, 24, -6], "size": [0, 1, 4], "inflate": 0.01, "uv": [62, 37], "mirror": true},
						{"origin": [-3.93, 21.5, -6], "size": [0, 1, 4], "inflate": 0.01, "uv": [62, 38], "mirror": true}
					]
				},
				{
					"name": "pupil_right",
					"parent": "eye_right",
					"pivot": [-4.03, 23.5, -5],
					"cubes": [
						{"origin": [-4.03, 22.5, -5.5], "size": [0, 2, 1], "uv": [8, 18], "mirror": true}
					]
				},
				{
					"name": "eyelid_happy_right",
					"parent": "eye_right",
					"pivot": [-3.43, 23.5, -4],
					"cubes": [
						{"origin": [-3.93, 21.5, -6], "size": [1, 4, 4], "inflate": 0.01, "uv": [64, 31], "mirror": true}
					]
				},
				{
					"name": "eyelid_right",
					"parent": "eye_right",
					"pivot": [-3.43, 23.5, -4],
					"cubes": [
						{"origin": [-3.93, 21.5, -6], "size": [1, 4, 4], "inflate": 0.01, "uv": [78, 19], "mirror": true}
					]
				},
				{
					"name": "eyelid_recoil_right",
					"parent": "eye_right",
					"pivot": [-3.43, 23.5, -4],
					"cubes": [
						{"origin": [-3.93, 21.5, -6], "size": [1, 4, 4], "inflate": 0.01, "uv": [70, 35], "mirror": true}
					]
				},
				{
					"name": "mouth",
					"parent": "head",
					"pivot": [0, 17.99, -4.5]
				},
				{
					"name": "mouth_closed",
					"parent": "mouth",
					"pivot": [0, 17.99, -4.5],
					"cubes": [
						{"origin": [-2, 17.99, -5], "size": [4, 0, 1], "uv": [-1, 11]}
					]
				},
				{
					"name": "mouth_open",
					"parent": "mouth",
					"pivot": [0, 18.09, -5],
					"cubes": [
						{"origin": [-2, 18.09, -6], "size": [4, 0, 2], "uv": [-2, 23]}
					]
				},
				{
					"name": "tongue",
					"parent": "mouth",
					"pivot": [0, 18, -4],
					"rotation": [-27.5, 0, 0],
					"cubes": [
						{"origin": [-1.5, 16, -5], "size": [3, 2, 1], "uv": [50, 40]}
					]
				},
				{
					"name": "ear_left",
					"parent": "head",
					"pivot": [4, 25, -1.5],
					"rotation": [5, 0, -37.5],
					"cubes": [
						{"origin": [2, 18, -1.5], "size": [2, 7, 5], "uv": [28, 0]}
					]
				},
				{
					"name": "ear_right",
					"parent": "head",
					"pivot": [-4, 25, -1.5],
					"rotation": [5, 0, 37.5],
					"cubes": [
						{"origin": [-4, 18, -1.5], "size": [2, 7, 5], "uv": [42, 0], "mirror": true}
					]
				},
				{
					"name": "hat",
					"parent": "head",
					"pivot": [0, 24.5, -0.75],
					"rotation": [-5, 0, 0],
					"cubes": [
						{"origin": [-5, 24.5, -6.25], "size": [10, 4, 11], "uv": [0, 19]},
						{"origin": [-1, 28, -1.25], "size": [2, 3, 2], "uv": [3, 25]}
					]
				},
				{
					"name": "tail",
					"parent": "torso",
					"pivot": [0, 7.5, 3],
					"cubes": [
						{"origin": [-1.1, 6.5, 2], "size": [2, 2, 7], "inflate": 0.01, "uv": [54, 10]}
					]
				},
				{
					"name": "tail2",
					"parent": "tail",
					"pivot": [0, 7.5, 8.5],
					"cubes": [
						{"origin": [-1.1, 6.5, 8.5], "size": [2, 2, 6], "uv": [31, 22]}
					]
				},
				{
					"name": "tail3",
					"parent": "tail2",
					"pivot": [0, 7.5, 14],
					"cubes": [
						{"origin": [-1.1, 6.5, 14], "size": [2, 2, 6], "inflate": 0.01, "uv": [42, 24]}
					]
				},
				{
					"name": "tail4",
					"parent": "tail3",
					"pivot": [0, 7.5, 19.5],
					"cubes": [
						{"origin": [-1.1, 6.5, 19.5], "size": [2, 2, 6], "uv": [44, 32]}
					]
				},
				{
					"name": "tail5",
					"parent": "tail4",
					"pivot": [0, 7.5, 25],
					"cubes": [
						{"origin": [-1.1, 6.5, 25], "size": [2, 2, 6], "inflate": 0.01, "uv": [52, 22]}
					]
				},
				{
					"name": "tail6",
					"parent": "tail5",
					"pivot": [0, 7.5, 30.5],
					"cubes": [
						{"origin": [-1.1, 6.5, 30.5], "size": [2, 2, 6], "uv": [52, 40]}
					]
				},
				{
					"name": "tail7",
					"parent": "tail6",
					"pivot": [0, 7.5, 36],
					"cubes": [
						{"origin": [-1.1, 6.5, 36], "size": [2, 2, 6], "inflate": 0.01, "uv": [50, 48]}
					]
				},
				{
					"name": "tail_end",
					"parent": "tail7",
					"pivot": [0, 7.5, 41],
					"cubes": [
						{"origin": [-3, 4.5, 41], "size": [6, 6, 6], "uv": [70, 4]}
					]
				},
				{
					"name": "tail_end2",
					"parent": "tail_end",
					"pivot": [0, 7.5, 47],
					"cubes": [
						{"origin": [-2.5, 5, 45.5], "size": [5, 5, 5], "uv": [56, 0]}
					]
				},
				{
					"name": "tail_end_fur",
					"parent": "tail_end2",
					"pivot": [0, 7.5, 50.5],
					"cubes": [
						{"origin": [0, 4.5, 50], "size": [0, 6, 4], "pivot": [0, 7.5, 52], "rotation": [0, 0, -45], "uv": [62, 15]},
						{"origin": [-3, 7.5, 50], "size": [6, 0, 4], "pivot": [0, 7.5, 52], "rotation": [0, 0, -45], "uv": [66, 19]}
					]
				},
				{
					"name": "tail_end_fur_left",
					"parent": "tail_end2",
					"pivot": [2, 7.5, 50.5],
					"rotation": [0, 12.5, 0],
					"cubes": [
						{"origin": [2, 6.5, 50], "size": [0, 2, 3], "uv": [72, 13]}
					]
				},
				{
					"name": "tail_end_fur_right",
					"parent": "tail_end2",
					"pivot": [-2, 7.5, 50.5],
					"rotation": [0, -12.5, 0],
					"cubes": [
						{"origin": [-2, 6.5, 50], "size": [0, 2, 3], "uv": [78, 13], "mirror": true}
					]
				},
				{
					"name": "legs",
					"parent": "body",
					"pivot": [0, 5, 0]
				},
				{
					"name": "leg_left",
					"parent": "legs",
					"pivot": [2, 6, 0],
					"cubes": [
						{"origin": [1, 4, -1], "size": [2, 3, 2], "uv": [28, 51]}
					]
				},
				{
					"name": "leg_left2",
					"parent": "leg_left",
					"pivot": [2, 4, -1],
					"cubes": [
						{"origin": [1, 1, -1], "size": [2, 3, 2], "inflate": 0.01, "uv": [26, 56]}
					]
				},
				{
					"name": "foot_left",
					"parent": "leg_left2",
					"pivot": [2, 2.1, 0],
					"cubes": [
						{"origin": [0.5, 0.1, -2.5], "size": [3, 2, 4], "uv": [42, 46]},
						{"origin": [1, 0.09, -1], "size": [2, 0, 2], "uv": [50, 48]}
					]
				},
				{
					"name": "foot_left2",
					"parent": "foot_left",
					"pivot": [2, 0.1, -2.5],
					"cubes": [
						{"origin": [0.5, 0.1, -5.5], "size": [3, 2, 3], "uv": [39, 58]}
					]
				},
				{
					"name": "leg_right",
					"parent": "legs",
					"pivot": [-2, 6, 0],
					"cubes": [
						{"origin": [-3, 4, -1], "size": [2, 3, 2], "uv": [36, 51], "mirror": true}
					]
				},
				{
					"name": "leg_right2",
					"parent": "leg_right",
					"pivot": [-2, 4, -1],
					"cubes": [
						{"origin": [-3, 1, -1], "size": [2, 3, 2], "inflate": 0.01, "uv": [34, 56], "mirror": true}
					]
				},
				{
					"name": "foot_right",
					"parent": "leg_right2",
					"pivot": [-2, 2.1, 0],
					"cubes": [
						{"origin": [-3.5, 0.1, -2.5], "size": [3, 2, 4], "uv": [40, 52], "mirror": true},
						{"origin": [-3, 0.09, -1], "size": [2, 0, 2], "uv": [50, 52], "mirror": true}
					]
				},
				{
					"name": "foot_right2",
					"parent": "foot_right",
					"pivot": [-2, 0.1, -2.5],
					"cubes": [
						{"origin": [-3.5, 0.1, -5.5], "size": [3, 2, 3], "uv": [51, 58], "mirror": true}
					]
				}
			]
		}
	]
}