{
	"format_version": "1.8.0",
	"animations": {
		"animation.accelgor.ground_idle": {
			"loop": true,
			"bones": {
				"torso2": {
					"rotation": [2.5, 0, 0]
				},
				"arm_left": {
					"rotation": [-19.04325, 63.32973, 67.44568],
					"position": [-1.5, -0.3, -1.5]
				},
				"arm_left2": {
					"rotation": [0, -5, 75]
				},
				"arm_left3": {
					"rotation": [0, 0, 25]
				},
				"arm_right": {
					"rotation": [-30.24459, -65.48376, -65.26142],
					"position": [1.5, 0, -1.5]
				},
				"arm_right2": {
					"rotation": [0, 2.5, -85]
				},
				"arm_right3": {
					"rotation": [0, 0, -25]
				},
				"tail_cloth_top": {
					"rotation": [5, 0, 0]
				},
				"scarf_left": {
					"rotation": [15.50409, 14.47751, 3.96713]
				},
				"scarf_left2": {
					"rotation": [-12.60443, -7.32123, 1.63219]
				},
				"scarf_left3": {
					"rotation": [-20, 0, 0]
				},
				"scarf_left4": {
					"rotation": [-32.59907, 4.21541, -2.69136]
				},
				"scarf_left5": {
					"rotation": [22.5, 0, 0]
				},
				"scarf_left6": {
					"rotation": [47.74511, 5.05904, 5.54401]
				},
				"scarf_left7": {
					"rotation": [-35.02564, 2.04767, -1.43455]
				},
				"scarf_right": {
					"rotation": [-22.81179, -9.23186, 3.86032]
				},
				"scarf_right2": {
					"rotation": [15.01365, -2.41476, -0.64743]
				},
				"scarf_right3": {
					"rotation": [22.5193, 2.30959, 0.95723]
				},
				"scarf_right4": {
					"rotation": [12.5, 0, 0]
				},
				"scarf_right5": {
					"rotation": [-25.0209, -2.26564, 1.0571]
				},
				"scarf_right6": {
					"rotation": [-20, 0, 0]
				},
				"scarf_right7": {
					"rotation": [17.64168, -7.15102, -2.26708]
				},
				"head_correction": {
					"rotation": [2.5, 0, 0]
				}
			}
		},
		"animation.accelgor.blink": {
			"animation_length": 0.1667,
			"bones": {
				"eyelid_left": {
					"position": {
						"0.0": [0.1, 0, -0.1],
						"0.125": {"pre": [0.1, 0, -0.1], "post": [0.1, 0, -0.1]},
						"0.1667": {"pre": [0.1, 0, -0.1], "post": [0, 0, 0]}
					}
				},
				"eyelid_right": {
					"position": {
						"0.0": [-0.1, 0, -0.1],
						"0.125": {"pre": [-0.1, 0, -0.1], "post": [-0.1, 0, -0.1]},
						"0.1667": {"pre": [-0.1, 0, -0.1], "post": [0, 0, 0]}
					}
				}
			}
		},
		"animation.accelgor.shock": {
			"loop": true,
			"bones": {
				"pupil_left": {
					"position": [0, -0.25, 0],
					"scale": [0.7, 0.7, 1]
				},
				"pupil_right": {
					"position": [0, -0.25, 0],
					"scale": [0.7, 0.7, 1]
				}
			}
		},
		"animation.accelgor.angry": {
			"loop": true,
			"bones": {
				"eye_angry_left": {
					"position": [0.1, 0, -0.1]
				},
				"pupil_left": {
					"position": [0, -0.3, 0]
				},
				"eye_angry_right": {
					"position": [-0.1, 0, -0.1]
				},
				"pupil_right": {
					"position": [0, -0.3, 0]
				}
			}
		},
		"animation.accelgor.sad": {
			"loop": true,
			"bones": {
				"eye_sad_left": {
					"position": [0.1, 0, -0.1]
				},
				"eye_sad_right": {
					"position": [-0.1, 0, -0.1]
				}
			}
		},
		"animation.accelgor.happy": {
			"loop": true,
			"bones": {
				"eyelid_happy_left": {
					"position": [0.1, 0, -0.1]
				},
				"eyelid_happy_right": {
					"position": [-0.1, 0, -0.1]
				}
			}
		},
		"animation.accelgor.hurt": {
			"loop": true,
			"bones": {
				"eyelid_recoil_left": {
					"position": [0.1, 0, -0.1]
				},
				"eyelid_recoil_right": {
					"position": [-0.1, 0, -0.1]
				}
			}
		}
	}
}