{
  "portraitScale": 1.4,
  "portraitTranslation": [-0.44, 0.57, 0],
  "profileScale": 0.5,
  "profileTranslation": [-0.1, 0.86, 0],
  "rootBone": "magnezone",
  "animations": {
    "faint": "q.bedrock_primary('magnezone', 'faint', q.curve('one'))",
    "cry": "q.bedrock_stateful('magnezone', 'cry')"
  },
  "poses": {
    "hover": {
      "poseTypes": ["HOVER", "STAND", "FLOAT", "NONE", "PORTRAIT", "PROFILE"],
      "transformTicks": 10,
      "animations": ["q.bedrock('magnezone', 'air_idle')"],
      "quirks": ["q.bedrock_quirk('magnezone', 'blink')"]
    },
    "fly": {
      "poseTypes": ["FLY", "SWIM", "WALK"],
      "transformTicks": 10,
      "animations": ["q.bedrock('magnezone', 'air_fly')"]
    },
    "sleep": {
      "poseTypes": ["SLEEP"],
      "namedAnimations": {
        "cry": "q.bedrock_stateful('dummy', 'cry')"
      },
      "animations": ["q.bedrock('magnezone', 'sleep')"]
    }
  }
}
