{
	"format_version": "1.12.0",
	"minecraft:geometry": [
		{
			"description": {
				"identifier": "geometry.swinub",
				"texture_width": 32,
				"texture_height": 32,
				"visible_bounds_width": 2,
				"visible_bounds_height": 1.5,
				"visible_bounds_offset": [0, 0.25, 0]
			},
			"bones": [
				{
					"name": "swinub",
					"pivot": [0, 0, 0]
				},
				{
					"name": "body",
					"parent": "swinub",
					"pivot": [0, 3, -0.5],
					"cubes": [
						{"origin": [-3.5, 0, -5], "size": [7, 6, 9], "uv": [0, 0]}
					]
				},
				{
					"name": "nose",
					"parent": "body",
					"pivot": [0, 1.5, -5.25],
					"cubes": [
						{"origin": [-1.5, 0.5, -5.75], "size": [3, 2, 1], "uv": [0, 0]}
					]
				},
				{
					"name": "mouths",
					"parent": "body",
					"pivot": [0, 0.75, -4.4]
				},
				{
					"name": "mouth_wide",
					"parent": "mouths",
					"pivot": [0, 0.55, -4.5],
					"cubes": [
						{"origin": [-1, 0.1, -4.9], "size": [2, 1, 1], "inflate": 0.01, "uv": [12, 18]}
					]
				},
				{
					"name": "mouth_small",
					"parent": "mouths",
					"pivot": [0, 0.55, -4.4],
					"cubes": [
						{"origin": [-0.5, 0.1, -4.9], "size": [1, 1, 1], "inflate": 0.01, "uv": [13, 20]}
					]
				},
				{
					"name": "tail",
					"parent": "body",
					"pivot": [0, 2, 4],
					"cubes": [
						{"origin": [0, 1, 4], "size": [0, 2, 1], "uv": [29, 14]}
					]
				},
				{
					"name": "fur",
					"parent": "body",
					"pivot": [-2.5, 0.75, 0.5]
				},
				{
					"name": "fur_right",
					"parent": "fur",
					"pivot": [-3, 0.9, 0.5],
					"rotation": [0, 0, -12],
					"cubes": [
						{"origin": [-6, 0.75, -3], "size": [3, 0, 8], "uv": [-8, 15]}
					]
				},
				{
					"name": "fur_left",
					"parent": "fur",
					"pivot": [3, 0.8, 0.5],
					"rotation": [0, 0, 12],
					"cubes": [
						{"origin": [3, 0.75, -3], "size": [3, 0, 8], "uv": [-2, 15]}
					]
				},
				{
					"name": "fur_middle",
					"parent": "fur",
					"pivot": [0, 0.75, 4],
					"rotation": [-12, 0, 0],
					"cubes": [
						{"origin": [-4, 0.75, 3.97704], "size": [8, 0, 3], "uv": [9, 15]}
					]
				},
				{
					"name": "eyes",
					"parent": "body",
					"pivot": [2, 3.25, -5.025]
				},
				{
					"name": "left_eye",
					"parent": "eyes",
					"pivot": [1.75, 3, -5],
					"rotation": [0, 0, 8],
					"cubes": [
						{"origin": [0.75, 2.5, -5], "size": [2, 1, 0], "inflate": 0.01, "uv": [28, 17]}
					]
				},
				{
					"name": "left_eye_expression",
					"parent": "eyes",
					"pivot": [1.75, 3, -4.8]
				},
				{
					"name": "left_eye_expressions",
					"parent": "left_eye_expression",
					"pivot": [0.75, 3, -4.925],
					"cubes": [
						{"origin": [0.25, 2.5, -4.925], "size": [1, 1, 0], "inflate": 0.01, "uv": [30, 18]}
					]
				},
				{
					"name": "left_eye_expressions2",
					"parent": "left_eye_expression",
					"pivot": [1.75, 3, -4.925],
					"cubes": [
						{"origin": [1.25, 2.5, -4.925], "size": [1, 1, 0], "uv": [30, 19]}
					]
				},
				{
					"name": "left_eye_expressions3",
					"parent": "left_eye_expression",
					"pivot": [2.75, 3, -4.925],
					"cubes": [
						{"origin": [2.25, 2.5, -4.925], "size": [1, 1, 0], "inflate": 0.01, "uv": [30, 20]}
					]
				},
				{
					"name": "right_eye",
					"parent": "eyes",
					"pivot": [-1.75, 3, -5],
					"rotation": [0, 0, -8],
					"cubes": [
						{"origin": [-2.75, 2.5, -5], "size": [2, 1, 0], "inflate": 0.01, "uv": [28, 17], "mirror": true}
					]
				},
				{
					"name": "right_eye_expression",
					"parent": "eyes",
					"pivot": [-1.75, 3, -4.8]
				},
				{
					"name": "right_eye_expressions",
					"parent": "right_eye_expression",
					"pivot": [-0.75, 3, -4.925],
					"cubes": [
						{"origin": [-1.25, 2.5, -4.925], "size": [1, 1, 0], "inflate": 0.01, "uv": [28, 18], "mirror": true}
					]
				},
				{
					"name": "right_eye_expressions2",
					"parent": "right_eye_expression",
					"pivot": [-1.75, 3, -4.925],
					"cubes": [
						{"origin": [-2.25, 2.5, -4.925], "size": [1, 1, 0], "uv": [28, 19], "mirror": true}
					]
				},
				{
					"name": "right_eye_expressions3",
					"parent": "right_eye_expression",
					"pivot": [-2.75, 3, -4.925],
					"cubes": [
						{"origin": [-3.25, 2.5, -4.925], "size": [1, 1, 0], "inflate": 0.01, "uv": [28, 20], "mirror": true}
					]
				}
			]
		}
	]
}