{
	"format_version": "1.8.0",
	"animations": {
		"animation.karrablast.ground_idle": {
			"loop": true,
			"bones": {
				"torso": {
					"rotation": [2.5, 0, 0]
				},
				"arm_left": {
					"rotation": [-4.11405, 22.13991, -10.80524]
				},
				"arm_right": {
					"rotation": [-4.11405, -22.13991, 10.80524]
				},
				"horn": {
					"rotation": [-2.5, 0, 0]
				},
				"leg_left": {
					"rotation": [0, 0, 2.5]
				},
				"leg_right": {
					"rotation": [0, 0, -2.5]
				}
			}
		},
		"animation.karrablast.blink": {
			"animation_length": 0.1667,
			"bones": {
				"eyelid_left": {
					"position": {
						"0.0": [0, 0, -0.1],
						"0.125": {"pre": [0, 0, -0.1], "post": [0, 0, -0.1]},
						"0.1667": {"pre": [0, 0, -0.1], "post": [0, 0, 0]}
					}
				},
				"eyelid_right": {
					"position": {
						"0.0": [0, 0, -0.1],
						"0.125": {"pre": [0, 0, -0.1], "post": [0, 0, -0.1]},
						"0.1667": {"pre": [0, 0, -0.1], "post": [0, 0, 0]}
					}
				}
			}
		},
		"animation.karrablast.shock": {
			"loop": true,
			"bones": {
				"pupil_left": {
					"scale": [0.7, 0.7, 1]
				},
				"pupil_right": {
					"scale": [0.7, 0.7, 1]
				},
				"mouth_closed": {
					"position": [0, 0, 0.1]
				},
				"mouth_open": {
					"position": [0, 0, -1]
				}
			}
		},
		"animation.karrablast.angry": {
			"loop": true,
			"bones": {
				"eye_angry_left": {
					"position": [0, 0, -0.1]
				},
				"eye_angry_right": {
					"position": [0, 0, -0.1]
				}
			}
		},
		"animation.karrablast.sad": {
			"loop": true,
			"bones": {
				"eye_sad_left": {
					"position": [0, 0, -0.1]
				},
				"eye_sad_right": {
					"position": [0, 0, -0.1]
				}
			}
		},
		"animation.karrablast.happy": {
			"loop": true,
			"bones": {
				"mouth_closed": {
					"position": [0, 0, 0.1]
				},
				"mouth_open": {
					"position": [0, 0, -1]
				},
				"eyelid_happy_left": {
					"position": [0, 0, -0.1]
				},
				"eyelid_happy_right": {
					"position": [0, 0, -0.1]
				}
			}
		},
		"animation.karrablast.hurt": {
			"loop": true,
			"bones": {
				"eyelid_recoil_left": {
					"position": [0, 0, -0.1]
				},
				"eyelid_recoil_right": {
					"position": [0, 0, -0.1]
				}
			}
		}
	}
}