{
	"format_version": "1.12.0",
	"minecraft:geometry": [
		{
			"description": {
				"identifier": "geometry.rotom_heat",
				"texture_width": 128,
				"texture_height": 64,
				"visible_bounds_width": 4,
				"visible_bounds_height": 2.5,
				"visible_bounds_offset": [0, 0.75, 0]
			},
			"bones": [
				{
					"name": "rotom_heat",
					"pivot": [0, 0, 0]
				},
				{
					"name": "body",
					"parent": "rotom_heat",
					"pivot": [0, 9, 0],
					"cubes": [
						{"origin": [-6, 10, -6], "size": [12, 5, 12], "uv": [0, 0]},
						{"origin": [-6, 3, -6], "size": [12, 2, 12], "inflate": 0.01, "uv": [0, 17]},
						{"origin": [-6, 5, 5], "size": [12, 5, 1], "inflate": 0.01, "uv": [36, 0]},
						{"origin": [5, 5, -3], "size": [1, 5, 8], "inflate": 0.01, "uv": [54, 0]},
						{"origin": [-6, 5, -3], "size": [1, 5, 8], "inflate": 0.01, "uv": [40, 9], "mirror": true},
						{"origin": [-7, 2, -7], "size": [14, 14, 0], "inflate": 0.01, "uv": [2, 39]},
						{"origin": [-7, 2, 7], "size": [14, 14, 0], "uv": [30, 35]},
						{"origin": [-7, 16, -7], "size": [14, 0, 14], "uv": [44, 13]},
						{"origin": [-7, 2, -7], "size": [14, 0, 14], "uv": [44, 27]},
						{"origin": [7, 2, -7], "size": [0, 14, 14], "inflate": 0.01, "uv": [30, 35]},
						{"origin": [-7, 2, -7], "size": [0, 14, 14], "inflate": 0.01, "uv": [58, 27], "mirror": true},
						{"origin": [-4.5, 7, -8], "size": [9, 4, 0], "inflate": 0.01, "uv": [58, 55]},
						{"origin": [-4.5, 11, -8], "size": [9, 0, 1], "inflate": 0.01, "uv": [57, 59]},
						{"origin": [-4.5, 7, -8], "size": [9, 0, 1], "inflate": 0.01, "uv": [57, 60]},
						{"origin": [4.5, 7, -8], "size": [0, 4, 1], "inflate": 0.01, "uv": [76, 54]},
						{"origin": [-4.5, 7, -8], "size": [0, 4, 1], "inflate": 0.01, "uv": [78, 54], "mirror": true}
					]
				},
				{
					"name": "eyes",
					"parent": "body",
					"pivot": [0, 12, -2.5]
				},
				{
					"name": "eye_left",
					"parent": "eyes",
					"pivot": [2.5, 13, -6.01],
					"rotation": [0, 0, 15],
					"cubes": [
						{"origin": [1.5, 11.5, -6.01], "size": [2, 3, 0], "uv": [0, 0]}
					]
				},
				{
					"name": "pupil_left",
					"parent": "eye_left",
					"pivot": [2.5, 13, -6.02],
					"cubes": [
						{"origin": [2, 12, -6.02], "size": [1, 2, 0], "uv": [4, 0]}
					]
				},
				{
					"name": "eyelid_left",
					"parent": "eye_left",
					"pivot": [2.5, 13, -5.42],
					"cubes": [
						{"origin": [1.5, 11.5, -5.92], "size": [2, 3, 1], "inflate": 0.01, "uv": [6, 4]}
					]
				},
				{
					"name": "eye_right",
					"parent": "eyes",
					"pivot": [-2.5, 13, -6.01],
					"rotation": [0, 0, -15],
					"cubes": [
						{"origin": [-3.5, 11.5, -6.01], "size": [2, 3, 0], "uv": [0, 3], "mirror": true}
					]
				},
				{
					"name": "pupil_right",
					"parent": "eye_right",
					"pivot": [-2.5, 13, -6.02],
					"cubes": [
						{"origin": [-3, 12, -6.02], "size": [1, 2, 0], "uv": [4, 2], "mirror": true}
					]
				},
				{
					"name": "eyelid_right",
					"parent": "eye_right",
					"pivot": [-2.5, 13, -5.42],
					"cubes": [
						{"origin": [-3.5, 11.5, -5.92], "size": [2, 3, 1], "inflate": 0.01, "uv": [6, 8], "mirror": true}
					]
				},
				{
					"name": "mouth",
					"parent": "body",
					"pivot": [0, 11.1, -6.01]
				},
				{
					"name": "mouth_closed",
					"parent": "mouth",
					"pivot": [0, 10.875, -6.01],
					"cubes": [
						{"origin": [-1, 10.15, -6.01], "size": [2, 1, 0], "inflate": 0.01, "uv": [8, 2]},
						{"origin": [-1.5, 10.6, -6.01], "size": [3, 1, 0], "uv": [6, 0]}
					]
				},
				{
					"name": "mouth_open",
					"parent": "mouth",
					"pivot": [0, 10.9, -5.91],
					"cubes": [
						{"origin": [-0.75, 10.15, -5.91], "size": [1.5, 1.5, 0], "uv": [6, 2]}
					]
				},
				{
					"name": "mouth_smile",
					"parent": "mouth",
					"pivot": [0, 10.875, -5.91],
					"cubes": [
						{"origin": [-1, 10.15, -5.91], "size": [2, 1, 0], "inflate": 0.01, "uv": [8, 3]},
						{"origin": [-1.5, 10.6, -5.91], "size": [3, 1, 0], "uv": [6, 1]}
					]
				},
				{
					"name": "arms",
					"parent": "body",
					"pivot": [0, 9, 0]
				},
				{
					"name": "arm_left",
					"parent": "arms",
					"pivot": [7, 9.5, 0],
					"cubes": [
						{"origin": [7, 9, 0], "size": [4, 2, 0], "inflate": 0.01, "uv": [114, 16]}
					]
				},
				{
					"name": "arm_left2",
					"parent": "arm_left",
					"pivot": [11, 11, 0],
					"cubes": [
						{"origin": [10, 11, 0], "size": [4, 3, 0], "uv": [114, 20]}
					]
				},
				{
					"name": "hand_left",
					"parent": "arm_left2",
					"pivot": [14, 11, 0],
					"cubes": [
						{"origin": [14, 9, 0], "size": [10, 9, 0], "inflate": 0.01, "uv": [86, 26]}
					]
				},
				{
					"name": "arm_right",
					"parent": "arms",
					"pivot": [-7, 9.5, 0],
					"cubes": [
						{"origin": [-11, 9, 0], "size": [4, 2, 0], "inflate": 0.01, "uv": [114, 18], "mirror": true}
					]
				},
				{
					"name": "arm_right2",
					"parent": "arm_right",
					"pivot": [-11, 11, 0],
					"cubes": [
						{"origin": [-14, 11, 0], "size": [4, 3, 0], "uv": [114, 23], "mirror": true}
					]
				},
				{
					"name": "hand_right",
					"parent": "arm_right2",
					"pivot": [-14, 11, 0],
					"cubes": [
						{"origin": [-24, 9, 0], "size": [10, 9, 0], "uv": [106, 26], "mirror": true}
					]
				},
				{
					"name": "body_top",
					"parent": "body",
					"pivot": [0, 15, 0],
					"cubes": [
						{"origin": [-1.5, 15, -1.5], "size": [3, 2, 3], "uv": [36, 6]},
						{"origin": [-1, 17, -1], "size": [2, 2, 2], "uv": [50, 13]},
						{"origin": [-2.5, 16, -2.5], "size": [5, 2, 0], "uv": [0, 58]},
						{"origin": [-2.5, 16, 2.5], "size": [5, 2, 0], "uv": [0, 60]},
						{"origin": [-2.5, 18, -2.5], "size": [5, 0, 5], "uv": [-5, 53]},
						{"origin": [-2.5, 16, -2.5], "size": [0, 2, 5], "uv": [20, 48], "mirror": true},
						{"origin": [2.5, 16, -2.5], "size": [0, 2, 5], "uv": [10, 48]},
						{"origin": [-1.5, 18, -1.5], "size": [3, 2, 0], "uv": [52, 27]},
						{"origin": [-1.5, 18, 1.5], "size": [3, 2, 0], "uv": [52, 29]},
						{"origin": [-1.5, 20, -1.5], "size": [3, 0, 3], "uv": [49, 24]},
						{"origin": [1.5, 18, -1.5], "size": [0, 2, 3], "uv": [52, 28]},
						{"origin": [-1.5, 18, -1.5], "size": [0, 2, 3], "uv": [52, 30], "mirror": true}
					]
				},
				{
					"name": "microwave_floor",
					"parent": "body",
					"pivot": [0, 5.02, 0],
					"cubes": [
						{"origin": [-4, 5.02, -4], "size": [8, 0, 8], "uv": [2, 55]}
					]
				},
				{
					"name": "door",
					"parent": "body",
					"pivot": [0, 5, -4],
					"cubes": [
						{"origin": [-6, 5, -6], "size": [12, 5, 3], "inflate": 0.02, "uv": [0, 31]},
						{"origin": [-3.5, 6, -6.03], "size": [7, 2, 0], "uv": [58, 61]},
						{"origin": [-3.5, 8, -7.5], "size": [7, 2, 2], "uv": [30, 31]}
					]
				},
				{
					"name": "door_outline",
					"parent": "door",
					"pivot": [0, 8, -4.5],
					"cubes": [
						{"origin": [-7, 4, -7], "size": [14, 7, 0], "uv": [88, 0]},
						{"origin": [-7, 4, -2], "size": [14, 7, 0], "uv": [86, 7]},
						{"origin": [-7, 11, -7], "size": [14, 0, 5], "uv": [81, 16]},
						{"origin": [-7, 4, -7], "size": [14, 0, 5], "uv": [81, 21]},
						{"origin": [7, 4, -7], "size": [0, 7, 5], "uv": [116, -5]},
						{"origin": [-7, 4, -7], "size": [0, 7, 5], "uv": [114, 2], "mirror": true},
						{"origin": [-4.5, 7, -8], "size": [9, 4, 0], "uv": [80, 55]},
						{"origin": [-4.5, 11, -8], "size": [9, 0, 1], "uv": [75, 59]},
						{"origin": [-4.5, 7, -8], "size": [9, 0, 1], "uv": [75, 60]},
						{"origin": [4.5, 7, -8], "size": [0, 4, 1], "uv": [86, 50]},
						{"origin": [-4.5, 7, -8], "size": [0, 4, 1], "uv": [88, 50], "mirror": true}
					]
				},
				{
					"name": "legs",
					"parent": "body",
					"pivot": [0, 3, 0]
				},
				{
					"name": "leg_front_left",
					"parent": "legs",
					"pivot": [4.5, 3, -4.5],
					"cubes": [
						{"origin": [3.5, 2, -5.5], "size": [2, 2, 2], "pivot": [4.5, 3, -4.5], "rotation": [0, 0, 45], "uv": [0, 17]},
						{"origin": [3, 1, -6], "size": [3, 1, 0], "uv": [64, 0]},
						{"origin": [3, 1, -3], "size": [3, 1, 0], "uv": [64, 1]},
						{"origin": [3, 1, -6], "size": [3, 0, 3], "uv": [61, 2]},
						{"origin": [6, 1, -6], "size": [0, 1, 3], "uv": [70, -3]},
						{"origin": [3, 1, -6], "size": [0, 1, 3], "uv": [70, -2], "mirror": true}
					]
				},
				{
					"name": "leg_back_left",
					"parent": "legs",
					"pivot": [4.5, 3, 4.5],
					"cubes": [
						{"origin": [3.5, 2, 3.5], "size": [2, 2, 2], "pivot": [4.5, 3, 4.5], "rotation": [0, 0, 45], "uv": [36, 22]},
						{"origin": [3, 1, 3], "size": [3, 1, 0], "uv": [76, 0]},
						{"origin": [3, 1, 6], "size": [3, 1, 0], "uv": [76, 1]},
						{"origin": [3, 1, 3], "size": [3, 0, 3], "uv": [73, 2]},
						{"origin": [3, 1, 3], "size": [0, 1, 3], "uv": [82, -2], "mirror": true},
						{"origin": [6, 1, 3], "size": [0, 1, 3], "uv": [82, -3]}
					]
				},
				{
					"name": "leg_front_right",
					"parent": "legs",
					"pivot": [-4.5, 3, -4.5],
					"cubes": [
						{"origin": [-5.5, 2, -5.5], "size": [2, 2, 2], "pivot": [-4.5, 3, -4.5], "rotation": [0, 0, -45], "uv": [0, 21], "mirror": true},
						{"origin": [-6, 1, -6], "size": [3, 1, 0], "uv": [64, 5], "mirror": true},
						{"origin": [-6, 1, -3], "size": [3, 1, 0], "uv": [64, 6], "mirror": true},
						{"origin": [-6, 1, -6], "size": [3, 0, 3], "uv": [67, 2], "mirror": true},
						{"origin": [-6, 1, -6], "size": [0, 1, 3], "uv": [70, 2], "mirror": true},
						{"origin": [-3, 1, -6], "size": [0, 1, 3], "uv": [70, 3]}
					]
				},
				{
					"name": "leg_back_right",
					"parent": "legs",
					"pivot": [-4.5, 3, 4.5],
					"cubes": [
						{"origin": [-5.5, 2, 3.5], "size": [2, 2, 2], "pivot": [-4.5, 3, 4.5], "rotation": [0, 0, -45], "uv": [42, 24], "mirror": true},
						{"origin": [-6, 1, 6], "size": [3, 1, 0], "uv": [76, 6], "mirror": true},
						{"origin": [-6, 1, 3], "size": [3, 1, 0], "uv": [76, 5], "mirror": true},
						{"origin": [-6, 1, 3], "size": [3, 0, 3], "uv": [79, 2], "mirror": true},
						{"origin": [-6, 1, 3], "size": [0, 1, 3], "uv": [82, 2], "mirror": true},
						{"origin": [-3, 1, 3], "size": [0, 1, 3], "uv": [82, 3]}
					]
				}
			]
		}
	]
}