{
	"format_version": "1.8.0",
	"animations": {
		"animation.lgeevee.ground_idle": {
			"loop": true,
			"bones": {
				"head": {
					"rotation": [0, 0, "math.clamp(math.sin(q.anim_time*90*4+45)*0.2,-1.2,1.2)"],
					"position": [0, "math.clamp(math.sin(q.anim_time*90*4+180-20)*0.01,-0.03,0.03)+math.clamp(math.sin(q.anim_time*90*4+180-20)*0.01,-0.5,0.5)", 0]
				},
				"ear_right": {
					"rotation": [0, 0, "(math.sin(q.anim_time*90*4+90)*1-1)*1"]
				},
				"ear_left": {
					"rotation": [0, 0, "-(math.sin(q.anim_time*90*4+90)*1-1)*1"]
				},
				"tail": {
					"rotation": ["math.clamp(3*(math.sin(q.anim_time*90*2+90)*1-1),0,7)-(math.sin(q.anim_time*90*2+90)*1)*3", 0, 0]
				},
				"leg_front_right": {
					"rotation": ["-math.sin(q.anim_time*90*2)*0.2", 0, 0]
				},
				"leg_front_left": {
					"rotation": ["-math.sin(q.anim_time*90*2)*0.2", 0, 0]
				},
				"leg_back_right": {
					"rotation": ["-math.sin(q.anim_time*90*2)*0.2", 0, 0]
				},
				"leg_back_left": {
					"rotation": ["-math.sin(q.anim_time*90*2)*0.2", 0, 0]
				},
				"torso": {
					"rotation": ["math.sin(q.anim_time*90*2)*0.2", 0, 0],
					"position": [0, "math.clamp(math.sin(q.anim_time*90*4+180)*0.02,-0.03,0.03)+math.clamp(math.sin(q.anim_time*90*4+180)*0.03,-0.5,0.5)", 0]
				}
			}
		},
		"animation.lgeevee.ground_walk": {
			"loop": true,
			"bones": {
				"body": {
					"rotation": ["5*(math.sin(q.anim_time*90*4*2-90)*1+1)-math.clamp(10*(math.sin(q.anim_time*90*4*2+45)*1+1),15,20)+15", 0, 0],
					"position": [
						0,
						"math.clamp(math.sin(q.anim_time*90*4*2+45)*1,0.5,2)-0.5+math.clamp(math.sin(q.anim_time*90*4*2)*1,0,2)",
						"-math.clamp(math.sin(q.anim_time*90*4*2-30)*2,0,2)+math.clamp(math.sin(-q.anim_time*90*4*2-30)*1,0,2)"
					]
				},
				"head": {
					"rotation": ["-5*(math.sin(q.anim_time*90*4*2-90)*1+1)+math.clamp(10*(math.sin(q.anim_time*90*4*2+45)*1+1),15,20)-15", 0, 0]
				},
				"tail": {
					"rotation": ["-5-math.sin(q.anim_time*90*4*2+60)*10", 0, 0],
					"position": [0, 0, -0.5]
				},
				"leg_front_right": {
					"rotation": [
						"5+math.clamp(math.sin(-q.anim_time*90*4*1-20)*30,-40,0)+math.clamp(math.sin(q.anim_time*90*4*1+20)*30,-40,0)+math.clamp(math.sin(-q.anim_time*90*4*2-40)*50,0,70)-math.clamp(math.sin(-q.anim_time*90*4*2-30+180)*20,5,70)+5",
						0,
						0
					]
				},
				"leg_front_left": {
					"rotation": [
						"5+math.clamp(math.sin(-q.anim_time*90*4*1-20+30)*30,-40,0)+math.clamp(math.sin(q.anim_time*90*4*1+20-30)*30,-40,0)+math.clamp(math.sin(-q.anim_time*90*4*2-40+30)*50,0,70)-math.clamp(math.sin(-q.anim_time*90*4*2-30+180+30)*20,5,70)+5",
						0,
						0
					]
				},
				"leg_back_right": {
					"rotation": ["math.clamp(math.sin(q.anim_time*90*4*2)*40,0,50)-math.clamp(math.sin(-q.anim_time*90*4*2)*40,0,50)", 0, 0],
					"position": [
						-0.1,
						"-math.clamp(math.sin(q.anim_time*90*4*2)*0.3,-1,2)-math.clamp(math.sin(-q.anim_time*90*4*2)*0.8,-1,2)",
						"math.clamp(math.sin(q.anim_time*90*4*2-30)*0.5,0,2)-math.clamp(math.sin(q.anim_time*90*4*2-30+180)*0.5,0,2)"
					]
				},
				"leg_back_left": {
					"rotation": ["math.clamp(math.sin(q.anim_time*90*4*2+20)*40,0,50)-math.clamp(math.sin(-q.anim_time*90*4*2-20)*40,0,50)", 0, 0],
					"position": [
						0.1,
						"-math.clamp(math.sin(q.anim_time*90*4*2)*0.3,-1,2)-math.clamp(math.sin(-q.anim_time*90*4*2)*0.8,0,2)",
						"math.clamp(math.sin(q.anim_time*90*4*2-30)*0.5,0,2)-math.clamp(math.sin(q.anim_time*90*4*2-30+180)*0.5,0,2)"
					]
				},
				"ear_right": {
					"rotation": [
						"-30-5*math.sin(q.anim_time*90*4*2+45)-math.clamp(4*math.sin(q.anim_time*90*4*2+90),-2,2)",
						5,
						"-30+5*math.sin(q.anim_time*90*4*2-135)+math.clamp(4*math.sin(q.anim_time*90*4*2-90),-2,2)"
					]
				},
				"ear_left": {
					"rotation": [
						"-30-5*math.sin(q.anim_time*90*4*2+45)-math.clamp(4*math.sin(q.anim_time*90*4*2+90),-2,2)",
						-5,
						"30-5*math.sin(q.anim_time*90*4*2-135)-math.clamp(4*math.sin(q.anim_time*90*4*2-90),-2,2)"
					]
				},
				"leg_front_right2": {
					"rotation": ["-math.clamp(math.sin(-q.anim_time*90*4*2-90)*20,5,70)+5-math.clamp(math.sin(-q.anim_time*90*4*2+180)*10,5,70)+5", 0, 0]
				},
				"leg_front_right3": {
					"rotation": ["12*math.sin(q.anim_time*90*8+30)-math.clamp(math.sin(q.anim_time*90*8),1,1)", 0, 0]
				},
				"leg_front_left2": {
					"rotation": ["-math.clamp(math.sin(-q.anim_time*90*8-90+30)*20,5,70)+5-math.clamp(math.sin(-q.anim_time*90*8+180+30)*10,5,70)+5", 0, 0]
				},
				"leg_front_left3": {
					"rotation": ["8*math.sin(q.anim_time*90*8+30-90)-math.clamp(math.sin(q.anim_time*90*8-90),1,1)", 0, 0]
				},
				"leg_back_right2": {
					"rotation": ["math.clamp(math.sin(q.anim_time*90*8-180-30)*20,0,10)-math.clamp(math.sin(-q.anim_time*90*8-90)*20,0,50)", 0, 0]
				},
				"leg_back_right3": {
					"rotation": ["20+20*math.sin(q.anim_time*90*8+45-30)-math.clamp(math.sin(q.anim_time*90*8+90-30),1,1)", 0, 0]
				},
				"leg_back_left2": {
					"rotation": ["math.clamp(math.sin(q.anim_time*90*8-90)*5,0,5)-math.clamp(math.sin(-q.anim_time*90*8-90)*10,0,10)", 0, 0]
				},
				"leg_back_left3": {
					"rotation": ["20+20*math.sin(q.anim_time*90*8+15)-math.clamp(math.sin(q.anim_time*90*8+90),1,1)", 0, 0]
				}
			}
		},
		"animation.lgeevee.special_attack": {
			"loop": true,
			"animation_length": 3,
			"bones": {
				"head": {
					"rotation": {
						"0.0": [0, 0, "math.clamp(math.sin(q.anim_time*90*4+45)*0.2,-1.2,1.2)"],
						"0.2083": [0, 0, "math.clamp(math.sin(q.anim_time*90*4+45)*0.2,-1.2,1.2)"],
						"1.0": [-17.5, 0, "0+math.clamp(math.sin(q.anim_time*90*4+45)*0.2,-1.2,1.2)"],
						"2.5": [-17.5, 0, "0+math.clamp(math.sin(q.anim_time*90*4+45)*0.2,-1.2,1.2)"],
						"2.6667": [2.5, 0, "0+math.clamp(math.sin(q.anim_time*90*4+45)*0.2,-1.2,1.2)"],
						"2.875": [-2.5, 0, "0+math.clamp(math.sin(q.anim_time*90*4+45)*0.2,-1.2,1.2)"],
						"3.0": [0, 0, "math.clamp(math.sin(q.anim_time*90*4+45)*0.2,-1.2,1.2)"]
					},
					"position": {
						"0.0": [0, "math.clamp(math.sin(q.anim_time*90*4+180-20)*0.01,-0.03,0.03)+math.clamp(math.sin(q.anim_time*90*4+180-20)*0.01,-0.5,0.5)", 0],
						"0.2083": [0, "math.clamp(math.sin(q.anim_time*90*4+180-20)*0.01,-0.03,0.03)+math.clamp(math.sin(q.anim_time*90*4+180-20)*0.01,-0.5,0.5)", 0],
						"0.9583": [0, "math.clamp(math.sin(q.anim_time*90*4+180-20)*0.01,-0.03,0.03)+math.clamp(math.sin(q.anim_time*90*4+180-20)*0.01,-0.5,0.5)", 0],
						"1.125": [0, "math.clamp(math.sin(q.anim_time*90*4+180-20)*0.01,-0.03,0.03)+math.clamp(math.sin(q.anim_time*90*4+180-20)*0.01,-0.5,0.5)", -0.1],
						"1.3333": [0, "math.clamp(math.sin(q.anim_time*90*4+180-20)*0.01,-0.03,0.03)+math.clamp(math.sin(q.anim_time*90*4+180-20)*0.01,-0.5,0.5)", 0],
						"2.5": [0, "math.clamp(math.sin(q.anim_time*90*4+180-20)*0.01,-0.03,0.03)+math.clamp(math.sin(q.anim_time*90*4+180-20)*0.01,-0.5,0.5)", 0],
						"2.6667": [0, "math.clamp(math.sin(q.anim_time*90*4+180-20)*0.01,-0.03,0.03)+math.clamp(math.sin(q.anim_time*90*4+180-20)*0.01,-0.5,0.5)", 0],
						"2.875": [0, "math.clamp(math.sin(q.anim_time*90*4+180-20)*0.01,-0.03,0.03)+math.clamp(math.sin(q.anim_time*90*4+180-20)*0.01,-0.5,0.5)", 0],
						"3.0": [0, "math.clamp(math.sin(q.anim_time*90*4+180-20)*0.01,-0.03,0.03)+math.clamp(math.sin(q.anim_time*90*4+180-20)*0.01,-0.5,0.5)", 0]
					}
				},
				"ear_right": {
					"rotation": {
						"0.0": [0, 0, "(math.sin(q.anim_time*90*4+90)*1-1)*1"],
						"0.2083": [0, 0, "(math.sin(q.anim_time*90*4+90)*1-1)*1"],
						"0.5833": [7.76316, 0, "0+(math.sin(q.anim_time*90*4+90)*1-1)*1"],
						"1.0": [-10, 0, "(math.sin(q.anim_time*90*4+90)*1-1)*1"],
						"1.1667": [2.5, 0, "0+(math.sin(q.anim_time*90*4+90)*1-1)*1"],
						"1.4167": [0, 0, "(math.sin(q.anim_time*90*4+90)*1-1)*1"],
						"2.5": [0, 0, "(math.sin(q.anim_time*90*4+90)*1-1)*1"],
						"2.6667": [0, 0, "(math.sin(q.anim_time*90*4+90)*1-1)*1"],
						"2.875": [0, 0, "(math.sin(q.anim_time*90*4+90)*1-1)*1"],
						"3.0": [0, 0, "(math.sin(q.anim_time*90*4+90)*1-1)*1"]
					}
				},
				"ear_left": {
					"rotation": {
						"0.0": [0, 0, "-(math.sin(q.anim_time*90*4+90)*1-1)*1"],
						"0.2083": [0, 0, "-(math.sin(q.anim_time*90*4+90)*1-1)*1"],
						"0.5833": [7.76316, 0, 1.86603],
						"1.0": [-10, 0, "0-(math.sin(q.anim_time*90*4+90)*1-1)*1"],
						"1.1667": [2.5, 0, "0-(math.sin(q.anim_time*90*4+90)*1-1)*1"],
						"1.4167": [0, 0, "-(math.sin(q.anim_time*90*4+90)*1-1)*1"],
						"2.5": [0, 0, "-(math.sin(q.anim_time*90*4+90)*1-1)*1"],
						"2.6667": [0, 0, "-(math.sin(q.anim_time*90*4+90)*1-1)*1"],
						"2.875": [0, 0, "-(math.sin(q.anim_time*90*4+90)*1-1)*1"],
						"3.0": [0, 0, "-(math.sin(q.anim_time*90*4+90)*1-1)*1"]
					}
				},
				"tail": {
					"rotation": {
						"0.0": ["math.clamp(3*(math.sin(q.anim_time*90*2+90)*1-1),0,7)-(math.sin(q.anim_time*90*2+90)*1)*3", 0, 0],
						"0.2083": ["math.clamp(3*(math.sin(q.anim_time*90*2+90)*1-1),0,7)-(math.sin(q.anim_time*90*2+90)*1)*3", 0, 0],
						"0.625": ["-20+math.clamp(3*(math.sin(q.anim_time*90*2+90)*1-1),0,7)-(math.sin(q.anim_time*90*2+90)*1)*3", 0, 0],
						"0.9167": ["12.5+math.clamp(3*(math.sin(q.anim_time*90*2+90)*1-1),0,7)-(math.sin(q.anim_time*90*2+90)*1)*3", 0, 0],
						"1.0833": ["22.5+math.clamp(3*(math.sin(q.anim_time*90*2+90)*1-1),0,7)-(math.sin(q.anim_time*90*2+90)*1)*3", 0, 0],
						"1.5417": ["12.5+math.clamp(3*(math.sin(q.anim_time*90*2+90)*1-1),0,7)-(math.sin(q.anim_time*90*2+90)*1)*3", 0, 0],
						"2.5": ["12.5+math.clamp(3*(math.sin(q.anim_time*90*2+90)*1-1),0,7)-(math.sin(q.anim_time*90*2+90)*1)*3", 0, 0],
						"2.875": ["math.clamp(3*(math.sin(q.anim_time*90*2+90)*1-1),0,7)-(math.sin(q.anim_time*90*2+90)*1)*3", 0, 0],
						"3.0": ["math.clamp(3*(math.sin(q.anim_time*90*2+90)*1-1),0,7)-(math.sin(q.anim_time*90*2+90)*1)*3", 0, 0]
					}
				},
				"leg_front_right": {
					"rotation": {
						"0.0": ["-math.sin(q.anim_time*90*2)*0.2", 0, 0],
						"0.2083": ["17.5-math.sin(q.anim_time*90*2)*0.2", 0, 0],
						"0.625": ["7.5-math.sin(q.anim_time*90*2)*0.2", 0, 0],
						"1.0": ["-12.4907-math.sin(q.anim_time*90*2)*0.2", 0.43399, 2.46207],
						"2.5": ["-12.4907-math.sin(q.anim_time*90*2)*0.2", 0.43399, 2.46207],
						"2.6667": ["-math.sin(q.anim_time*90*2)*0.2", 0, 0],
						"2.875": ["-math.sin(q.anim_time*90*2)*0.2", 0, 0],
						"3.0": ["-math.sin(q.anim_time*90*2)*0.2", 0, 0]
					}
				},
				"leg_front_left": {
					"rotation": {
						"0.0": ["-math.sin(q.anim_time*90*2)*0.2", 0, 0],
						"0.2083": ["17.5-math.sin(q.anim_time*90*2)*0.2", 0, 0],
						"0.625": ["7.5-math.sin(q.anim_time*90*2)*0.2", 0, 0],
						"1.0": ["-12.4907-math.sin(q.anim_time*90*2)*0.2", -0.43399, -2.46207],
						"2.5": ["-12.4907-math.sin(q.anim_time*90*2)*0.2", -0.43399, -2.46207],
						"2.6667": ["-math.sin(q.anim_time*90*2)*0.2", 0, 0],
						"2.875": ["-math.sin(q.anim_time*90*2)*0.2", 0, 0],
						"3.0": ["-math.sin(q.anim_time*90*2)*0.2", 0, 0]
					}
				},
				"leg_back_right": {
					"rotation": {
						"0.0": ["-math.sin(q.anim_time*90*2)*0.2", 0, 0],
						"0.2083": ["12.5-math.sin(q.anim_time*90*2)*0.2", 0, 0],
						"0.625": ["17.5-math.sin(q.anim_time*90*2)*0.2", 0, 0],
						"1.0": ["-14.9813-math.sin(q.anim_time*90*2)*0.2", 0.44221, 4.98047],
						"2.5": ["-14.9813-math.sin(q.anim_time*90*2)*0.2", 0.44221, 4.98047],
						"2.6667": ["-math.sin(q.anim_time*90*2)*0.2", 0, 0],
						"2.875": ["-math.sin(q.anim_time*90*2)*0.2", 0, 0],
						"3.0": ["-math.sin(q.anim_time*90*2)*0.2", 0, 0]
					}
				},
				"leg_back_left": {
					"rotation": {
						"0.0": ["-math.sin(q.anim_time*90*2)*0.2", 0, 0],
						"0.2083": ["12.5-math.sin(q.anim_time*90*2)*0.2", 0, 0],
						"0.625": ["17.5-math.sin(q.anim_time*90*2)*0.2", 0, 0],
						"1.0": ["-14.9813-math.sin(q.anim_time*90*2)*0.2", -0.44221, -4.98047],
						"2.5": ["-14.9813-math.sin(q.anim_time*90*2)*0.2", -0.44221, -4.98047],
						"2.6667": ["-math.sin(q.anim_time*90*2)*0.2", 0, 0],
						"2.875": ["-math.sin(q.anim_time*90*2)*0.2", 0, 0],
						"3.0": ["-math.sin(q.anim_time*90*2)*0.2", 0, 0]
					}
				},
				"torso": {
					"rotation": {
						"0.0": ["math.sin(q.anim_time*90*2)*0.2", 0, 0],
						"0.2083": ["5+math.sin(q.anim_time*90*2)*0.2", 0, 0],
						"0.625": ["math.sin(q.anim_time*90*2)*0.2", 0, 0],
						"1.0": ["5+math.sin(q.anim_time*90*2)*0.2", 0, 0],
						"1.125": ["7.5+math.sin(q.anim_time*90*2)*0.2", 0, 0],
						"1.4167": ["5+math.sin(q.anim_time*90*2)*0.2", 0, 0],
						"2.5": ["5+math.sin(q.anim_time*90*2)*0.2", 0, 0],
						"2.6667": ["10+math.sin(q.anim_time*90*2)*0.2", 0, 0],
						"2.875": ["-2.5+math.sin(q.anim_time*90*2)*0.2", 0, 0],
						"3.0": ["math.sin(q.anim_time*90*2)*0.2", 0, 0]
					},
					"position": {
						"0.0": [0, "math.clamp(math.sin(q.anim_time*90*4+180)*0.02,-0.03,0.03)+math.clamp(math.sin(q.anim_time*90*4+180)*0.03,-0.5,0.5)", 0],
						"0.2083": [0, "math.clamp(math.sin(q.anim_time*90*4+180)*0.02,-0.03,0.03)+math.clamp(math.sin(q.anim_time*90*4+180)*0.03,-0.5,0.5)", 0],
						"0.9583": [0, "math.clamp(math.sin(q.anim_time*90*4+180)*0.02,-0.03,0.03)+math.clamp(math.sin(q.anim_time*90*4+180)*0.03,-0.5,0.5)", 0],
						"1.0833": [0, "-0.2+math.clamp(math.sin(q.anim_time*90*4+180)*0.02,-0.03,0.03)+math.clamp(math.sin(q.anim_time*90*4+180)*0.03,-0.5,0.5)", -0.2],
						"1.25": [0, "math.clamp(math.sin(q.anim_time*90*4+180)*0.02,-0.03,0.03)+math.clamp(math.sin(q.anim_time*90*4+180)*0.03,-0.5,0.5)", 0],
						"2.5": [0, "math.clamp(math.sin(q.anim_time*90*4+180)*0.02,-0.03,0.03)+math.clamp(math.sin(q.anim_time*90*4+180)*0.03,-0.5,0.5)", 0],
						"2.6667": [0, "math.clamp(math.sin(q.anim_time*90*4+180)*0.02,-0.03,0.03)+math.clamp(math.sin(q.anim_time*90*4+180)*0.03,-0.5,0.5)", 0],
						"2.875": [0, "0.1+math.clamp(math.sin(q.anim_time*90*4+180)*0.02,-0.03,0.03)+math.clamp(math.sin(q.anim_time*90*4+180)*0.03,-0.5,0.5)", 0],
						"3.0": [0, "math.clamp(math.sin(q.anim_time*90*4+180)*0.02,-0.03,0.03)+math.clamp(math.sin(q.anim_time*90*4+180)*0.03,-0.5,0.5)", 0]
					}
				},
				"body": {
					"rotation": {
						"0.0": [0, 0, 0],
						"0.2083": [0, 0, 0],
						"0.625": [-12.5, 0, 0],
						"1.0": [15, 0, 0],
						"2.5": [15, 0, 0],
						"2.6667": [0, 0, 0],
						"2.875": [0, 0, 0],
						"3.0": [0, 0, 0]
					},
					"position": {
						"0.0": [0, 0, 0],
						"0.2083": [0, -0.6, -1.4],
						"0.625": [0, 0, -0.9],
						"1.0": [0, 0, 0],
						"2.5": [0, 0, 0],
						"2.6667": [0, 0, 0],
						"2.875": [0, 0, 0],
						"3.0": [0, 0, 0]
					}
				},
				"mouth_closed": {
					"rotation": {
						"0.0": [0, 0, 0],
						"0.2083": [0, 0, 0],
						"1.0": [0, 0, 0],
						"2.6667": [0, 0, 0],
						"2.875": [0, 0, 0],
						"3.0": [0, 0, 0]
					}
				},
				"mouth_open": {
					"position": {
						"0.0": [0, 0, 0],
						"0.9583": [0, 0, 0],
						"1.0": [0, 0, -0.1],
						"2.4583": [0, 0, -0.1],
						"2.5": [0, 0, 0],
						"2.6667": [0, 0, 0],
						"2.875": [0, 0, 0],
						"3.0": [0, 0, 0]
					}
				},
				"eyelid_right": {
					"rotation": {
						"0.0": [0, 0, 0],
						"2.6667": [0, 0, 0],
						"2.875": [0, 0, 0],
						"3.0": [0, 0, 0]
					},
					"position": {
						"0.0": [0, 0, 0],
						"0.1667": [0, 0, 0],
						"0.2083": [0, 0, -0.1],
						"0.6667": [0, 0, -0.1],
						"0.7083": [0, 0, 0],
						"2.6667": [0, 0, 0],
						"2.875": [0, 0, 0],
						"3.0": [0, 0, 0]
					}
				},
				"eyelid_left": {
					"rotation": {
						"0.0": [0, 0, 0],
						"2.6667": [0, 0, 0],
						"2.875": [0, 0, 0],
						"3.0": [0, 0, 0]
					},
					"position": {
						"0.0": [0, 0, 0],
						"0.1667": [0, 0, 0],
						"0.2083": [0, 0, -0.1],
						"0.6667": [0, 0, -0.1],
						"0.7083": [0, 0, 0],
						"2.6667": [0, 0, 0],
						"2.875": [0, 0, 0],
						"3.0": [0, 0, 0]
					}
				},
				"leg_front_right2": {
					"rotation": {
						"0.0": [0, 0, 0],
						"0.2083": [-10, 0, 0],
						"0.625": [20, 0, 0],
						"1.0": [-20, 0, 0],
						"2.5": [-20, 0, 0],
						"2.6667": [0, 0, 0],
						"2.875": [0, 0, 0],
						"3.0": [0, 0, 0]
					}
				},
				"leg_front_right3": {
					"rotation": {
						"0.0": [0, 0, 0],
						"0.2083": [0, 0, 0],
						"0.625": [10, 0, 0],
						"1.0": [19.97314, 1.60667, -1.91561],
						"2.5": [19.97314, 1.60667, -1.91561],
						"2.6667": [0, 0, 0],
						"2.875": [0, 0, 0],
						"3.0": [0, 0, 0]
					}
				},
				"leg_front_left2": {
					"rotation": {
						"0.0": [0, 0, 0],
						"0.2083": [-10, 0, 0],
						"0.625": [20, 0, 0],
						"1.0": [-20, 0, 0],
						"2.5": [-20, 0, 0],
						"2.6667": [0, 0, 0],
						"2.875": [0, 0, 0],
						"3.0": [0, 0, 0]
					}
				},
				"leg_front_left3": {
					"rotation": {
						"0.0": [0, 0, 0],
						"0.2083": [0, 0, 0],
						"1.0": [19.97314, -1.60667, 1.91561],
						"2.5": [19.97314, -1.60667, 1.91561],
						"2.6667": [0, 0, 0],
						"2.875": [0, 0, 0],
						"3.0": [0, 0, 0]
					}
				},
				"leg_back_right2": {
					"rotation": {
						"0.0": [0, 0, 0],
						"0.2083": [-12.5, 0, 0],
						"0.625": [-17.5, 0, 0],
						"1.0": [20, 0, 0],
						"2.5": [20, 0, 0],
						"2.6667": [0, 0, 0],
						"2.875": [0, 0, 0],
						"3.0": [0, 0, 0]
					}
				},
				"leg_back_right3": {
					"rotation": {
						"0.0": [0, 0, 0],
						"0.2083": [0, 0, 0],
						"0.625": [10, 0, 0],
						"1.0": [15, 0, 0],
						"2.5": [15, 0, 0],
						"2.6667": [0, 0, 0],
						"2.875": [0, 0, 0],
						"3.0": [0, 0, 0]
					}
				},
				"leg_back_left2": {
					"rotation": {
						"0.0": [0, 0, 0],
						"0.2083": [-12.5, 0, 0],
						"0.625": [-17.5, 0, 0],
						"1.0": [20, 0, 0],
						"2.5": [20, 0, 0],
						"2.6667": [0, 0, 0],
						"2.875": [0, 0, 0],
						"3.0": [0, 0, 0]
					}
				},
				"leg_back_left3": {
					"rotation": {
						"0.0": [0, 0, 0],
						"0.2083": [0, 0, 0],
						"0.625": [10, 0, 0],
						"1.0": [15, 0, 0],
						"2.5": [15, 0, 0],
						"2.6667": [0, 0, 0],
						"2.875": [0, 0, 0],
						"3.0": [0, 0, 0]
					}
				}
			}
		},
		"animation.lgeevee.blink": {
			"animation_length": 0.1667,
			"bones": {
				"eyelid_right": {
					"position": {
						"0.0": [0, 0, -0.1],
						"0.125": [0, 0, -0.1],
						"0.1667": [0, 0, 0]
					}
				},
				"eyelid_left": {
					"position": {
						"0.0": [0, 0, -0.1],
						"0.125": [0, 0, -0.1],
						"0.1667": [0, 0, 0]
					}
				}
			}
		},
		"animation.lgeevee.cry": {
			"animation_length": 1.25,
			"bones": {
				"torso": {
					"rotation": {
						"0.0": {
							"post": [0, 0, 0],
							"lerp_mode": "catmullrom"
						},
						"0.3333": {
							"post": [-17.5, 0, 0],
							"lerp_mode": "catmullrom"
						},
						"1.0417": {
							"post": [0, 0, 0],
							"lerp_mode": "catmullrom"
						}
					}
				},
				"head": {
					"rotation": {
						"0.0": {
							"post": [0, 0, 0],
							"lerp_mode": "catmullrom"
						},
						"0.3333": {
							"post": [-20, 0, 0],
							"lerp_mode": "catmullrom"
						},
						"0.7083": {
							"post": [0, 0, 0],
							"lerp_mode": "catmullrom"
						}
					}
				},
				"mouth_open": {
					"position": {
						"0.0": {
							"post": [0, 0, 0],
							"lerp_mode": "catmullrom"
						},
						"0.1667": {
							"post": [0, 0, -0.1],
							"lerp_mode": "catmullrom"
						},
						"0.5833": {
							"post": [0, 0, -0.1],
							"lerp_mode": "catmullrom"
						},
						"0.75": {
							"post": [0, 0, 0],
							"lerp_mode": "catmullrom"
						}
					}
				}
			},
			"sound_effects": {
				"0.0833": {
					"effect": "pokemon.eevee.cry"
				}
			}
		},
		"animation.lgeevee.left_shoulder": {
			"loop": true,
			"bones": {
				"head": {
					"rotation": [0, 0, "math.clamp(math.sin(q.anim_time*90*4+45)*0.2,-1.2,1.2)"],
					"position": [0, "math.clamp(math.sin(q.anim_time*90*4+180-20)*0.01,-0.03,0.03)+math.clamp(math.sin(q.anim_time*90*4+180-20)*0.01,-0.5,0.5)", 0]
				},
				"ear_right": {
					"rotation": [0, 0, "(math.sin(q.anim_time*90*4+90)*1-1)*1"]
				},
				"ear_left": {
					"rotation": [0, 0, "-(math.sin(q.anim_time*90*4+90)*1-1)*1"]
				},
				"tail": {
					"rotation": ["math.clamp(3*(math.sin(q.anim_time*90*2+90)*1-1),0,7)-(math.sin(q.anim_time*90*2+90)*1)*3", 0, 0]
				},
				"leg_front_right": {
					"rotation": ["-math.sin(q.anim_time*90*2)*0.2", 0, 0]
				},
				"leg_front_left": {
					"rotation": ["-math.sin(q.anim_time*90*2)*0.2", 0, 0]
				},
				"leg_back_right": {
					"rotation": ["-math.sin(q.anim_time*90*2)*0.2", 0, 0]
				},
				"leg_back_left": {
					"rotation": ["-math.sin(q.anim_time*90*2)*0.2", 0, 0]
				},
				"torso": {
					"rotation": ["math.sin(q.anim_time*90*2)*0.2", 0, 0],
					"position": [0, "math.clamp(math.sin(q.anim_time*90*4+180)*0.02,-0.03,0.03)+math.clamp(math.sin(q.anim_time*90*4+180)*0.03,-0.5,0.5)", 0]
				},
				"eevee": {
					"position": [4, 0, 0]
				}
			}
		},
		"animation.lgeevee.right_shoulder": {
			"loop": true,
			"bones": {
				"head": {
					"rotation": [0, 0, "math.clamp(math.sin(q.anim_time*90*4+45)*0.2,-1.2,1.2)"],
					"position": [0, "math.clamp(math.sin(q.anim_time*90*4+180-20)*0.01,-0.03,0.03)+math.clamp(math.sin(q.anim_time*90*4+180-20)*0.01,-0.5,0.5)", 0]
				},
				"ear_right": {
					"rotation": [0, 0, "(math.sin(q.anim_time*90*4+90)*1-1)*1"]
				},
				"ear_left": {
					"rotation": [0, 0, "-(math.sin(q.anim_time*90*4+90)*1-1)*1"]
				},
				"tail": {
					"rotation": ["math.clamp(3*(math.sin(q.anim_time*90*2+90)*1-1),0,7)-(math.sin(q.anim_time*90*2+90)*1)*3", 0, 0]
				},
				"leg_front_right": {
					"rotation": ["-math.sin(q.anim_time*90*2)*0.2", 0, 0]
				},
				"leg_front_left": {
					"rotation": ["-math.sin(q.anim_time*90*2)*0.2", 0, 0]
				},
				"leg_back_right": {
					"rotation": ["-math.sin(q.anim_time*90*2)*0.2", 0, 0]
				},
				"leg_back_left": {
					"rotation": ["-math.sin(q.anim_time*90*2)*0.2", 0, 0]
				},
				"torso": {
					"rotation": ["math.sin(q.anim_time*90*2)*0.2", 0, 0],
					"position": [0, "math.clamp(math.sin(q.anim_time*90*4+180)*0.02,-0.03,0.03)+math.clamp(math.sin(q.anim_time*90*4+180)*0.03,-0.5,0.5)", 0]
				},
				"eevee": {
					"position": [4, 0, 0]
				}
			}
		}
	}
}