{
  "portraitScale": 1.17,
  "portraitTranslation": [-0.33, 1.65, 0],
  "profileScale": 0.55,
  "profileTranslation": [-0.03, 0.94, 0],
  "rootBone": "krookodile",
  "animations": {
    "faint": "q.bedrock_primary('krookodile', 'faint', q.curve('one'))",
    "cry": "q.bedrock_stateful('krookodile', 'cry')",
    "recoil": "q.bedrock_stateful('krookodile', 'recoil')",
    "physical": "q.bedrock_primary('krookodile', 'physical', q.curve('symmetrical_wide'))",
    "special": "q.bedrock_primary('krookodile', 'special', q.curve('symmetrical_wide'))",
    "status": "q.bedrock_primary('krookodile', 'status', q.curve('symmetrical_wide'))"
  },
  "poses": {
    "portrait": {
      "poseName": "standing",
      "poseTypes": ["PORTRAIT", "PROFILE"],
      "animations": [
        "q.look('head')",
        "q.bedrock('krookodile', 'ground_idle')"
      ],
      "quirks": [
        "q.bedrock_quirk('krookodile', 'blink')",
        "q.bedrock_quirk('krookodile', 'look_quirk',20, 60, 1)",
        "q.bedrock_quirk('krookodile', 'shake_quirk')"
      ]
    },
    "battle-standing": {
      "poseName": "battle-standing",
      "poseTypes": ["STAND"],
      
      "isBattle": true,
      "namedAnimations": {
        "cry": "q.bedrock_primary('krookodile', 'battle_cry', q.curve('symmetrical_wide'))"
      },
      "animations": [
        "q.look('head')",
        "q.bedrock('krookodile', 'battle_idle')"
      ],
      "quirks": [
        "q.bedrock_quirk('krookodile', 'blink')",
        "q.bedrock_quirk('krookodile', 'look_quirk',20, 60, 1)",
        "q.bedrock_quirk('krookodile', 'shake_quirk')"
      ]
    },
    "sand-battle-standing": {
      "poseName": "battle-standing",
      "poseTypes": ["STAND"],
      
      "isBattle": true,
      "namedAnimations": {
        "cry": "q.bedrock_stateful('krookodile', 'sand_cry', q.curve('symmetrical_wide'))",
        "recoil": "q.bedrock_stateful('krookodile', 'sand_recoil', q.curve('symmetrical_wide'))"
      },
      "animations": [
        "q.look('head')",
        "q.bedrock('krookodile', 'sand_battle_idle')"
      ],
      "quirks": [
        "q.bedrock_quirk('krookodile', 'blink')",
        "q.bedrock_quirk('krookodile', 'sand_look_quirk',20, 60, 1)"
      ]
    },
    "standing": {
      "poseName": "standing",
      "poseTypes": ["STAND", "NONE", "FLOAT"],
      
      "isBattle": false,
      "animations": [
        "q.look('head')",
        "q.bedrock('krookodile', 'ground_idle')"
      ],
      "quirks": [
        "q.bedrock_quirk('krookodile', 'blink')",
        "q.bedrock_quirk('krookodile', 'look_quirk',20, 60, 1)",
        "q.bedrock_quirk('krookodile', 'shake_quirk')"
      ]
    },
    "sand-standing": {
      "poseName": "standing",
      "poseTypes": ["STAND", "NONE"],
      
      "isBattle": false,
      "namedAnimations": {
        "cry": "q.bedrock_stateful('krookodile', 'sand_cry', q.curve('symmetrical_wide'))"
      },
      "animations": [
        "q.bedrock('krookodile', 'sand_idle')"
      ],
      "quirks": [
        "q.bedrock_quirk('krookodile', 'blink')",
        "q.bedrock_quirk('krookodile', 'sand_look_quirk',20, 60, 1)"
      ]
    },
    "walking": {
      "poseName": "walking",
      "poseTypes": ["WALK", "SWIM"],
      
      "animations": [
        "q.look('head')",
        "q.bedrock('krookodile', 'ground_walk')"
      ],
      "quirks": ["q.bedrock_quirk('krookodile', 'blink')"]
    },
    "sand-walking": {
      "poseName": "walking",
      "poseTypes": ["WALK", "SWIM"],
      
      "namedAnimations": {
        "cry": "q.bedrock_stateful('krookodile', 'sand_cry', q.curve('symmetrical_wide'))"
      },
      "animations": [
        "q.bedrock('krookodile', 'sand_swim')"
      ],
      "quirks": ["q.bedrock_quirk('krookodile', 'blink')"]
    },
    "sleeping": {
      "poseName": "sleeping",
      "poseTypes": ["SLEEP"],
      
      "namedAnimations": {
        "cry": "q.bedrock_stateful('dummy', 'cry')"
      },
      "isBattle": false,
      "animations": ["q.bedrock('krookodile', 'sleep')"]
    },
    "sand-sleeping": {
      "poseName": "sleeping",
      "poseTypes": ["SLEEP"],
      
      "namedAnimations": {
        "cry": "q.bedrock_stateful('dummy', 'cry')"
      },
      "isBattle": false,
      "animations": ["q.bedrock('krookodile', 'sand_sleep')"]
    },
    "battle-sleeping": {
      "poseName": "sleeping",
      "poseTypes": ["SLEEP"],
      
      "namedAnimations": {
        "cry": "q.bedrock_stateful('dummy', 'cry')"
      },
      "isBattle": true,
      "animations": ["q.bedrock('krookodile', 'battle_sleep')"]
    },
    "sand-battle-sleeping": {
      "poseName": "sleeping",
      "poseTypes": ["SLEEP"],
      
      "namedAnimations": {
        "cry": "q.bedrock_stateful('dummy', 'cry')"
      },
      "isBattle": true,
      "animations": ["q.bedrock('krookodile', 'sand_battle_sleep')"]
    }
  }
}
