{
    "format_version": "1.10.0",
    "particle_effect": {
        "description": {
            "identifier": "cobblemon:torkoal_smoke_top",
            "basic_render_parameters": {
                "material": "particles_alpha",
                "texture": "textures/particles/vanilla_smoke"
            }
        },
        "components": {
            "minecraft:emitter_rate_steady": {
                "spawn_rate": 16,
                "max_particles": 100
            },
            "minecraft:emitter_lifetime_looping": {
                "active_time": 99999
            },
            "minecraft:emitter_shape_point": {
                "offset": [
                    0,
                    0.4,
                    0
                ],
                "direction": [
                    "math.random(-5,5)",
                    5,
                    "math.random(-5,5)"
                ]
            },
            "minecraft:particle_lifetime_expression": {
                "max_lifetime": 5
            },
            "minecraft:particle_initial_spin": {
                "rotation": "math.random_integer(1,4) * 90"
            },
            "minecraft:particle_initial_speed": 1.9,
            "minecraft:particle_motion_dynamic": {
                "linear_acceleration": [
                    0,
                    0.4,
                    0
                ],
                "linear_drag_coefficient": 3
            },
            "minecraft:particle_appearance_billboard": {
                "size": [
                    0.5,
                    0.5
                ],
                "facing_camera_mode": "rotate_xyz",
                "uv": {
                    "texture_width": 16,
                    "texture_height": 192,
                    "flipbook": {
                        "base_UV": [
                            0,
                            0
                        ],
                        "size_UV": [
                            16,
                            16
                        ],
                        "step_UV": [
                            0,
                            16
                        ],
                        "frames_per_second": 2.3,
                        "max_frame": 12
                    }
                }
            },
            "cobblemon:emitter_space": {
                "scaling": "entity"
            }
        }
    }
}