{
	"format_version": "1.8.0",
	"animations": {
		"animation.hattrem.ground_idle": {
			"loop": true,
			"bones": {
				"right_leg": {
					"rotation": [25, 0, 0]
				},
				"right_arm": {
					"rotation": [0, 0, -35]
				},
				"right_elbow": {
					"rotation": [0, 0, 10]
				},
				"left_arm": {
					"rotation": [0, 0, 35]
				},
				"left_elbow": {
					"rotation": [0, 0, -10]
				},
				"right_hat_hand": {
					"rotation": [0, 17.5, 0]
				},
				"left_hat_hand": {
					"rotation": [0, -17.5, 0]
				},
				"left_leg": {
					"rotation": [25, 0, 0]
				},
				"eye_closed_right": {
					"position": [0, 0, 0]
				}
			}
		},
		"animation.hattrem.blink": {
			"animation_length": 0.125,
			"bones": {
				"eye_closed_right": {
					"position": {
						"0.0": [0, 0, -0.1],
						"0.0833": [0, 0, -0.1],
						"0.125": [0, 0, 0]
					}
				},
				"eye_closed_left": {
					"position": {
						"0.0": [0, 0, -0.1],
						"0.0833": [0, 0, -0.1],
						"0.125": [0, 0, 0]
					}
				}
			}
		},
		"animation.hattrem.cry": {
			"animation_length": 1.2,
			"sound_effects": {
				"0.04": {
					"effect": "pokemon.hattrem.cry"
				}
			}
		}
	}
}