{
  "portraitScale": 1.57,
  "portraitTranslation": [0, -0.61, 0],
  "profileScale": 0.83,
  "profileTranslation": [0.0, 0.49, 0.0],
  "rootBone": "igglybuff",
  "animations": {
    "cry": "q.bedrock_stateful('igglybuff', 'cry')"
  },
  "poses": {
    "standing": {
      "poseName": "standing",
      "poseTypes": ["STAND", "FLOAT", "NONE", "PORTRAIT", "PROFILE"],
      "animations": ["q.bedrock('igglybuff', 'ground_idle')"],
      "quirks": ["q.bedrock_quirk('igglybuff', 'blink')"]
    },
    "walking": {
      "poseName": "walking",
      "poseTypes": ["WALK", "SWIM"],
      "animations": [
        "q.biped_walk(0.66, 0.6, 'left_foot', 'right_foot')",
        "q.bedrock('igglybuff', 'ground_idle')"
      ],
      "quirks": ["q.bedrock_quirk('igglybuff', 'blink')"]
    },
    "shoulder_left": {
      "poseTypes": ["SHOULDER_LEFT"],
      "animations": ["q.look('head')", "q.bedrock('igglybuff', 'ground_idle')"],
      "quirks": ["q.bedrock_quirk('igglybuff', 'blink')"],
      "transformedParts": [
        {
          "part": "body",
          "position": [7, 0, 0]
        }
      ]
    },
    "shoulder_right": {
      "poseTypes": ["SHOULDER_RIGHT"],
      "animations": ["q.look('head')", "q.bedrock('igglybuff', 'ground_idle')"],
      "quirks": ["q.bedrock_quirk('igglybuff', 'blink')"],
      "transformedParts": [
        {
          "part": "body",
          "position": [-7, 0, 0]
        }
      ]
    }
  }
}
