{
	"format_version": "1.8.0",
	"animations": {
		"animation.shelgon.ground_idle": {
			"loop": true,
			"animation_length": 2,
			"bones": {
				"torso": {
					"rotation": ["-1+math.sin(q.anim_time*90*2+65)*0.5", 0, 0],
					"position": [0, 0, 0]
				},
				"leg_front_left": {
					"rotation": ["-7.5-math.sin(q.anim_time*90*2)*0.75", 0, 0]
				},
				"leg_front_left2": {
					"rotation": [7.5, 0, 0]
				},
				"leg_front_left3": {
					"rotation": ["math.sin(q.anim_time*90*2)*0.75", 0, 10]
				},
				"leg_back_left": {
					"rotation": ["4.9929-math.sin(q.anim_time*90*2)*0.75", 0.32621, -2.47864],
					"position": [0, 0.05, 0]
				},
				"leg_back_left2": {
					"rotation": [2.5, 0, 7.5]
				},
				"leg_back_left3": {
					"rotation": ["-7.4751+math.sin(q.anim_time*90*2)*0.75", -1.82695, 5.2826]
				},
				"leg_front_right": {
					"rotation": ["-7.5-math.sin(q.anim_time*90*2)*0.75", 0, 0]
				},
				"leg_front_right2": {
					"rotation": [7.5, 0, 0]
				},
				"leg_front_right3": {
					"rotation": ["math.sin(q.anim_time*90*2)*0.75", 0, -10]
				},
				"leg_back_right": {
					"rotation": ["4.9929-math.sin(q.anim_time*90*2)*0.75", -0.32621, 2.47864],
					"position": [0, 0.05, 0]
				},
				"leg_back_right2": {
					"rotation": [2.5, 0, -7.5]
				},
				"leg_back_right3": {
					"rotation": ["-7.4751+math.sin(q.anim_time*90*2)*0.75", 1.82695, -5.2826]
				},
				"body": {
					"rotation": [0, 0, 0],
					"position": [0, -0.1, "math.sin(q.anim_time*90*2)*0.05"]
				}
			}
		},
		"animation.shelgon.ground_walk": {
			"loop": true,
			"animation_length": 1,
			"bones": {
				"torso": {
					"rotation": ["1.5+math.sin(q.anim_time*90*8+45)*0.75", "math.sin(q.anim_time*90*4+90)*1.5", "math.sin(q.anim_time*90*4-60)*1"],
					"position": [0, "math.sin(q.anim_time*90*8-65)*0.2", 0]
				},
				"leg_front_left": {
					"rotation": {
						"0.0": [-17.5, 0, 0],
						"0.5": [2.5, 0, 0],
						"0.6667": {
							"pre": [5.83, 0, 0],
							"post": [5.83, 0, 0],
							"lerp_mode": "catmullrom"
						},
						"0.875": {
							"post": [-10, 0, 0],
							"lerp_mode": "catmullrom"
						},
						"1.0": [-17.5, 0, 0]
					},
					"position": {
						"0.0": [0, -0.2, -1],
						"0.5": [0, 0, 1],
						"0.75": {
							"pre": [0, 1, -0.1],
							"post": [0, 1, -0.1],
							"lerp_mode": "catmullrom"
						},
						"0.875": {
							"post": [0, 0.6, -0.84],
							"lerp_mode": "catmullrom"
						},
						"1.0": [0, -0.2, -1]
					}
				},
				"leg_front_left2": {
					"rotation": {
						"0.0": [10, 0, 0],
						"0.5": [-2.5, 0, 0],
						"0.75": {
							"pre": [12.71, 0, 0],
							"post": [12.71, 0, 0],
							"lerp_mode": "catmullrom"
						},
						"0.875": {
							"post": [3.86, 0, 0],
							"lerp_mode": "catmullrom"
						},
						"1.0": [10, 0, 0]
					}
				},
				"leg_front_left3": {
					"rotation": {
						"0.0": [7.5, 0, 10],
						"0.5": [0, 0, 10],
						"1.0": [7.5, 0, 10]
					}
				},
				"leg_back_left": {
					"rotation": {
						"0.0": [14.9929, 0.32621, -2.47864],
						"0.2083": {
							"pre": [14.9929, 0.32621, -2.47864],
							"post": [14.9929, 0.32621, -2.47864],
							"lerp_mode": "catmullrom"
						},
						"0.375": {
							"post": [-6.26, 0.33, -2.48],
							"lerp_mode": "catmullrom"
						},
						"0.5": [-12.5071, 0.32621, -2.47864],
						"1.0": [14.9929, 0.32621, -2.47864]
					},
					"position": {
						"0.0": [0, -0.15, 1],
						"0.25": {
							"pre": [0, 1, -0.1],
							"post": [0, 1, -0.1],
							"lerp_mode": "catmullrom"
						},
						"0.375": {
							"post": [0, 0.7, -0.74],
							"lerp_mode": "catmullrom"
						},
						"0.5": [0, -0.15, -1],
						"1.0": [0, -0.15, 1]
					}
				},
				"leg_back_left2": {
					"rotation": {
						"0.0": [-10, 0, 0],
						"0.25": {
							"pre": [12.71, 0, 0],
							"post": [12.71, 0, 0],
							"lerp_mode": "catmullrom"
						},
						"0.4167": {
							"post": [-1.14, 0, 0],
							"lerp_mode": "catmullrom"
						},
						"0.5": [10, 0, 0],
						"1.0": [-10, 0, 0]
					}
				},
				"leg_back_left3": {
					"rotation": {
						"0.0": [-4, 0, 10],
						"0.5": [2.5, 0, 10],
						"1.0": [-4, 0, 10]
					}
				},
				"leg_front_right": {
					"rotation": {
						"0.0": [2.5, 0, 0],
						"0.1667": {
							"pre": [5.83, 0, 0],
							"post": [5.83, 0, 0],
							"lerp_mode": "catmullrom"
						},
						"0.375": {
							"post": [-10, 0, 0],
							"lerp_mode": "catmullrom"
						},
						"0.5": [-17.5, 0, 0],
						"1.0": [2.5, 0, 0]
					},
					"position": {
						"0.0": [0, 0, 1],
						"0.25": {
							"pre": [0, 1, -0.1],
							"post": [0, 1, -0.1],
							"lerp_mode": "catmullrom"
						},
						"0.375": {
							"post": [0, 0.6, -0.84],
							"lerp_mode": "catmullrom"
						},
						"0.5": [0, -0.2, -1],
						"1.0": [0, 0, 1]
					}
				},
				"leg_front_right2": {
					"rotation": {
						"0.0": [-2.5, 0, 0],
						"0.25": {
							"pre": [12.71, 0, 0],
							"post": [12.71, 0, 0],
							"lerp_mode": "catmullrom"
						},
						"0.375": {
							"post": [3.86, 0, 0],
							"lerp_mode": "catmullrom"
						},
						"0.5": [10, 0, 0],
						"1.0": [-2.5, 0, 0]
					}
				},
				"leg_front_right3": {
					"rotation": {
						"0.0": [0, 0, -10],
						"0.5": [7.5, 0, -10],
						"1.0": [0, 0, -10]
					}
				},
				"leg_back_right": {
					"rotation": {
						"0.0": [-12.5071, -0.32621, 2.47864],
						"0.5": [14.9929, -0.32621, 2.47864],
						"0.7083": {
							"pre": [14.9929, -0.32621, 2.47864],
							"post": [14.9929, -0.32621, 2.47864],
							"lerp_mode": "catmullrom"
						},
						"0.875": {
							"post": [-6.26, -0.33, 2.48],
							"lerp_mode": "catmullrom"
						},
						"1.0": [-12.5071, -0.32621, 2.47864]
					},
					"position": {
						"0.0": [0, -0.15, -1],
						"0.5": [0, -0.15, 1],
						"0.75": {
							"pre": [0, 1, -0.1],
							"post": [0, 1, -0.1],
							"lerp_mode": "catmullrom"
						},
						"0.875": {
							"post": [0, 0.7, -0.74],
							"lerp_mode": "catmullrom"
						},
						"1.0": [0, -0.15, -1]
					}
				},
				"leg_back_right2": {
					"rotation": {
						"0.0": [10, 0, 0],
						"0.5": [-10, 0, 0],
						"0.75": {
							"pre": [12.71, 0, 0],
							"post": [12.71, 0, 0],
							"lerp_mode": "catmullrom"
						},
						"0.9167": {
							"post": [-1.14, 0, 0],
							"lerp_mode": "catmullrom"
						},
						"1.0": [10, 0, 0]
					}
				},
				"leg_back_right3": {
					"rotation": {
						"0.0": [2.5, 0, -10],
						"0.5": [-4, 0, -10],
						"1.0": [2.5, 0, -10]
					}
				},
				"body": {
					"rotation": [0, 0, 0],
					"position": [0, -0.1, 0]
				}
			}
		},
		"animation.shelgon.battle_idle": {
			"loop": true,
			"animation_length": 2,
			"bones": {
				"torso": {
					"rotation": ["6+math.sin(q.anim_time*90*2+65)*0.66", 0, 0],
					"position": [0, 0, -0.25]
				},
				"leg_front_left": {
					"rotation": ["-17.9885-math.sin(q.anim_time*90*2)*0.75", -14.22221, 2.68644],
					"position": [0, -0.2, -0.25]
				},
				"leg_front_left2": {
					"rotation": [7.5, 0, 0]
				},
				"leg_front_left3": {
					"rotation": ["12.2044+math.sin(q.anim_time*90*2)*0.75", -1.66784, 6.89218]
				},
				"leg_back_left": {
					"rotation": ["-2.8187-math.sin(q.anim_time*90*2)*0.75", -1.38002, -2.12703],
					"position": [0, 0.05, 0]
				},
				"leg_back_left2": {
					"rotation": [2.5, 0, 7.5]
				},
				"leg_back_left3": {
					"rotation": ["0.0276+math.sin(q.anim_time*90*2)*0.75", -1.88649, 4.91348]
				},
				"leg_front_right": {
					"rotation": ["-17.9885-math.sin(q.anim_time*90*2)*0.75", 14.22221, -2.68644],
					"position": [0, -0.2, -0.25]
				},
				"leg_front_right2": {
					"rotation": [7.5, 0, 0]
				},
				"leg_front_right3": {
					"rotation": ["12.2044+math.sin(q.anim_time*90*2)*0.75", 1.66784, -6.89218]
				},
				"leg_back_right": {
					"rotation": ["-2.8187-math.sin(q.anim_time*90*2)*0.75", 1.38002, 2.12703],
					"position": [0, 0.05, 0]
				},
				"leg_back_right2": {
					"rotation": [2.5, 0, -7.5]
				},
				"leg_back_right3": {
					"rotation": ["0.0276+math.sin(q.anim_time*90*2)*0.75", 1.88649, -4.91348]
				},
				"body": {
					"rotation": [0, 0, 0],
					"position": [0, -0.1, "0.7+math.sin(q.anim_time*90*2)*0.05"]
				}
			}
		},
		"animation.shelgon.cry": {
			"animation_length": 1.5,
			"bones": {
				"torso": {
					"rotation": {
						"0.0": [0, 0, 0],
						"0.1667": {
							"pre": [2.86, 0, 0],
							"post": [2.86, 0, 0],
							"lerp_mode": "catmullrom"
						},
						"0.25": {
							"post": [-2.5, 0, 0],
							"lerp_mode": "catmullrom"
						},
						"0.7917": {
							"post": ["-2.5+math.sin(q.anim_time*90*44)*0.6", 0, 0],
							"lerp_mode": "catmullrom"
						},
						"1.0833": {
							"post": [-2.5, 0, 0],
							"lerp_mode": "catmullrom"
						},
						"1.1667": {
							"post": [-4.2, 0, 0],
							"lerp_mode": "catmullrom"
						},
						"1.3333": {
							"post": [0, 0, 0],
							"lerp_mode": "catmullrom"
						},
						"1.5": [0, 0, 0]
					}
				}
			},
			"sound_effects": {
				"0.2083": {
					"effect": "pokemon.shelgon.cry"
				}
			}
		},
		"animation.shelgon.blink": {
			"animation_length": 0.1667,
			"bones": {
				"eyelid_left": {
					"position": {
						"0.0": [0, 0, -0.1],
						"0.125": [0, 0, -0.1],
						"0.1667": [0, 0, 0]
					}
				},
				"eyelid_right": {
					"position": {
						"0.0": [0, 0, -0.1],
						"0.125": [0, 0, -0.1],
						"0.1667": [0, 0, 0]
					}
				}
			}
		}
	}
}