{
	"format_version": "1.12.0",
	"minecraft:geometry": [
		{
			"description": {
				"identifier": "geometry.eevee_female",
				"texture_width": 96,
				"texture_height": 96,
				"visible_bounds_width": 3,
				"visible_bounds_height": 2.5,
				"visible_bounds_offset": [0, 0.75, 0]
			},
			"bones": [
				{
					"name": "eevee",
					"pivot": [0, 0, 0]
				},
				{
					"name": "body",
					"parent": "eevee",
					"pivot": [0, 7.75, 0]
				},
				{
					"name": "torso",
					"parent": "body",
					"pivot": [0, 7.75, 0],
					"cubes": [
						{"origin": [-3.5, 4.75, -6], "size": [7, 6, 12], "uv": [31, 31]},
						{"origin": [-5, 5.5, -8.75], "size": [10, 6, 9], "pivot": [0.5, 8.5, -4.25], "rotation": [30, 0, 0], "uv": [57, 80]}
					]
				},
				{
					"name": "bow",
					"parent": "torso",
					"pivot": [0, 0, 0],
					"cubes": [
						{"origin": [-1.5, 8, -9.75], "size": [3, 1, 0], "uv": [62, 21]},
						{"origin": [-2, 8.75, -9.75], "size": [1, 1, 0], "pivot": [-0.5, 7.75, -10.75], "rotation": [0, 0, 102.5], "uv": [62, 21]},
						{"origin": [-4.5, 9, -9.75], "size": [1, 1, 0], "pivot": [-3, 8, -10.75], "rotation": [0, 0, 102.5], "uv": [62, 21]},
						{"origin": [-1.5, 8.25, -9.75], "size": [1, 1, 0], "pivot": [0, 7.25, -10.75], "rotation": [0, 0, 75], "uv": [62, 21]},
						{"origin": [-4, 8, -9.75], "size": [1, 1, 0], "pivot": [-2.5, 7, -10.75], "rotation": [0, 0, 77.5], "uv": [62, 21]},
						{"origin": [-2, 7, -9.75], "size": [1, 1, 0], "pivot": [-0.5, 6, -10.75], "rotation": [0, 0, 27.5], "uv": [63, 21]},
						{"origin": [0.5, 7.5, -9.75], "size": [1, 1, 0], "pivot": [2, 6.5, -10.75], "rotation": [0, 0, -17.5], "uv": [63, 21]}
					]
				},
				{
					"name": "head",
					"parent": "torso",
					"pivot": [0, 10.25, -5],
					"cubes": [
						{"origin": [-4, 8.75, -9.25], "size": [8, 8, 7], "uv": [62, 42]},
						{"origin": [-3, 9.5, -10], "size": [6, 2, 1], "uv": [67, 32]},
						{"origin": [-3, 16.5, -6.25], "size": [6, 2, 0], "pivot": [0, 17.5, -6], "rotation": [-15, 0, 0], "uv": [83, 38]},
						{"origin": [-0.5, 10.51, -10.01], "size": [1, 1, 0], "uv": [83, 36], "mirror": true},
						{"origin": [-4.5, 11, -10.25], "size": [9, 4, 0], "uv": [43, 77]}
					]
				},
				{
					"name": "mouth",
					"parent": "head",
					"pivot": [0, 0.05, -0.75]
				},
				{
					"name": "mouth_closed",
					"parent": "mouth",
					"pivot": [0, 10.01, -10.01],
					"cubes": [
						{"origin": [-1, 9.51, -10.01], "size": [2, 1, 0], "uv": [91, 36], "mirror": true}
					]
				},
				{
					"name": "mouth_open",
					"parent": "mouth",
					"pivot": [0, 10.01, -9.91],
					"cubes": [
						{"origin": [-1, 9.51, -9.91], "size": [2, 1, 0], "uv": [86, 36], "mirror": true}
					]
				},
				{
					"name": "eyes",
					"parent": "head",
					"pivot": [0, 13, -9.3]
				},
				{
					"name": "eye_right",
					"parent": "eyes",
					"pivot": [-2.5, 13, -9.26],
					"cubes": [
						{"origin": [-3.5, 11.5, -9.26], "size": [2, 3, 0], "uv": [86, 31]}
					]
				},
				{
					"name": "eyelid_right",
					"parent": "eye_right",
					"pivot": [-2.5, 13, -8.66],
					"cubes": [
						{"origin": [-3.5, 11.5, -9.16], "size": [2, 3, 1], "inflate": 0.01, "uv": [32, 74]}
					]
				},
				{
					"name": "eye_left",
					"parent": "eyes",
					"pivot": [2.5, 13, -9.26],
					"cubes": [
						{"origin": [1.5, 11.5, -9.26], "size": [2, 3, 0], "uv": [86, 31], "mirror": true}
					]
				},
				{
					"name": "eyelid_left",
					"parent": "eye_left",
					"pivot": [2.5, 13, -8.66],
					"cubes": [
						{"origin": [1.5, 11.5, -9.16], "size": [2, 3, 1], "inflate": 0.01, "uv": [32, 74], "mirror": true}
					]
				},
				{
					"name": "ear_right",
					"parent": "head",
					"pivot": [-3.25, 16.75, -5.5],
					"rotation": [-10, 15, -32.5],
					"cubes": [
						{"origin": [-5.75, 15.75, -5.5], "size": [4, 8, 0], "uv": [31, 49], "mirror": true}
					]
				},
				{
					"name": "ear_left",
					"parent": "head",
					"pivot": [3.25, 16.75, -5.5],
					"rotation": [-10, -15, 32.5],
					"cubes": [
						{"origin": [1.75, 15.75, -5.5], "size": [4, 8, 0], "uv": [31, 49]}
					]
				},
				{
					"name": "bow2",
					"parent": "head",
					"pivot": [2.95724, 16.26865, -9.75],
					"rotation": [0, 0, 45],
					"cubes": [
						{"origin": [1.5, 16, -9.75], "size": [3, 1, 0], "uv": [62, 21]},
						{"origin": [1, 16.75, -9.75], "size": [1, 1, 0], "pivot": [2.5, 15.75, -10.75], "rotation": [0, 0, 102.5], "uv": [62, 21]},
						{"origin": [-1.5, 17, -9.75], "size": [1, 1, 0], "pivot": [0, 16, -10.75], "rotation": [0, 0, 102.5], "uv": [62, 21]},
						{"origin": [1.5, 16.25, -9.75], "size": [1, 1, 0], "pivot": [3, 15.25, -10.75], "rotation": [0, 0, 75], "uv": [62, 21]},
						{"origin": [-1, 16, -9.75], "size": [1, 1, 0], "pivot": [0.5, 15, -10.75], "rotation": [0, 0, 77.5], "uv": [62, 21]},
						{"origin": [1, 15, -9.75], "size": [1, 1, 0], "pivot": [2.5, 14, -10.75], "rotation": [0, 0, 27.5], "uv": [63, 21]},
						{"origin": [3.5, 15.5, -9.75], "size": [1, 1, 0], "pivot": [5, 14.5, -10.75], "rotation": [0, 0, -17.5], "uv": [63, 21]}
					]
				},
				{
					"name": "tail",
					"parent": "torso",
					"pivot": [0, 9.25, 6],
					"rotation": [45, 0, 0],
					"cubes": [
						{"origin": [-4, 6.25, 5], "size": [8, 7, 10], "uv": [31, 49]}
					]
				},
				{
					"name": "tailbow",
					"parent": "tail",
					"pivot": [5.5, 3, 10],
					"rotation": [-89.99998, 82.5, -89.99998],
					"cubes": [
						{"origin": [4, 11, 0.25], "size": [3, 1, 0], "uv": [62, 21]},
						{"origin": [3.5, 11.75, 0.25], "size": [1, 1, 0], "pivot": [5, 10.75, -0.75], "rotation": [0, 0, 102.5], "uv": [62, 21]},
						{"origin": [1, 12, 0.25], "size": [1, 1, 0], "pivot": [2.5, 11, -0.75], "rotation": [0, 0, 102.5], "uv": [62, 21]},
						{"origin": [4, 11.25, 0.25], "size": [1, 1, 0], "pivot": [5.5, 10.25, -0.75], "rotation": [0, 0, 75], "uv": [62, 21]},
						{"origin": [1.5, 11, 0.25], "size": [1, 1, 0], "pivot": [3, 10, -0.75], "rotation": [0, 0, 77.5], "uv": [62, 21]},
						{"origin": [3.5, 10, 0.25], "size": [1, 1, 0], "pivot": [5, 9, -0.75], "rotation": [0, 0, 27.5], "uv": [63, 21]},
						{"origin": [6, 10.5, 0.25], "size": [1, 1, 0], "pivot": [7.5, 9.5, -0.75], "rotation": [0, 0, -17.5], "uv": [63, 21]}
					]
				},
				{
					"name": "leg_front_right",
					"parent": "body",
					"pivot": [-2.5, 7, -3.75],
					"rotation": [2.5, 0, 0],
					"cubes": [
						{"origin": [-4, 3.5, -5.25], "size": [3, 5, 3], "inflate": 0.01, "uv": [31, 87], "mirror": true}
					]
				},
				{
					"name": "leg_front_right2",
					"parent": "leg_front_right",
					"pivot": [-2.5, 3.5, -2.25],
					"rotation": [-22.5, 0, 0],
					"cubes": [
						{"origin": [-4, 0.5, -5.25], "size": [3, 3, 3], "uv": [31, 81], "mirror": true}
					]
				},
				{
					"name": "leg_front_right3",
					"parent": "leg_front_right2",
					"pivot": [-2.5, 1, -3.75],
					"rotation": [20, 0, 0],
					"cubes": [
						{"origin": [-4, -0.75, -5.5], "size": [3, 2, 3], "inflate": 0.01, "uv": [43, 90], "mirror": true}
					]
				},
				{
					"name": "leg_front_left",
					"parent": "body",
					"pivot": [2.5, 7, -3.75],
					"rotation": [2.5, 0, 0],
					"cubes": [
						{"origin": [1, 3.5, -5.25], "size": [3, 5, 3], "inflate": 0.01, "uv": [31, 87]}
					]
				},
				{
					"name": "leg_front_left2",
					"parent": "leg_front_left",
					"pivot": [2.5, 3.5, -2.25],
					"rotation": [-22.5, 0, 0],
					"cubes": [
						{"origin": [1, 0.5, -5.25], "size": [3, 3, 3], "uv": [31, 81]}
					]
				},
				{
					"name": "leg_front_left3",
					"parent": "leg_front_left2",
					"pivot": [2.5, 1, -3.75],
					"rotation": [20, 0, 0],
					"cubes": [
						{"origin": [1, -0.75, -5.5], "size": [3, 2, 3], "inflate": 0.01, "uv": [43, 90]}
					]
				},
				{
					"name": "leg_back_right",
					"parent": "body",
					"pivot": [-2.5, 7.75, 3.5],
					"rotation": [10, 0, 0],
					"cubes": [
						{"origin": [-4, 4.25, 1.5], "size": [3, 5, 4], "inflate": 0.01, "uv": [57, 31], "mirror": true}
					]
				},
				{
					"name": "leg_back_right2",
					"parent": "leg_back_right",
					"pivot": [-2.5, 4.25, 5],
					"rotation": [-22.5, 0, 0],
					"cubes": [
						{"origin": [-4, 0.5, 3], "size": [3, 4, 3], "uv": [31, 31], "mirror": true}
					]
				},
				{
					"name": "leg_back_right3",
					"parent": "leg_back_right2",
					"pivot": [-2.5, 1, 4.5],
					"rotation": [12.5, 0, 0],
					"cubes": [
						{"origin": [-4, -0.5, 2.75], "size": [3, 2, 3], "inflate": 0.01, "uv": [31, 38], "mirror": true}
					]
				},
				{
					"name": "leg_back_left",
					"parent": "body",
					"pivot": [2.5, 7.75, 3.5],
					"rotation": [10, 0, 0],
					"cubes": [
						{"origin": [1, 4.25, 1.5], "size": [3, 5, 4], "inflate": 0.01, "uv": [57, 31]}
					]
				},
				{
					"name": "leg_back_left2",
					"parent": "leg_back_left",
					"pivot": [2.5, 4.25, 5],
					"rotation": [-22.5, 0, 0],
					"cubes": [
						{"origin": [1, 0.5, 3], "size": [3, 4, 3], "uv": [31, 31]}
					]
				},
				{
					"name": "leg_back_left3",
					"parent": "leg_back_left2",
					"pivot": [2.5, 1, 4.5],
					"rotation": [12.5, 0, 0],
					"cubes": [
						{"origin": [1, -0.5, 2.75], "size": [3, 2, 3], "inflate": 0.01, "uv": [31, 38]}
					]
				}
			]
		}
	]
}