{
	"format_version": "1.8.0",
	"animations": {
		"animation.marshtomp.ground_idle": {
			"loop": true,
			"bones": {
				"torso": {
					"rotation": [0, 0, 0]
				},
				"chest": {
					"rotation": [-2.5, 0, 0]
				},
				"head": {
					"rotation": [5, 0, 0]
				},
				"arm_left": {
					"rotation": [7.5, 0, 27.5]
				},
				"arm_left2": {
					"rotation": [0, 15, 2.5]
				},
				"hand_left": {
					"rotation": [0, 0, 5]
				},
				"finger_front_left": {
					"rotation": [0, 2.5, 15]
				},
				"finger_middle_left": {
					"rotation": [0, 0, 10]
				},
				"finger_back_left": {
					"rotation": [0, -5, 20]
				},
				"arm_right": {
					"rotation": [7.5, 0, -27.5]
				},
				"arm_right2": {
					"rotation": [0, -15, -2.5]
				},
				"hand_right": {
					"rotation": [0, 0, -5]
				},
				"finger_front_right": {
					"rotation": [0, -2.5, -15]
				},
				"finger_middle_right": {
					"rotation": [0, 0, -10]
				},
				"finger_back_right": {
					"rotation": [0, 5, -20]
				},
				"tail_fin_left": {
					"rotation": [-5, 45, 0]
				},
				"tail_fin_right": {
					"rotation": [-5, -45, 0]
				},
				"leg_left": {
					"rotation": [2.5, 0, -2.5]
				},
				"leg_left2": {
					"rotation": [5, 0, 0]
				},
				"foot_left": {
					"rotation": [-7.5, 0, 2.5]
				},
				"leg_right": {
					"rotation": [2.5, 0, 2.5]
				},
				"leg_right2": {
					"rotation": [5, 0, 0]
				},
				"foot_right": {
					"rotation": [-7.5, 0, -2.5]
				}
			}
		},
		"animation.marshtomp.cry": {
			"animation_length": 1.2,
			"sound_effects": {
				"0.04": {
					"effect": "pokemon.marshtomp.cry"
				}
			}
		},
		"animation.marshtomp.blink": {
			"animation_length": 0.1667,
			"bones": {
				"eyelid_left": {
					"position": {
						"0.0": [0, 0, -0.1],
						"0.125": [0, 0, -0.1],
						"0.1667": [0, 0, 0]
					}
				},
				"eyelid_right": {
					"position": {
						"0.0": [0, 0, -0.1],
						"0.125": [0, 0, -0.1],
						"0.1667": [0, 0, 0]
					}
				}
			}
		},
		"animation.marshtomp.shock": {
			"loop": true,
			"bones": {
				"jaw": {
					"rotation": [25, 0, 0]
				},
				"pupil_left": {
					"scale": [0.7, 0.7, 1]
				},
				"pupil_right": {
					"scale": [0.7, 0.7, 1]
				}
			}
		},
		"animation.marshtomp.angry": {
			"loop": true,
			"bones": {
				"eye_angry_left": {
					"position": [0, 0, -0.1]
				},
				"eye_angry_right": {
					"position": [0, 0, -0.1]
				}
			}
		},
		"animation.marshtomp.sad": {
			"loop": true,
			"bones": {
				"eye_sad_left": {
					"position": [0, 0, -0.1]
				},
				"eye_sad_right": {
					"position": [0, 0, -0.1]
				}
			}
		},
		"animation.marshtomp.happy": {
			"loop": true,
			"bones": {
				"jaw": {
					"rotation": [25, 0, 0]
				},
				"eyelid_happy_left": {
					"position": [0, 0, -0.1]
				},
				"eyelid_happy_right": {
					"position": [0, 0, -0.1]
				}
			}
		},
		"animation.marshtomp.hurt": {
			"loop": true,
			"bones": {
				"eye_recoil_left": {
					"position": [0, 0, -0.1]
				},
				"eye_recoil_right": {
					"position": [0, 0, -0.1]
				}
			}
		}
	}
}