{
	"format_version": "1.12.0",
	"minecraft:geometry": [
		{
			"description": {
				"identifier": "geometry.eevee_female",
				"texture_width": 96,
				"texture_height": 96,
				"visible_bounds_width": 3,
				"visible_bounds_height": 2.5,
				"visible_bounds_offset": [0, 0.75, 0]
			},
			"bones": [
				{
					"name": "eevee",
					"pivot": [0, 0, 0]
				},
				{
					"name": "body",
					"parent": "eevee",
					"pivot": [0, 7.75, 0]
				},
				{
					"name": "torso",
					"parent": "body",
					"pivot": [0, 7.75, 0],
					"cubes": [
						{"origin": [-3.5, 4.75, -6], "size": [7, 6, 12], "uv": [32, 32]},
						{"origin": [-5, 5.5, -8.75], "size": [10, 6, 9], "pivot": [0.5, 8.5, -4.25], "rotation": [30, 0, 0], "uv": [58, 81]}
					]
				},
				{
					"name": "bow",
					"parent": "torso",
					"pivot": [0, 0, 0],
					"cubes": [
						{"origin": [-3.5, 3, -9.75], "size": [7, 6, 0], "uv": [61, 22]}
					]
				},
				{
					"name": "head",
					"parent": "torso",
					"pivot": [0, 10.25, -5],
					"cubes": [
						{"origin": [-4, 8.75, -9.25], "size": [8, 8, 7], "uv": [63, 43]},
						{"origin": [-3, 9.5, -10], "size": [6, 2, 1], "uv": [68, 33]},
						{"origin": [-3, 16.5, -6.25], "size": [6, 2, 0], "pivot": [0, 17.5, -6], "rotation": [-15, 0, 0], "uv": [84, 39]},
						{"origin": [-0.5, 10.51, -10.01], "size": [1, 1, 0], "uv": [84, 37], "mirror": true},
						{"origin": [-5.5, 15, -10.5], "size": [11, 5, 0], "pivot": [0, 17, -10.5], "rotation": [-12.5, 0, 0], "uv": [43, 77]}
					]
				},
				{
					"name": "mouth",
					"parent": "head",
					"pivot": [0, 0.05, -0.75]
				},
				{
					"name": "mouth_closed",
					"parent": "mouth",
					"pivot": [0, 10.01, -10.01],
					"cubes": [
						{"origin": [-1, 9.51, -10.01], "size": [2, 1, 0], "uv": [92, 37], "mirror": true}
					]
				},
				{
					"name": "mouth_open",
					"parent": "mouth",
					"pivot": [0, 10.01, -9.91],
					"cubes": [
						{"origin": [-1, 9.51, -9.91], "size": [2, 1, 0], "uv": [87, 37], "mirror": true}
					]
				},
				{
					"name": "eyes",
					"parent": "head",
					"pivot": [0, 13, -9.3]
				},
				{
					"name": "eye_right",
					"parent": "eyes",
					"pivot": [-2.5, 13, -9.26],
					"cubes": [
						{"origin": [-3.5, 11.5, -9.26], "size": [2, 3, 0], "uv": [92, 32]}
					]
				},
				{
					"name": "eyelid_right",
					"parent": "eye_right",
					"pivot": [-2.5, 13, -8.66],
					"cubes": [
						{"origin": [-3.5, 11.5, -9.16], "size": [2, 3, 1], "inflate": 0.01, "uv": [33, 75]}
					]
				},
				{
					"name": "eye_left",
					"parent": "eyes",
					"pivot": [2.5, 13, -9.26],
					"cubes": [
						{"origin": [1.5, 11.5, -9.26], "size": [2, 3, 0], "uv": [92, 32], "mirror": true}
					]
				},
				{
					"name": "eyelid_left",
					"parent": "eye_left",
					"pivot": [2.5, 13, -8.66],
					"cubes": [
						{"origin": [1.5, 11.5, -9.16], "size": [2, 3, 1], "inflate": 0.01, "uv": [33, 75], "mirror": true}
					]
				},
				{
					"name": "ear_right",
					"parent": "head",
					"pivot": [-3.25, 16.75, -5.5],
					"rotation": [-10, 15, -32.5],
					"cubes": [
						{"origin": [-5.75, 15.75, -5.5], "size": [4, 8, 0], "uv": [32, 50], "mirror": true}
					]
				},
				{
					"name": "ear_left",
					"parent": "head",
					"pivot": [3.25, 16.75, -5.5],
					"rotation": [-10, -15, 32.5],
					"cubes": [
						{"origin": [1.75, 15.75, -5.5], "size": [4, 8, 0], "uv": [32, 50]}
					]
				},
				{
					"name": "Hat",
					"parent": "head",
					"pivot": [-1, 18, -5.25],
					"cubes": [
						{"origin": [-3, 19, -8.75], "size": [6, 1, 6], "uv": [0, 24]},
						{"origin": [-4, 15, -2.25], "size": [8, 3, 1], "uv": [24, 28]},
						{"origin": [-4, 15, -10.25], "size": [8, 3, 1], "uv": [24, 19]},
						{"origin": [-9, 15, -7.25], "size": [8, 3, 1], "pivot": [-5, 15.5, -5.75], "rotation": [0, -90, 0], "uv": [18, 24]},
						{"origin": [-0.5, 15, -6.75], "size": [8, 3, 1], "pivot": [3.5, 15.5, -5.75], "rotation": [0, -90, 0], "uv": [24, 15]},
						{"origin": [-4, 18, -9.75], "size": [8, 1, 8], "uv": [0, 15]},
						{"origin": [-7.5, 15, -13.25], "size": [15, 0, 15], "uv": [0, 0]}
					]
				},
				{
					"name": "right_wing",
					"parent": "Hat",
					"pivot": [-4.5, 16, -4],
					"cubes": [
						{"origin": [-4.5, 16, -4], "size": [0, 4, 5], "pivot": [-4.5, 16, -4], "rotation": [0, -45, 0], "uv": [43, 64]}
					]
				},
				{
					"name": "left_wing",
					"parent": "Hat",
					"pivot": [4.5, 16, -4],
					"cubes": [
						{"origin": [4.5, 16, -4], "size": [0, 4, 5], "pivot": [4.5, 16, -4], "rotation": [0, 45, 0], "uv": [43, 64]}
					]
				},
				{
					"name": "tail",
					"parent": "torso",
					"pivot": [0, 9.25, 6],
					"rotation": [45, 0, 0],
					"cubes": [
						{"origin": [-4, 6.25, 5], "size": [8, 7, 10], "uv": [58, 58]}
					]
				},
				{
					"name": "tailbow",
					"parent": "tail",
					"pivot": [5.5, 3, 10],
					"rotation": [-89.99998, 82.5, -89.99998],
					"cubes": [
						{"origin": [4, 11, 0.25], "size": [3, 1, 0], "uv": [48, 22]},
						{"origin": [3.5, 11.75, 0.25], "size": [1, 1, 0], "pivot": [5, 10.75, -0.75], "rotation": [0, 0, 102.5], "uv": [48, 22]},
						{"origin": [1, 12, 0.25], "size": [1, 1, 0], "pivot": [2.5, 11, -0.75], "rotation": [0, 0, 102.5], "uv": [48, 22]},
						{"origin": [4, 11.25, 0.25], "size": [1, 1, 0], "pivot": [5.5, 10.25, -0.75], "rotation": [0, 0, 75], "uv": [48, 22]},
						{"origin": [1.5, 11, 0.25], "size": [1, 1, 0], "pivot": [3, 10, -0.75], "rotation": [0, 0, 77.5], "uv": [48, 22]},
						{"origin": [3.5, 10, 0.25], "size": [1, 1, 0], "pivot": [5, 9, -0.75], "rotation": [0, 0, 27.5], "uv": [49, 22]},
						{"origin": [6, 10.5, 0.25], "size": [1, 1, 0], "pivot": [7.5, 9.5, -0.75], "rotation": [0, 0, -17.5], "uv": [49, 22]}
					]
				},
				{
					"name": "leg_front_right",
					"parent": "body",
					"pivot": [-2.5, 7, -3.75],
					"rotation": [2.5, 0, 0],
					"cubes": [
						{"origin": [-4, 3.5, -5.25], "size": [3, 5, 3], "inflate": 0.01, "uv": [32, 88], "mirror": true}
					]
				},
				{
					"name": "leg_front_right2",
					"parent": "leg_front_right",
					"pivot": [-2.5, 3.5, -2.25],
					"rotation": [-22.5, 0, 0],
					"cubes": [
						{"origin": [-4, 0.5, -5.25], "size": [3, 3, 3], "uv": [32, 82], "mirror": true}
					]
				},
				{
					"name": "leg_front_right3",
					"parent": "leg_front_right2",
					"pivot": [-2.5, 1, -3.75],
					"rotation": [20, 0, 0],
					"cubes": [
						{"origin": [-4, -0.75, -5.5], "size": [3, 2, 3], "inflate": 0.01, "uv": [44, 91], "mirror": true}
					]
				},
				{
					"name": "leg_front_left",
					"parent": "body",
					"pivot": [2.5, 7, -3.75],
					"rotation": [2.5, 0, 0],
					"cubes": [
						{"origin": [1, 3.5, -5.25], "size": [3, 5, 3], "inflate": 0.01, "uv": [32, 88]}
					]
				},
				{
					"name": "leg_front_left2",
					"parent": "leg_front_left",
					"pivot": [2.5, 3.5, -2.25],
					"rotation": [-22.5, 0, 0],
					"cubes": [
						{"origin": [1, 0.5, -5.25], "size": [3, 3, 3], "uv": [32, 82]}
					]
				},
				{
					"name": "leg_front_left3",
					"parent": "leg_front_left2",
					"pivot": [2.5, 1, -3.75],
					"rotation": [20, 0, 0],
					"cubes": [
						{"origin": [1, -0.75, -5.5], "size": [3, 2, 3], "inflate": 0.01, "uv": [44, 91]}
					]
				},
				{
					"name": "leg_back_right",
					"parent": "body",
					"pivot": [-2.5, 7.75, 3.5],
					"rotation": [10, 0, 0],
					"cubes": [
						{"origin": [-4, 4.25, 1.5], "size": [3, 5, 4], "inflate": 0.01, "uv": [58, 32], "mirror": true}
					]
				},
				{
					"name": "leg_back_right2",
					"parent": "leg_back_right",
					"pivot": [-2.5, 4.25, 5],
					"rotation": [-22.5, 0, 0],
					"cubes": [
						{"origin": [-4, 0.5, 3], "size": [3, 4, 3], "uv": [32, 32], "mirror": true}
					]
				},
				{
					"name": "leg_back_right3",
					"parent": "leg_back_right2",
					"pivot": [-2.5, 1, 4.5],
					"rotation": [12.5, 0, 0],
					"cubes": [
						{"origin": [-4, -0.5, 2.75], "size": [3, 2, 3], "inflate": 0.01, "uv": [32, 39], "mirror": true}
					]
				},
				{
					"name": "leg_back_left",
					"parent": "body",
					"pivot": [2.5, 7.75, 3.5],
					"rotation": [10, 0, 0],
					"cubes": [
						{"origin": [1, 4.25, 1.5], "size": [3, 5, 4], "inflate": 0.01, "uv": [58, 32]}
					]
				},
				{
					"name": "leg_back_left2",
					"parent": "leg_back_left",
					"pivot": [2.5, 4.25, 5],
					"rotation": [-22.5, 0, 0],
					"cubes": [
						{"origin": [1, 0.5, 3], "size": [3, 4, 3], "uv": [32, 32]}
					]
				},
				{
					"name": "leg_back_left3",
					"parent": "leg_back_left2",
					"pivot": [2.5, 1, 4.5],
					"rotation": [12.5, 0, 0],
					"cubes": [
						{"origin": [1, -0.5, 2.75], "size": [3, 2, 3], "inflate": 0.01, "uv": [32, 39]}
					]
				}
			]
		}
	]
}