{
	"format_version": "1.8.0",
	"animations": {
		"animation.wynaut.ground_idle": {
			"loop": true,
			"bones": {
				"head_flap": {
					"rotation": [50, 0, 0]
				},
				"arm_right": {
					"rotation": [0, 0, -50]
				},
				"arm_right2": {
					"rotation": [0, 0, 20]
				},
				"arm_left": {
					"rotation": [0, 0, 22.5]
				},
				"arm_left2": {
					"rotation": [0, 0, 17.5]
				},
				"tail": {
					"rotation": [-17.5, 0, 0]
				},
				"tail2": {
					"rotation": [7.5, 0, 0]
				},
				"tail3": {
					"rotation": [7.5, 0, 0]
				}
			}
		},
		"animation.wynaut.blink": {
			"animation_length": 0.1667,
			"bones": {
				"tail_eye": {
					"position": {
						"0.0": [0, -0.1, 0],
						"0.125": [0, -0.1, 0],
						"0.1667": [0, 0, 0]
					}
				},
				"tail_eyelid": {
					"position": {
						"0.0": [0, 0.1, 0],
						"0.125": [0, 0.1, 0],
						"0.1667": [0, 0, 0]
					}
				}
			}
		},
		"animation.wynaut.happy": {
			"loop": true,
			"bones": {
				"mouth_closed": {
					"position": [0, 0, 0.1]
				},
				"eyes": {
					"position": [0, 0.5, 0]
				},
				"mouth_happy": {
					"position": [0, 0, -0.1]
				}
			}
		},
		"animation.wynaut.sad": {
			"loop": true,
			"bones": {
				"mouth_closed": {
					"rotation": [0, 0, 180],
					"position": [0, 0.5, 0]
				}
			}
		},
		"animation.wynaut.mouth_open": {
			"loop": true,
			"bones": {
				"mouth_closed": {
					"position": [0, 0, 0.1]
				},
				"mouth_open": {
					"position": [0, 0, -0.1]
				},
				"eyes": {
					"position": [0, 0.5, 0]
				}
			}
		},
		"animation.wynaut.cry": {
			"animation_length": 1.2,
			"sound_effects": {
				"0.04": {
					"effect": "pokemon.wynaut.cry"
				}
			}
		}
	}
}