{
	"format_version": "1.8.0",
	"animations": {
		"animation.palafin_hero.ground_idle": {
			"loop": true,
			"bones": {
				"torso": {
					"rotation": [5, 0, 0]
				},
				"torso2": {
					"rotation": [-2.5, 0, 0]
				},
				"waist1": {
					"rotation": [-5, 0, 0]
				},
				"chest": {
					"rotation": [0, 0, 0]
				},
				"arm_left_rotation": {
					"rotation": [0, 0, 35]
				},
				"head": {
					"rotation": [5, 0, 0]
				},
				"arm_left2": {
					"rotation": [0, 0, 47.5]
				},
				"hand_left_rotation": {
					"rotation": [0, 0, 12.5]
				},
				"finger_back_left": {
					"rotation": [0, -5, 42.5]
				},
				"finger_back_left2": {
					"rotation": [0, 0, 50]
				},
				"finger_middle_left": {
					"rotation": [0, 0, 42.5]
				},
				"finger_middle_left2": {
					"rotation": [7.5, 0, 45]
				},
				"finger_front_left": {
					"rotation": [0, 10, 45]
				},
				"finger_front_left2": {
					"rotation": [0, 0, 50]
				},
				"arm_left3": {
					"rotation": [0, 0, 60]
				},
				"arm_right_rotation": {
					"rotation": [0, 0, -35]
				},
				"arm_right2": {
					"rotation": [0, 0, -47.5]
				},
				"arm_right3": {
					"rotation": [0, 0, -60]
				},
				"hand_right_rotation": {
					"rotation": [0, 0, -12.5]
				},
				"finger_back_right": {
					"rotation": [0, 5, -42.5]
				},
				"finger_back_right2": {
					"rotation": [0, 0, -50]
				},
				"finger_middle_right": {
					"rotation": [0, 0, -42.5]
				},
				"finger_middle_right2": {
					"rotation": [7.5, 0, -45]
				},
				"finger_front_right": {
					"rotation": [0, -10, -45]
				},
				"finger_front_right2": {
					"rotation": [0, 0, -50]
				},
				"cape_left2": {
					"rotation": [0, -5, 0]
				},
				"cape_left3": {
					"rotation": [0, 0, -7.5]
				},
				"cape_left4": {
					"rotation": [-7.5, 0, 0]
				},
				"cape_right3": {
					"rotation": [0, 0, 7.5]
				},
				"cape_right4": {
					"rotation": [-7.5, 0, 0]
				},
				"hand_left": {
					"rotation": [-180, 0, 0]
				},
				"hand_right": {
					"rotation": [-180, 0, 0]
				}
			}
		},
		"animation.palafin_hero.blink": {
			"animation_length": 0.1667,
			"bones": {
				"eyelid_right": {
					"position": {
						"0.0": [0, 0, -0.1],
						"0.125": [0, 0, -0.1],
						"0.1667": [0, 0, 0]
					}
				},
				"eyelid_left": {
					"position": {
						"0.0": [0, 0, -0.1],
						"0.125": [0, 0, -0.1],
						"0.1667": [0, 0, 0]
					}
				}
			}
		},
		"animation.palafin_hero.cry": {
			"animation_length": 1.2,
			"sound_effects": {
				"0.04": {
					"effect": "pokemon.palafin_hero.cry"
				}
			}
		}
	}
}