{
	"format_version": "1.8.0",
	"animations": {
		"animation.fomantis.ground_idle": {
			"loop": true,
			"animation_length": 8,
			"bones": {
				"left_back_arm_flowering": {
					"scale": 0
				},
				"right_back_arm_flowering": {
					"scale": 0
				},
				"torso": {
					"rotation": ["0+math.sin(q.anim_time*90*3+90)*0.5", "0+math.sin(q.anim_time*90*1.5+0)*5", "0+math.sin(q.anim_time*90*1.5+90)*2.5"],
					"position": [0, "0+math.sin(q.anim_time*90*3+60)*0.05", 0]
				},
				"scarf": {
					"rotation": [0, "0+math.sin(q.anim_time*90*1.5-60)*3", 0]
				},
				"left_front_arm": {
					"rotation": ["0+math.sin(q.anim_time*90*1.5-30)*3", 0, "0+math.sin(q.anim_time*90*1.5-30)*5"]
				},
				"right_front_arm": {
					"rotation": ["0+math.sin(q.anim_time*90*1.5+150)*3", 0, "0+math.sin(q.anim_time*90*1.5-30)*5"]
				},
				"right_back_arm": {
					"rotation": ["0+math.sin(q.anim_time*90*1.5-30)*2", 0, "0+math.sin(q.anim_time*90*1.5+150)*3"]
				},
				"left_back_arm": {
					"rotation": ["0+math.sin(q.anim_time*90*1.5+150)*2", 0, "0+math.sin(q.anim_time*90*1.5+150)*3"]
				},
				"tail": {
					"rotation": [0, "0+math.sin(q.anim_time*90*1.5-35)*7.5", 0]
				},
				"head": {
					"rotation": ["0+math.sin(q.anim_time*90*3+60)*0.5", "0+math.sin(q.anim_time*90*1.5+150)*3", "0+math.sin(q.anim_time*90*1.5+60)*1.5"]
				},
				"bang_right": {
					"rotation": [0, "0+math.sin(q.anim_time*90*1.5+0)*3", "0+math.sin(q.anim_time*90*1.5+30)*3"]
				},
				"bang_left": {
					"rotation": [0, "0+math.sin(q.anim_time*90*1.5+0)*3", "0+math.sin(q.anim_time*90*1.5+30)*3"]
				},
				"bang_middle": {
					"rotation": ["0+math.sin(q.anim_time*90*3+30)*0.5", 0, "0+math.sin(q.anim_time*90*1.5+30)*3"]
				},
				"bang_bend": {
					"rotation": ["0+math.sin(q.anim_time*90*3+0)*0.5", "0+math.sin(q.anim_time*90*1.5+0)*1.5", 0]
				},
				"hat": {
					"rotation": [0, 0, "0+math.sin(q.anim_time*90*1.5+45)*0.3"]
				},
				"hat_petal_right": {
					"rotation": [0, "0+math.sin(q.anim_time*90*1.5+215)*4", 0]
				},
				"hat_petal_right2": {
					"rotation": [0, "0+math.sin(q.anim_time*90*1.5+25)*4", 0]
				},
				"hat_petal_left": {
					"rotation": [0, "0+math.sin(q.anim_time*90*1.5+205)*4", 0]
				},
				"hat_petal_left2": {
					"rotation": [0, "0+math.sin(q.anim_time*90*1.5+35)*4", 0]
				},
				"hat_petal_front": {
					"rotation": [0, "0+math.sin(q.anim_time*90*1.5+210)*5", 0]
				},
				"hat_petal_back": {
					"rotation": [0, "0+math.sin(q.anim_time*90*1.5+30)*5", 0]
				},
				"hat_bulb": {
					"rotation": ["0+math.sin(q.anim_time*90*3+0)*1", 0, "0+math.sin(q.anim_time*90*1.5+0)*1.5"]
				}
			}
		},
		"animation.fomantis.ground_walk": {
			"loop": true,
			"bones": {
				"left_back_arm_flowering": {
					"scale": 0
				},
				"right_back_arm_flowering": {
					"scale": 0
				},
				"torso": {
					"rotation": ["0+math.sin(q.anim_time*90*6-20)*2.5", "0+math.sin(q.anim_time*90*3+120)*8", "0+math.sin(q.anim_time*90*3-20)*2"],
					"position": [0, "0+math.sin(q.anim_time*90*6-35)*0.2", 0]
				},
				"scarf": {
					"rotation": ["0+math.sin(q.anim_time*90*6-75)*2", "0+math.sin(q.anim_time*90*3+65)*3", "0+math.sin(q.anim_time*90*3-75)*1"]
				},
				"head": {
					"rotation": ["0+math.sin(q.anim_time*90*6-50)*2", "0+math.sin(q.anim_time*90*3-90)*5", "0+math.sin(q.anim_time*90*3-50)*1.5"]
				},
				"bang": {
					"rotation": ["-1+math.sin(q.anim_time*90*6-65)*1", 0, 0]
				},
				"bang_right": {
					"rotation": [0, "0+math.sin(q.anim_time*90*3-115)*3", "0+math.sin(q.anim_time*90*3-115)*3"]
				},
				"bang_left": {
					"rotation": [0, "0+math.sin(q.anim_time*90*3-125)*3", "0+math.sin(q.anim_time*90*3-125)*3"]
				},
				"bang_middle": {
					"rotation": ["0+math.sin(q.anim_time*90*6-95)*2", 0, "0+math.sin(q.anim_time*90*3-90)*3"]
				},
				"bang_bend": {
					"rotation": ["0+math.sin(q.anim_time*90*6-125)*1", "0+math.sin(q.anim_time*90*3-120)*1.5", 0]
				},
				"hat": {
					"rotation": ["0+math.sin(q.anim_time*90*6-65)*1", 0, 0]
				},
				"hat_petal_right": {
					"rotation": ["0+math.sin(q.anim_time*90*6-85)*2", 0, "0+math.sin(q.anim_time*90*6+95)*2"]
				},
				"hat_petal_left": {
					"rotation": ["0+math.sin(q.anim_time*90*6-75)*2", 0, "0+math.sin(q.anim_time*90*6-75)*2"]
				},
				"left_front_arm": {
					"rotation": ["0+math.sin(q.anim_time*90*3+105)*1", "0+math.sin(q.anim_time*90*6-50)*2", "0+math.sin(q.anim_time*90*3+90)*5"]
				},
				"left_front_arm_bend": {
					"rotation": [0, 0, "0+math.sin(q.anim_time*90*6-80)*2.5"]
				},
				"left_front_arm_end": {
					"rotation": [0, 0, "0+math.sin(q.anim_time*90*6-110)*3"]
				},
				"right_front_arm": {
					"rotation": ["0+math.sin(q.anim_time*90*3-75)*1", "0+math.sin(q.anim_time*90*6+130)*2", "0+math.sin(q.anim_time*90*3+90)*5"]
				},
				"right_front_arm_bend": {
					"rotation": [0, 0, "0+math.sin(q.anim_time*90*6+100)*2.5"]
				},
				"right_front_arm_end": {
					"rotation": [0, 0, "0+math.sin(q.anim_time*90*6+70)*3"]
				},
				"right_back_arm": {
					"rotation": [0, "-1+math.sin(q.anim_time*90*6-50)*3", "0+math.sin(q.anim_time*90*3+90)*4"]
				},
				"right_back_arm_bend2": {
					"rotation": [0, 0, "2.5+math.sin(q.anim_time*90*6-80)*2.5"]
				},
				"right_back_arm_end2": {
					"rotation": [0, 0, "0+math.sin(q.anim_time*90*6-110)*2.5"]
				},
				"left_back_arm": {
					"rotation": [0, "1+math.sin(q.anim_time*90*6+130)*3", "0+math.sin(q.anim_time*90*3+90)*4"]
				},
				"left_back_arm_bend2": {
					"rotation": [0, 0, "-2.5+math.sin(q.anim_time*90*6+100)*2.5"]
				},
				"left_back_arm_end2": {
					"rotation": [0, 0, "0+math.sin(q.anim_time*90*6+70)*2.5"]
				},
				"tail": {
					"rotation": ["0+math.sin(q.anim_time*90*6-50)*3", "0+math.sin(q.anim_time*90*3+90)*5", 0]
				},
				"right_leg": {
					"rotation": ["0+math.clamp(math.sin(query.anim_time*90*3*1+180)*22.5,-20,0)+math.clamp(math.sin(query.anim_time*90*3*1+180)*22.5,0,20)", 0, 0],
					"position": [0, "0+math.clamp(math.sin(query.anim_time*90*3*1+50)*0.75,-0.1,0.75)", "0+math.sin(q.anim_time*90*3-210)*0.9"]
				},
				"left_leg": {
					"rotation": ["0+math.clamp(math.sin(query.anim_time*90*3*1+0)*22.5,-20,0)+math.clamp(math.sin(query.anim_time*90*3*1+0)*22.5,0,20)", 0, 0],
					"position": [0, "0+math.clamp(math.sin(query.anim_time*90*3*1+230)*0.75,-0.1,0.75)", "0+math.sin(q.anim_time*90*3-30)*0.9"]
				},
				"hat_petal_front": {
					"rotation": ["0+math.sin(q.anim_time*90*6-80)*3", 0, 0]
				},
				"hat_petal_back": {
					"rotation": ["0+math.sin(q.anim_time*90*6-80)*3", 0, 0]
				},
				"hat_petal_right2": {
					"rotation": ["0+math.sin(q.anim_time*90*6-75)*2", 0, "0+math.sin(q.anim_time*90*6+105)*2"]
				},
				"hat_petal_left2": {
					"rotation": ["0+math.sin(q.anim_time*90*6-85)*2", 0, "0+math.sin(q.anim_time*90*6-85)*2"]
				},
				"hat_bulb": {
					"rotation": ["0+math.sin(q.anim_time*90*6-100)*1.5", 0, "0+math.sin(q.anim_time*90*3-90)*2"]
				}
			}
		},
		"animation.fomantis.sleep": {
			"loop": true,
			"bones": {
				"left_back_arm_flowering": {
					"scale": 0
				},
				"right_back_arm_flowering": {
					"scale": 0
				},
				"torso": {
					"rotation": ["-7.5+math.sin(q.anim_time*90*1+30)*1", 0, "0+math.sin(q.anim_time*90*0.5+120)*0.5"],
					"position": [0, -1.25, 0.5]
				},
				"scarf": {
					"rotation": ["8.5+math.sin(q.anim_time*90*1-30)*1", 0, 0],
					"position": [0, -0.65, 0]
				},
				"left_front_arm": {
					"rotation": [28.3532, -0.8845, -1.7121],
					"position": [0, -0.7, 0]
				},
				"left_front_arm_bend": {
					"rotation": [0, 0, "0+math.sin(q.anim_time*90*1+210)*1"]
				},
				"left_front_arm_end": {
					"rotation": [0, 0, "-47.5+math.sin(q.anim_time*90*1+180)*1"]
				},
				"right_front_arm": {
					"rotation": [28.35323, 0.88453, 1.71214],
					"position": [0, -0.7, 0]
				},
				"right_front_arm_bend": {
					"rotation": [0, 0, "0+math.sin(q.anim_time*90*1+30)*1"]
				},
				"right_front_arm_end": {
					"rotation": [0, 0, "47.5+math.sin(q.anim_time*90*1+0)*1"]
				},
				"right_back_arm_bend2": {
					"rotation": [0, 0, "10+math.sin(q.anim_time*90*1+210)*1"]
				},
				"right_back_arm_end2": {
					"rotation": [0, 0, "50+math.sin(q.anim_time*90*1+180)*1"]
				},
				"left_back_arm_bend2": {
					"rotation": [0, 0, "-10+math.sin(q.anim_time*90*1+30)*1"]
				},
				"left_back_arm_end2": {
					"rotation": [0, 0, "-50+math.sin(q.anim_time*90*1+0)*1"]
				},
				"head": {
					"rotation": ["12.5+math.sin(q.anim_time*90*1+0)*1.5", 0, "0+math.sin(q.anim_time*90*0.5+90)*0.5"],
					"position": [0, -0.5, 0]
				},
				"left_eye_closed": {
					"position": [0, 0, -0.1]
				},
				"right_eye_closed": {
					"position": [0, 0, -0.1]
				},
				"bang_middle": {
					"rotation": ["0+math.sin(q.anim_time*90*1+150)*1", 0, 0]
				},
				"bang_bend": {
					"rotation": ["0+math.sin(q.anim_time*90*1+120)*0.5", 0, 0]
				},
				"hat_petal_right": {
					"rotation": ["0+math.sin(q.anim_time*90*1-35)*1.5", 0, 0]
				},
				"hat_petal_right2": {
					"rotation": ["0+math.sin(q.anim_time*90*1-25)*1.5", 0, 0]
				},
				"hat_petal_left": {
					"rotation": ["0+math.sin(q.anim_time*90*1-25)*1.5", 0, 0]
				},
				"hat_petal_left2": {
					"rotation": ["0+math.sin(q.anim_time*90*1-35)*1.5", 0, 0]
				},
				"hat_petal_front": {
					"rotation": ["0+math.sin(q.anim_time*90*1-30)*1.5", 0, 0]
				},
				"hat_petal_back": {
					"rotation": ["0+math.sin(q.anim_time*90*1-30)*1.5", 0, 0]
				},
				"hat_bulb": {
					"rotation": ["0+math.sin(q.anim_time*90*1-60)*2", 0, "0+math.sin(q.anim_time*90*0.5+60)*1"]
				},
				"right_leg": {
					"rotation": [-95, 7.5, -0.5],
					"position": [0, -0.5, -1.5]
				},
				"left_leg": {
					"rotation": [-95, -7.5, 0.5],
					"position": [0, -0.5, -1.5]
				}
			}
		},
		"animation.fomantis.wild_sleep": {
			"loop": true,
			"bones": {
				"body": {
					"position": [0, -2, 0],
					"scale": 1
				},
				"scarf": {
					"position": [0, -3, 0]
				},
				"left_front_arm": {
					"rotation": [22.5, 0, 0],
					"position": [0, -3, 0]
				},
				"left_front_arm_bend": {
					"rotation": [0, 0, -67.5]
				},
				"left_front_arm_end": {
					"rotation": [0, 0, -15]
				},
				"right_front_arm": {
					"rotation": [22.5, 0, 0],
					"position": [0, -3, 0]
				},
				"right_front_arm_bend": {
					"rotation": [0, 0, 67.5]
				},
				"right_front_arm_end": {
					"rotation": [0, 0, 15]
				},
				"right_back_arm": {
					"scale": 0
				},
				"tail": {
					"scale": 0
				},
				"left_back_arm": {
					"scale": 0
				},
				"left_back_arm_flowering": {
					"rotation": [-22.5, 0, 0],
					"position": [0, -3, 0]
				},
				"left_back_arm_bend": {
					"rotation": [0, 0, -67.5]
				},
				"left_back_arm_end": {
					"rotation": [0, 0, -15]
				},
				"right_back_arm_flowering": {
					"rotation": [-22.5, 0, 0],
					"position": [0, -3, 0]
				},
				"right_back_arm_bend": {
					"rotation": [0, 0, 67.5]
				},
				"right_back_arm_end": {
					"rotation": [0, 0, 15]
				},
				"right_eye_closed": {
					"position": [0, 0, -0.1]
				},
				"left_eye_closed": {
					"position": [0, 0, -0.1]
				},
				"head": {
					"rotation": ["0+math.sin(q.anim_time*90*1+0)*0.75", 0, "0+math.sin(q.anim_time*90*1+90)*0.5"],
					"position": [0, "-3.01+math.sin(q.anim_time*90*1+30)*0.05", 0]
				},
				"bang_middle": {
					"rotation": ["0+math.sin(q.anim_time*90*1-30)*0.5", 0, "0+math.sin(q.anim_time*90*1+60)*0.5"]
				},
				"bang_bend": {
					"rotation": ["0+math.sin(q.anim_time*90*1-60)*0.25", "0+math.sin(q.anim_time*90*1+30)*0.25", 0]
				},
				"hat_bulb": {
					"rotation": ["0+math.sin(q.anim_time*90*1-60)*1", 0, "0+math.sin(q.anim_time*90*1+30)*0.75"]
				}
			}
		},
		"animation.fomantis.cry": {
			"animation_length": 1,
			"bones": {
				"head": {
					"rotation": {
						"0.0": [0, 0, 0],
						"0.2083": [-15, 0, "-2*Math.cos((query.anim_time-0) * 90 * 12) * 0.5"],
						"0.75": [-15, 0, "-2*Math.cos((query.anim_time-0) * 90 * 12) * 0.5"],
						"1.0": [0, 0, 0]
					}
				}
			},
			"sound_effects": {
				"0.0": {
					"effect": "pokemon.fomantis.cry"
				}
			}
		},
		"animation.fomantis.blink": {
			"animation_length": 0.2083,
			"bones": {
				"left_eye_closed": {
					"position": {
						"0.0": [0, 0, -0.1],
						"0.125": [0, 0, -0.1],
						"0.2083": [0, 0, 0]
					}
				},
				"right_eye_closed": {
					"position": {
						"0.0": [0, 0, -0.1],
						"0.125": [0, 0, -0.1],
						"0.2083": [0, 0, 0]
					}
				}
			}
		},
		"animation.fomantis.flowering": {
			"loop": true,
			"bones": {
				"body": {
					"position": [0, -2, 0],
					"scale": 1
				},
				"scarf": {
					"position": [0, -3, 0]
				},
				"left_front_arm": {
					"rotation": [22.5, 0, 0],
					"position": [0, -3, 0]
				},
				"left_front_arm_bend": {
					"rotation": [0, 0, -67.5]
				},
				"left_front_arm_end": {
					"rotation": [0, 0, -15]
				},
				"right_front_arm": {
					"rotation": [22.5, 0, 0],
					"position": [0, -3, 0]
				},
				"right_front_arm_bend": {
					"rotation": [0, 0, 67.5]
				},
				"right_front_arm_end": {
					"rotation": [0, 0, 15]
				},
				"right_back_arm": {
					"scale": 0
				},
				"tail": {
					"scale": 0
				},
				"left_back_arm": {
					"scale": 0
				},
				"left_back_arm_flowering": {
					"rotation": [-22.5, 0, 0],
					"position": [0, -3, 0]
				},
				"left_back_arm_bend": {
					"rotation": [0, 0, -67.5]
				},
				"left_back_arm_end": {
					"rotation": [0, 0, -15]
				},
				"right_back_arm_flowering": {
					"rotation": [-22.5, 0, 0],
					"position": [0, -3, 0]
				},
				"right_back_arm_bend": {
					"rotation": [0, 0, 67.5]
				},
				"right_back_arm_end": {
					"rotation": [0, 0, 15]
				},
				"right_eye_closed": {
					"position": [0, 0, -0.1]
				},
				"left_eye_closed": {
					"position": [0, 0, -0.1]
				},
				"head": {
					"position": [0, -3.01, 0]
				}
			}
		}
	}
}