{
	"format_version": "1.12.0",
	"minecraft:geometry": [
		{
			"description": {
				"identifier": "geometry.krabby",
				"texture_width": 64,
				"texture_height": 32,
				"visible_bounds_width": 4,
				"visible_bounds_height": 2.5,
				"visible_bounds_offset": [0, 0.75, 0]
			},
			"bones": [
				{
					"name": "krabby",
					"pivot": [0, 0, 0]
				},
				{
					"name": "body",
					"parent": "krabby",
					"pivot": [0, 0, 0]
				},
				{
					"name": "torso",
					"parent": "body",
					"pivot": [0, 3, 1.25],
					"rotation": [-5, 0, 0],
					"cubes": [
						{"origin": [-4.5, 2.25, -4], "size": [9, 5, 8], "uv": [0, 0]},
						{"origin": [-4.25, 1.75, -1.25], "size": [3, 1, 4], "uv": [31, 18]},
						{"origin": [1.25, 1.75, -1.25], "size": [3, 1, 4], "uv": [31, 13], "mirror": true},
						{"origin": [-3.84905, 4.22895, -4.00564], "size": [1, 2, 0], "pivot": [-3.1, 4.5, -4], "rotation": [15, 0, 5], "uv": [0, 0]},
						{"origin": [2.84905, 4.22895, -4.00564], "size": [1, 2, 0], "pivot": [3.1, 4.5, -4], "rotation": [15, 0, -5], "uv": [2, 0], "mirror": true},
						{"origin": [-2.5, 6.9, -1.25], "size": [2, 4, 0], "pivot": [-1.5, 6.9, -1.25], "rotation": [0, 0, -5], "uv": [0, 4], "mirror": true},
						{"origin": [0.5, 6.9, -1.25], "size": [2, 4, 0], "pivot": [1.5, 6.9, -1.25], "rotation": [0, 0, 5], "uv": [4, 4]}
					],
					"locators": {
						"bubbles": [0, 4.71951, -3.42436]
					}
				},
				{
					"name": "eyes",
					"parent": "torso",
					"pivot": [0, 7.75, -3.75]
				},
				{
					"name": "eye_right",
					"parent": "eyes",
					"pivot": [-2.1, 7.4, -3.75],
					"rotation": [0, 0, 7.5],
					"cubes": [
						{"origin": [-3.6, 6.4, -4.25], "size": [3, 2, 1], "uv": [26, 3], "mirror": true}
					]
				},
				{
					"name": "pupil_right",
					"parent": "eye_right",
					"pivot": [-1.85, 7.65, -4.25],
					"cubes": [
						{"origin": [-2.35, 7.15, -4.25], "size": [1, 1, 0], "inflate": 0.01, "uv": [4, 0], "mirror": true}
					]
				},
				{
					"name": "eye_left",
					"parent": "eyes",
					"pivot": [2.1, 7.4, -3.75],
					"rotation": [0, 0, -7.5],
					"cubes": [
						{"origin": [0.6, 6.4, -4.25], "size": [3, 2, 1], "uv": [26, 0]}
					]
				},
				{
					"name": "pupil_left",
					"parent": "eye_left",
					"pivot": [1.85, 7.65, -4.25],
					"cubes": [
						{"origin": [1.35, 7.15, -4.25], "size": [1, 1, 0], "inflate": 0.01, "uv": [4, 1]}
					]
				},
				{
					"name": "arm_right",
					"parent": "torso",
					"pivot": [-4.5, 5, -2.5],
					"rotation": [5, 0, 0],
					"cubes": [
						{"origin": [-9.5, 4.5, -3], "size": [5, 1, 1], "inflate": 0.01, "uv": [34, 2]}
					]
				},
				{
					"name": "arm_right2",
					"parent": "arm_right",
					"pivot": [-9.5, 5, -2],
					"cubes": [
						{"origin": [-13.5, 4.5, -3], "size": [4, 1, 1], "uv": [34, 6]},
						{"origin": [-14.5, 4, -3.5], "size": [1, 2, 2], "uv": [34, 8]}
					]
				},
				{
					"name": "claw_right",
					"parent": "arm_right2",
					"pivot": [-14.5, 5, -2.5],
					"cubes": [
						{"origin": [-20.5, 3.25, -4], "size": [6, 3, 3], "uv": [46, 6]},
						{"origin": [-19.5, 6.25, -3.5], "size": [4, 0, 2], "inflate": 0.01, "uv": [24, 6]}
					]
				},
				{
					"name": "claw_mandible_right",
					"parent": "claw_right",
					"pivot": [-14.5, 6.25, -2.5],
					"rotation": [0, 0, 35],
					"cubes": [
						{"origin": [-17.5, 5.25, -3.5], "size": [3, 1, 2], "uv": [54, 17]},
						{"origin": [-18.5, 5.25, -3], "size": [1, 1, 1], "pivot": [-17.5, 6.25, -2.5], "rotation": [0, 0, -20], "uv": [52, 17]}
					]
				},
				{
					"name": "claw_right2",
					"parent": "claw_right",
					"pivot": [-20.5, 3.25, -2.5],
					"rotation": [0, 0, 45],
					"cubes": [
						{"origin": [-23.5, 3.25, -3.5], "size": [3, 3, 2], "inflate": 0.01, "uv": [54, 12]}
					]
				},
				{
					"name": "claw_right3",
					"parent": "claw_right2",
					"pivot": [-23.5, 3.25, -2.5],
					"rotation": [0, 0, 60],
					"cubes": [
						{"origin": [-27.5, 3.25, -3.5], "size": [4, 2, 2], "uv": [12, 21]}
					]
				},
				{
					"name": "arm_left",
					"parent": "torso",
					"pivot": [4.5, 5, -2.5],
					"rotation": [5, 0, 0],
					"cubes": [
						{"origin": [4.5, 4.5, -3], "size": [5, 1, 1], "inflate": 0.01, "uv": [34, 0], "mirror": true}
					]
				},
				{
					"name": "arm_left2",
					"parent": "arm_left",
					"pivot": [9.5, 5, -2],
					"cubes": [
						{"origin": [9.5, 4.5, -3], "size": [4, 1, 1], "uv": [34, 4], "mirror": true},
						{"origin": [13.5, 4, -3.5], "size": [1, 2, 2], "uv": [40, 8], "mirror": true}
					]
				},
				{
					"name": "claw_left",
					"parent": "arm_left2",
					"pivot": [14.5, 5, -2.5],
					"cubes": [
						{"origin": [14.5, 3.25, -4], "size": [6, 3, 3], "uv": [46, 0], "mirror": true},
						{"origin": [15.5, 6.25, -3.5], "size": [4, 0, 2], "inflate": 0.01, "uv": [-2, 2], "mirror": true}
					]
				},
				{
					"name": "claw_mandible_left",
					"parent": "claw_left",
					"pivot": [14.5, 6.25, -2.5],
					"rotation": [0, 0, -35],
					"cubes": [
						{"origin": [14.5, 5.25, -3.5], "size": [3, 1, 2], "uv": [44, 17], "mirror": true},
						{"origin": [17.5, 5.25, -3], "size": [1, 1, 1], "pivot": [17.5, 6.25, -2.5], "rotation": [0, 0, 20], "uv": [52, 12], "mirror": true}
					]
				},
				{
					"name": "claw_left2",
					"parent": "claw_left",
					"pivot": [20.5, 3.25, -2.5],
					"rotation": [0, 0, -45],
					"cubes": [
						{"origin": [20.5, 3.25, -3.5], "size": [3, 3, 2], "inflate": 0.01, "uv": [44, 12], "mirror": true}
					]
				},
				{
					"name": "claw_left3",
					"parent": "claw_left2",
					"pivot": [23.5, 3.25, -2.5],
					"rotation": [0, 0, -60],
					"cubes": [
						{"origin": [23.5, 3.25, -3.5], "size": [4, 2, 2], "uv": [0, 21], "mirror": true}
					]
				},
				{
					"name": "leg_right_front",
					"parent": "body",
					"pivot": [-4.5, 3.25, -0.25],
					"rotation": [0, 0, 22.5],
					"cubes": [
						{"origin": [-9.5, 2.25, -0.75], "size": [6, 1, 1], "inflate": 0.01, "uv": [0, 15], "mirror": true}
					]
				},
				{
					"name": "leg_right_front2",
					"parent": "leg_right_front",
					"pivot": [-9.5, 2.25, -0.25],
					"rotation": [0, 0, -97.5],
					"cubes": [
						{"origin": [-13.5, 1.25, -0.75], "size": [4, 1, 1], "uv": [14, 15], "mirror": true}
					]
				},
				{
					"name": "leg_right_front3",
					"parent": "leg_right_front2",
					"pivot": [-13.5, 1.25, -0.25],
					"rotation": [0, 0, 75],
					"cubes": [
						{"origin": [-16.5, 1.25, -0.75], "size": [3, 1, 1], "inflate": 0.01, "uv": [24, 15], "mirror": true}
					]
				},
				{
					"name": "leg_right_back",
					"parent": "body",
					"pivot": [-4.5, 3.25, 1.75],
					"rotation": [0, 0, 22.5],
					"cubes": [
						{"origin": [-9.5, 2.25, 1.25], "size": [6, 1, 1], "inflate": 0.01, "uv": [0, 13], "mirror": true}
					]
				},
				{
					"name": "leg_right_back2",
					"parent": "leg_right_back",
					"pivot": [-9.5, 2.25, 1.75],
					"rotation": [0, 0, -97.5],
					"cubes": [
						{"origin": [-13.5, 1.25, 1.25], "size": [4, 1, 1], "uv": [14, 13], "mirror": true}
					]
				},
				{
					"name": "leg_right_back3",
					"parent": "leg_right_back2",
					"pivot": [-13.5, 1.25, 1.75],
					"rotation": [0, 0, 75],
					"cubes": [
						{"origin": [-16.5, 1.25, 1.25], "size": [3, 1, 1], "inflate": 0.01, "uv": [24, 13], "mirror": true}
					]
				},
				{
					"name": "leg_left_front",
					"parent": "body",
					"pivot": [4.5, 3.25, -0.25],
					"rotation": [0, 0, -22.5],
					"cubes": [
						{"origin": [3.5, 2.25, -0.75], "size": [6, 1, 1], "inflate": 0.01, "uv": [0, 19]}
					]
				},
				{
					"name": "leg_left_front2",
					"parent": "leg_left_front",
					"pivot": [9.5, 2.25, -0.25],
					"rotation": [0, 0, 97.5],
					"cubes": [
						{"origin": [9.5, 1.25, -0.75], "size": [4, 1, 1], "uv": [14, 19]}
					]
				},
				{
					"name": "leg_left_front3",
					"parent": "leg_left_front2",
					"pivot": [13.5, 1.25, -0.25],
					"rotation": [0, 0, -75],
					"cubes": [
						{"origin": [13.5, 1.25, -0.75], "size": [3, 1, 1], "inflate": 0.01, "uv": [24, 19]}
					]
				},
				{
					"name": "leg_left_back",
					"parent": "body",
					"pivot": [4.5, 3.25, 1.75],
					"rotation": [0, 0, -22.5],
					"cubes": [
						{"origin": [3.5, 2.25, 1.25], "size": [6, 1, 1], "inflate": 0.01, "uv": [0, 17]}
					]
				},
				{
					"name": "leg_left_back2",
					"parent": "leg_left_back",
					"pivot": [9.5, 2.25, 1.75],
					"rotation": [0, 0, 97.5],
					"cubes": [
						{"origin": [9.5, 1.25, 1.25], "size": [4, 1, 1], "uv": [14, 17]}
					]
				},
				{
					"name": "leg_left_back3",
					"parent": "leg_left_back2",
					"pivot": [13.5, 1.25, 1.75],
					"rotation": [0, 0, -75],
					"cubes": [
						{"origin": [13.5, 1.25, 1.25], "size": [3, 1, 1], "inflate": 0.01, "uv": [24, 17]}
					]
				}
			]
		}
	]
}