{
  "portraitScale": 1.79,
  "portraitTranslation": [-1.24, 1.4, 0],
  "profileScale": 0.48,
  "profileTranslation": [-0.1, 0.93, 0],
  "rootBone": "milotic",
  "animations": {
    "cry": "q.bedrock_stateful('milotic', 'cry')"
  },
  "poses": {
    "battle-standing": {
      "poseTypes": ["STAND"],
      "isBattle": true,
      "animations": [
        "q.look('head')",
        "q.bedrock('milotic', 'battle_idle')"
      ],
      "quirks": ["q.bedrock_quirk('milotic', 'blink')"]
    },
    "standing": {
      "poseTypes": [
        "STAND",
        "PORTRAIT",
        "PROFILE",
        "NONE"
      ],
      "isBattle": false,
      "animations": [
        "q.look('head')",
        "q.bedrock('milotic', 'ground_idle')"
      ],
      "quirks": ["q.bedrock_quirk('milotic', 'blink')"]
    },
    "walking": {
      "poseTypes": ["WALK"],
      "animations": [
        "q.look('head')",
        "q.bedrock('milotic', 'ground_walk')"
      ],
      "quirks": ["q.bedrock_quirk('milotic', 'blink')"]
    },
    "float": {
      "poseTypes": ["FLOAT"],
      "animations": [
        "q.look('head')",
        "q.bedrock('milotic', 'water_idle')"
      ],
      "quirks": ["q.bedrock_quirk('milotic', 'blink')"]
    },
    "swim": {
      "poseTypes": ["SWIM"],
      "animations": [
        "q.look('head')",
        "q.bedrock('milotic', 'water_swim')"
      ],
      "quirks": ["q.bedrock_quirk('milotic', 'blink')"]
    },
    "sleep": {
      "poseTypes": ["SLEEP"],
      "animations": ["q.bedrock('milotic', 'sleep_male')"]
    }
  }
}
