{
  "portraitScale": 1.03,
  "portraitTranslation": [-0.31, 0.12, 0],
  "profileScale": 0.47,
  "profileTranslation": [0.07, 0.98, 0.0],
  "rootBone": "venusaur",
  "animations": {
    "cry": "q.bedrock_stateful('venusaur', 'cry')",
    "recoil": "q.bedrock_stateful('venusaur', 'recoil')"
  },
  "poses": {
    "battle-standing": {
      "poseTypes": ["STAND"],
      "isBattle": true,
      "animations": [
        "q.look('head', 1, 0, 10, -20)",
        "q.look('leaf_front', 1, 0, 3, -13)",
        "q.bedrock('venusaur', 'battle_idle')"],
      "quirks": [
        "q.bedrock_quirk('venusaur', 'blink')",
        "q.bedrock_quirk('venusaur', 'look_quirk')"
      ]
    },
    "standing": {
      "poseTypes": ["STAND", "NONE", "PORTRAIT", "PROFILE"],
      "isBattle": false,
      "animations": [
        "q.look('head', 1, 0, 10, -20)",
        "q.look('leaf_front', 1, 0, 3, -13)",
        "q.bedrock('venusaur', 'ground_idle')"],
      "quirks": [
        "q.bedrock_quirk('venusaur', 'blink')",
        "q.bedrock_quirk('venusaur', 'look_quirk')"
      ]
    },
    "walking": {
      "poseTypes": ["WALK"],
      "animations": [
        "q.look('head', 1, 0, 10, -20)",
        "q.look('leaf_front', 1, 0, 0, -13)",
        "q.bedrock('venusaur', 'ground_walk')"],
      "quirks": [
        "q.bedrock_quirk('venusaur', 'blink')",
        "q.bedrock_quirk('venusaur', 'look_quirk')"
      ]
    },
    "sleep": {
      "poseTypes": ["SLEEP"],
      "animations": ["q.bedrock('venusaur', 'sleep')"]
    }
  }
}
