{
	"format_version": "1.8.0",
	"animations": {
		"animation.phantump.ground_idle": {
			"loop": true,
			"animation_length": 4,
			"bones": {
				"torso": {
					"rotation": ["math.sin(q.anim_time*90*2-30)*4", 0, "math.sin(q.anim_time*90*2-30)*6+math.sin(q.anim_time*90*1-30)*2"]
				},
				"tail": {
					"rotation": ["-90+math.sin(q.anim_time*90*2-150)*10", "math.sin(q.anim_time*90*2-120)*-20", 0],
					"position": [0, "math.sin(q.anim_time*90*1-120)*0.1+0.1", -3]
				},
				"head": {
					"rotation": ["math.sin(q.anim_time*90*2-30)*-8", 0, "math.sin(q.anim_time*90*2-30)*-2+math.sin(q.anim_time*90*1-30)*-1"],
					"position": [0, "math.sin(q.anim_time*90*1-30)*-0.3-0.3", 0]
				},
				"tuft": {
					"rotation": ["math.sin(q.anim_time*90*2+30)*4", 35, "math.sin(q.anim_time*90*2+30)*-6"]
				},
				"open": {
					"position": [0, 0, 1]
				},
				"right_arm": {
					"rotation": ["32.1265+math.sin(q.anim_time*90*2-90)*-8", "46.6045+math.sin(q.anim_time*90*2-60)*3", 4.38708],
					"position": [0, -0.25, 0]
				},
				"left_arm": {
					"rotation": ["32.1265+math.sin(q.anim_time*90*2-90)*-8", "-46.6045+math.sin(q.anim_time*90*2-60)*3", -4.38708],
					"position": [0, -0.25, 0]
				},
				"tuft_end": {
					"rotation": [0, 0, "math.sin(q.anim_time*90*2-90)*-12"]
				},
				"tuft2": {
					"rotation": [0, 0, "math.sin(q.anim_time*90*2-30)*-10"]
				},
				"end": {
					"rotation": ["35+math.sin(q.anim_time*90*2-180)*10", "math.sin(q.anim_time*90*1-150)*-10+math.sin(q.anim_time*90*2-150)*-30", 0]
				},
				"right_leaf2": {
					"rotation": [-27.5, 0, "45+math.sin(q.anim_time*90*2-150)*8"]
				},
				"right_leaf": {
					"rotation": [37.5, 0, "50+math.sin(q.anim_time*90*2-180)*8"]
				},
				"left_leaf": {
					"rotation": [37.5, 0, "-50+math.sin(q.anim_time*90*2-180)*8"]
				},
				"left_leaf2": {
					"rotation": [-27.5, 0, "-45+math.sin(q.anim_time*90*2-150)*8"]
				},
				"body": {
					"position": ["math.sin(q.anim_time*90*2-90)*0.8", "4.5+math.sin(q.anim_time*90*2)*0.7+math.sin(q.anim_time*90*1)*0.4", 0]
				},
				"neck": {
					"rotation": ["math.sin(q.anim_time*90*2-60)*6", 0, "math.sin(q.anim_time*90*2-30)*2"],
					"position": [0, "math.sin(q.anim_time*90*1-60)*-0.1+0.1", 0]
				},
				"butt": {
					"rotation": ["8+math.sin(q.anim_time*90*2-120)*5", "math.sin(q.anim_time*90*1-90)*-5+math.sin(q.anim_time*90*2-90)*-5", 0],
					"position": [0, "math.sin(q.anim_time*90*1-90)*0.1+0.1", 0]
				},
				"right_branch": {
					"rotation": [0, 0, "math.sin(q.anim_time*90*2-60)*2"]
				},
				"right_branch_end": {
					"rotation": [0, 0, "math.sin(q.anim_time*90*2-120)*3"]
				},
				"left_branch": {
					"rotation": [0, 0, "math.sin(q.anim_time*90*2-60)*2"]
				},
				"left_branch_end": {
					"rotation": [0, 0, "math.sin(q.anim_time*90*2-120)*3"]
				}
			}
		},
		"animation.phantump.ground_walk": {
			"loop": true,
			"animation_length": 4,
			"bones": {
				"torso": {
					"rotation": ["25+math.sin(q.anim_time*90*2-30)*4", 0, "math.sin(q.anim_time*90*2-30)*6+math.sin(q.anim_time*90*1-30)*2"]
				},
				"tail": {
					"rotation": ["-65+math.sin(q.anim_time*90*2-150)*10", "math.sin(q.anim_time*90*2-120)*-20", 0],
					"position": [0, "math.sin(q.anim_time*90*1-120)*0.1+0.1", -2]
				},
				"head": {
					"rotation": ["math.sin(q.anim_time*90*2-30)*-8-6.5", 0, "math.sin(q.anim_time*90*2-30)*-2+math.sin(q.anim_time*90*1-30)*-1"],
					"position": [0, "math.sin(q.anim_time*90*1-30)*-0.3-0.3", -0.25]
				},
				"tuft": {
					"rotation": ["0.4248+math.sin(q.anim_time*90*2+30)*4", 47.49084, "math.sin(q.anim_time*90*2+30)*-5.3595"]
				},
				"open": {
					"position": [0, 0, 1]
				},
				"right_arm": {
					"rotation": ["28.4489+math.sin(q.anim_time*90*2-90)*-8", "51.4827+math.sin(q.anim_time*90*2-60)*3", 3.76468],
					"position": [0, -0.25, 0]
				},
				"left_arm": {
					"rotation": ["28.4489+math.sin(q.anim_time*90*2-90)*-8", "-51.4827+math.sin(q.anim_time*90*2-60)*3", -3.76468],
					"position": [0, -0.25, 0]
				},
				"tuft_end": {
					"rotation": [-8.60469, -4.93701, "-28.6284+math.sin(q.anim_time*90*2-90)*-14"],
					"position": [0, -0.5, 0]
				},
				"tuft2": {
					"rotation": [0, 7.5, "math.sin(q.anim_time*90*2-30)*-10"]
				},
				"end": {
					"rotation": ["80+math.sin(q.anim_time*90*2-180)*10", "math.sin(q.anim_time*90*1-150)*-10+math.sin(q.anim_time*90*2-150)*-30", 0],
					"position": [0, 0, -0.7]
				},
				"right_leaf2": {
					"rotation": ["-27.5+math.sin(q.anim_time*90*2-90)*10+math.sin(q.anim_time*90*1+120)*-4", 0, "45+math.sin(q.anim_time*90*2-150)*8"]
				},
				"right_leaf": {
					"rotation": ["37.5+math.sin(q.anim_time*90*2-90)*-10+math.sin(q.anim_time*90*1+120)*4", 0, "50+math.sin(q.anim_time*90*2-180)*8"]
				},
				"left_leaf": {
					"rotation": ["37.5+math.sin(q.anim_time*90*2-90)*-10+math.sin(q.anim_time*90*1+120)*4", 0, "-50+math.sin(q.anim_time*90*2-180)*8"]
				},
				"left_leaf2": {
					"rotation": ["-27.5+math.sin(q.anim_time*90*2-90)*10+math.sin(q.anim_time*90*1+120)*-4", 0, "-45+math.sin(q.anim_time*90*2-150)*8"]
				},
				"body": {
					"position": [
						"math.sin(q.anim_time*90*2-90)*0.8",
						"3+math.sin(q.anim_time*90*2)*0.7+math.sin(q.anim_time*90*1)*0.4",
						"math.sin(q.anim_time*90*2-60)*-1+math.sin(q.anim_time*90*1+90)*1"
					]
				},
				"neck": {
					"rotation": ["-15+math.sin(q.anim_time*90*2-60)*6", 0, "math.sin(q.anim_time*90*2-30)*2"],
					"position": [0, "math.sin(q.anim_time*90*1-60)*-0.1+0.1", 0]
				},
				"butt": {
					"rotation": ["15.5+math.sin(q.anim_time*90*2-120)*5", "math.sin(q.anim_time*90*1-90)*-5+math.sin(q.anim_time*90*2-90)*-5", 0],
					"position": [0, "math.sin(q.anim_time*90*1-90)*0.1+0.1", 0]
				},
				"right_branch": {
					"rotation": [-7.5, 0, "0+math.sin(q.anim_time*90*2-60)*2"]
				},
				"left_branch": {
					"rotation": [-7.5, 0, "0+math.sin(q.anim_time*90*2-60)*2"]
				},
				"left_branch_end": {
					"rotation": [0, 0, "math.sin(q.anim_time*90*2-120)*3"]
				},
				"right_branch_end": {
					"rotation": [0, 0, "math.sin(q.anim_time*90*2-120)*3"]
				}
			}
		},
		"animation.phantump.air_idle": {
			"loop": true,
			"animation_length": 4,
			"bones": {
				"torso": {
					"rotation": ["math.sin(q.anim_time*90*2-30)*4", 0, "math.sin(q.anim_time*90*2-30)*6+math.sin(q.anim_time*90*1-30)*2"]
				},
				"tail": {
					"rotation": ["-90+math.sin(q.anim_time*90*2-150)*10", "math.sin(q.anim_time*90*2-120)*-20", 0],
					"position": [0, "math.sin(q.anim_time*90*1-120)*0.1+0.1", -3]
				},
				"head": {
					"rotation": ["math.sin(q.anim_time*90*2-30)*-8", 0, "math.sin(q.anim_time*90*2-30)*-2+math.sin(q.anim_time*90*1-30)*-1"],
					"position": [0, "math.sin(q.anim_time*90*1-30)*-0.3-0.3", 0]
				},
				"tuft": {
					"rotation": ["math.sin(q.anim_time*90*2+30)*4", 35, "math.sin(q.anim_time*90*2+30)*-6"]
				},
				"open": {
					"position": [0, 0, 1]
				},
				"right_arm": {
					"rotation": ["32.1265+math.sin(q.anim_time*90*2-90)*-8", "46.6045+math.sin(q.anim_time*90*2-60)*3", 4.38708],
					"position": [0, -0.25, 0]
				},
				"left_arm": {
					"rotation": ["32.1265+math.sin(q.anim_time*90*2-90)*-8", "-46.6045+math.sin(q.anim_time*90*2-60)*3", -4.38708],
					"position": [0, -0.25, 0]
				},
				"tuft_end": {
					"rotation": [0, 0, "math.sin(q.anim_time*90*2-90)*-12"]
				},
				"tuft2": {
					"rotation": [0, 0, "math.sin(q.anim_time*90*2-30)*-10"]
				},
				"end": {
					"rotation": ["35+math.sin(q.anim_time*90*2-180)*10", "math.sin(q.anim_time*90*1-150)*-10+math.sin(q.anim_time*90*2-150)*-30", 0]
				},
				"right_leaf2": {
					"rotation": [-27.5, 0, "45+math.sin(q.anim_time*90*2-150)*8"]
				},
				"right_leaf": {
					"rotation": [37.5, 0, "50+math.sin(q.anim_time*90*2-180)*8"]
				},
				"left_leaf": {
					"rotation": [37.5, 0, "-50+math.sin(q.anim_time*90*2-180)*8"]
				},
				"left_leaf2": {
					"rotation": [-27.5, 0, "-45+math.sin(q.anim_time*90*2-150)*8"]
				},
				"body": {
					"position": ["math.sin(q.anim_time*90*2-90)*0.8", "4.5+math.sin(q.anim_time*90*2)*0.7+math.sin(q.anim_time*90*1)*0.4", 0]
				},
				"neck": {
					"rotation": ["math.sin(q.anim_time*90*2-60)*6", 0, "math.sin(q.anim_time*90*2-30)*2"],
					"position": [0, "math.sin(q.anim_time*90*1-60)*-0.1+0.1", 0]
				},
				"butt": {
					"rotation": ["8+math.sin(q.anim_time*90*2-120)*5", "math.sin(q.anim_time*90*1-90)*-5+math.sin(q.anim_time*90*2-90)*-5", 0],
					"position": [0, "math.sin(q.anim_time*90*1-90)*0.1+0.1", 0]
				},
				"right_branch": {
					"rotation": [0, 0, "math.sin(q.anim_time*90*2-60)*2"]
				},
				"right_branch_end": {
					"rotation": [0, 0, "math.sin(q.anim_time*90*2-120)*3"]
				},
				"left_branch": {
					"rotation": [0, 0, "math.sin(q.anim_time*90*2-60)*2"]
				},
				"left_branch_end": {
					"rotation": [0, 0, "math.sin(q.anim_time*90*2-120)*3"]
				}
			}
		},
		"animation.phantump.air_fly": {
			"loop": true,
			"animation_length": 4,
			"bones": {
				"torso": {
					"rotation": ["25+math.sin(q.anim_time*90*2-30)*4", 0, "math.sin(q.anim_time*90*2-30)*6+math.sin(q.anim_time*90*1-30)*2"]
				},
				"tail": {
					"rotation": ["-65+math.sin(q.anim_time*90*2-150)*10", "math.sin(q.anim_time*90*2-120)*-20", 0],
					"position": [0, "math.sin(q.anim_time*90*1-120)*0.1+0.1", -2]
				},
				"head": {
					"rotation": ["math.sin(q.anim_time*90*2-30)*-8-6.5", 0, "math.sin(q.anim_time*90*2-30)*-2+math.sin(q.anim_time*90*1-30)*-1"],
					"position": [0, "math.sin(q.anim_time*90*1-30)*-0.3-0.3", -0.25]
				},
				"tuft": {
					"rotation": ["0.4248+math.sin(q.anim_time*90*2+30)*4", 47.49084, "math.sin(q.anim_time*90*2+30)*-5.3595"]
				},
				"open": {
					"position": [0, 0, 1]
				},
				"right_arm": {
					"rotation": ["28.4489+math.sin(q.anim_time*90*2-90)*-8", "51.4827+math.sin(q.anim_time*90*2-60)*3", 3.76468],
					"position": [0, -0.25, 0]
				},
				"left_arm": {
					"rotation": ["28.4489+math.sin(q.anim_time*90*2-90)*-8", "-51.4827+math.sin(q.anim_time*90*2-60)*3", -3.76468],
					"position": [0, -0.25, 0]
				},
				"tuft_end": {
					"rotation": [-8.60469, -4.93701, "-28.6284+math.sin(q.anim_time*90*2-90)*-14"],
					"position": [0, -0.5, 0]
				},
				"tuft2": {
					"rotation": [0, 7.5, "math.sin(q.anim_time*90*2-30)*-10"]
				},
				"end": {
					"rotation": ["80+math.sin(q.anim_time*90*2-180)*10", "math.sin(q.anim_time*90*1-150)*-10+math.sin(q.anim_time*90*2-150)*-30", 0],
					"position": [0, 0, -0.7]
				},
				"right_leaf2": {
					"rotation": ["-27.5+math.sin(q.anim_time*90*2-90)*10+math.sin(q.anim_time*90*1+120)*-4", 0, "45+math.sin(q.anim_time*90*2-150)*8"]
				},
				"right_leaf": {
					"rotation": ["37.5+math.sin(q.anim_time*90*2-90)*-10+math.sin(q.anim_time*90*1+120)*4", 0, "50+math.sin(q.anim_time*90*2-180)*8"]
				},
				"left_leaf": {
					"rotation": ["37.5+math.sin(q.anim_time*90*2-90)*-10+math.sin(q.anim_time*90*1+120)*4", 0, "-50+math.sin(q.anim_time*90*2-180)*8"]
				},
				"left_leaf2": {
					"rotation": ["-27.5+math.sin(q.anim_time*90*2-90)*10+math.sin(q.anim_time*90*1+120)*-4", 0, "-45+math.sin(q.anim_time*90*2-150)*8"]
				},
				"body": {
					"position": [
						"math.sin(q.anim_time*90*2-90)*0.8",
						"3+math.sin(q.anim_time*90*2)*0.7+math.sin(q.anim_time*90*1)*0.4",
						"math.sin(q.anim_time*90*2-60)*-1+math.sin(q.anim_time*90*1+90)*1"
					]
				},
				"neck": {
					"rotation": ["-15+math.sin(q.anim_time*90*2-60)*6", 0, "math.sin(q.anim_time*90*2-30)*2"],
					"position": [0, "math.sin(q.anim_time*90*1-60)*-0.1+0.1", 0]
				},
				"butt": {
					"rotation": ["15.5+math.sin(q.anim_time*90*2-120)*5", "math.sin(q.anim_time*90*1-90)*-5+math.sin(q.anim_time*90*2-90)*-5", 0],
					"position": [0, "math.sin(q.anim_time*90*1-90)*0.1+0.1", 0]
				},
				"right_branch": {
					"rotation": [-7.5, 0, "0+math.sin(q.anim_time*90*2-60)*2"]
				},
				"left_branch": {
					"rotation": [-7.5, 0, "0+math.sin(q.anim_time*90*2-60)*2"]
				},
				"left_branch_end": {
					"rotation": [0, 0, "math.sin(q.anim_time*90*2-120)*3"]
				},
				"right_branch_end": {
					"rotation": [0, 0, "math.sin(q.anim_time*90*2-120)*3"]
				}
			}
		},
		"animation.phantump.ground_run": {
			"loop": true,
			"animation_length": 4,
			"bones": {
				"torso": {
					"rotation": [
						"60+math.sin(q.anim_time*90*2-30)*4+math.sin(q.anim_time*90*8-90)*-2",
						0,
						"math.sin(q.anim_time*90*2-30)*6+math.sin(q.anim_time*90*1-30)*2"
					]
				},
				"tail": {
					"rotation": ["-95+math.sin(q.anim_time*90*2-150)*8", 0, "0+math.sin(q.anim_time*90*2-150)*-25"],
					"position": [0, "math.sin(q.anim_time*90*1-120)*0.1+0.1", -2.6]
				},
				"head": {
					"rotation": ["math.sin(q.anim_time*90*2-30)*-8-26.5", 0, "math.sin(q.anim_time*90*2-30)*-2+math.sin(q.anim_time*90*1-30)*-1"],
					"position": [0, "math.sin(q.anim_time*90*1-30)*-0.3-0.05", -0.5]
				},
				"tuft": {
					"rotation": [
						"0.4248+math.sin(q.anim_time*90*2+30)*4+math.sin(q.anim_time*90*8-90)*-2",
						47.49084,
						"math.sin(q.anim_time*90*2+30)*-5.3595+math.sin(q.anim_time*90*8-90)*-1"
					]
				},
				"open": {
					"position": [0, 0, 1]
				},
				"right_arm": {
					"rotation": ["86.0604+math.sin(q.anim_time*90*2-90)*-8", "60.992+math.sin(q.anim_time*90*2-60)*3", 44.21773],
					"position": [0, -0.25, 0]
				},
				"left_arm": {
					"rotation": ["86.0604+math.sin(q.anim_time*90*2-90)*-8", "-60.992+math.sin(q.anim_time*90*2-60)*3", -44.21773],
					"position": [0, -0.25, 0]
				},
				"tuft_end": {
					"rotation": [-9.91116, 0, "math.sin(q.anim_time*90*2-90)*-14+math.sin(q.anim_time*90*8-150)*-3"]
				},
				"tuft2": {
					"rotation": [0, 7.5, "math.sin(q.anim_time*90*2-30)*-10+math.sin(q.anim_time*90*8-120)*-2"]
				},
				"end": {
					"rotation": ["35+math.sin(q.anim_time*90*2-180)*8", 0, "math.sin(q.anim_time*90*2-150)*-36"]
				},
				"right_leaf2": {
					"rotation": [
						"-27.5+math.sin(q.anim_time*90*2-90)*10+math.sin(q.anim_time*90*1+120)*-4+math.sin(q.anim_time*90*8-90)*-5",
						0,
						"45+math.sin(q.anim_time*90*2-150)*8"
					]
				},
				"right_leaf": {
					"rotation": [
						"37.5+math.sin(q.anim_time*90*2-90)*-10+math.sin(q.anim_time*90*1+120)*4+math.sin(q.anim_time*90*8-90)*-5",
						0,
						"50+math.sin(q.anim_time*90*2-180)*8"
					]
				},
				"left_leaf": {
					"rotation": [
						"37.5+math.sin(q.anim_time*90*2-90)*-10+math.sin(q.anim_time*90*1+120)*4+math.sin(q.anim_time*90*8-90)*-5",
						0,
						"-50+math.sin(q.anim_time*90*2-180)*8"
					]
				},
				"left_leaf2": {
					"rotation": [
						"-27.5+math.sin(q.anim_time*90*2-90)*10+math.sin(q.anim_time*90*1+120)*-4+math.sin(q.anim_time*90*8-90)*-5",
						0,
						"-45+math.sin(q.anim_time*90*2-150)*8"
					]
				},
				"body": {
					"position": [
						"math.sin(q.anim_time*90*2-90)*0.8",
						"1+math.sin(q.anim_time*90*2)*0.7+math.sin(q.anim_time*90*1)*0.4",
						"math.sin(q.anim_time*90*2-60)*-2+math.sin(q.anim_time*90*1+90)*2"
					]
				},
				"neck": {
					"rotation": ["-20+math.sin(q.anim_time*90*2-60)*6+math.sin(q.anim_time*90*8-90)*2", 0, "math.sin(q.anim_time*90*2-30)*2"],
					"position": [0, "math.sin(q.anim_time*90*1-60)*-0.1+0.1", 0]
				},
				"butt": {
					"rotation": ["28+math.sin(q.anim_time*90*2-120)*5", 0, "math.sin(q.anim_time*90*2-90)*-15"],
					"position": [0, "math.sin(q.anim_time*90*1-90)*0.1+0.1", 0]
				},
				"right_branch": {
					"rotation": [-15, 0, "math.sin(q.anim_time*90*2-60)*2"]
				},
				"left_branch": {
					"rotation": [-15, 0, "math.sin(q.anim_time*90*2-60)*2"]
				},
				"left_branch_end": {
					"rotation": [-10, 0, "math.sin(q.anim_time*90*2-120)*3"]
				},
				"right_branch_end": {
					"rotation": [-7.5, 0, "0+math.sin(q.anim_time*90*2-120)*3"]
				}
			}
		},
		"animation.phantump.battle_idle": {
			"loop": true,
			"animation_length": 4,
			"bones": {
				"torso": {
					"rotation": ["math.sin(q.anim_time*90*2-30)*4", 0, "math.sin(q.anim_time*90*2-30)*6+math.sin(q.anim_time*90*1-30)*2"]
				},
				"tail": {
					"rotation": ["-75+math.sin(q.anim_time*90*2-150)*10", "math.sin(q.anim_time*90*2-120)*-20", 0],
					"position": [0, "math.sin(q.anim_time*90*1-120)*0.1+0.1", -1.9]
				},
				"head": {
					"rotation": ["math.sin(q.anim_time*90*2-30)*-8+8.5", 0, "math.sin(q.anim_time*90*2-30)*-2+math.sin(q.anim_time*90*1-30)*-1"],
					"position": [0, "math.sin(q.anim_time*90*1-30)*-0.3-0.3", 0]
				},
				"tuft": {
					"rotation": ["math.sin(q.anim_time*90*2+30)*4", 35, "math.sin(q.anim_time*90*2+30)*-6"]
				},
				"open": {
					"position": [0, 0, 1]
				},
				"right_arm": {
					"rotation": ["-39.1736+math.sin(q.anim_time*90*2-90)*-8", "-18.3373+math.sin(q.anim_time*90*2-60)*3", -13.74414],
					"position": [0, -0.25, 0]
				},
				"left_arm": {
					"rotation": ["-39.1736+math.sin(q.anim_time*90*2-90)*-8", "18.3373+math.sin(q.anim_time*90*2-60)*3", 13.74414],
					"position": [0, -0.25, 0]
				},
				"tuft_end": {
					"rotation": [0, 0, "math.sin(q.anim_time*90*2-90)*-12"]
				},
				"tuft2": {
					"rotation": [0, 0, "math.sin(q.anim_time*90*2-30)*-10"]
				},
				"end": {
					"rotation": ["27.5+math.sin(q.anim_time*90*2-180)*10", "math.sin(q.anim_time*90*1-150)*-10+math.sin(q.anim_time*90*2-150)*-30", 0]
				},
				"right_leaf2": {
					"rotation": [-27.5, 0, "45+math.sin(q.anim_time*90*2-150)*8"]
				},
				"right_leaf": {
					"rotation": [37.5, 0, "50+math.sin(q.anim_time*90*2-180)*8"]
				},
				"left_leaf": {
					"rotation": [37.5, 0, "-50+math.sin(q.anim_time*90*2-180)*8"]
				},
				"left_leaf2": {
					"rotation": [-27.5, 0, "-45+math.sin(q.anim_time*90*2-150)*8"]
				},
				"body": {
					"position": ["math.sin(q.anim_time*90*2-90)*0.8", "3.5+math.sin(q.anim_time*90*2)*0.7+math.sin(q.anim_time*90*1)*0.4", 0]
				},
				"neck": {
					"rotation": ["math.sin(q.anim_time*90*2-60)*6", 0, "math.sin(q.anim_time*90*2-30)*2"],
					"position": [0, "math.sin(q.anim_time*90*1-60)*-0.1+0.1", 0]
				},
				"butt": {
					"rotation": ["8+math.sin(q.anim_time*90*2-120)*5", "math.sin(q.anim_time*90*1-90)*-5+math.sin(q.anim_time*90*2-90)*-5", 0],
					"position": [0, "math.sin(q.anim_time*90*1-90)*0.1+0.1", 0]
				},
				"right_branch": {
					"rotation": [0, 0, "math.sin(q.anim_time*90*2-60)*2"]
				},
				"right_branch_end": {
					"rotation": [0, 0, "math.sin(q.anim_time*90*2-120)*3"]
				},
				"left_branch": {
					"rotation": [0, 0, "math.sin(q.anim_time*90*2-60)*2"]
				},
				"left_branch_end": {
					"rotation": [0, 0, "math.sin(q.anim_time*90*2-120)*3"]
				}
			}
		},
		"animation.phantump.sleep": {
			"loop": true,
			"animation_length": 16,
			"bones": {
				"body": {
					"position": [0, "math.sin(q.anim_time*90*0.25+90)*0.8", 0]
				},
				"torso": {
					"rotation": ["-17.5+math.sin(q.anim_time*90*1)*5", 0, "0+math.sin(q.anim_time*90*0.5)*2"]
				},
				"neck": {
					"rotation": ["17+math.sin(q.anim_time*90*1+30)*2", 0, 3]
				},
				"head": {
					"rotation": ["17.5+math.sin(q.anim_time*90*1+90)*3", 9.5, 3],
					"position": [0, 0.5, 0.5]
				},
				"tuft": {
					"rotation": ["math.sin(q.anim_time*90*1)*3", 35, "math.sin(q.anim_time*90*1)*5"]
				},
				"tuft2": {
					"rotation": ["math.sin(q.anim_time*90*1-60)*5", 0, "math.sin(q.anim_time*90*1-60)*8"]
				},
				"tuft_end": {
					"rotation": ["math.sin(q.anim_time*90*1-120)*8", 0, "math.sin(q.anim_time*90*1-120)*10"]
				},
				"right_leaf": {
					"rotation": ["37.5+math.sin(q.anim_time*90*1-90)*12", 0, "50+math.sin(q.anim_time*90*0.5-90)*2"]
				},
				"right_leaf2": {
					"rotation": ["-27.5+math.sin(q.anim_time*90*1-90)*-12", 0, "45+math.sin(q.anim_time*90*0.5-90)*2"]
				},
				"left_leaf": {
					"rotation": ["37.5+math.sin(q.anim_time*90*1-90)*12", 0, "-50+math.sin(q.anim_time*90*0.5-90)*2"]
				},
				"left_leaf2": {
					"rotation": ["-27.5+math.sin(q.anim_time*90*1-90)*-12", 0, "-45+math.sin(q.anim_time*90*0.5-90)*2"]
				},
				"right_eye_closed": {
					"position": [0, 0, -0.1]
				},
				"left_eye_closed": {
					"position": [0, 0, -0.1]
				},
				"butt": {
					"rotation": ["-45+math.sin(q.anim_time*90*1-60)*3", 0, 0],
					"position": [0, 0.1, 0]
				},
				"tail": {
					"rotation": ["-158+math.sin(q.anim_time*90*1-120)*5", "-23+math.sin(q.anim_time*90*1-120)*-10", -10],
					"position": [1, 0.7, -2.75]
				},
				"end": {
					"rotation": ["50+math.sin(q.anim_time*90*1-180)*-10", -56.5, -77],
					"position": [-1, -1, 0]
				},
				"right_arm": {
					"rotation": ["37.9876+math.sin(q.anim_time*90*1-90)*5", "-6.8468+math.sin(q.anim_time*90*1-30)*-2", -29.71724]
				},
				"left_arm": {
					"rotation": ["37.9876+math.sin(q.anim_time*90*1-90)*5", "6.8468+math.sin(q.anim_time*90*1-30)*-2", 29.71724]
				}
			}
		},
		"animation.phantump.faint": {
			"loop": "hold_on_last_frame",
			"animation_length": 3,
			"bones": {
				"body": {
					"rotation": {
						"0.0": {
							"post": [0, 0, 0],
							"lerp_mode": "catmullrom"
						},
						"0.2917": {
							"post": [0, -10, 0],
							"lerp_mode": "catmullrom"
						},
						"0.6667": {
							"post": [0, -15, 0],
							"lerp_mode": "catmullrom"
						},
						"1.0": {
							"post": [0, 7.5, 0],
							"lerp_mode": "catmullrom"
						},
						"1.6667": {
							"post": [0, 7.5, 0],
							"lerp_mode": "catmullrom"
						},
						"1.7917": {
							"post": [7.56845, -17.97391, 6.1674],
							"lerp_mode": "catmullrom"
						},
						"1.9583": {
							"post": [-23.0055, -8.29134, 15.25057],
							"lerp_mode": "catmullrom"
						},
						"2.125": {
							"post": [-21.48736, -6.52885, 22.63178],
							"lerp_mode": "catmullrom"
						},
						"2.2917": {
							"post": [-27.06495, -0.7059, 36.76446],
							"lerp_mode": "catmullrom"
						},
						"2.375": {
							"post": [-20.83122, -12.61609, 5.83142],
							"lerp_mode": "catmullrom"
						},
						"2.4583": {
							"post": [-6.93634, -15.79088, -11.92597],
							"lerp_mode": "catmullrom"
						},
						"2.5417": {
							"post": [-6.93634, -15.79088, -11.92597],
							"lerp_mode": "catmullrom"
						},
						"2.6667": {
							"post": [-3.56, -14.01, 0.13],
							"lerp_mode": "catmullrom"
						},
						"2.75": {
							"post": [-4.78824, -13.64581, 5.26567],
							"lerp_mode": "catmullrom"
						},
						"2.875": {
							"post": [-3.56, -14.01, 0.13],
							"lerp_mode": "catmullrom"
						},
						"2.9583": [-3.59467, -13.76763, 2.39715],
						"3.0": [-3.34953, -13.82819, 1.36933]
					},
					"position": {
						"0.0": [-0.8, 4.5, 0],
						"0.4167": {
							"pre": [0.2, 1.5, -1.6],
							"post": [0.2, 1.5, -1.6],
							"lerp_mode": "catmullrom"
						},
						"0.6667": {
							"post": [-0.8, 1.5, 0],
							"lerp_mode": "catmullrom"
						},
						"1.0": {
							"post": [-1.6, 3.5, 2.2],
							"lerp_mode": "catmullrom"
						},
						"1.25": {
							"post": [-0.96, 5.48, 1.39],
							"lerp_mode": "catmullrom"
						},
						"1.4167": {
							"post": [0.05, 6.43, 0.57],
							"lerp_mode": "catmullrom"
						},
						"1.6667": {
							"post": [0.35, 7.23, 0.57],
							"lerp_mode": "catmullrom"
						},
						"1.7917": {
							"post": [-0.8, 10.6, 3],
							"lerp_mode": "catmullrom"
						},
						"1.9583": {
							"post": [-0.8, 18.5, 3.5],
							"lerp_mode": "catmullrom"
						},
						"2.125": {
							"post": [-0.8, 16.7, 3.5],
							"lerp_mode": "catmullrom"
						},
						"2.2917": {
							"post": [-0.8, -0.17, 3.34],
							"lerp_mode": "catmullrom"
						},
						"2.375": {
							"post": [-2.1, -1.73, 2.81],
							"lerp_mode": "catmullrom"
						},
						"2.4583": {
							"post": [-3.51, -1.39, 2.09],
							"lerp_mode": "catmullrom"
						},
						"2.5417": {
							"post": [-3.51, -1.39, 2.09],
							"lerp_mode": "catmullrom"
						},
						"2.6667": {
							"post": [-2.33, -1.85, 2.09],
							"lerp_mode": "catmullrom"
						},
						"2.75": {
							"post": [-1.93, -1.85, 2.09],
							"lerp_mode": "catmullrom"
						},
						"2.875": {
							"post": [-2.33, -1.85, 2.09],
							"lerp_mode": "catmullrom"
						},
						"2.9583": [-2.21, -1.89, 2.09],
						"3.0": [-2.21, -1.89, 2.09]
					}
				},
				"torso": {
					"rotation": {
						"0.0": [-2, 0, -4],
						"0.2917": {
							"pre": [-9.5, 0, -4],
							"post": [-9.5, 0, -4],
							"lerp_mode": "catmullrom"
						},
						"0.6667": {
							"post": [-9.5, 0, -4],
							"lerp_mode": "catmullrom"
						},
						"1.0": {
							"post": [-2, 0, -4],
							"lerp_mode": "catmullrom"
						},
						"1.625": {
							"post": [-1.53, 3.72, 10.54],
							"lerp_mode": "catmullrom"
						},
						"1.8333": {
							"post": [0, 0, 0],
							"lerp_mode": "catmullrom"
						},
						"2.7917": [0, 0, 0]
					},
					"position": {
						"1.4167": {
							"pre": [0, 0, 0],
							"post": [0, 0, 0],
							"lerp_mode": "catmullrom"
						},
						"1.625": {
							"post": [0, -0.3, 0],
							"lerp_mode": "catmullrom"
						},
						"1.8333": [0, 0, 0]
					}
				},
				"neck": {
					"rotation": {
						"0.0": [-5.19615, 0, -1],
						"0.2917": {
							"pre": [4.80385, 0, -1],
							"post": [4.80385, 0, -1],
							"lerp_mode": "catmullrom"
						},
						"0.6667": {
							"post": [4.80385, 0, -1],
							"lerp_mode": "catmullrom"
						},
						"1.0": {
							"post": [-5.19615, 0, -1],
							"lerp_mode": "catmullrom"
						},
						"1.6667": {
							"post": [-5.2688, 0.83323, -10.96558],
							"lerp_mode": "catmullrom"
						},
						"1.75": {
							"post": [0, 0, 0],
							"lerp_mode": "catmullrom"
						},
						"2.7917": [0, 0, 0]
					},
					"position": {
						"0.0": [0, 0.1866, 0],
						"1.5": {
							"pre": [0, 0.1866, 0],
							"post": [0, 0.1866, 0],
							"lerp_mode": "catmullrom"
						},
						"1.6667": {
							"post": [0, -0.3, 0],
							"lerp_mode": "catmullrom"
						},
						"1.75": {
							"post": [0, -3.81, 0],
							"lerp_mode": "catmullrom"
						},
						"2.7917": [0, -3.81, 0]
					}
				},
				"head": {
					"rotation": {
						"0.0": [4, 0, 1.5],
						"0.2917": {
							"pre": [19.98275, 8.5731, 15.80006],
							"post": [19.98275, 8.5731, 15.80006],
							"lerp_mode": "catmullrom"
						},
						"0.6667": {
							"post": [19.75002, -2.99318, 11.04589],
							"lerp_mode": "catmullrom"
						},
						"1.125": {
							"post": [16.30496, 16.69957, 11.65605],
							"lerp_mode": "catmullrom"
						},
						"1.2917": {
							"post": [13.15489, -1.28149, 0.53452],
							"lerp_mode": "catmullrom"
						},
						"1.5417": {
							"post": [8.2966, 24.26292, 7.85895],
							"lerp_mode": "catmullrom"
						},
						"1.6667": {
							"post": [5.22197, 10.43104, -3.38904],
							"lerp_mode": "catmullrom"
						},
						"1.7917": {
							"post": [2.5, 12.5, 0],
							"lerp_mode": "catmullrom"
						},
						"2.0417": {
							"post": [-6.13995, 3.03668, 0.70853],
							"lerp_mode": "catmullrom"
						},
						"2.2917": {
							"post": [2.49822, -12.40787, -2.1614],
							"lerp_mode": "catmullrom"
						},
						"2.7917": [-3.5, 0, 0]
					},
					"position": {
						"0.0": [0, -0.15, 0],
						"0.2917": {
							"pre": [0, -0.75, -0.4],
							"post": [0, -0.75, -0.4],
							"lerp_mode": "catmullrom"
						},
						"0.6667": {
							"post": [0, -0.75, -0.4],
							"lerp_mode": "catmullrom"
						},
						"1.0": {
							"post": [0, -0.15, 0],
							"lerp_mode": "catmullrom"
						},
						"1.6667": {
							"post": [0, -0.15, 0],
							"lerp_mode": "catmullrom"
						},
						"1.7917": {
							"post": [0, -2.15, 0],
							"lerp_mode": "catmullrom"
						},
						"2.7917": [0, -2.15, 0]
					}
				},
				"tuft": {
					"rotation": {
						"0.0": [2, 35, -3],
						"0.25": {
							"pre": [-1.50518, 35.02161, -9.10557],
							"post": [-1.50518, 35.02161, -9.10557],
							"lerp_mode": "catmullrom"
						},
						"0.5": {
							"post": [12.37453, 34.35434, 6.43384],
							"lerp_mode": "catmullrom"
						},
						"0.8333": {
							"post": [17.01858, 33.32283, 11.48201],
							"lerp_mode": "catmullrom"
						},
						"1.0833": {
							"post": [15.77402, 40.83555, 11.3366],
							"lerp_mode": "catmullrom"
						},
						"1.3333": {
							"post": [10.28048, 29.84321, 4.77076],
							"lerp_mode": "catmullrom"
						},
						"1.4583": {
							"post": [8.96381, 37.53408, 4.0779],
							"lerp_mode": "catmullrom"
						},
						"1.625": {
							"post": [14.08801, 35.5318, 14.1619],
							"lerp_mode": "catmullrom"
						},
						"1.7917": {
							"post": [15.24011, 31.95195, 20.75622],
							"lerp_mode": "catmullrom"
						},
						"1.9167": [7.18555, 34.39798, 6.09614]
					},
					"position": {
						"1.4583": {
							"pre": [0, 0, 0],
							"post": [0, 0, 0],
							"lerp_mode": "catmullrom"
						},
						"1.625": {
							"post": [0, 0.6, 0],
							"lerp_mode": "catmullrom"
						},
						"1.7917": {
							"post": [0, 0, 0],
							"lerp_mode": "catmullrom"
						},
						"1.9167": {
							"post": [1, -3.75, -1],
							"lerp_mode": "catmullrom"
						},
						"2.7917": [1, -3.75, -1]
					}
				},
				"tuft2": {
					"rotation": {
						"0.0": [0, 0, 5],
						"0.2917": {
							"pre": [0, -5, 17.5],
							"post": [0, -5, 17.5],
							"lerp_mode": "catmullrom"
						},
						"0.5833": {
							"post": [0, -7.5, 26.51],
							"lerp_mode": "catmullrom"
						},
						"0.9167": {
							"post": [0, 0, 4.9],
							"lerp_mode": "catmullrom"
						},
						"1.125": {
							"post": [0, 5.5089, 3.45163],
							"lerp_mode": "catmullrom"
						},
						"1.375": {
							"post": [0, -12.64594, 3.64256],
							"lerp_mode": "catmullrom"
						},
						"1.5": {
							"post": [0, 15.44097, 4.01871],
							"lerp_mode": "catmullrom"
						},
						"1.6667": {
							"post": [0.93086, -15.9573, 16.81046],
							"lerp_mode": "catmullrom"
						},
						"1.7917": {
							"post": [-0.1515, -1.02399, 27.01455],
							"lerp_mode": "catmullrom"
						},
						"1.9167": [3.55534, -4.86841, -10.63138]
					},
					"position": [1, -0.6, 0]
				},
				"tuft_end": {
					"rotation": {
						"0.0": [0, 0, 12],
						"0.2917": {
							"pre": [0, 0, -5.5],
							"post": [0, 0, -5.5],
							"lerp_mode": "catmullrom"
						},
						"0.4167": {
							"post": [0, 0, 19.77],
							"lerp_mode": "catmullrom"
						},
						"0.8333": {
							"post": [0, 0, 24.67],
							"lerp_mode": "catmullrom"
						},
						"1.0417": {
							"post": [0, 0, 5.46],
							"lerp_mode": "catmullrom"
						},
						"1.2917": {
							"post": [0, 0, -6.65],
							"lerp_mode": "catmullrom"
						},
						"1.4583": {
							"post": [0, 0, 14.93],
							"lerp_mode": "catmullrom"
						},
						"1.625": {
							"post": [0, 0, 7.65],
							"lerp_mode": "catmullrom"
						},
						"1.75": {
							"post": [0, 0, 25.01],
							"lerp_mode": "catmullrom"
						},
						"1.9167": [0, 0, -7.49]
					},
					"position": {
						"0.0": {
							"post": [0, 0, 0],
							"lerp_mode": "catmullrom"
						},
						"1.8333": {
							"post": [0, 0, 0],
							"lerp_mode": "catmullrom"
						},
						"2.0417": {
							"post": [2, -2, 0],
							"lerp_mode": "catmullrom"
						},
						"2.7917": [2, -2, 0]
					}
				},
				"right_branch": {
					"rotation": {
						"0.0": [0, 0, -1.73205],
						"1.2083": {
							"pre": [0, 0, 1.73205],
							"post": [0, 0, 1.73205],
							"lerp_mode": "catmullrom"
						},
						"1.375": {
							"post": [0, -7.5, 1.73205],
							"lerp_mode": "catmullrom"
						},
						"1.5417": {
							"post": [0, 7.5, 1.73205],
							"lerp_mode": "catmullrom"
						},
						"1.7083": {
							"post": [0, -5, 1.73205],
							"lerp_mode": "catmullrom"
						},
						"1.875": {
							"post": [0, 0, -10.76795],
							"lerp_mode": "catmullrom"
						},
						"2.0833": {
							"post": [0, 0, 9.23205],
							"lerp_mode": "catmullrom"
						},
						"2.2917": {
							"post": [0, 0, 1.73205],
							"lerp_mode": "catmullrom"
						},
						"2.4583": {
							"post": [0, 0, -5.77],
							"lerp_mode": "catmullrom"
						},
						"2.75": {
							"post": [0, 0, -0.77],
							"lerp_mode": "catmullrom"
						},
						"3.0": [0, 0, -5.77]
					}
				},
				"right_branch_end": {
					"rotation": {
						"0.0": [0, 0, -2.59808],
						"0.0417": {
							"pre": [0, 0, 1.73205],
							"post": [0, 0, 1.73205],
							"lerp_mode": "catmullrom"
						},
						"0.2917": {
							"post": [-0.02756, 0.12429, -10.76798],
							"lerp_mode": "catmullrom"
						},
						"0.7917": {
							"post": [0.05782, 0.55157, 2.57606],
							"lerp_mode": "catmullrom"
						},
						"1.25": {
							"post": [0, 0, 1.73205],
							"lerp_mode": "catmullrom"
						},
						"1.4167": {
							"post": [0, -7.5, 1.73205],
							"lerp_mode": "catmullrom"
						},
						"1.5833": {
							"post": [0, 7.5, 1.73205],
							"lerp_mode": "catmullrom"
						},
						"1.75": {
							"post": [0, -5, 1.73205],
							"lerp_mode": "catmullrom"
						},
						"1.9167": {
							"post": [0, 0, -10.76795],
							"lerp_mode": "catmullrom"
						},
						"2.125": {
							"post": [0, 0, 9.23205],
							"lerp_mode": "catmullrom"
						},
						"2.3333": {
							"post": [0, 0, 1.73205],
							"lerp_mode": "catmullrom"
						},
						"2.4167": {
							"post": [0, 0, 9.23],
							"lerp_mode": "catmullrom"
						},
						"2.75": {
							"post": [0, 0, -15.77],
							"lerp_mode": "catmullrom"
						},
						"2.9167": [0, 0, -5.77]
					}
				},
				"right_leaf": {
					"rotation": {
						"0.0": [37.5, 0, 50],
						"0.1667": {
							"pre": [30.38409, 0, 50],
							"post": [30.38409, 0, 50],
							"lerp_mode": "catmullrom"
						},
						"0.4583": {
							"post": [55, 0, 50],
							"lerp_mode": "catmullrom"
						},
						"0.75": {
							"post": [37.5, 0, 50],
							"lerp_mode": "catmullrom"
						},
						"1.0833": {
							"post": [57.5, 0, 50],
							"lerp_mode": "catmullrom"
						},
						"1.2917": {
							"post": [17.5, 0, 50],
							"lerp_mode": "catmullrom"
						},
						"1.4583": {
							"post": [2.5, 0, 50],
							"lerp_mode": "catmullrom"
						},
						"1.625": {
							"post": [35, 0, 50],
							"lerp_mode": "catmullrom"
						},
						"1.8333": {
							"post": [50, 0, 50],
							"lerp_mode": "catmullrom"
						},
						"2.0": {
							"post": [-7.5, 0, 50],
							"lerp_mode": "catmullrom"
						},
						"2.25": {
							"post": [-6.80423, -3.1622, 25.18803],
							"lerp_mode": "catmullrom"
						},
						"2.4583": {
							"post": [52.67583, 1.61888, 62.39638],
							"lerp_mode": "catmullrom"
						},
						"2.7083": {
							"post": [18.97681, -13.19348, 38.35556],
							"lerp_mode": "catmullrom"
						},
						"3.0": [16.46784, -16.24528, 48.20383]
					}
				},
				"right_leaf2": {
					"rotation": {
						"0.0": [-27.5, 0, 41],
						"0.1667": {
							"pre": [-27.14233, 4.59902, 57.88927],
							"post": [-27.14233, 4.59902, 57.88927],
							"lerp_mode": "catmullrom"
						},
						"0.4583": {
							"post": [-37.14233, 4.59902, 57.88927],
							"lerp_mode": "catmullrom"
						},
						"0.75": {
							"post": [-52.14233, 4.59902, 57.88927],
							"lerp_mode": "catmullrom"
						},
						"1.0833": {
							"post": [-14.64233, 4.59902, 57.88927],
							"lerp_mode": "catmullrom"
						},
						"1.2917": {
							"post": [-32.14233, 4.59902, 57.88927],
							"lerp_mode": "catmullrom"
						},
						"1.4583": {
							"post": [-19.64233, 4.59902, 57.88927],
							"lerp_mode": "catmullrom"
						},
						"1.625": {
							"post": [-34.64233, 4.59902, 57.88927],
							"lerp_mode": "catmullrom"
						},
						"1.8333": {
							"post": [-42.0554, -5.48886, 46.77343],
							"lerp_mode": "catmullrom"
						},
						"2.0": {
							"post": [-28.0185, -1.9725, 72.55375],
							"lerp_mode": "catmullrom"
						},
						"2.25": {
							"post": [-10.40158, 19.72565, 118.47777],
							"lerp_mode": "catmullrom"
						},
						"2.4583": {
							"post": [-29.44321, -3.47383, 48.46467],
							"lerp_mode": "catmullrom"
						},
						"2.7083": {
							"post": [-23.4001, 18.71221, 91.14324],
							"lerp_mode": "catmullrom"
						},
						"3.0": [-27.64082, 11.11939, 74.80819]
					}
				},
				"left_branch": {
					"rotation": {
						"0.0": [0, 0, -1.73205],
						"1.2083": {
							"pre": [0, 0, -1.73205],
							"post": [0, 0, -1.73205],
							"lerp_mode": "catmullrom"
						},
						"1.375": {
							"post": [0, 7.5, -1.73205],
							"lerp_mode": "catmullrom"
						},
						"1.5417": {
							"post": [0, -7.5, -1.73205],
							"lerp_mode": "catmullrom"
						},
						"1.7083": {
							"post": [0, 5, -1.73205],
							"lerp_mode": "catmullrom"
						},
						"1.875": {
							"post": [0, 0, 10.76795],
							"lerp_mode": "catmullrom"
						},
						"2.0833": {
							"post": [0, 0, -9.23205],
							"lerp_mode": "catmullrom"
						},
						"2.2917": {
							"post": [0, 0, -1.73205],
							"lerp_mode": "catmullrom"
						},
						"2.375": [0, 0, -14.23]
					}
				},
				"left_branch_end": {
					"rotation": {
						"0.0": [0, 0, -2.59808],
						"0.0417": {
							"pre": [0, 0, -1.73205],
							"post": [0, 0, -1.73205],
							"lerp_mode": "catmullrom"
						},
						"0.2917": {
							"post": [-0.02756, -0.12429, 10.76798],
							"lerp_mode": "catmullrom"
						},
						"0.7917": {
							"post": [0.05782, -0.55157, -2.57606],
							"lerp_mode": "catmullrom"
						},
						"1.25": {
							"post": [0, 0, -1.73205],
							"lerp_mode": "catmullrom"
						},
						"1.4167": {
							"post": [0, 7.5, -1.73205],
							"lerp_mode": "catmullrom"
						},
						"1.5833": {
							"post": [0, -7.5, -1.73205],
							"lerp_mode": "catmullrom"
						},
						"1.75": {
							"post": [0, 5, -1.73205],
							"lerp_mode": "catmullrom"
						},
						"1.9167": {
							"post": [0, 0, 10.76795],
							"lerp_mode": "catmullrom"
						},
						"2.125": {
							"post": [0, 0, -9.23205],
							"lerp_mode": "catmullrom"
						},
						"2.3333": {
							"post": [0, 0, -1.73205],
							"lerp_mode": "catmullrom"
						},
						"2.4167": {
							"post": [0, 0, -9.23],
							"lerp_mode": "catmullrom"
						},
						"2.75": {
							"post": [0, 0, 15.77],
							"lerp_mode": "catmullrom"
						},
						"2.9167": [0, 0, 5.77]
					}
				},
				"left_leaf": {
					"rotation": {
						"0.0": [37.5, 0, -50],
						"0.1667": {
							"pre": [30.38409, 0, -50],
							"post": [30.38409, 0, -50],
							"lerp_mode": "catmullrom"
						},
						"0.4583": {
							"post": [55, 0, -50],
							"lerp_mode": "catmullrom"
						},
						"0.75": {
							"post": [37.5, 0, -50],
							"lerp_mode": "catmullrom"
						},
						"1.0833": {
							"post": [57.5, 0, -50],
							"lerp_mode": "catmullrom"
						},
						"1.2917": {
							"post": [17.5, 0, -50],
							"lerp_mode": "catmullrom"
						},
						"1.4583": {
							"post": [2.5, 0, -50],
							"lerp_mode": "catmullrom"
						},
						"1.625": {
							"post": [35, 0, -50],
							"lerp_mode": "catmullrom"
						},
						"1.8333": {
							"post": [50, 0, -50],
							"lerp_mode": "catmullrom"
						},
						"2.0": {
							"post": [-7.5, 0, -50],
							"lerp_mode": "catmullrom"
						},
						"2.25": {
							"post": [-6.80423, 3.1622, -25.18803],
							"lerp_mode": "catmullrom"
						},
						"2.4583": {
							"post": [52.67583, -1.61888, -62.39638],
							"lerp_mode": "catmullrom"
						},
						"2.7083": {
							"post": [18.97681, 13.19348, -38.35556],
							"lerp_mode": "catmullrom"
						},
						"3.0": [16.46784, 16.24528, -48.20383]
					}
				},
				"left_leaf2": {
					"rotation": {
						"0.0": [-27.5, 0, -49],
						"0.1667": {
							"pre": [-27.14233, -4.59902, -57.88927],
							"post": [-27.14233, -4.59902, -57.88927],
							"lerp_mode": "catmullrom"
						},
						"0.4583": {
							"post": [-37.14233, -4.59902, -57.88927],
							"lerp_mode": "catmullrom"
						},
						"0.75": {
							"post": [-52.14233, -4.59902, -57.88927],
							"lerp_mode": "catmullrom"
						},
						"1.0833": {
							"post": [-14.64233, -4.59902, -57.88927],
							"lerp_mode": "catmullrom"
						},
						"1.2917": {
							"post": [-32.14233, -4.59902, -57.88927],
							"lerp_mode": "catmullrom"
						},
						"1.4583": {
							"post": [-19.64233, -4.59902, -57.88927],
							"lerp_mode": "catmullrom"
						},
						"1.625": {
							"post": [-34.64233, -4.59902, -57.88927],
							"lerp_mode": "catmullrom"
						},
						"1.8333": {
							"post": [-42.0554, 5.48886, -46.77343],
							"lerp_mode": "catmullrom"
						},
						"2.0": {
							"post": [-28.0185, 1.9725, -72.55375],
							"lerp_mode": "catmullrom"
						},
						"2.25": {
							"post": [-10.40158, -19.72565, -118.47777],
							"lerp_mode": "catmullrom"
						},
						"2.4583": {
							"post": [-29.44321, 3.47383, -48.46467],
							"lerp_mode": "catmullrom"
						},
						"2.7083": {
							"post": [-23.4001, -18.71221, -91.14324],
							"lerp_mode": "catmullrom"
						},
						"3.0": [-27.64082, -11.11939, -74.80819]
					}
				},
				"right_eye_closed": {
					"position": {
						"0.0": [0, 0, 0],
						"0.25": [0, 0, 0],
						"0.2917": [0, 0, -0.1],
						"0.7083": [0, 0, -0.1],
						"0.75": [0, 0, 0]
					}
				},
				"left_eye_closed": {
					"position": {
						"0.0": [0, 0, 0],
						"0.25": [0, 0, 0],
						"0.2917": [0, 0, -0.1],
						"0.7083": [0, 0, -0.1],
						"0.75": [0, 0, 0]
					}
				},
				"mouth": {
					"position": [0, 0, 0]
				},
				"open": {
					"position": {
						"0.0": [0, 0, 1],
						"0.25": [0, 0, 1],
						"0.2917": [0, 0, -0.15],
						"0.7083": [0, 0, -0.15],
						"0.75": [0, 0, 1],
						"1.5417": [0, 0, 1],
						"1.5833": [0, 0, -0.15],
						"1.7917": [0, 0, -0.15],
						"1.8333": [0, 0, 1]
					}
				},
				"butt": {
					"rotation": {
						"0.0": [3.66987, 10, 0],
						"0.2917": {
							"pre": [-3.8479, 0.00204, -0.20313],
							"post": [-3.8479, 0.00204, -0.20313],
							"lerp_mode": "catmullrom"
						},
						"0.6667": {
							"post": [-3.83013, 10, 0],
							"lerp_mode": "catmullrom"
						},
						"1.0": {
							"post": [26.9414, -6.81728, 0.30664],
							"lerp_mode": "catmullrom"
						},
						"1.4583": [26.9414, -6.81728, 0.30664]
					},
					"position": {
						"0.0": [0, 0, 0],
						"0.8333": {
							"pre": [0, 0.2, 0],
							"post": [0, 0.2, 0],
							"lerp_mode": "catmullrom"
						},
						"1.1667": {
							"post": [0, 0.14, 0],
							"lerp_mode": "catmullrom"
						},
						"1.375": {
							"post": [0, 0.02, 0],
							"lerp_mode": "catmullrom"
						},
						"1.625": {
							"post": [0, -0.4, 0],
							"lerp_mode": "catmullrom"
						},
						"1.8333": {
							"post": [0, 1, 0],
							"lerp_mode": "catmullrom"
						},
						"2.7917": [0, 1, 0]
					}
				},
				"tail": {
					"rotation": {
						"0.0": [-95, 17.32051, 0],
						"0.2917": {
							"pre": [-182.76211, -24.03996, -6.17523],
							"post": [-182.76211, -24.03996, -6.17523],
							"lerp_mode": "catmullrom"
						},
						"0.5417": {
							"post": [-208.30474, -47.14648, 6.69758],
							"lerp_mode": "catmullrom"
						},
						"0.75": {
							"post": [-135.14537, -31.04452, -12.42999],
							"lerp_mode": "catmullrom"
						},
						"1.2083": {
							"post": [-61.28462, -14.10078, 28.69094],
							"lerp_mode": "catmullrom"
						},
						"1.5833": {
							"post": [-81.28462, -14.10078, 28.69094],
							"lerp_mode": "catmullrom"
						},
						"1.7917": {
							"post": [-143.90596, -5.70354, 11.33519],
							"lerp_mode": "catmullrom"
						},
						"1.9167": {
							"post": [-157.35998, 0.09447, -0.64837],
							"lerp_mode": "catmullrom"
						},
						"2.0417": {
							"post": [-117.98632, 4.84282, -10.46247],
							"lerp_mode": "catmullrom"
						},
						"2.7917": [-117.98632, 4.84282, -10.46247]
					},
					"position": {
						"0.0": [0, 0.0134, -3],
						"0.2917": {
							"pre": [0, 1.2, -2],
							"post": [0, 1.2, -2],
							"lerp_mode": "catmullrom"
						},
						"0.5417": {
							"post": [0, 1.2, -2.5],
							"lerp_mode": "catmullrom"
						},
						"0.75": {
							"post": [0, 0.8134, -1.8],
							"lerp_mode": "catmullrom"
						},
						"1.2083": {
							"post": [0, 0.08, -1.34],
							"lerp_mode": "catmullrom"
						},
						"1.5833": {
							"post": [0, 0.08, -1.34],
							"lerp_mode": "catmullrom"
						},
						"1.7917": {
							"post": [0, 0.84, -3.58],
							"lerp_mode": "catmullrom"
						},
						"2.0417": {
							"post": [0, 4.01, -3],
							"lerp_mode": "catmullrom"
						},
						"2.7917": [0, 3.71, -3]
					}
				},
				"end": {
					"rotation": {
						"0.0": [35, 20, 0],
						"0.1667": {
							"pre": [78.98399, -15.34066, 19.06034],
							"post": [78.98399, -15.34066, 19.06034],
							"lerp_mode": "catmullrom"
						},
						"0.2917": {
							"post": [22.5, 20, 0],
							"lerp_mode": "catmullrom"
						},
						"0.4583": {
							"post": [15, 20, 0],
							"lerp_mode": "catmullrom"
						},
						"0.625": {
							"post": [29.61133, 11.38523, 3.91379],
							"lerp_mode": "catmullrom"
						},
						"0.8333": {
							"post": [7.8469, -1.68428, 9.63599],
							"lerp_mode": "catmullrom"
						},
						"1.0": {
							"post": [-4.34641, -14.90168, 13.94973],
							"lerp_mode": "catmullrom"
						},
						"1.2083": {
							"post": [92.06778, 44.76887, -14.41211],
							"lerp_mode": "catmullrom"
						},
						"1.625": {
							"post": [39.5293, -33.25963, 22.70443],
							"lerp_mode": "catmullrom"
						},
						"1.75": {
							"post": [74.64427, -25.66836, 25.99066],
							"lerp_mode": "catmullrom"
						},
						"1.875": {
							"post": [86.32655, -8.32353, 24.63732],
							"lerp_mode": "catmullrom"
						},
						"2.0417": [28.82655, -8.32353, 24.63732]
					},
					"position": {
						"0.1667": {
							"pre": [0, 0, -1],
							"post": [0, 0, -1],
							"lerp_mode": "catmullrom"
						},
						"0.2917": {
							"post": [0, 0, 0],
							"lerp_mode": "catmullrom"
						},
						"1.0": {
							"post": [0, 0, 0],
							"lerp_mode": "catmullrom"
						},
						"1.2083": {
							"post": [0, 0, -0.65],
							"lerp_mode": "catmullrom"
						},
						"1.625": {
							"post": [0, 0, 0],
							"lerp_mode": "catmullrom"
						},
						"1.75": {
							"post": [0, 0, -0.37],
							"lerp_mode": "catmullrom"
						},
						"1.875": {
							"post": [0, 0, -0.69],
							"lerp_mode": "catmullrom"
						},
						"2.7917": [0, 0, -1.3]
					}
				},
				"right_arm": {
					"rotation": {
						"0.0": [40.1265, 44.00642, 4.38708],
						"0.2917": {
							"pre": [36.57521, -3.17574, -16.67968],
							"post": [36.57521, -3.17574, -16.67968],
							"lerp_mode": "catmullrom"
						},
						"0.6667": {
							"post": [36.57521, -3.17574, -16.67968],
							"lerp_mode": "catmullrom"
						},
						"1.0": {
							"post": [21, 12.40192, 5],
							"lerp_mode": "catmullrom"
						},
						"1.2083": {
							"post": [31.50215, 36.50167, -0.22318],
							"lerp_mode": "catmullrom"
						},
						"1.625": [72.68481, 55.47884, 48.04185]
					},
					"position": [0, -0.25, 0]
				},
				"left_arm": {
					"rotation": {
						"0.0": [40.1265, -49.20258, -4.38708],
						"0.2917": {
							"pre": [30.0022, -4.03213, 24.10327],
							"post": [30.0022, -4.03213, 24.10327],
							"lerp_mode": "catmullrom"
						},
						"0.6667": {
							"post": [30.0022, -4.03213, 24.10327],
							"lerp_mode": "catmullrom"
						},
						"1.2083": {
							"post": [24.04485, -50.99575, 16.65513],
							"lerp_mode": "catmullrom"
						},
						"1.625": [81.54226, -67.33483, -28.86639]
					},
					"position": [0, -0.25, 0]
				},
				"right_pupil": {
					"position": {
						"1.7917": [0, 0, 0],
						"1.8333": [0, 0, 1]
					}
				},
				"left_pupil": {
					"position": {
						"1.7917": [0, 0, 0],
						"1.8333": [0, 0, 1]
					}
				}
			}
		},
		"animation.phantump.battle_faint": {
			"loop": "hold_on_last_frame",
			"animation_length": 3,
			"bones": {
				"body": {
					"rotation": {
						"0.0": {
							"post": [0, 0, 0],
							"lerp_mode": "catmullrom"
						},
						"0.2917": {
							"post": [0, -10, 0],
							"lerp_mode": "catmullrom"
						},
						"0.6667": {
							"post": [0, -15, 0],
							"lerp_mode": "catmullrom"
						},
						"1.0": {
							"post": [0, 7.5, 0],
							"lerp_mode": "catmullrom"
						},
						"1.6667": {
							"post": [0, 7.5, 0],
							"lerp_mode": "catmullrom"
						},
						"1.7917": {
							"post": [7.56845, -17.97391, 6.1674],
							"lerp_mode": "catmullrom"
						},
						"1.9583": {
							"post": [-23.0055, -8.29134, 15.25057],
							"lerp_mode": "catmullrom"
						},
						"2.125": {
							"post": [-21.48736, -6.52885, 22.63178],
							"lerp_mode": "catmullrom"
						},
						"2.2917": {
							"post": [-27.06495, -0.7059, 36.76446],
							"lerp_mode": "catmullrom"
						},
						"2.375": {
							"post": [-20.83122, -12.61609, 5.83142],
							"lerp_mode": "catmullrom"
						},
						"2.4583": {
							"post": [-6.93634, -15.79088, -11.92597],
							"lerp_mode": "catmullrom"
						},
						"2.5417": {
							"post": [-6.93634, -15.79088, -11.92597],
							"lerp_mode": "catmullrom"
						},
						"2.6667": {
							"post": [-3.56, -14.01, 0.13],
							"lerp_mode": "catmullrom"
						},
						"2.75": {
							"post": [-4.78824, -13.64581, 5.26567],
							"lerp_mode": "catmullrom"
						},
						"2.875": {
							"post": [-3.56, -14.01, 0.13],
							"lerp_mode": "catmullrom"
						},
						"2.9583": [-3.59467, -13.76763, 2.39715],
						"3.0": [-3.34953, -13.82819, 1.36933]
					},
					"position": {
						"0.0": [-0.8, 3.5, 0],
						"0.4167": {
							"pre": [0.2, 1.5, -1.6],
							"post": [0.2, 1.5, -1.6],
							"lerp_mode": "catmullrom"
						},
						"0.6667": {
							"post": [-0.8, 1.5, 0],
							"lerp_mode": "catmullrom"
						},
						"1.0": {
							"post": [-1.6, 3.5, 2.2],
							"lerp_mode": "catmullrom"
						},
						"1.25": {
							"post": [-0.96, 5.48, 1.39],
							"lerp_mode": "catmullrom"
						},
						"1.4167": {
							"post": [0.05, 6.43, 0.57],
							"lerp_mode": "catmullrom"
						},
						"1.6667": {
							"post": [0.35, 7.23, 0.57],
							"lerp_mode": "catmullrom"
						},
						"1.7917": {
							"post": [-0.8, 10.6, 3],
							"lerp_mode": "catmullrom"
						},
						"1.9583": {
							"post": [-0.8, 18.5, 3.5],
							"lerp_mode": "catmullrom"
						},
						"2.125": {
							"post": [-0.8, 16.7, 3.5],
							"lerp_mode": "catmullrom"
						},
						"2.2917": {
							"post": [-0.8, -0.17, 3.34],
							"lerp_mode": "catmullrom"
						},
						"2.375": {
							"post": [-2.1, -1.73, 2.81],
							"lerp_mode": "catmullrom"
						},
						"2.4583": {
							"post": [-3.51, -1.39, 2.09],
							"lerp_mode": "catmullrom"
						},
						"2.5417": {
							"post": [-3.51, -1.39, 2.09],
							"lerp_mode": "catmullrom"
						},
						"2.6667": {
							"post": [-2.33, -1.85, 2.09],
							"lerp_mode": "catmullrom"
						},
						"2.75": {
							"post": [-1.93, -1.85, 2.09],
							"lerp_mode": "catmullrom"
						},
						"2.875": {
							"post": [-2.33, -1.85, 2.09],
							"lerp_mode": "catmullrom"
						},
						"2.9583": [-2.21, -1.89, 2.09],
						"3.0": [-2.21, -1.89, 2.09]
					}
				},
				"torso": {
					"rotation": {
						"0.0": [-2, 0, -4],
						"0.2917": {
							"pre": [-9.5, 0, -4],
							"post": [-9.5, 0, -4],
							"lerp_mode": "catmullrom"
						},
						"0.6667": {
							"post": [-9.5, 0, -4],
							"lerp_mode": "catmullrom"
						},
						"1.0": {
							"post": [-2, 0, -4],
							"lerp_mode": "catmullrom"
						},
						"1.625": {
							"post": [-1.53, 3.72, 10.54],
							"lerp_mode": "catmullrom"
						},
						"1.8333": {
							"post": [0, 0, 0],
							"lerp_mode": "catmullrom"
						},
						"2.7917": [0, 0, 0]
					},
					"position": {
						"1.4167": {
							"pre": [0, 0, 0],
							"post": [0, 0, 0],
							"lerp_mode": "catmullrom"
						},
						"1.625": {
							"post": [0, -0.3, 0],
							"lerp_mode": "catmullrom"
						},
						"1.8333": [0, 0, 0]
					}
				},
				"neck": {
					"rotation": {
						"0.0": [-5.19615, 0, -1],
						"0.2917": {
							"pre": [4.80385, 0, -1],
							"post": [4.80385, 0, -1],
							"lerp_mode": "catmullrom"
						},
						"0.6667": {
							"post": [4.80385, 0, -1],
							"lerp_mode": "catmullrom"
						},
						"1.0": {
							"post": [-5.19615, 0, -1],
							"lerp_mode": "catmullrom"
						},
						"1.6667": {
							"post": [-5.2688, 0.83323, -10.96558],
							"lerp_mode": "catmullrom"
						},
						"1.75": {
							"post": [0, 0, 0],
							"lerp_mode": "catmullrom"
						},
						"2.7917": [0, 0, 0]
					},
					"position": {
						"0.0": [0, 0.1866, 0],
						"1.5": {
							"pre": [0, 0.1866, 0],
							"post": [0, 0.1866, 0],
							"lerp_mode": "catmullrom"
						},
						"1.6667": {
							"post": [0, -0.3, 0],
							"lerp_mode": "catmullrom"
						},
						"1.75": {
							"post": [0, -3.81, 0],
							"lerp_mode": "catmullrom"
						},
						"2.7917": [0, -3.81, 0]
					}
				},
				"head": {
					"rotation": {
						"0.0": [12.5, 0, 1.5],
						"0.2917": {
							"pre": [19.98275, 8.5731, 15.80006],
							"post": [19.98275, 8.5731, 15.80006],
							"lerp_mode": "catmullrom"
						},
						"0.6667": {
							"post": [19.75002, -2.99318, 11.04589],
							"lerp_mode": "catmullrom"
						},
						"1.125": {
							"post": [16.30496, 16.69957, 11.65605],
							"lerp_mode": "catmullrom"
						},
						"1.2917": {
							"post": [13.15489, -1.28149, 0.53452],
							"lerp_mode": "catmullrom"
						},
						"1.5417": {
							"post": [8.2966, 24.26292, 7.85895],
							"lerp_mode": "catmullrom"
						},
						"1.6667": {
							"post": [5.22197, 10.43104, -3.38904],
							"lerp_mode": "catmullrom"
						},
						"1.7917": {
							"post": [2.5, 12.5, 0],
							"lerp_mode": "catmullrom"
						},
						"2.0417": {
							"post": [-6.13995, 3.03668, 0.70853],
							"lerp_mode": "catmullrom"
						},
						"2.2917": {
							"post": [2.49822, -12.40787, -2.1614],
							"lerp_mode": "catmullrom"
						},
						"2.7917": [-3.5, 0, 0]
					},
					"position": {
						"0.0": [0, -0.15, 0],
						"0.2917": {
							"pre": [0, -0.75, -0.4],
							"post": [0, -0.75, -0.4],
							"lerp_mode": "catmullrom"
						},
						"0.6667": {
							"post": [0, -0.75, -0.4],
							"lerp_mode": "catmullrom"
						},
						"1.0": {
							"post": [0, -0.15, 0],
							"lerp_mode": "catmullrom"
						},
						"1.6667": {
							"post": [0, -0.15, 0],
							"lerp_mode": "catmullrom"
						},
						"1.7917": {
							"post": [0, -2.15, 0],
							"lerp_mode": "catmullrom"
						},
						"2.7917": [0, -2.15, 0]
					}
				},
				"tuft": {
					"rotation": {
						"0.0": [2, 35, -3],
						"0.25": {
							"pre": [-1.50518, 35.02161, -9.10557],
							"post": [-1.50518, 35.02161, -9.10557],
							"lerp_mode": "catmullrom"
						},
						"0.5": {
							"post": [12.37453, 34.35434, 6.43384],
							"lerp_mode": "catmullrom"
						},
						"0.8333": {
							"post": [17.01858, 33.32283, 11.48201],
							"lerp_mode": "catmullrom"
						},
						"1.0833": {
							"post": [15.77402, 40.83555, 11.3366],
							"lerp_mode": "catmullrom"
						},
						"1.3333": {
							"post": [10.28048, 29.84321, 4.77076],
							"lerp_mode": "catmullrom"
						},
						"1.4583": {
							"post": [8.96381, 37.53408, 4.0779],
							"lerp_mode": "catmullrom"
						},
						"1.625": {
							"post": [14.08801, 35.5318, 14.1619],
							"lerp_mode": "catmullrom"
						},
						"1.7917": {
							"post": [15.24011, 31.95195, 20.75622],
							"lerp_mode": "catmullrom"
						},
						"1.9167": [7.18555, 34.39798, 6.09614]
					},
					"position": {
						"1.4583": {
							"pre": [0, 0, 0],
							"post": [0, 0, 0],
							"lerp_mode": "catmullrom"
						},
						"1.625": {
							"post": [0, 0.6, 0],
							"lerp_mode": "catmullrom"
						},
						"1.7917": {
							"post": [0, 0, 0],
							"lerp_mode": "catmullrom"
						},
						"1.9167": {
							"post": [1, -3.75, -1],
							"lerp_mode": "catmullrom"
						},
						"2.7917": [1, -3.75, -1]
					}
				},
				"tuft2": {
					"rotation": {
						"0.0": [0, 0, 5],
						"0.2917": {
							"pre": [0, -5, 17.5],
							"post": [0, -5, 17.5],
							"lerp_mode": "catmullrom"
						},
						"0.5833": {
							"post": [0, -7.5, 26.51],
							"lerp_mode": "catmullrom"
						},
						"0.9167": {
							"post": [0, 0, 4.9],
							"lerp_mode": "catmullrom"
						},
						"1.125": {
							"post": [0, 5.5089, 3.45163],
							"lerp_mode": "catmullrom"
						},
						"1.375": {
							"post": [0, -12.64594, 3.64256],
							"lerp_mode": "catmullrom"
						},
						"1.5": {
							"post": [0, 15.44097, 4.01871],
							"lerp_mode": "catmullrom"
						},
						"1.6667": {
							"post": [0.93086, -15.9573, 16.81046],
							"lerp_mode": "catmullrom"
						},
						"1.7917": {
							"post": [-0.1515, -1.02399, 27.01455],
							"lerp_mode": "catmullrom"
						},
						"1.9167": [3.55534, -4.86841, -10.63138]
					},
					"position": [1, -0.6, 0]
				},
				"tuft_end": {
					"rotation": {
						"0.0": [0, 0, 12],
						"0.2917": {
							"pre": [0, 0, -5.5],
							"post": [0, 0, -5.5],
							"lerp_mode": "catmullrom"
						},
						"0.4167": {
							"post": [0, 0, 19.77],
							"lerp_mode": "catmullrom"
						},
						"0.8333": {
							"post": [0, 0, 24.67],
							"lerp_mode": "catmullrom"
						},
						"1.0417": {
							"post": [0, 0, 5.46],
							"lerp_mode": "catmullrom"
						},
						"1.2917": {
							"post": [0, 0, -6.65],
							"lerp_mode": "catmullrom"
						},
						"1.4583": {
							"post": [0, 0, 14.93],
							"lerp_mode": "catmullrom"
						},
						"1.625": {
							"post": [0, 0, 7.65],
							"lerp_mode": "catmullrom"
						},
						"1.75": {
							"post": [0, 0, 25.01],
							"lerp_mode": "catmullrom"
						},
						"1.9167": [0, 0, -7.49]
					},
					"position": {
						"0.0": {
							"post": [0, 0, 0],
							"lerp_mode": "catmullrom"
						},
						"1.8333": {
							"post": [0, 0, 0],
							"lerp_mode": "catmullrom"
						},
						"2.0417": {
							"post": [2, -2, 0],
							"lerp_mode": "catmullrom"
						},
						"2.7917": [2, -2, 0]
					}
				},
				"right_branch": {
					"rotation": {
						"0.0": [0, 0, -1.73205],
						"1.2083": {
							"pre": [0, 0, 1.73205],
							"post": [0, 0, 1.73205],
							"lerp_mode": "catmullrom"
						},
						"1.375": {
							"post": [0, -7.5, 1.73205],
							"lerp_mode": "catmullrom"
						},
						"1.5417": {
							"post": [0, 7.5, 1.73205],
							"lerp_mode": "catmullrom"
						},
						"1.7083": {
							"post": [0, -5, 1.73205],
							"lerp_mode": "catmullrom"
						},
						"1.875": {
							"post": [0, 0, -10.76795],
							"lerp_mode": "catmullrom"
						},
						"2.0833": {
							"post": [0, 0, 9.23205],
							"lerp_mode": "catmullrom"
						},
						"2.2917": {
							"post": [0, 0, 1.73205],
							"lerp_mode": "catmullrom"
						},
						"2.4583": {
							"post": [0, 0, -5.77],
							"lerp_mode": "catmullrom"
						},
						"2.75": {
							"post": [0, 0, -0.77],
							"lerp_mode": "catmullrom"
						},
						"3.0": [0, 0, -5.77]
					}
				},
				"right_branch_end": {
					"rotation": {
						"0.0": [0, 0, -2.59808],
						"0.0417": {
							"pre": [0, 0, 1.73205],
							"post": [0, 0, 1.73205],
							"lerp_mode": "catmullrom"
						},
						"0.2917": {
							"post": [-0.02756, 0.12429, -10.76798],
							"lerp_mode": "catmullrom"
						},
						"0.7917": {
							"post": [0.05782, 0.55157, 2.57606],
							"lerp_mode": "catmullrom"
						},
						"1.25": {
							"post": [0, 0, 1.73205],
							"lerp_mode": "catmullrom"
						},
						"1.4167": {
							"post": [0, -7.5, 1.73205],
							"lerp_mode": "catmullrom"
						},
						"1.5833": {
							"post": [0, 7.5, 1.73205],
							"lerp_mode": "catmullrom"
						},
						"1.75": {
							"post": [0, -5, 1.73205],
							"lerp_mode": "catmullrom"
						},
						"1.9167": {
							"post": [0, 0, -10.76795],
							"lerp_mode": "catmullrom"
						},
						"2.125": {
							"post": [0, 0, 9.23205],
							"lerp_mode": "catmullrom"
						},
						"2.3333": {
							"post": [0, 0, 1.73205],
							"lerp_mode": "catmullrom"
						},
						"2.4167": {
							"post": [0, 0, 9.23],
							"lerp_mode": "catmullrom"
						},
						"2.75": {
							"post": [0, 0, -15.77],
							"lerp_mode": "catmullrom"
						},
						"2.9167": [0, 0, -5.77]
					}
				},
				"right_leaf": {
					"rotation": {
						"0.0": [37.5, 0, 50],
						"0.1667": {
							"pre": [30.38409, 0, 50],
							"post": [30.38409, 0, 50],
							"lerp_mode": "catmullrom"
						},
						"0.4583": {
							"post": [55, 0, 50],
							"lerp_mode": "catmullrom"
						},
						"0.75": {
							"post": [37.5, 0, 50],
							"lerp_mode": "catmullrom"
						},
						"1.0833": {
							"post": [57.5, 0, 50],
							"lerp_mode": "catmullrom"
						},
						"1.2917": {
							"post": [17.5, 0, 50],
							"lerp_mode": "catmullrom"
						},
						"1.4583": {
							"post": [2.5, 0, 50],
							"lerp_mode": "catmullrom"
						},
						"1.625": {
							"post": [35, 0, 50],
							"lerp_mode": "catmullrom"
						},
						"1.8333": {
							"post": [50, 0, 50],
							"lerp_mode": "catmullrom"
						},
						"2.0": {
							"post": [-7.5, 0, 50],
							"lerp_mode": "catmullrom"
						},
						"2.25": {
							"post": [-6.80423, -3.1622, 25.18803],
							"lerp_mode": "catmullrom"
						},
						"2.4583": {
							"post": [52.67583, 1.61888, 62.39638],
							"lerp_mode": "catmullrom"
						},
						"2.7083": {
							"post": [18.97681, -13.19348, 38.35556],
							"lerp_mode": "catmullrom"
						},
						"3.0": [16.46784, -16.24528, 48.20383]
					}
				},
				"right_leaf2": {
					"rotation": {
						"0.0": [-27.5, 0, 41],
						"0.1667": {
							"pre": [-27.14233, 4.59902, 57.88927],
							"post": [-27.14233, 4.59902, 57.88927],
							"lerp_mode": "catmullrom"
						},
						"0.4583": {
							"post": [-37.14233, 4.59902, 57.88927],
							"lerp_mode": "catmullrom"
						},
						"0.75": {
							"post": [-52.14233, 4.59902, 57.88927],
							"lerp_mode": "catmullrom"
						},
						"1.0833": {
							"post": [-14.64233, 4.59902, 57.88927],
							"lerp_mode": "catmullrom"
						},
						"1.2917": {
							"post": [-32.14233, 4.59902, 57.88927],
							"lerp_mode": "catmullrom"
						},
						"1.4583": {
							"post": [-19.64233, 4.59902, 57.88927],
							"lerp_mode": "catmullrom"
						},
						"1.625": {
							"post": [-34.64233, 4.59902, 57.88927],
							"lerp_mode": "catmullrom"
						},
						"1.8333": {
							"post": [-42.0554, -5.48886, 46.77343],
							"lerp_mode": "catmullrom"
						},
						"2.0": {
							"post": [-28.0185, -1.9725, 72.55375],
							"lerp_mode": "catmullrom"
						},
						"2.25": {
							"post": [-10.40158, 19.72565, 118.47777],
							"lerp_mode": "catmullrom"
						},
						"2.4583": {
							"post": [-29.44321, -3.47383, 48.46467],
							"lerp_mode": "catmullrom"
						},
						"2.7083": {
							"post": [-23.4001, 18.71221, 91.14324],
							"lerp_mode": "catmullrom"
						},
						"3.0": [-27.64082, 11.11939, 74.80819]
					}
				},
				"left_branch": {
					"rotation": {
						"0.0": [0, 0, -1.73205],
						"1.2083": {
							"pre": [0, 0, -1.73205],
							"post": [0, 0, -1.73205],
							"lerp_mode": "catmullrom"
						},
						"1.375": {
							"post": [0, 7.5, -1.73205],
							"lerp_mode": "catmullrom"
						},
						"1.5417": {
							"post": [0, -7.5, -1.73205],
							"lerp_mode": "catmullrom"
						},
						"1.7083": {
							"post": [0, 5, -1.73205],
							"lerp_mode": "catmullrom"
						},
						"1.875": {
							"post": [0, 0, 10.76795],
							"lerp_mode": "catmullrom"
						},
						"2.0833": {
							"post": [0, 0, -9.23205],
							"lerp_mode": "catmullrom"
						},
						"2.2917": {
							"post": [0, 0, -1.73205],
							"lerp_mode": "catmullrom"
						},
						"2.375": [0, 0, -14.23]
					}
				},
				"left_branch_end": {
					"rotation": {
						"0.0": [0, 0, -2.59808],
						"0.0417": {
							"pre": [0, 0, -1.73205],
							"post": [0, 0, -1.73205],
							"lerp_mode": "catmullrom"
						},
						"0.2917": {
							"post": [-0.02756, -0.12429, 10.76798],
							"lerp_mode": "catmullrom"
						},
						"0.7917": {
							"post": [0.05782, -0.55157, -2.57606],
							"lerp_mode": "catmullrom"
						},
						"1.25": {
							"post": [0, 0, -1.73205],
							"lerp_mode": "catmullrom"
						},
						"1.4167": {
							"post": [0, 7.5, -1.73205],
							"lerp_mode": "catmullrom"
						},
						"1.5833": {
							"post": [0, -7.5, -1.73205],
							"lerp_mode": "catmullrom"
						},
						"1.75": {
							"post": [0, 5, -1.73205],
							"lerp_mode": "catmullrom"
						},
						"1.9167": {
							"post": [0, 0, 10.76795],
							"lerp_mode": "catmullrom"
						},
						"2.125": {
							"post": [0, 0, -9.23205],
							"lerp_mode": "catmullrom"
						},
						"2.3333": {
							"post": [0, 0, -1.73205],
							"lerp_mode": "catmullrom"
						},
						"2.4167": {
							"post": [0, 0, -9.23],
							"lerp_mode": "catmullrom"
						},
						"2.75": {
							"post": [0, 0, 15.77],
							"lerp_mode": "catmullrom"
						},
						"2.9167": [0, 0, 5.77]
					}
				},
				"left_leaf": {
					"rotation": {
						"0.0": [37.5, 0, -50],
						"0.1667": {
							"pre": [30.38409, 0, -50],
							"post": [30.38409, 0, -50],
							"lerp_mode": "catmullrom"
						},
						"0.4583": {
							"post": [55, 0, -50],
							"lerp_mode": "catmullrom"
						},
						"0.75": {
							"post": [37.5, 0, -50],
							"lerp_mode": "catmullrom"
						},
						"1.0833": {
							"post": [57.5, 0, -50],
							"lerp_mode": "catmullrom"
						},
						"1.2917": {
							"post": [17.5, 0, -50],
							"lerp_mode": "catmullrom"
						},
						"1.4583": {
							"post": [2.5, 0, -50],
							"lerp_mode": "catmullrom"
						},
						"1.625": {
							"post": [35, 0, -50],
							"lerp_mode": "catmullrom"
						},
						"1.8333": {
							"post": [50, 0, -50],
							"lerp_mode": "catmullrom"
						},
						"2.0": {
							"post": [-7.5, 0, -50],
							"lerp_mode": "catmullrom"
						},
						"2.25": {
							"post": [-6.80423, 3.1622, -25.18803],
							"lerp_mode": "catmullrom"
						},
						"2.4583": {
							"post": [52.67583, -1.61888, -62.39638],
							"lerp_mode": "catmullrom"
						},
						"2.7083": {
							"post": [18.97681, 13.19348, -38.35556],
							"lerp_mode": "catmullrom"
						},
						"3.0": [16.46784, 16.24528, -48.20383]
					}
				},
				"left_leaf2": {
					"rotation": {
						"0.0": [-27.5, 0, -49],
						"0.1667": {
							"pre": [-27.14233, -4.59902, -57.88927],
							"post": [-27.14233, -4.59902, -57.88927],
							"lerp_mode": "catmullrom"
						},
						"0.4583": {
							"post": [-37.14233, -4.59902, -57.88927],
							"lerp_mode": "catmullrom"
						},
						"0.75": {
							"post": [-52.14233, -4.59902, -57.88927],
							"lerp_mode": "catmullrom"
						},
						"1.0833": {
							"post": [-14.64233, -4.59902, -57.88927],
							"lerp_mode": "catmullrom"
						},
						"1.2917": {
							"post": [-32.14233, -4.59902, -57.88927],
							"lerp_mode": "catmullrom"
						},
						"1.4583": {
							"post": [-19.64233, -4.59902, -57.88927],
							"lerp_mode": "catmullrom"
						},
						"1.625": {
							"post": [-34.64233, -4.59902, -57.88927],
							"lerp_mode": "catmullrom"
						},
						"1.8333": {
							"post": [-42.0554, 5.48886, -46.77343],
							"lerp_mode": "catmullrom"
						},
						"2.0": {
							"post": [-28.0185, 1.9725, -72.55375],
							"lerp_mode": "catmullrom"
						},
						"2.25": {
							"post": [-10.40158, -19.72565, -118.47777],
							"lerp_mode": "catmullrom"
						},
						"2.4583": {
							"post": [-29.44321, 3.47383, -48.46467],
							"lerp_mode": "catmullrom"
						},
						"2.7083": {
							"post": [-23.4001, -18.71221, -91.14324],
							"lerp_mode": "catmullrom"
						},
						"3.0": [-27.64082, -11.11939, -74.80819]
					}
				},
				"right_eye_closed": {
					"position": {
						"0.0": [0, 0, 0],
						"0.25": [0, 0, 0],
						"0.2917": [0, 0, -0.1],
						"0.7083": [0, 0, -0.1],
						"0.75": [0, 0, 0]
					}
				},
				"left_eye_closed": {
					"position": {
						"0.0": [0, 0, 0],
						"0.25": [0, 0, 0],
						"0.2917": [0, 0, -0.1],
						"0.7083": [0, 0, -0.1],
						"0.75": [0, 0, 0]
					}
				},
				"mouth": {
					"position": [0, 0, 0]
				},
				"open": {
					"position": {
						"0.0": [0, 0, 1],
						"0.25": [0, 0, 1],
						"0.2917": [0, 0, -0.15],
						"0.7083": [0, 0, -0.15],
						"0.75": [0, 0, 1],
						"1.5417": [0, 0, 1],
						"1.5833": [0, 0, -0.15],
						"1.7917": [0, 0, -0.15],
						"1.8333": [0, 0, 1]
					}
				},
				"butt": {
					"rotation": {
						"0.0": [3.66987, 10, 0],
						"0.2917": {
							"pre": [-3.8479, 0.00204, -0.20313],
							"post": [-3.8479, 0.00204, -0.20313],
							"lerp_mode": "catmullrom"
						},
						"0.6667": {
							"post": [-3.83013, 10, 0],
							"lerp_mode": "catmullrom"
						},
						"1.0": {
							"post": [26.9414, -6.81728, 0.30664],
							"lerp_mode": "catmullrom"
						},
						"1.4583": [26.9414, -6.81728, 0.30664]
					},
					"position": {
						"0.0": [0, 0, 0],
						"0.8333": {
							"pre": [0, 0.2, 0],
							"post": [0, 0.2, 0],
							"lerp_mode": "catmullrom"
						},
						"1.1667": {
							"post": [0, 0.14, 0],
							"lerp_mode": "catmullrom"
						},
						"1.375": {
							"post": [0, 0.02, 0],
							"lerp_mode": "catmullrom"
						},
						"1.625": {
							"post": [0, -0.4, 0],
							"lerp_mode": "catmullrom"
						},
						"1.8333": {
							"post": [0, 1, 0],
							"lerp_mode": "catmullrom"
						},
						"2.7917": [0, 1, 0]
					}
				},
				"tail": {
					"rotation": {
						"0.0": [-80, 17.32051, 0],
						"0.2917": {
							"pre": [-182.76211, -24.03996, -6.17523],
							"post": [-182.76211, -24.03996, -6.17523],
							"lerp_mode": "catmullrom"
						},
						"0.5417": {
							"post": [-208.30474, -47.14648, 6.69758],
							"lerp_mode": "catmullrom"
						},
						"0.75": {
							"post": [-135.14537, -31.04452, -12.42999],
							"lerp_mode": "catmullrom"
						},
						"1.2083": {
							"post": [-61.28462, -14.10078, 28.69094],
							"lerp_mode": "catmullrom"
						},
						"1.5833": {
							"post": [-81.28462, -14.10078, 28.69094],
							"lerp_mode": "catmullrom"
						},
						"1.7917": {
							"post": [-143.90596, -5.70354, 11.33519],
							"lerp_mode": "catmullrom"
						},
						"1.9167": {
							"post": [-157.35998, 0.09447, -0.64837],
							"lerp_mode": "catmullrom"
						},
						"2.0417": {
							"post": [-117.98632, 4.84282, -10.46247],
							"lerp_mode": "catmullrom"
						},
						"2.7917": [-117.98632, 4.84282, -10.46247]
					},
					"position": {
						"0.0": [0, 0.0134, -1.9],
						"0.2917": {
							"pre": [0, 1.2, -2],
							"post": [0, 1.2, -2],
							"lerp_mode": "catmullrom"
						},
						"0.5417": {
							"post": [0, 1.2, -2.5],
							"lerp_mode": "catmullrom"
						},
						"0.75": {
							"post": [0, 0.8134, -1.8],
							"lerp_mode": "catmullrom"
						},
						"1.2083": {
							"post": [0, 0.08, -1.34],
							"lerp_mode": "catmullrom"
						},
						"1.5833": {
							"post": [0, 0.08, -1.34],
							"lerp_mode": "catmullrom"
						},
						"1.7917": {
							"post": [0, 0.84, -3.58],
							"lerp_mode": "catmullrom"
						},
						"2.0417": {
							"post": [0, 4.01, -3],
							"lerp_mode": "catmullrom"
						},
						"2.7917": [0, 3.71, -3]
					}
				},
				"end": {
					"rotation": {
						"0.0": [27.5, 20, 0],
						"0.1667": {
							"pre": [78.98399, -15.34066, 19.06034],
							"post": [78.98399, -15.34066, 19.06034],
							"lerp_mode": "catmullrom"
						},
						"0.2917": {
							"post": [22.5, 20, 0],
							"lerp_mode": "catmullrom"
						},
						"0.4583": {
							"post": [15, 20, 0],
							"lerp_mode": "catmullrom"
						},
						"0.625": {
							"post": [29.61133, 11.38523, 3.91379],
							"lerp_mode": "catmullrom"
						},
						"0.8333": {
							"post": [7.8469, -1.68428, 9.63599],
							"lerp_mode": "catmullrom"
						},
						"1.0": {
							"post": [-4.34641, -14.90168, 13.94973],
							"lerp_mode": "catmullrom"
						},
						"1.2083": {
							"post": [92.06778, 44.76887, -14.41211],
							"lerp_mode": "catmullrom"
						},
						"1.625": {
							"post": [39.5293, -33.25963, 22.70443],
							"lerp_mode": "catmullrom"
						},
						"1.75": {
							"post": [74.64427, -25.66836, 25.99066],
							"lerp_mode": "catmullrom"
						},
						"1.875": {
							"post": [86.32655, -8.32353, 24.63732],
							"lerp_mode": "catmullrom"
						},
						"2.0417": [28.82655, -8.32353, 24.63732]
					},
					"position": {
						"0.1667": {
							"pre": [0, 0, -1],
							"post": [0, 0, -1],
							"lerp_mode": "catmullrom"
						},
						"0.2917": {
							"post": [0, 0, 0],
							"lerp_mode": "catmullrom"
						},
						"1.0": {
							"post": [0, 0, 0],
							"lerp_mode": "catmullrom"
						},
						"1.2083": {
							"post": [0, 0, -0.65],
							"lerp_mode": "catmullrom"
						},
						"1.625": {
							"post": [0, 0, 0],
							"lerp_mode": "catmullrom"
						},
						"1.75": {
							"post": [0, 0, -0.37],
							"lerp_mode": "catmullrom"
						},
						"1.875": {
							"post": [0, 0, -0.69],
							"lerp_mode": "catmullrom"
						},
						"2.7917": [0, 0, -1.3]
					}
				},
				"right_arm": {
					"rotation": {
						"0.0": [-31.1736, -20.93538, -13.74414],
						"0.2917": {
							"pre": [36.57521, -3.17574, -16.67968],
							"post": [36.57521, -3.17574, -16.67968],
							"lerp_mode": "catmullrom"
						},
						"0.6667": {
							"post": [36.57521, -3.17574, -16.67968],
							"lerp_mode": "catmullrom"
						},
						"1.0": {
							"post": [21, 12.40192, 5],
							"lerp_mode": "catmullrom"
						},
						"1.2083": {
							"post": [31.50215, 36.50167, -0.22318],
							"lerp_mode": "catmullrom"
						},
						"1.625": [72.68481, 55.47884, 48.04185]
					},
					"position": [0, -0.25, 0]
				},
				"left_arm": {
					"rotation": {
						"0.0": [-31.1736, 15.73922, 13.74414],
						"0.2917": {
							"pre": [30.0022, -4.03213, 24.10327],
							"post": [30.0022, -4.03213, 24.10327],
							"lerp_mode": "catmullrom"
						},
						"0.6667": {
							"post": [30.0022, -4.03213, 24.10327],
							"lerp_mode": "catmullrom"
						},
						"1.2083": {
							"post": [24.04485, -50.99575, 16.65513],
							"lerp_mode": "catmullrom"
						},
						"1.625": [81.54226, -67.33483, -28.86639]
					},
					"position": [0, -0.25, 0]
				},
				"right_pupil": {
					"position": {
						"1.7917": [0, 0, 0],
						"1.8333": [0, 0, 1]
					}
				},
				"left_pupil": {
					"position": {
						"1.7917": [0, 0, 0],
						"1.8333": [0, 0, 1]
					}
				}
			}
		},
		"animation.phantump.cry": {
			"animation_length": 2.91667,
			"bones": {
				"head": {
					"rotation": {
						"0.0": [0, 0, 0],
						"0.25": {
							"pre": [7.5, 0, 0],
							"post": [7.5, 0, 0],
							"lerp_mode": "catmullrom"
						},
						"0.5": {
							"post": [7.5, 0, 0],
							"lerp_mode": "catmullrom"
						},
						"0.625": {
							"post": [-7.5, 0, 0],
							"lerp_mode": "catmullrom"
						},
						"0.7083": {
							"post": [-12.39, 0, 0],
							"lerp_mode": "catmullrom"
						},
						"0.8333": {
							"post": [-5.42, 0, 0],
							"lerp_mode": "catmullrom"
						},
						"0.9583": {
							"post": [-9.44, 0, 0],
							"lerp_mode": "catmullrom"
						},
						"1.0833": {
							"post": [-3.2, 0, 0],
							"lerp_mode": "catmullrom"
						},
						"1.2083": {
							"post": [-7.32, 0, 0],
							"lerp_mode": "catmullrom"
						},
						"1.3333": {
							"post": [-2.28, 0, 0],
							"lerp_mode": "catmullrom"
						},
						"1.4583": {
							"post": [-5.01, 0, 0],
							"lerp_mode": "catmullrom"
						},
						"1.5833": {
							"post": [-1.6, 0, 0],
							"lerp_mode": "catmullrom"
						},
						"1.7917": {
							"post": [-3.37, 0, 0],
							"lerp_mode": "catmullrom"
						},
						"2.0417": {
							"post": [-0.5, 0, 0],
							"lerp_mode": "catmullrom"
						},
						"2.875": [0, 0, 0]
					},
					"position": {
						"0.0": [0, 0, 0],
						"0.25": {
							"pre": [0, -0.3, 0],
							"post": [0, -0.3, 0],
							"lerp_mode": "catmullrom"
						},
						"0.5": {
							"post": [0, -0.3, 0],
							"lerp_mode": "catmullrom"
						},
						"0.75": {
							"post": [0, 0, 0],
							"lerp_mode": "catmullrom"
						},
						"2.125": {
							"post": [0, 0, 0],
							"lerp_mode": "catmullrom"
						},
						"2.6667": [0, 0, 0]
					}
				},
				"open": {
					"position": {
						"0.5833": [0, 0, 0],
						"0.625": [0, 0, -0.1],
						"1.875": [0, 0, -0.15],
						"1.9167": [0, 0, 0]
					}
				},
				"body": {
					"rotation": {
						"0.0": [0, 0, 0],
						"0.25": {
							"pre": [-12.5, 0, 0],
							"post": [-12.5, 0, 0],
							"lerp_mode": "catmullrom"
						},
						"0.5": {
							"post": [-12.5, 0, 0],
							"lerp_mode": "catmullrom"
						},
						"0.75": {
							"post": [5.11, 0, 0],
							"lerp_mode": "catmullrom"
						},
						"0.9167": {
							"post": [9.41, 0, 0],
							"lerp_mode": "catmullrom"
						},
						"1.0833": {
							"post": [8.18, 0, 0],
							"lerp_mode": "catmullrom"
						},
						"1.375": {
							"post": [9.31, 0, 0],
							"lerp_mode": "catmullrom"
						},
						"1.7083": {
							"post": [8.82, 0, 0],
							"lerp_mode": "catmullrom"
						},
						"2.0833": {
							"post": [7.53, 0, 0],
							"lerp_mode": "catmullrom"
						},
						"2.6667": [0, 0, 0]
					},
					"position": {
						"0.0": [0, 0, 0],
						"0.25": {
							"pre": [0, -0.5, 0],
							"post": [0, -0.5, 0],
							"lerp_mode": "catmullrom"
						},
						"0.5": {
							"post": [0, -0.5, 0],
							"lerp_mode": "catmullrom"
						},
						"0.75": {
							"post": [0, 0, 0],
							"lerp_mode": "catmullrom"
						},
						"2.125": {
							"post": [0, 0, 0],
							"lerp_mode": "catmullrom"
						},
						"2.6667": [0, 0, 0]
					}
				},
				"neck": {
					"rotation": {
						"0.0": [0, 0, 0],
						"0.25": {
							"pre": [10, 0, 0],
							"post": [10, 0, 0],
							"lerp_mode": "catmullrom"
						},
						"0.5": {
							"post": [10, 0, 0],
							"lerp_mode": "catmullrom"
						},
						"0.75": {
							"post": [-17.5, 0, 0],
							"lerp_mode": "catmullrom"
						},
						"1.375": {
							"post": [-15.5, 0, 0],
							"lerp_mode": "catmullrom"
						},
						"2.0833": {
							"post": [3.5, 0, 0],
							"lerp_mode": "catmullrom"
						},
						"2.7917": [0, 0, 0]
					},
					"position": {
						"0.0": [0, 0, 0],
						"0.25": {
							"pre": [0, -0.3, 0],
							"post": [0, -0.3, 0],
							"lerp_mode": "catmullrom"
						},
						"0.5": {
							"post": [0, -0.3, 0],
							"lerp_mode": "catmullrom"
						},
						"0.75": {
							"post": [0, 0, 0],
							"lerp_mode": "catmullrom"
						},
						"2.125": {
							"post": [0, 0, 0],
							"lerp_mode": "catmullrom"
						},
						"2.6667": [0, 0, 0]
					}
				},
				"right_eye_closed": {
					"position": {
						"0.0417": [0, 0, 0],
						"0.0833": [0, 0, -0.1],
						"0.5833": [0, 0, -0.1],
						"0.625": [0, 0, 0]
					}
				},
				"left_eye_closed": {
					"position": {
						"0.0417": [0, 0, 0],
						"0.0833": [0, 0, -0.1],
						"0.5833": [0, 0, -0.1],
						"0.625": [0, 0, 0]
					}
				},
				"butt": {
					"rotation": {
						"0.0": [0, 0, 0],
						"0.2917": {
							"pre": [-5, 0, 0],
							"post": [-5, 0, 0],
							"lerp_mode": "catmullrom"
						},
						"0.5417": {
							"post": [-5, 0, 0],
							"lerp_mode": "catmullrom"
						},
						"0.8333": {
							"post": [5, 0, 0],
							"lerp_mode": "catmullrom"
						},
						"2.2083": {
							"post": [0, 0, 0],
							"lerp_mode": "catmullrom"
						},
						"2.7917": [0, 0, 0]
					}
				},
				"tail": {
					"rotation": {
						"0.0": [0, 0, 0],
						"0.3333": {
							"pre": [-45, 0, 0],
							"post": [-45, 0, 0],
							"lerp_mode": "catmullrom"
						},
						"0.5833": {
							"post": [-15, 0, 0],
							"lerp_mode": "catmullrom"
						},
						"1.0": {
							"post": [12.5, 0, 0],
							"lerp_mode": "catmullrom"
						},
						"1.9583": {
							"post": [-15, 0, 0],
							"lerp_mode": "catmullrom"
						},
						"2.8333": [0, 0, 0]
					},
					"position": {
						"0.0": [0, 0, 0],
						"0.3333": {
							"pre": [0, 1, 0],
							"post": [0, 1, 0],
							"lerp_mode": "catmullrom"
						},
						"0.5833": {
							"post": [0, 0, 0],
							"lerp_mode": "catmullrom"
						}
					}
				},
				"end": {
					"rotation": {
						"0.0": [0, 0, 0],
						"0.2083": {
							"pre": [22.5, 0, 0],
							"post": [22.5, 0, 0],
							"lerp_mode": "catmullrom"
						},
						"0.4167": {
							"post": [-15, 0, 0],
							"lerp_mode": "catmullrom"
						},
						"0.6667": {
							"post": [-15, 0, 0],
							"lerp_mode": "catmullrom"
						},
						"1.0833": {
							"post": [50, 0, 0],
							"lerp_mode": "catmullrom"
						},
						"2.0417": {
							"post": [-15, 0, 0],
							"lerp_mode": "catmullrom"
						},
						"2.9167": [0, 0, 0]
					}
				},
				"right_arm": {
					"rotation": {
						"0.0": [0, 0, 0],
						"0.25": {
							"pre": [-20, -30, 20],
							"post": [-20, -30, 20],
							"lerp_mode": "catmullrom"
						},
						"0.5": {
							"post": [-20, -30, 20],
							"lerp_mode": "catmullrom"
						},
						"0.75": {
							"post": [20, 25, 0],
							"lerp_mode": "catmullrom"
						},
						"2.125": {
							"post": [20, 25, 0],
							"lerp_mode": "catmullrom"
						},
						"2.6667": [0, 0, 0]
					}
				},
				"left_arm": {
					"rotation": {
						"0.0": [0, 0, 0],
						"0.25": {
							"pre": [-20, 30, -20],
							"post": [-20, 30, -20],
							"lerp_mode": "catmullrom"
						},
						"0.5": {
							"post": [-20, 30, -20],
							"lerp_mode": "catmullrom"
						},
						"0.75": {
							"post": [20, -25, 0],
							"lerp_mode": "catmullrom"
						},
						"2.125": {
							"post": [20, -25, 0],
							"lerp_mode": "catmullrom"
						},
						"2.6667": [0, 0, 0]
					}
				}
			},
			"sound_effects": {
				"0.6667": {
					"effect": "pokemon.phantump.cry"
				}
			}
		},
		"animation.phantump.blink": {
			"animation_length": 0.1875,
			"bones": {
				"right_eye_closed": {
					"position": {
						"0.0": [0, 0, -0.1],
						"0.125": [0, 0, -0.1],
						"0.1875": [0, 0, 0]
					}
				},
				"left_eye_closed": {
					"position": {
						"0.0": [0, 0, -0.1],
						"0.125": [0, 0, -0.1],
						"0.1875": [0, 0, 0]
					}
				}
			}
		}
	}
}