{
	"format_version": "1.8.0",
	"animations": {
		"animation.porygon2.ground_idle": {
			"loop": true,
			"bones": {
				"tail": {
					"rotation": ["30+Math.cos((query.anim_time-0.9) * 90 * 1) * 5", 0, 0]
				},
				"neck": {
					"rotation": [10, 0, 0]
				},
				"head": {
					"rotation": [-10, 0, 0]
				},
				"leg_left": {
					"rotation": ["2.5+Math.cos((query.anim_time-0.9) * 90 * 1) * 15", 0, 0]
				},
				"leg_right": {
					"rotation": ["2.5+Math.cos((query.anim_time-0.9) * 90 * 1) * -15", 0, 0]
				},
				"body": {
					"rotation": ["2.5+Math.cos((query.anim_time-0.5) * 90 * 1) * 2", 0, 0],
					"position": [0, "8+Math.cos((query.anim_time) * 90 * 1) * 2", 0]
				}
			}
		},
		"animation.porygon2.battle_idle": {
			"loop": true,
			"bones": {
				"body": {
					"rotation": ["math.sin(q.anim_time*90*2)*6", "math.cos(q.anim_time*90*1)*8", "math.cos(q.anim_time*90*1)*4"],
					"position": ["math.cos(q.anim_time*90*1)*2", "5+math.cos(q.anim_time*90*2)*3", "math.cos(q.anim_time*90*1)*3"]
				},
				"neck": {
					"rotation": ["15+math.sin(q.anim_time*90*2-40)*8", 0, 0]
				},
				"head": {
					"rotation": ["-10-math.sin(q.anim_time*90*2-80)*8", "-math.sin(q.anim_time*90*1)*1", 0]
				},
				"tail": {
					"rotation": ["30+math.sin(q.anim_time*90*2-40)*8", 0, 0]
				},
				"leg_left": {
					"rotation": ["5+math.cos(q.anim_time*90*2-40)*24", 0, "math.sin(q.anim_time*90*1-120)*5"]
				},
				"leg_right": {
					"rotation": ["5+math.cos(q.anim_time*90*2-40)*-24", 0, "-(math.sin(q.anim_time*90*1-120)*5)"]
				}
			}
		},
		"animation.porygon2.quirk": {
			"animation_length": 4,
			"bones": {
				"neck": {
					"rotation": {
						"0.0": {
							"post": [0, 0, 0],
							"lerp_mode": "catmullrom"
						},
						"0.6667": {
							"post": [0, 0, 0],
							"lerp_mode": "catmullrom"
						},
						"1.125": {
							"post": [32, 0, 0],
							"lerp_mode": "catmullrom"
						},
						"1.2917": [73.4, 0, 0],
						"1.4583": [76.4, 0, 0],
						"2.125": {
							"pre": [61, 0, 0],
							"post": [61, 0, 0],
							"lerp_mode": "catmullrom"
						},
						"2.5833": {
							"post": [34.7, 0, 0],
							"lerp_mode": "catmullrom"
						},
						"2.9167": {
							"post": [-15, 0, 0],
							"lerp_mode": "catmullrom"
						},
						"3.25": {
							"post": [16, 0, 0],
							"lerp_mode": "catmullrom"
						},
						"3.5417": {
							"post": [-2, 0, 0],
							"lerp_mode": "catmullrom"
						},
						"4.0": {
							"post": [0, 0, 0],
							"lerp_mode": "catmullrom"
						}
					},
					"position": {
						"0.0": {
							"post": [0, 0, 0],
							"lerp_mode": "catmullrom"
						},
						"0.9583": {
							"post": [0, 0, -0.4],
							"lerp_mode": "catmullrom"
						},
						"1.2917": {
							"post": [0, 0, -1.5],
							"lerp_mode": "catmullrom"
						},
						"2.5417": {
							"post": [0, 0, -1.5],
							"lerp_mode": "catmullrom"
						},
						"2.8333": {
							"post": [0, 0, 0],
							"lerp_mode": "catmullrom"
						},
						"3.5": {
							"post": [0, 0, 0],
							"lerp_mode": "catmullrom"
						}
					}
				},
				"tail": {
					"rotation": {
						"0.0": {
							"post": [0, 0, 0],
							"lerp_mode": "catmullrom"
						},
						"0.625": {
							"post": [-1, 0, 0],
							"lerp_mode": "catmullrom"
						},
						"1.0833": {
							"post": [24.9, 0, 0],
							"lerp_mode": "catmullrom"
						},
						"1.2917": [62.2, 0, 0],
						"1.4167": [61.2, 0, 0],
						"2.125": {
							"pre": [54.2, 0, 0],
							"post": [54.2, 0, 0],
							"lerp_mode": "catmullrom"
						},
						"2.625": {
							"post": [23.6, 0, 0],
							"lerp_mode": "catmullrom"
						},
						"2.9583": {
							"post": [-7.5, 0, 0],
							"lerp_mode": "catmullrom"
						},
						"3.2917": {
							"post": [5.7, 0, 0],
							"lerp_mode": "catmullrom"
						},
						"3.5833": {
							"post": [-2, 0, 0],
							"lerp_mode": "catmullrom"
						},
						"4.0": {
							"post": [0, 0, 0],
							"lerp_mode": "catmullrom"
						}
					}
				},
				"torso": {
					"rotation": {
						"0.0": {
							"post": [0, 0, 0],
							"lerp_mode": "catmullrom"
						},
						"0.75": {
							"post": [1, 0, 0],
							"lerp_mode": "catmullrom"
						},
						"1.125": {
							"post": [14.5, 0, 0],
							"lerp_mode": "catmullrom"
						},
						"2.0": {
							"post": [12.5, 0, 0],
							"lerp_mode": "catmullrom"
						},
						"2.8333": {
							"post": [-13.8, 0, 0],
							"lerp_mode": "catmullrom"
						},
						"3.2917": {
							"post": [0, 0, 0],
							"lerp_mode": "catmullrom"
						},
						"4.0": {
							"post": [0, 0, 0],
							"lerp_mode": "catmullrom"
						}
					}
				}
			}
		},
		"animation.porygon2.ground_walk": {
			"loop": true,
			"bones": {
				"body": {
					"rotation": ["10+Math.cos((query.anim_time-0.25) * 90 * 4) * 3", 0, "Math.cos((query.anim_time-0.3) * 90 * 2) * 4"],
					"position": [0, "4+Math.cos((query.anim_time) * 90 * 4) * 1", "math.sin(q.anim_time*90*2)*1"]
				},
				"neck": {
					"rotation": ["15+Math.cos((query.anim_time-0.5) * 90 * 4) * -3", 0, 0]
				},
				"head": {
					"rotation": [-17.5, 0, 0]
				},
				"tail": {
					"rotation": ["27.5+Math.cos((query.anim_time) * 90 * 4) * -3", 0, 0]
				},
				"leg_left": {
					"rotation": ["20+Math.cos((query.anim_time-0.1) * 90 * 4) * -10", 0, 0]
				},
				"leg_right": {
					"rotation": ["20+Math.cos((query.anim_time-0.1) * 90 * 4) * 10", 0, 0]
				}
			}
		},
		"animation.porygon2.ground_run": {
			"loop": true,
			"bones": {
				"body": {
					"rotation": ["15+math.cos(q.anim_time*90*4)*1", 0, "math.cos(q.anim_time*90*2)*2"],
					"position": [0, "4+Math.cos((query.anim_time) * 90 * 4) * 0.25", "math.sin(q.anim_time*90*4)*0.5"]
				},
				"neck": {
					"rotation": ["35+math.cos(q.anim_time*90*4-40)*2", 0, 0]
				},
				"head": {
					"rotation": ["-40+math.cos(q.anim_time*90*4-60)*1", 0, 0]
				},
				"tail": {
					"rotation": ["12.5+math.cos(q.anim_time*90*2-40)*6", 0, 0]
				},
				"leg_left": {
					"rotation": ["math.sin(q.anim_time*90*4-40)*5", "-2.5 +math.sin(q.anim_time*90*2-40)*5", 0]
				},
				"leg_right": {
					"rotation": ["math.sin(q.anim_time*90*4-40)*5", "2.5+math.sin(q.anim_time*90*2-40)*5", 0]
				}
			}
		},
		"animation.porygon2.sleep": {
			"loop": true,
			"bones": {
				"body": {
					"rotation": [0, 0, "Math.cos((query.anim_time+0.3) * 90 * 1/2) * 8"],
					"position": ["Math.sin((query.anim_time) * 90 * 1/2) * 2", "7+Math.cos((query.anim_time) * 90 * 1/2) * 2", 0]
				},
				"neck": {
					"rotation": [35, 0, 0]
				},
				"head": {
					"rotation": ["10+Math.cos((query.anim_time-0.5) * 90 * 1/2) * -8", "Math.cos((query.anim_time-0.5) * 90 * 1/2) * -8", 0]
				},
				"pupil_left": {
					"position": [-0.075, 0, 0]
				},
				"pupil_closed_left": {
					"position": [0.275, 0, 0]
				},
				"pupil_right": {
					"position": [0.075, 0, 0]
				},
				"pupil_closed_right": {
					"position": [-0.275, 0, 0]
				},
				"tail": {
					"rotation": ["-42.5+Math.cos((query.anim_time-0.7) * 90 * 1/2) * 8", 0, 0]
				},
				"leg_left": {
					"rotation": ["40+Math.cos((query.anim_time-0.7) * 90 * 1/2) * 15", 0, 0]
				},
				"leg_right": {
					"rotation": ["40+Math.cos((query.anim_time-0.7) * 90 * 1/2) * -15", 0, 0]
				}
			}
		},
		"animation.porygon2.blink": {
			"animation_length": 0.1667,
			"bones": {
				"pupil_left": {
					"position": {
						"0.0": [-0.25, 0, 0],
						"0.125": {
							"pre": [-0.25, 0, 0],
							"post": [-0.25, 0, 0]
						},
						"0.1667": {
							"pre": [-0.25, 0, 0],
							"post": [0, 0, 0]
						}
					}
				},
				"pupil_closed_left": {
					"position": {
						"0.0": [0.25, 0, 0],
						"0.125": {
							"pre": [0.25, 0, 0],
							"post": [0.25, 0, 0]
						},
						"0.1667": {
							"pre": [0.25, 0, 0],
							"post": [0, 0, 0]
						}
					}
				},
				"pupil_right": {
					"position": {
						"0.0": [0.25, 0, 0],
						"0.125": {
							"pre": [0.25, 0, 0],
							"post": [0.25, 0, 0]
						},
						"0.1667": {
							"pre": [0.25, 0, 0],
							"post": [0, 0, 0]
						}
					}
				},
				"pupil_closed_right": {
					"position": {
						"0.0": [-0.25, 0, 0],
						"0.125": {
							"pre": [-0.25, 0, 0],
							"post": [-0.25, 0, 0]
						},
						"0.1667": {
							"pre": [-0.25, 0, 0],
							"post": [0, 0, 0]
						}
					}
				}
			}
		},
		"animation.porygon2.shock": {
			"loop": true,
			"bones": {
				"pupil_left": {
					"scale": [1, 0.7, 0.7]
				},
				"pupil_right": {
					"scale": [1, 0.7, 0.7]
				}
			}
		},
		"animation.porygon2.angry": {
			"loop": true,
			"bones": {
				"eye_angry_left": {
					"position": [0.1, 0, 0]
				},
				"eye_angry_right": {
					"position": [-0.1, 0, 0]
				}
			}
		},
		"animation.porygon2.sad": {
			"loop": true,
			"bones": {
				"eye_sad_left": {
					"position": [0.1, 0, 0]
				},
				"eye_sad_right": {
					"position": [-0.1, 0, 0]
				}
			}
		},
		"animation.porygon2.happy": {
			"loop": true,
			"bones": {
				"pupil_left": {
					"position": [-0.1, 0, 0]
				},
				"pupil_happy_left": {
					"position": [0.1, 0, 0]
				},
				"pupil_right": {
					"position": [0.1, 0, 0]
				},
				"pupil_happy_right": {
					"position": [-0.1, 0, 0]
				}
			}
		},
		"animation.porygon2.blush": {
			"loop": true,
			"bones": {
				"blush_left": {
					"position": [0.1, 0, 0]
				},
				"blush_right": {
					"position": [-0.1, 0, 0]
				}
			}
		},
		"animation.porygon2.recoil": {
			"loop": true,
			"bones": {
				"pupil_left": {
					"position": [-0.1, 0, 0]
				},
				"pupil_right": {
					"position": [0.1, 0, 0]
				},
				"pupil_closed_left": {
					"rotation": [22.5, 0, 0],
					"position": [0.25, 0, 0]
				},
				"pupil_closed_right": {
					"rotation": [22.5, 0, 0]
				}
			}
		},
		"animation.porygon2.teary": {
			"loop": true,
			"bones": {
				"eye_teary_left": {
					"position": [0.1, 0, 0]
				},
				"eye_teary_right": {
					"position": [-0.1, 0, 0]
				}
			}
		},
		"animation.porygon2.unamused": {
			"loop": true,
			"bones": {
				"pupil_left": {
					"position": [-0.1, 0, 0]
				},
				"pupil_right": {
					"position": [0.1, 0, 0]
				},
				"pupil_unamused_left": {
					"position": [0.1, 0, 0]
				},
				"pupil_unamused_right": {
					"position": [-0.1, 0, 0]
				}
			}
		},
		"animation.porygon2.half_closed": {
			"loop": true,
			"bones": {
				"eye_halved_left": {
					"position": [0.1, 0, 0]
				},
				"eye_halved_right": {
					"position": [-0.1, 0, 0]
				}
			}
		},
		"animation.porygon2.worried": {
			"loop": true,
			"bones": {
				"pupil_left": {
					"position": [-0.1, 0, 0]
				},
				"pupil_right": {
					"position": [0.1, 0, 0]
				},
				"pupil_worried_left": {
					"position": [0.1, 0, 0]
				},
				"pupil_worried_right": {
					"position": [-0.1, 0, 0]
				}
			}
		},
		"animation.porygon2.idle_quirk": {
			"animation_length": 3.25,
			"bones": {
				"body": {
					"rotation": {
						"0.0": {
							"post": [5, 0, 0],
							"lerp_mode": "catmullrom"
						},
						"0.1667": {
							"post": [5, 1, 0],
							"lerp_mode": "catmullrom"
						},
						"0.5417": {
							"post": [-7.14677, -35.48238, 9.21893],
							"lerp_mode": "catmullrom"
						},
						"0.8333": {
							"post": [-7.14677, -34.48238, 9.21893],
							"lerp_mode": "catmullrom"
						},
						"1.1667": {
							"post": [16.55323, 28.78238, -4.51893],
							"lerp_mode": "catmullrom"
						},
						"1.5": {
							"post": [16.55323, 47.58238, -4.51893],
							"lerp_mode": "catmullrom"
						},
						"1.75": {
							"post": [7.05323, -20.78238, -4.98107],
							"lerp_mode": "catmullrom"
						},
						"2.2917": {
							"post": [-26.14677, -348.58238, -4.98107],
							"lerp_mode": "catmullrom"
						},
						"2.625": {
							"post": [-26.14677, -401.58238, -4.98107],
							"lerp_mode": "catmullrom"
						},
						"2.8333": [5, -360, 0],
						"2.875": {
							"pre": [5, -360, 0],
							"post": [4, 0, 0]
						},
						"3.25": [5, 0, 0]
					},
					"position": {
						"0.0": {
							"post": [0, 6.3, 0],
							"lerp_mode": "catmullrom"
						},
						"0.125": {
							"post": [0, 6.3, 0],
							"lerp_mode": "catmullrom"
						},
						"0.375": {
							"post": [2, 5.2, 0],
							"lerp_mode": "catmullrom"
						},
						"0.7917": {
							"post": [2, 5.2, 0],
							"lerp_mode": "catmullrom"
						},
						"1.2917": {
							"post": [-3.4, 6.9, 0],
							"lerp_mode": "catmullrom"
						},
						"1.6667": {
							"post": [-3.4, 6.9, 0],
							"lerp_mode": "catmullrom"
						},
						"1.9583": {
							"post": [-0.4, 6.3, 0],
							"lerp_mode": "catmullrom"
						},
						"2.625": {
							"post": [-0.01, 8.3, 0],
							"lerp_mode": "catmullrom"
						},
						"2.7917": {
							"post": [-0.01, 5.9, 0],
							"lerp_mode": "catmullrom"
						},
						"3.25": {
							"post": [0, 6.3, 0],
							"lerp_mode": "catmullrom"
						}
					}
				},
				"tail": {
					"rotation": {
						"0.0": {
							"post": [30, 0, 0],
							"lerp_mode": "catmullrom"
						},
						"0.375": {
							"post": [44.27887, -14.60559, -13.81465],
							"lerp_mode": "catmullrom"
						},
						"0.75": {
							"post": [44.27887, -14.60559, -13.81465],
							"lerp_mode": "catmullrom"
						},
						"1.2083": {
							"post": [17.54835, 19.03771, 6.24605],
							"lerp_mode": "catmullrom"
						},
						"1.5833": {
							"post": [17.54835, 19.03771, 6.24605],
							"lerp_mode": "catmullrom"
						},
						"1.9583": {
							"post": [40.28, 32.69, 4],
							"lerp_mode": "catmullrom"
						},
						"2.5417": {
							"post": [72.5, -16, 0],
							"lerp_mode": "catmullrom"
						},
						"3.25": {
							"post": [30, 0, 0],
							"lerp_mode": "catmullrom"
						}
					}
				},
				"leg_left": {
					"rotation": {
						"0.0": {
							"post": [0, 0, 0],
							"lerp_mode": "catmullrom"
						},
						"0.7083": {
							"post": [35, 0, 0],
							"lerp_mode": "catmullrom"
						},
						"1.375": {
							"post": [-35, 0, 0],
							"lerp_mode": "catmullrom"
						},
						"1.875": {
							"post": [49, 0, 0],
							"lerp_mode": "catmullrom"
						},
						"2.625": {
							"post": [-46, 0, 0],
							"lerp_mode": "catmullrom"
						},
						"2.9167": {
							"post": [-2, 0, 0],
							"lerp_mode": "catmullrom"
						},
						"3.25": {
							"post": [0, 0, 0],
							"lerp_mode": "catmullrom"
						}
					},
					"position": {
						"0.0": {
							"post": [0, 0, 0],
							"lerp_mode": "catmullrom"
						},
						"2.25": {
							"post": [0, 0, 0],
							"lerp_mode": "catmullrom"
						},
						"2.4167": {
							"post": [1, 0, 0],
							"lerp_mode": "catmullrom"
						},
						"2.875": {
							"post": [0, 0, 0],
							"lerp_mode": "catmullrom"
						},
						"3.25": {
							"post": [0, 0, 0],
							"lerp_mode": "catmullrom"
						}
					}
				},
				"neck": {
					"rotation": {
						"0.0": {
							"post": [-7.5, 0, 0],
							"lerp_mode": "catmullrom"
						},
						"0.6667": {
							"post": [2.5, 5.6, 0],
							"lerp_mode": "catmullrom"
						},
						"1.4167": {
							"post": [5, -2.8, 0],
							"lerp_mode": "catmullrom"
						},
						"1.7917": {
							"post": [-10, -3.5, 0],
							"lerp_mode": "catmullrom"
						},
						"2.125": {
							"post": [3, 0, 0],
							"lerp_mode": "catmullrom"
						},
						"2.4167": {
							"post": [12, 7.5, 0],
							"lerp_mode": "catmullrom"
						},
						"2.75": {
							"post": [6.5, 7.5, 0],
							"lerp_mode": "catmullrom"
						},
						"3.25": {
							"post": [-7.5, 0, 0],
							"lerp_mode": "catmullrom"
						}
					}
				},
				"head": {
					"rotation": {
						"0.0": {
							"post": [-7.5, 0, 0],
							"lerp_mode": "catmullrom"
						},
						"0.1667": {
							"post": [-7.5, 1, 0],
							"lerp_mode": "catmullrom"
						},
						"0.5417": {
							"post": [-18.17873, 59.91452, -13.40736],
							"lerp_mode": "catmullrom"
						},
						"0.875": {
							"post": [-18.17873, 59.91452, -13.40736],
							"lerp_mode": "catmullrom"
						},
						"1.1667": {
							"post": [1.16536, -63.40391, 4.22657],
							"lerp_mode": "catmullrom"
						},
						"1.6667": {
							"post": [6.76536, -84.40391, 4.22657],
							"lerp_mode": "catmullrom"
						},
						"2.0417": {
							"post": [1.16536, -47.90391, 4.22657],
							"lerp_mode": "catmullrom"
						},
						"2.3333": {
							"post": [-15.37873, 54.91452, -13.40736],
							"lerp_mode": "catmullrom"
						},
						"2.625": {
							"post": [-15.37873, 54.91452, -13.40736],
							"lerp_mode": "catmullrom"
						},
						"2.875": {
							"post": [-7.5, -0.2, 0],
							"lerp_mode": "catmullrom"
						},
						"3.25": {
							"post": [-7.5, 0, 0],
							"lerp_mode": "catmullrom"
						}
					}
				},
				"pupil_left": {
					"position": {
						"0.0": [0, 0, 0],
						"0.2917": {
							"pre": [0, 0, 0],
							"post": [-0.05, 0, 0]
						},
						"0.4167": [-0.05, 0, 0],
						"0.4583": {
							"pre": [-0.05, 0, 0],
							"post": [0, 0, 0]
						},
						"1.0": {
							"pre": [0, 0, 0],
							"post": [-0.05, 0, 0]
						},
						"1.125": [-0.05, 0, 0],
						"1.1667": {
							"pre": [-0.05, 0, 0],
							"post": [0, 0, 0]
						},
						"1.7083": {
							"pre": [0, 0, 0],
							"post": [-0.05, 0, 0]
						},
						"2.0833": [-0.05, 0, 0],
						"2.125": {
							"pre": [-0.05, 0, 0],
							"post": [0, 0, 0]
						},
						"2.3333": {
							"pre": [0, 0, 0],
							"post": [-0.05, 0, 0]
						},
						"2.625": [-0.05, 0, 0],
						"2.6667": {
							"pre": [-0.05, 0, 0],
							"post": [0, 0, 0]
						},
						"3.25": [0, 0, 0]
					}
				},
				"pupil_closed_left": {
					"position": {
						"0.0": [0, 0, 0],
						"0.2917": {
							"pre": [0, 0, 0],
							"post": [0.25, 0, 0]
						},
						"0.4167": [0.25, 0, 0],
						"0.4583": {
							"pre": [0.25, 0, 0],
							"post": [0, 0, 0]
						},
						"1.0": {
							"pre": [0, 0, 0],
							"post": [0.25, 0, 0]
						},
						"1.125": [0.25, 0, 0],
						"1.1667": {
							"pre": [0.25, 0, 0],
							"post": [0, 0, 0]
						},
						"1.7083": {
							"pre": [0, 0, 0],
							"post": [0.25, 0, 0]
						},
						"2.0833": [0.25, 0, 0],
						"2.125": {
							"pre": [0.25, 0, 0],
							"post": [0, 0, 0]
						},
						"3.25": [0, 0, 0]
					}
				},
				"pupil_happy_left": {
					"position": {
						"0.0": [0, 0, 0],
						"2.3333": {
							"pre": [0, 0, 0],
							"post": [0.1, 0, 0]
						},
						"2.625": [0.1, 0, 0],
						"2.6667": {
							"pre": [0.1, 0, 0],
							"post": [0, 0, 0]
						},
						"3.25": [0, 0, 0]
					}
				},
				"pupil_right": {
					"position": {
						"0.0": [0, 0, 0],
						"0.2917": {
							"pre": [0, 0, 0],
							"post": [0.05, 0, 0]
						},
						"0.4167": [0.05, 0, 0],
						"0.4583": {
							"pre": [0.05, 0, 0],
							"post": [0, 0, 0]
						},
						"1.0": {
							"pre": [0, 0, 0],
							"post": [0.05, 0, 0]
						},
						"1.125": [0.05, 0, 0],
						"1.1667": {
							"pre": [0.05, 0, 0],
							"post": [0, 0, 0]
						},
						"1.7083": {
							"pre": [0, 0, 0],
							"post": [0.05, 0, 0]
						},
						"2.0833": [0.05, 0, 0],
						"2.125": {
							"pre": [0.05, 0, 0],
							"post": [0, 0, 0]
						},
						"2.3333": {
							"pre": [0, 0, 0],
							"post": [0.05, 0, 0]
						},
						"2.625": [0.05, 0, 0],
						"2.6667": {
							"pre": [0.05, 0, 0],
							"post": [0, 0, 0]
						},
						"3.25": [0, 0, 0]
					}
				},
				"pupil_closed_right": {
					"position": {
						"0.0": [0, 0, 0],
						"0.2917": {
							"pre": [0, 0, 0],
							"post": [-0.25, 0, 0]
						},
						"0.4167": [-0.25, 0, 0],
						"0.4583": {
							"pre": [-0.25, 0, 0],
							"post": [0, 0, 0]
						},
						"1.0": {
							"pre": [0, 0, 0],
							"post": [-0.25, 0, 0]
						},
						"1.125": [-0.25, 0, 0],
						"1.1667": {
							"pre": [-0.25, 0, 0],
							"post": [0, 0, 0]
						},
						"1.7083": {
							"pre": [0, 0, 0],
							"post": [-0.25, 0, 0]
						},
						"2.0833": [-0.25, 0, 0],
						"2.125": {
							"pre": [-0.25, 0, 0],
							"post": [0, 0, 0]
						},
						"3.25": [0, 0, 0]
					}
				},
				"pupil_happy_right": {
					"position": {
						"0.0": [0, 0, 0],
						"2.3333": {
							"pre": [0, 0, 0],
							"post": [-0.1, 0, 0]
						},
						"2.625": [-0.1, 0, 0],
						"2.6667": {
							"pre": [-0.1, 0, 0],
							"post": [0, 0, 0]
						},
						"3.25": [0, 0, 0]
					}
				},
				"leg_right": {
					"rotation": {
						"0.0": {
							"post": [0, 0, 0],
							"lerp_mode": "catmullrom"
						},
						"0.7083": {
							"post": [-35, 0, 0],
							"lerp_mode": "catmullrom"
						},
						"1.375": {
							"post": [35, 0, 0],
							"lerp_mode": "catmullrom"
						},
						"1.875": {
							"post": [49, 0, 0],
							"lerp_mode": "catmullrom"
						},
						"2.5833": {
							"post": [43, 0, 0],
							"lerp_mode": "catmullrom"
						},
						"2.9167": {
							"post": [-2, 0, 0],
							"lerp_mode": "catmullrom"
						},
						"3.25": {
							"post": [0, 0, 0],
							"lerp_mode": "catmullrom"
						}
					}
				}
			}
		},
		"animation.porygon2.idle_quirk2": {
			"animation_length": 3.5417,
			"bones": {
				"body": {
					"rotation": {
						"0.0": {
							"post": [0, 0, 0],
							"lerp_mode": "catmullrom"
						},
						"0.5": {
							"post": [0, 0, 0],
							"lerp_mode": "catmullrom"
						},
						"1.2083": [-340.1, 0, 0],
						"1.3333": [-360, 0, 0],
						"1.375": {"pre": [-360, 0, 0], "post": [0, 0, 0]},
						"1.75": {
							"pre": [-207.54, 0, 0],
							"post": [-207.54, 0, 0],
							"lerp_mode": "catmullrom"
						},
						"2.0833": [-344.6, 0, 0],
						"2.2083": [-360, 0, 0],
						"2.25": {"pre": [-360, 0, 0], "post": [0, 0, 0]},
						"2.4167": [-4.4, 0, 0],
						"2.5417": {
							"pre": [-4.1, 0, 0],
							"post": [-4.1, 0, 0],
							"lerp_mode": "catmullrom"
						},
						"3.0": [0, 0, 0]
					},
					"position": {
						"0.0": {
							"post": [0, 7.6, 0],
							"lerp_mode": "catmullrom"
						},
						"0.5": {
							"post": [0, 6.6, 0],
							"lerp_mode": "catmullrom"
						},
						"0.875": {
							"post": [0, 13.6, 0],
							"lerp_mode": "catmullrom"
						},
						"1.3333": {
							"post": [0, 7.6, 0],
							"lerp_mode": "catmullrom"
						},
						"1.7917": {
							"post": [0, 16.6, 0],
							"lerp_mode": "catmullrom"
						},
						"2.25": {
							"post": [0, 7.6, 0],
							"lerp_mode": "catmullrom"
						},
						"3.0": {
							"post": [0, 7.6, 0],
							"lerp_mode": "catmullrom"
						}
					}
				},
				"neck": {
					"rotation": {
						"0.0": {
							"post": [15, 0, 0],
							"lerp_mode": "catmullrom"
						},
						"0.2917": {
							"post": [-7.5, 0, 0],
							"lerp_mode": "catmullrom"
						},
						"0.6667": {
							"post": [47.4, 0, 0],
							"lerp_mode": "catmullrom"
						},
						"1.0417": {
							"post": [48.4, 0, 0],
							"lerp_mode": "catmullrom"
						},
						"1.3333": {
							"post": [6, 0, 0],
							"lerp_mode": "catmullrom"
						},
						"1.5833": {
							"post": [49.4, 0, 0],
							"lerp_mode": "catmullrom"
						},
						"1.9167": {
							"post": [49.4, 0, 0],
							"lerp_mode": "catmullrom"
						},
						"2.2083": {
							"post": [-18.6, 0, 0],
							"lerp_mode": "catmullrom"
						},
						"2.5833": {
							"post": [28, 0, 0],
							"lerp_mode": "catmullrom"
						},
						"2.8333": {
							"post": [15, 0, 0],
							"lerp_mode": "catmullrom"
						},
						"3.1667": {
							"post": [15, 0, 0],
							"lerp_mode": "catmullrom"
						}
					}
				},
				"head": {
					"rotation": {
						"0.0": {
							"post": [-6.4, 0, 0],
							"lerp_mode": "catmullrom"
						},
						"0.2917": {
							"post": [-28.9, 0, 0],
							"lerp_mode": "catmullrom"
						},
						"0.6667": {
							"post": [-1.8, 0, 0],
							"lerp_mode": "catmullrom"
						},
						"1.0417": {
							"post": [-0.8, 0, 0],
							"lerp_mode": "catmullrom"
						},
						"1.3333": {
							"post": [-15.4, 0, 0],
							"lerp_mode": "catmullrom"
						},
						"1.5833": {
							"post": [0.2, 0, 0],
							"lerp_mode": "catmullrom"
						},
						"1.9167": {
							"post": [0.2, 0, 0],
							"lerp_mode": "catmullrom"
						},
						"2.2917": {
							"post": [-26.3, 0, 0],
							"lerp_mode": "catmullrom"
						},
						"2.6667": {
							"post": [6.6, -11, 0],
							"lerp_mode": "catmullrom"
						},
						"2.9167": {
							"post": [-6.4, 12, 0],
							"lerp_mode": "catmullrom"
						},
						"3.1667": {
							"post": [-6.4, 0, 0],
							"lerp_mode": "catmullrom"
						}
					}
				},
				"tail": {
					"rotation": {
						"0.0": [30, 0, 0],
						"0.0417": [30, "math.cos(q.anim_time*90*20-20)*30", 0],
						"0.2917": [11.1, 0, 0],
						"0.3333": {
							"pre": [18.2, -0.23, 0],
							"post": [18.2, -0.23, 0],
							"lerp_mode": "catmullrom"
						},
						"0.6667": {
							"post": [68.11, 0, 0],
							"lerp_mode": "catmullrom"
						},
						"1.0": {
							"post": [68.11, 0, 0],
							"lerp_mode": "catmullrom"
						},
						"1.2917": {
							"post": [45, 0, 0],
							"lerp_mode": "catmullrom"
						},
						"1.625": {
							"post": [74.11, 0, 0],
							"lerp_mode": "catmullrom"
						},
						"2.0417": {
							"post": [74.11, 0, 0],
							"lerp_mode": "catmullrom"
						},
						"2.3333": {
							"post": [-21.5, 0, 0],
							"lerp_mode": "catmullrom"
						},
						"2.4583": {
							"post": [13, 0, 0],
							"lerp_mode": "catmullrom"
						},
						"2.6667": {
							"post": [47, 0, 0],
							"lerp_mode": "catmullrom"
						},
						"2.9167": {
							"post": [34.2, -0.23, 0],
							"lerp_mode": "catmullrom"
						},
						"3.0": {
							"post": [30, 0, 0],
							"lerp_mode": "catmullrom"
						}
					}
				},
				"leg_left": {
					"rotation": {
						"0.0": {
							"post": [0, 0, 0],
							"lerp_mode": "catmullrom"
						},
						"0.3333": {
							"post": [-54.5, 0, 0],
							"lerp_mode": "catmullrom"
						},
						"0.625": {
							"post": [65, 0, 0],
							"lerp_mode": "catmullrom"
						},
						"1.0": {
							"post": [65, 0, 0],
							"lerp_mode": "catmullrom"
						},
						"1.25": {
							"post": [30.8, 0, 0],
							"lerp_mode": "catmullrom"
						},
						"1.4583": {
							"post": [62, 0, 0],
							"lerp_mode": "catmullrom"
						},
						"1.8333": {
							"post": [62, 0, 0],
							"lerp_mode": "catmullrom"
						},
						"2.1667": {
							"post": [-17.2, 0, 0],
							"lerp_mode": "catmullrom"
						},
						"2.5": {
							"post": [9.8, 0, 0],
							"lerp_mode": "catmullrom"
						},
						"3.0": {
							"post": [0, 0, 0],
							"lerp_mode": "catmullrom"
						}
					},
					"position": {
						"0.0": {
							"post": [0, 0, 0],
							"lerp_mode": "catmullrom"
						},
						"0.7083": {
							"post": [0, 0, 0],
							"lerp_mode": "catmullrom"
						},
						"1.1667": {
							"post": [0.1, 3, 0],
							"lerp_mode": "catmullrom"
						},
						"1.375": {
							"post": [0.1, 0, 0],
							"lerp_mode": "catmullrom"
						},
						"1.8333": {
							"post": [0.6, 2, 0],
							"lerp_mode": "catmullrom"
						},
						"2.0833": {
							"post": [1.6, 6.1, 0],
							"lerp_mode": "catmullrom"
						},
						"2.3333": {
							"post": [1.4, 6.1, 0],
							"lerp_mode": "catmullrom"
						},
						"2.5417": {
							"post": [1, -1, 0],
							"lerp_mode": "catmullrom"
						},
						"2.75": {
							"post": [0.9, 1, 0],
							"lerp_mode": "catmullrom"
						},
						"3.0": {
							"post": [0, 0, 0],
							"lerp_mode": "catmullrom"
						}
					}
				},
				"pupil_left": {
					"position": {
						"0.0": [0, 0, 0],
						"0.625": {"pre": [0, 0, 0], "post": [-0.05, 0, 0]},
						"1.1667": [-0.05, 0, 0],
						"1.2083": {"pre": [-0.05, 0, 0], "post": [0, 0, 0]},
						"1.5": {"pre": [0, 0, 0], "post": [-0.05, 0, 0]},
						"2.0417": [-0.05, 0, 0],
						"2.0833": {"pre": [-0.05, 0, 0], "post": [0, 0, 0]},
						"2.2917": {"pre": [0, 0, 0], "post": [-0.05, 0, 0]},
						"2.75": [-0.05, 0, 0],
						"2.7917": {"pre": [-0.05, 0, 0], "post": [0, 0, 0]},
						"3.0": [0, 0, 0]
					}
				},
				"pupil_closed_left": {
					"position": {
						"0.0": [0, 0, 0],
						"0.625": {"pre": [0, 0, 0], "post": [0.25, 0, 0]},
						"1.1667": [0.25, 0, 0],
						"1.2083": {"pre": [0.25, 0, 0], "post": [0, 0, 0]},
						"1.5": {"pre": [0, 0, 0], "post": [0.25, 0, 0]},
						"2.0417": [0.25, 0, 0],
						"2.0833": {"pre": [0.25, 0, 0], "post": [0, 0, 0]},
						"3.0": [0, 0, 0]
					}
				},
				"pupil_worried_left": {
					"position": {
						"0.0": [0, 0, 0],
						"2.25": [0, 0, 0],
						"2.2917": {"pre": [0, 0, 0], "post": [0.1, 0, 0]},
						"2.75": [0.1, 0, 0],
						"2.7917": {"pre": [0.1, 0, 0], "post": [0, 0, 0]},
						"3.0": [0, 0, 0]
					}
				},
				"pupil_right": {
					"position": {
						"0.0": [0, 0, 0],
						"0.625": {"pre": [0, 0, 0], "post": [0.05, 0, 0]},
						"1.1667": [0.05, 0, 0],
						"1.2083": {"pre": [0.05, 0, 0], "post": [0, 0, 0]},
						"1.5": {"pre": [0, 0, 0], "post": [0.05, 0, 0]},
						"2.0417": [0.05, 0, 0],
						"2.0833": {"pre": [0.05, 0, 0], "post": [0, 0, 0]},
						"2.2917": {"pre": [0, 0, 0], "post": [0.05, 0, 0]},
						"2.75": [0.05, 0, 0],
						"2.7917": {"pre": [0.05, 0, 0], "post": [0, 0, 0]},
						"3.0": [0, 0, 0]
					}
				},
				"pupil_closed_right": {
					"position": {
						"0.0": [0, 0, 0],
						"0.625": {"pre": [0, 0, 0], "post": [-0.25, 0, 0]},
						"1.1667": [-0.25, 0, 0],
						"1.2083": {"pre": [-0.25, 0, 0], "post": [0, 0, 0]},
						"1.5": {"pre": [0, 0, 0], "post": [-0.25, 0, 0]},
						"2.0417": [-0.25, 0, 0],
						"2.0833": {"pre": [-0.25, 0, 0], "post": [0, 0, 0]},
						"3.0": [0, 0, 0]
					}
				},
				"pupil_worried_right": {
					"position": {
						"0.0": [0, 0, 0],
						"2.25": [0, 0, 0],
						"2.2917": {"pre": [0, 0, 0], "post": [-0.1, 0, 0]},
						"2.75": [-0.1, 0, 0],
						"2.7917": {"pre": [-0.1, 0, 0], "post": [0, 0, 0]},
						"3.0": [0, 0, 0]
					}
				},
				"leg_right": {
					"rotation": {
						"0.0": {
							"post": [0, 0, 0],
							"lerp_mode": "catmullrom"
						},
						"0.3333": {
							"post": [-54.5, 0, 0],
							"lerp_mode": "catmullrom"
						},
						"0.625": {
							"post": [65, 0, 0],
							"lerp_mode": "catmullrom"
						},
						"1.0": {
							"post": [65, 0, 0],
							"lerp_mode": "catmullrom"
						},
						"1.25": {
							"post": [30.8, 0, 0],
							"lerp_mode": "catmullrom"
						},
						"1.4583": {
							"post": [62, 0, 0],
							"lerp_mode": "catmullrom"
						},
						"1.8333": {
							"post": [62, 0, 0],
							"lerp_mode": "catmullrom"
						},
						"2.1667": {
							"post": [-17.2, 0, 0],
							"lerp_mode": "catmullrom"
						},
						"2.5": {
							"post": [9.8, 0, 0],
							"lerp_mode": "catmullrom"
						},
						"3.0": {
							"post": [0, 0, 0],
							"lerp_mode": "catmullrom"
						}
					},
					"position": {
						"0.0": {
							"post": [0, 0, 0],
							"lerp_mode": "catmullrom"
						},
						"0.7083": {
							"post": [0, 0, 0],
							"lerp_mode": "catmullrom"
						},
						"1.1667": {
							"post": [-0.1, 3, 0],
							"lerp_mode": "catmullrom"
						},
						"1.375": {
							"post": [-0.1, 0, 0],
							"lerp_mode": "catmullrom"
						},
						"1.8333": {
							"post": [-0.6, 2, 0],
							"lerp_mode": "catmullrom"
						},
						"2.0833": {
							"post": [-1.6, 6.1, 0],
							"lerp_mode": "catmullrom"
						},
						"2.3333": {
							"post": [-1.4, 6.1, 0],
							"lerp_mode": "catmullrom"
						},
						"2.5417": {
							"post": [-1, -1, 0],
							"lerp_mode": "catmullrom"
						},
						"2.75": {
							"post": [-0.9, 1, 0],
							"lerp_mode": "catmullrom"
						},
						"3.0": {
							"post": [0, 0, 0],
							"lerp_mode": "catmullrom"
						}
					}
				}
			}
		},
		"animation.porygon2.battle_quirk": {
			"animation_length": 3.5,
			"bones": {
				"body": {
					"rotation": {
						"0.0": {
							"post": [0, 0, 0],
							"lerp_mode": "catmullrom"
						},
						"2.0833": {
							"post": [0, 0, 0],
							"lerp_mode": "catmullrom"
						},
						"2.2083": {
							"post": [10, 0, 0],
							"lerp_mode": "catmullrom"
						},
						"2.5": {
							"post": [10, 0, 0],
							"lerp_mode": "catmullrom"
						},
						"2.7917": {
							"post": [1, 0, 0],
							"lerp_mode": "catmullrom"
						},
						"3.2917": {
							"post": [0, 0, 0],
							"lerp_mode": "catmullrom"
						}
					},
					"position": {
						"0.0": {
							"post": [0, 6, 0],
							"lerp_mode": "catmullrom"
						},
						"0.3333": {
							"post": [0, 5.5, -2],
							"lerp_mode": "catmullrom"
						},
						"0.875": {
							"post": [0, 8.3, -0.1],
							"lerp_mode": "catmullrom"
						},
						"1.4167": {
							"post": [0, 4.5, -5.1],
							"lerp_mode": "catmullrom"
						},
						"1.9167": {
							"post": [0, 11, -4.4],
							"lerp_mode": "catmullrom"
						},
						"2.2917": {
							"post": [0, 7, -7],
							"lerp_mode": "catmullrom"
						},
						"2.6667": {
							"post": [0, 7, -3],
							"lerp_mode": "catmullrom"
						},
						"3.0417": {
							"post": [0, 6, -0.05],
							"lerp_mode": "catmullrom"
						},
						"3.375": {
							"post": [0, 6, 0],
							"lerp_mode": "catmullrom"
						},
						"3.5417": {
							"post": [0, 6, 0],
							"lerp_mode": "catmullrom"
						}
					}
				},
				"leg_left": {
					"rotation": {
						"0.0": {
							"post": [10, 0, 0],
							"lerp_mode": "catmullrom"
						},
						"0.5833": {
							"post": [36.5, 0, 0],
							"lerp_mode": "catmullrom"
						},
						"1.0417": {
							"post": [-26.5, 0, 0],
							"lerp_mode": "catmullrom"
						},
						"1.5417": {
							"post": [36.5, 0, 0],
							"lerp_mode": "catmullrom"
						},
						"2.0833": {
							"post": [-371.8, 0, 0],
							"lerp_mode": "catmullrom"
						},
						"2.5833": {
							"post": [-335.9, 0, 0],
							"lerp_mode": "catmullrom"
						},
						"2.9583": {
							"post": [-335.9, 0, 0],
							"lerp_mode": "catmullrom"
						},
						"3.2083": [-350, 0, 0],
						"3.25": [-350, 0, 0],
						"3.2917": {
							"pre": [-350, 0, 0],
							"post": [10, 0, 0]
						}
					},
					"position": {
						"0.0": {
							"post": [0, 0, 0],
							"lerp_mode": "catmullrom"
						},
						"1.2917": {
							"post": [0, 0, 0],
							"lerp_mode": "catmullrom"
						},
						"1.5833": {
							"post": [0, 0, 0],
							"lerp_mode": "catmullrom"
						},
						"2.0": {
							"post": [1.5, 2.4, 0],
							"lerp_mode": "catmullrom"
						},
						"2.3333": {
							"post": [1, 0, 0],
							"lerp_mode": "catmullrom"
						},
						"2.75": {
							"post": [-0.1, 0, 0],
							"lerp_mode": "catmullrom"
						},
						"3.25": {
							"post": [0, 0, 0],
							"lerp_mode": "catmullrom"
						}
					}
				},
				"head": {
					"rotation": {
						"0.0": {
							"post": [0, 0, 0],
							"lerp_mode": "catmullrom"
						},
						"0.5": {
							"post": [-11.6, 0, 0],
							"lerp_mode": "catmullrom"
						},
						"0.875": {
							"post": [17.9, 0, 0],
							"lerp_mode": "catmullrom"
						},
						"1.2083": {
							"post": [-27.1, 0, 0],
							"lerp_mode": "catmullrom"
						},
						"1.4583": {
							"post": [-31, 0, 0],
							"lerp_mode": "catmullrom"
						},
						"1.75": {
							"post": [37, 0, 0],
							"lerp_mode": "catmullrom"
						},
						"2.0": {
							"post": [37, 0, 0],
							"lerp_mode": "catmullrom"
						},
						"2.3333": {
							"post": [-42, 0, 0],
							"lerp_mode": "catmullrom"
						},
						"2.8333": {
							"post": [0, 0, 0],
							"lerp_mode": "catmullrom"
						},
						"3.2917": {
							"post": [0, 0, 0],
							"lerp_mode": "catmullrom"
						}
					}
				},
				"pupil_left": {
					"position": {
						"0.0": [0, 0, 0],
						"0.4583": {
							"pre": [0, 0, 0],
							"post": [-0.25, 0, 0]
						},
						"0.5417": {
							"pre": [-0.25, 0, 0],
							"post": [-0.25, 0, 0]
						},
						"0.5833": {
							"pre": [-0.25, 0, 0],
							"post": [0, 0, 0]
						},
						"1.125": {
							"pre": [0, 0, 0],
							"post": [-0.25, 0, 0]
						},
						"1.2083": {
							"pre": [-0.25, 0, 0],
							"post": [-0.25, 0, 0]
						},
						"1.25": {
							"pre": [-0.25, 0, 0],
							"post": [0, 0, 0]
						},
						"2.125": {
							"pre": [0, 0, 0],
							"post": [-0.25, 0, 0]
						},
						"2.75": {
							"pre": [-0.25, 0, 0],
							"post": [-0.25, 0, 0]
						},
						"2.7917": {
							"pre": [-0.25, 0, 0],
							"post": [0, 0, 0]
						},
						"3.25": {
							"pre": [0, 0, 0],
							"post": [0, 0, 0]
						}
					}
				},
				"pupil_closed_left": {
					"rotation": {
						"0.0": [0, 0, 0],
						"2.0833": {
							"pre": [0, 0, 0],
							"post": [0, 0, 0]
						},
						"2.125": {
							"pre": [0, 0, 0],
							"post": [22.5, 0, 0]
						},
						"2.75": {
							"pre": [22.5, 0, 0],
							"post": [22.5, 0, 0]
						},
						"2.7917": {
							"pre": [22.5, 0, 0],
							"post": [0, 0, 0]
						},
						"3.2917": {
							"pre": [0, 0, 0],
							"post": [0, 0, 0]
						}
					},
					"position": {
						"0.0": [0, 0, 0],
						"0.4583": {
							"pre": [0, 0, 0],
							"post": [0.25, 0, 0]
						},
						"0.5417": {
							"pre": [0.25, 0, 0],
							"post": [0.25, 0, 0]
						},
						"0.5833": {
							"pre": [0.25, 0, 0],
							"post": [0, 0, 0]
						},
						"1.125": {
							"pre": [0, 0, 0],
							"post": [0.25, 0, 0]
						},
						"1.2083": {
							"pre": [0.25, 0, 0],
							"post": [0.25, 0, 0]
						},
						"1.25": {
							"pre": [0.25, 0, 0],
							"post": [0, 0, 0]
						},
						"2.125": {
							"pre": [0, 0, 0],
							"post": [0.25, 0, 0]
						},
						"2.75": {
							"pre": [0.25, 0, 0],
							"post": [0.25, 0, 0]
						},
						"2.7917": {
							"pre": [0.25, 0, 0],
							"post": [0, 0, 0]
						},
						"3.2917": {
							"pre": [0, 0, 0],
							"post": [0, 0, 0]
						}
					}
				},
				"pupil_right": {
					"position": {
						"0.0": [0, 0, 0],
						"0.4583": {
							"pre": [0, 0, 0],
							"post": [0.25, 0, 0]
						},
						"0.5417": {
							"pre": [0.25, 0, 0],
							"post": [0.25, 0, 0]
						},
						"0.5833": {
							"pre": [0.25, 0, 0],
							"post": [0, 0, 0]
						},
						"1.125": {
							"pre": [0, 0, 0],
							"post": [0.25, 0, 0]
						},
						"1.2083": {
							"pre": [0.25, 0, 0],
							"post": [0.25, 0, 0]
						},
						"1.25": {
							"pre": [0.25, 0, 0],
							"post": [0, 0, 0]
						},
						"2.125": {
							"pre": [0, 0, 0],
							"post": [0.25, 0, 0]
						},
						"2.75": {
							"pre": [0.25, 0, 0],
							"post": [0.25, 0, 0]
						},
						"2.7917": {
							"pre": [0.25, 0, 0],
							"post": [0, 0, 0]
						},
						"3.25": {
							"pre": [0, 0, 0],
							"post": [0, 0, 0]
						}
					}
				},
				"pupil_closed_right": {
					"rotation": {
						"0.0": [0, 0, 0],
						"2.0833": {
							"pre": [0, 0, 0],
							"post": [0, 0, 0]
						},
						"2.125": {
							"pre": [0, 0, 0],
							"post": [22.5, 0, 0]
						},
						"2.75": {
							"pre": [22.5, 0, 0],
							"post": [22.5, 0, 0]
						},
						"2.7917": {
							"pre": [22.5, 0, 0],
							"post": [0, 0, 0]
						},
						"3.2917": {
							"pre": [0, 0, 0],
							"post": [0, 0, 0]
						}
					},
					"position": {
						"0.0": [0, 0, 0],
						"0.4583": {
							"pre": [0, 0, 0],
							"post": [-0.25, 0, 0]
						},
						"0.5417": {
							"pre": [-0.25, 0, 0],
							"post": [-0.25, 0, 0]
						},
						"0.5833": {
							"pre": [-0.25, 0, 0],
							"post": [0, 0, 0]
						},
						"1.125": {
							"pre": [0, 0, 0],
							"post": [-0.25, 0, 0]
						},
						"1.2083": {
							"pre": [-0.25, 0, 0],
							"post": [-0.25, 0, 0]
						},
						"1.25": {
							"pre": [-0.25, 0, 0],
							"post": [0, 0, 0]
						},
						"2.125": {
							"pre": [0, 0, 0],
							"post": [-0.25, 0, 0]
						},
						"2.75": {
							"pre": [-0.25, 0, 0],
							"post": [-0.25, 0, 0]
						},
						"2.7917": {
							"pre": [-0.25, 0, 0],
							"post": [0, 0, 0]
						},
						"3.2917": {
							"pre": [0, 0, 0],
							"post": [0, 0, 0]
						}
					}
				},
				"leg_right": {
					"rotation": {
						"0.0": {
							"post": [10, 0, 0],
							"lerp_mode": "catmullrom"
						},
						"0.5833": {
							"post": [36.5, 0, 0],
							"lerp_mode": "catmullrom"
						},
						"1.0417": {
							"post": [-26.5, 0, 0],
							"lerp_mode": "catmullrom"
						},
						"1.5417": {
							"post": [36.5, 0, 0],
							"lerp_mode": "catmullrom"
						},
						"2.0833": {
							"post": [-371.8, 0, 0],
							"lerp_mode": "catmullrom"
						},
						"2.5833": {
							"post": [-335.9, 0, 0],
							"lerp_mode": "catmullrom"
						},
						"2.9583": {
							"post": [-335.9, 0, 0],
							"lerp_mode": "catmullrom"
						},
						"3.2083": [-350, 0, 0],
						"3.25": [-350, 0, 0],
						"3.2917": {
							"pre": [-350, 0, 0],
							"post": [10, 0, 0]
						}
					},
					"position": {
						"0.0": {
							"post": [0, 0, 0],
							"lerp_mode": "catmullrom"
						},
						"1.2917": {
							"post": [0, 0, 0],
							"lerp_mode": "catmullrom"
						},
						"1.5833": {
							"post": [0, 0, 0],
							"lerp_mode": "catmullrom"
						},
						"2.0": {
							"post": [-1.5, 2.4, 0],
							"lerp_mode": "catmullrom"
						},
						"2.3333": {
							"post": [-1, 0, 0],
							"lerp_mode": "catmullrom"
						},
						"2.75": {
							"post": [0.1, 0, 0],
							"lerp_mode": "catmullrom"
						},
						"3.25": {
							"post": [0, 0, 0],
							"lerp_mode": "catmullrom"
						}
					}
				},
				"torso": {
					"rotation": {
						"0.0": {
							"post": [0, 0, 0],
							"lerp_mode": "catmullrom"
						},
						"0.4167": {
							"post": [15, 0, 0],
							"lerp_mode": "catmullrom"
						},
						"0.8333": {
							"post": [-11, 0, 0],
							"lerp_mode": "catmullrom"
						},
						"1.2917": {
							"post": [15, 0, 0],
							"lerp_mode": "catmullrom"
						},
						"1.4583": {
							"post": [12, 0, 0],
							"lerp_mode": "catmullrom"
						},
						"1.6667": {
							"post": [-11, 0, 0],
							"lerp_mode": "catmullrom"
						},
						"2.1667": {
							"post": [1, 0, 0],
							"lerp_mode": "catmullrom"
						},
						"2.6667": {
							"post": [1, 0, 0],
							"lerp_mode": "catmullrom"
						},
						"3.0": {
							"post": [0, 0, 0],
							"lerp_mode": "catmullrom"
						},
						"3.2917": {
							"post": [0, 0, 0],
							"lerp_mode": "catmullrom"
						}
					}
				},
				"neck": {
					"rotation": {
						"0.0": {
							"post": [0, 0, 0],
							"lerp_mode": "catmullrom"
						},
						"0.5": {
							"post": [10.5, 0, 0],
							"lerp_mode": "catmullrom"
						},
						"0.9583": {
							"post": [-8, 0, 0],
							"lerp_mode": "catmullrom"
						},
						"1.2083": {
							"post": [21.5, 0, 0],
							"lerp_mode": "catmullrom"
						},
						"1.4583": {
							"post": [28.5, 0, 0],
							"lerp_mode": "catmullrom"
						},
						"1.8333": {
							"post": [-12, 0, 0],
							"lerp_mode": "catmullrom"
						},
						"2.0417": {
							"post": [-12, 0, 0],
							"lerp_mode": "catmullrom"
						},
						"2.2917": {
							"post": [41, 0, 0],
							"lerp_mode": "catmullrom"
						},
						"2.625": {
							"post": [27, 0, 0],
							"lerp_mode": "catmullrom"
						},
						"2.8333": {
							"post": [0, 0, 0],
							"lerp_mode": "catmullrom"
						},
						"3.1667": {
							"post": [0, 0, 0],
							"lerp_mode": "catmullrom"
						},
						"3.2917": {
							"post": [0, 0, 0],
							"lerp_mode": "catmullrom"
						}
					},
					"position": {
						"2.0": [0, 0, 0],
						"2.125": [0, 0, -0.3],
						"2.25": [0, 0, -1],
						"2.3333": [0, 0, -1],
						"2.5": [0, 0, -0.6],
						"2.625": [0, 0, 0]
					}
				},
				"tail": {
					"rotation": {
						"0.0": {
							"post": [33.7, 0, 0],
							"lerp_mode": "catmullrom"
						},
						"0.5": {
							"post": [44.2, 0, 0],
							"lerp_mode": "catmullrom"
						},
						"0.9583": {
							"post": [25.7, 0, 0],
							"lerp_mode": "catmullrom"
						},
						"1.2083": {
							"post": [55.2, 0, 0],
							"lerp_mode": "catmullrom"
						},
						"1.4583": {
							"post": [62.2, 0, 0],
							"lerp_mode": "catmullrom"
						},
						"1.8333": {
							"post": [21.7, 0, 0],
							"lerp_mode": "catmullrom"
						},
						"2.0417": {
							"post": [21.7, 0, 0],
							"lerp_mode": "catmullrom"
						},
						"2.25": [68.73, 0, 0],
						"2.3333": ["76.7+math.cos(q.anim_time*90*60)*6", 0, 0],
						"2.7917": [44.7, 0, 0],
						"2.9167": {
							"pre": [33.7, 0, 0],
							"post": [33.7, 0, 0],
							"lerp_mode": "catmullrom"
						},
						"3.2917": {
							"post": [33.7, 0, 0],
							"lerp_mode": "catmullrom"
						}
					}
				}
			}
		},
		"animation.porygon2.cry": {
			"animation_length": 1.75,
			"bones": {
				"body": {
					"rotation": {
						"0.0": {
							"post": [0, 0, 0],
							"lerp_mode": "catmullrom"
						},
						"0.7917": {
							"post": [0, 0, 0],
							"lerp_mode": "catmullrom"
						},
						"0.9583": {
							"post": [-31.1, 0, 0],
							"lerp_mode": "catmullrom"
						},
						"1.25": {
							"post": [-28.1, 0, 0],
							"lerp_mode": "catmullrom"
						},
						"1.4583": {
							"post": [-2, 0, 0],
							"lerp_mode": "catmullrom"
						},
						"1.6667": {
							"post": [0, 0, 0],
							"lerp_mode": "catmullrom"
						}
					},
					"position": {
						"0.0": {
							"post": [0, 0, 0],
							"lerp_mode": "catmullrom"
						},
						"0.25": {
							"post": [0, -2, -1],
							"lerp_mode": "catmullrom"
						},
						"0.75": {
							"post": [0, -2, -1],
							"lerp_mode": "catmullrom"
						},
						"1.0417": {
							"post": [0, 3, 0],
							"lerp_mode": "catmullrom"
						},
						"1.3333": {
							"post": [0, 0, 0],
							"lerp_mode": "catmullrom"
						},
						"1.5417": {
							"post": [0, 0, 0],
							"lerp_mode": "catmullrom"
						},
						"1.7083": {
							"post": [0, 0, 0],
							"lerp_mode": "catmullrom"
						}
					}
				},
				"torso": {
					"rotation": {
						"0.0": {
							"post": [0, 0, 0],
							"lerp_mode": "catmullrom"
						},
						"0.125": {
							"post": [-4, 0, 0],
							"lerp_mode": "catmullrom"
						},
						"0.2083": {
							"post": [0, 0, 0],
							"lerp_mode": "catmullrom"
						},
						"0.375": {
							"post": [12.5, 0, 0],
							"lerp_mode": "catmullrom"
						},
						"0.8333": {
							"post": [12.5, 0, 0],
							"lerp_mode": "catmullrom"
						},
						"1.0": {
							"post": [-14, 0, 0],
							"lerp_mode": "catmullrom"
						},
						"1.3333": {
							"post": [-1, 0, 0],
							"lerp_mode": "catmullrom"
						},
						"1.5833": {
							"post": [0, 0, 0],
							"lerp_mode": "catmullrom"
						},
						"1.7083": {
							"post": [0, 0, 0],
							"lerp_mode": "catmullrom"
						}
					}
				},
				"neck": {
					"rotation": {
						"0.0": {
							"post": [0, 0, 0],
							"lerp_mode": "catmullrom"
						},
						"0.125": {
							"post": [-4, 0, 0],
							"lerp_mode": "catmullrom"
						},
						"0.2083": {
							"post": [0, 0, 0],
							"lerp_mode": "catmullrom"
						},
						"0.2917": {
							"post": [14, 0, 0],
							"lerp_mode": "catmullrom"
						},
						"0.6667": {
							"post": [18, 0, 0],
							"lerp_mode": "catmullrom"
						},
						"0.9167": {
							"post": [-3, 0, 0],
							"lerp_mode": "catmullrom"
						},
						"1.125": {
							"post": [0, 0, 0],
							"lerp_mode": "catmullrom"
						},
						"1.5": {
							"post": [0, 0, 0],
							"lerp_mode": "catmullrom"
						}
					}
				},
				"head": {
					"rotation": {
						"0.0": {
							"post": [0, 0, 0],
							"lerp_mode": "catmullrom"
						},
						"0.2083": {
							"post": [2, 0, 0],
							"lerp_mode": "catmullrom"
						},
						"0.3333": {
							"post": [-25.5, 0, 0],
							"lerp_mode": "catmullrom"
						},
						"0.75": {
							"post": [-21.3, 0, 0],
							"lerp_mode": "catmullrom"
						},
						"1.0": {
							"post": [34, 0, 0],
							"lerp_mode": "catmullrom"
						},
						"1.2083": {
							"post": [19.6, 0, 0],
							"lerp_mode": "catmullrom"
						},
						"1.5": {
							"post": [0, 0, 0],
							"lerp_mode": "catmullrom"
						}
					}
				},
				"tail": {
					"rotation": {
						"0.0": {
							"post": [0, 0, 0],
							"lerp_mode": "catmullrom"
						},
						"0.125": {
							"post": [-4, 0, 0],
							"lerp_mode": "catmullrom"
						},
						"0.25": [16, 0, 0],
						"0.2917": [18, "math.sin(q.anim_time*90*30)*6", 0],
						"0.75": [17.5, 0, 0],
						"0.7917": {
							"pre": [16, 0, 0],
							"post": [16, 0, 0],
							"lerp_mode": "catmullrom"
						},
						"0.875": {
							"post": [-12, 0, 0],
							"lerp_mode": "catmullrom"
						},
						"1.2917": {
							"post": [0, 0, 0],
							"lerp_mode": "catmullrom"
						},
						"1.5": {
							"post": [0, 0, 0],
							"lerp_mode": "catmullrom"
						}
					}
				},
				"leg_left": {
					"rotation": {
						"0.0": {
							"post": [0, 0, 0],
							"lerp_mode": "catmullrom"
						},
						"0.375": {
							"post": [28, 0, 0],
							"lerp_mode": "catmullrom"
						},
						"0.875": {
							"post": [8.4, 0, 0],
							"lerp_mode": "catmullrom"
						},
						"1.25": {
							"post": [-331.9, 0, 0],
							"lerp_mode": "catmullrom"
						},
						"1.6667": [-360, 0, 0],
						"1.7083": [-360, 0, 0],
						"1.75": {
							"pre": [-360, 0, 0],
							"post": [0, 0, 0]
						}
					}
				},
				"leg_right": {
					"rotation": {
						"0.0": {
							"post": [0, 0, 0],
							"lerp_mode": "catmullrom"
						},
						"0.375": {
							"post": [28, 0, 0],
							"lerp_mode": "catmullrom"
						},
						"0.875": {
							"post": [8.4, 0, 0],
							"lerp_mode": "catmullrom"
						},
						"1.25": {
							"post": [-331.9, 0, 0],
							"lerp_mode": "catmullrom"
						},
						"1.6667": [-360, 0, 0],
						"1.7083": [-360, 0, 0],
						"1.75": {
							"pre": [-360, 0, 0],
							"post": [0, 0, 0]
						}
					}
				}
			},
			"sound_effects": {
				"0.25": {
					"effect": "pokemon.porygon2.cry"
				}
			}
		},
		"animation.porygon2.faint": {
			"animation_length": 3,
			"bones": {
				"body": {
					"rotation": {
						"0.0": [0, 0, 0],
						"0.2083": [20, -132, 0],
						"0.25": [18.13, -156.25, 0],
						"0.3333": [8.98, -213, 0],
						"0.4583": [1.5, -233.5, 0],
						"0.5417": [0, -237.5, 0],
						"1.2083": [-17.5, -90.54, 0],
						"1.4583": [-15, -22.8, 0],
						"1.6667": [-7.5, 50.88, 0],
						"1.7917": [0, 67.5, 0],
						"1.8333": [5.5, 67.5, 0],
						"1.875": [6.5, 67.5, 0],
						"1.9583": [5, 67.5, 0],
						"2.0833": [0, 67.5, 0],
						"2.25": [-4.75, 67.5, 0],
						"2.3333": [-15, 67.5, 0],
						"2.375": [2.5, 67.5, 0],
						"2.5": [-7.5, 67.5, 0],
						"2.5833": [-10.75, 67.5, 0],
						"2.625": [0, 67.5, 0]
					},
					"position": {
						"0.0": [0, 0, 0],
						"0.125": [0, 0.29, -2.14],
						"0.2083": [0, 1.15, -3.57],
						"0.2917": [0, 3, -5],
						"0.375": [0, 3.5, -5.25],
						"0.5417": [0, 3.75, -5.425],
						"0.625": [-1.89, 3.75, -5.39],
						"0.6667": [-5.08, 3.75, -3.88],
						"0.7917": [-9.92, 3.75, 0.91],
						"0.9167": [-10.58, 3.75, 6.62],
						"1.0": [-10.25, 3.75, 13.58],
						"1.0833": [-6.62, 5.13, 17.72],
						"1.2083": [0.23, 6.98, 20.08],
						"1.2917": [6.12, 8.37, 18.45],
						"1.375": [9, 9.75, 15.08],
						"1.4583": [10.34, 11.66, 11.24],
						"1.5833": [9.18, 13.57, 3.4],
						"1.6667": [6.81, 14.84, -0.58],
						"1.75": [2, 16.75, -3.42],
						"1.875": [0, 18, -3.67],
						"1.9583": {
							"pre": [0.3, 18.1, -3.67],
							"post": [0.3, 18.1, -3.67],
							"lerp_mode": "catmullrom"
						},
						"2.0833": {
							"post": [0.75, 17.85, -3.67],
							"lerp_mode": "catmullrom"
						},
						"2.2083": {
							"post": [0.75, 15.75, -3.67],
							"lerp_mode": "catmullrom"
						},
						"2.2917": {
							"post": [0.75, 10.55, -3.67],
							"lerp_mode": "catmullrom"
						},
						"2.375": [0.75, 0.05, -3.67],
						"2.4167": {
							"pre": [0.75, 5.05, -3.67],
							"post": [0.75, 5.05, -3.67],
							"lerp_mode": "catmullrom"
						},
						"2.5": {
							"post": [0.75, 5.25, -3.67],
							"lerp_mode": "catmullrom"
						},
						"2.5833": {
							"post": [0.75, 2.75, -3.67],
							"lerp_mode": "catmullrom"
						},
						"2.625": [0.75, 0.05, -3.67],
						"2.6667": [0.75, 0.35, -3.67],
						"2.7083": [0.75, 0.05, -3.67]
					}
				},
				"neck": {
					"rotation": {
						"0.0": [6, 0, 0],
						"1.6667": [6, 0, 0],
						"1.875": [20, 0, 0],
						"1.9583": [7.5, 0, 0]
					}
				},
				"head": {
					"rotation": {
						"0.0": [0, 0, 0],
						"0.125": [0, 30, 0],
						"0.4167": [0, 0, 0],
						"1.7917": [0, 352.5, 0],
						"1.9167": [17.5, 352.5, 0],
						"2.0417": [2.5, 352.5, 0],
						"2.1667": [0, 352.5, 0],
						"2.2917": [-12.5, 352.5, 0],
						"2.3333": [-17.5, 352.5, 0],
						"2.375": [12.5, 352.5, 0],
						"2.5": [-2.5, 352.5, 0],
						"2.5833": [-12.5, 352.5, 0],
						"2.625": [0, 352.5, 0],
						"2.6667": [8.5, 352.5, 0],
						"2.75": [3.5, 352.5, 0]
					}
				},
				"pupil_left": {
					"position": {
						"0.0": [0, 0, 0],
						"0.0417": [-0.275, 0, 0],
						"0.4167": [-0.275, 0, 0],
						"0.4583": [0, 0, 0],
						"0.6667": [0, 0, 0],
						"0.7083": [-0.275, 0, 0],
						"1.9583": [-0.275, 0, 0],
						"2.0": [0, 0, 0],
						"2.3333": [0, 0, 0],
						"2.375": [-0.275, 0, 0]
					}
				},
				"pupil_closed_left": {
					"position": {
						"0.0": [0, 0, 0],
						"0.0417": [0.275, 0, 0],
						"0.4167": [0.275, 0, 0],
						"0.4583": [0, 0, 0],
						"0.6667": [0, 0, 0],
						"0.7083": [0.275, 0, 0],
						"1.9583": [0.275, 0, 0],
						"2.0": [0, 0, 0],
						"2.3333": [0, 0, 0],
						"2.375": [0.275, 0, 0]
					}
				},
				"pupil_right": {
					"position": {
						"0.0": [0, 0, 0],
						"0.0417": [0.275, 0, 0],
						"0.4167": [0.275, 0, 0],
						"0.4583": [0, 0, 0],
						"0.6667": [0, 0, 0],
						"0.7083": [0.275, 0, 0],
						"1.9583": [0.275, 0, 0],
						"2.0": [0, 0, 0],
						"2.3333": [0, 0, 0],
						"2.375": [0.275, 0, 0]
					}
				},
				"pupil_closed_right": {
					"position": {
						"0.0": [0, 0, 0],
						"0.0417": [-0.275, 0, 0],
						"0.4167": [-0.275, 0, 0],
						"0.4583": [0, 0, 0],
						"0.6667": [0, 0, 0],
						"0.7083": [-0.275, 0, 0],
						"1.9583": [-0.275, 0, 0],
						"2.0": [0, 0, 0],
						"2.3333": [0, 0, 0],
						"2.375": [-0.275, 0, 0]
					}
				},
				"tail": {
					"rotation": {
						"0.0": [26, 0, 0],
						"0.0833": [26, 37.5, 0],
						"0.2917": [26, 47.5, 0],
						"0.4167": [26, 5, 0],
						"0.5417": [26, -20, 0],
						"0.7917": [26, -37.5, 0],
						"1.75": [26, -25, 0],
						"1.9167": [33.5, 24, 0],
						"2.0": [21, 13, 0],
						"2.125": [26, 7.75, 0],
						"2.3333": {
							"pre": [58.5, 7.75, 0],
							"post": [58.5, 7.75, 0],
							"lerp_mode": "catmullrom"
						},
						"2.4167": {
							"post": [3.5, 7.75, 0],
							"lerp_mode": "catmullrom"
						},
						"2.5": {
							"post": [38.5, 7.75, 0],
							"lerp_mode": "catmullrom"
						},
						"2.5833": [43.5, 7.75, 0],
						"2.6667": [-11.25, 7.75, 0],
						"2.7917": [-19, 7.75, 0]
					}
				},
				"leg_left": {
					"rotation": {
						"0.0": [0, 0, 0],
						"0.125": [32.5, 0, 0],
						"0.375": [27.27, 0, 0],
						"0.5833": [0, 0, 0],
						"0.625": ["5+Math.cos((query.anim_time) * 90 * 12) * 20", 0, 0],
						"1.5833": ["5+Math.cos((query.anim_time) * 90 * 12) * 20", 0, 0],
						"2.0": [0, 0, 0],
						"2.25": [-15, 0, 0],
						"2.3333": [-37.5, 0, 0],
						"2.4167": [5, 0, 0],
						"2.4583": [-10.33, 0, 0],
						"2.5833": [-21, 0, 0],
						"2.6667": [3, 0, 0],
						"2.75": [0.5, 0, 0]
					}
				},
				"leg_right": {
					"rotation": {
						"0.0": [0, 0, 0],
						"0.125": [32.5, 0, 0],
						"0.375": [27.27, 0, 0],
						"0.5833": [0, 0, 0],
						"0.625": ["5+Math.cos((query.anim_time) * 90 * 12) * -20", 0, 0],
						"1.5833": ["5+Math.cos((query.anim_time) * 90 * 12) * -20", 0, 0],
						"2.0": [0, 0, 0],
						"2.25": [-15, 0, 0],
						"2.3333": [-37.5, 0, 0],
						"2.4167": [5, 0, 0],
						"2.4583": [-10.33, 0, 0],
						"2.5833": [-21, 0, 0],
						"2.6667": [3, 0, 0]
					}
				}
			}
		},
		"animation.porygon2.portrait_idle": {
			"loop": true,
			"bones": {
				"tail": {
					"rotation": ["30+Math.cos((query.anim_time-0.9) * 90 * 1) * 5", 0, 0]
				},
				"neck": {
					"rotation": [10, 0, 0]
				},
				"head": {
					"rotation": [-10, 0, 0]
				},
				"leg_left": {
					"rotation": ["2.5+Math.cos((query.anim_time-0.9) * 90 * 1) * 15", 0, 0]
				},
				"leg_right": {
					"rotation": ["2.5+Math.cos((query.anim_time-0.9) * 90 * 1) * -15", 0, 0]
				},
				"body": {
					"rotation": ["2.5+Math.cos((query.anim_time-0.5) * 90 * 1) * 2", 0, 0],
					"position": [0, "10.5+Math.cos((query.anim_time) * 90 * 1) * 0.5", 0]
				}
			}
		}
	}
}