{
	"format_version": "1.12.0",
	"minecraft:geometry": [
		{
			"description": {
				"identifier": "geometry.wurmple",
				"texture_width": 32,
				"texture_height": 32,
				"visible_bounds_width": 2,
				"visible_bounds_height": 2.5,
				"visible_bounds_offset": [0, 0.75, 0]
			},
			"bones": [
				{
					"name": "wurmple",
					"pivot": [0, 0, 0]
				},
				{
					"name": "body",
					"parent": "wurmple",
					"pivot": [0, 0, 0]
				},
				{
					"name": "torso",
					"parent": "body",
					"pivot": [0, 0, 0],
					"cubes": [
						{"origin": [-2, 0, -5.3], "size": [4, 3, 4], "uv": [0, 8]},
						{"origin": [1.3, 1.5, -6], "size": [1, 1, 1], "uv": [18, 0]},
						{"origin": [1.3, -0.3, -6], "size": [1, 1, 1], "uv": [18, 0]},
						{"origin": [-2.3, 1.5, -6], "size": [1, 1, 1], "uv": [18, 0]},
						{"origin": [-2.3, -0.3, -6], "size": [1, 1, 1], "uv": [18, 0]}
					]
				},
				{
					"name": "head",
					"parent": "torso",
					"pivot": [0, 3.53594, -4.47811],
					"cubes": [
						{"origin": [-2, 3, -7], "size": [4, 4, 4], "uv": [0, 0]},
						{"origin": [-0.5, 2, -9], "size": [1, 1, 1], "pivot": [1, -1, -1], "rotation": [-47.5, 0, 0], "uv": [0, 1]},
						{"origin": [-2.1, 2.9, -8], "size": [2, 2, 2], "uv": [0, 15]},
						{"origin": [0.1, 2.9, -8], "size": [2, 2, 2], "uv": [12, 0]},
						{"origin": [-0.5, 8, -2], "size": [1, 2, 1], "pivot": [1, -1, -1], "rotation": [32.5, 0, 0], "uv": [8, 17]},
						{"origin": [-0.5, 7, -6], "size": [1, 3, 1], "uv": [0, 0]},
						{"origin": [-2.3, 4.5, -5.5], "size": [1, 1, 1], "uv": [4, 21]},
						{"origin": [1.3, 4.5, -5.5], "size": [1, 1, 1], "uv": [4, 21]},
						{"origin": [1.2, 4, -6], "size": [1, 2, 2], "uv": [19, 18]},
						{"origin": [-2.2, 4, -6], "size": [1, 2, 2], "uv": [19, 18], "mirror": true}
					]
				},
				{
					"name": "mid_seg",
					"parent": "torso",
					"pivot": [0, 0, 0],
					"cubes": [
						{"origin": [-2, 0, -1.3], "size": [4, 3, 3], "uv": [13, 5]},
						{"origin": [-2.3, -0.3, -2], "size": [1, 1, 1], "uv": [18, 0]},
						{"origin": [-2.3, -0.3, 0], "size": [1, 1, 1], "uv": [18, 0]},
						{"origin": [1.3, -0.3, 0], "size": [1, 1, 1], "uv": [18, 0]},
						{"origin": [1.3, -0.3, -2], "size": [1, 1, 1], "uv": [18, 0]},
						{"origin": [-0.5, 2.5, -1], "size": [1, 1, 1], "uv": [-1, 2]},
						{"origin": [-2.2, 2.5, 0], "size": [1, 1, 1], "uv": [0, 2]},
						{"origin": [1.2, 2.5, 0], "size": [1, 1, 1], "uv": [0, 2], "mirror": true},
						{"origin": [-0.5, 2.5, 0.5], "size": [1, 1, 1], "uv": [-1, 2]}
					]
				},
				{
					"name": "rear",
					"parent": "torso",
					"pivot": [0, 0, 0],
					"cubes": [
						{"origin": [-2, 0, 1.7], "size": [4, 3, 2], "uv": [14, 13]},
						{"origin": [1.3, -0.3, 2], "size": [1, 1, 1], "uv": [18, 0]},
						{"origin": [-2.3, -0.3, 2], "size": [1, 1, 1], "uv": [18, 0]},
						{"origin": [0, 3, 1], "size": [1, 4, 1], "pivot": [1, 0, 0], "rotation": [-32.5, 0, 27.5], "uv": [8, 15]},
						{"origin": [-1, 3, 1], "size": [1, 4, 1], "pivot": [-1, 0, 0], "rotation": [-32.5, 0, -27.5], "uv": [8, 15]},
						{"origin": [-0.5, 2.5, 2], "size": [1, 1, 1], "uv": [-1, 2]}
					]
				}
			]
		}
	]
}