{
	"format_version": "1.12.0",
	"minecraft:geometry": [
		{
			"description": {
				"identifier": "geometry.unknown",
				"texture_width": 128,
				"texture_height": 128,
				"visible_bounds_width": 4,
				"visible_bounds_height": 3.5,
				"visible_bounds_offset": [0, 1.25, 0]
			},
			"bones": [
				{
					"name": "hattrem",
					"pivot": [0, 0, 0]
				},
				{
					"name": "body",
					"parent": "hattrem",
					"pivot": [0, 3.75, 0],
					"cubes": [
						{"origin": [-2.5, 2.25, -2], "size": [5, 3, 4], "uv": [0, 8]}
					]
				},
				{
					"name": "torso",
					"parent": "body",
					"pivot": [0, 5.25, 0],
					"cubes": [
						{"origin": [-1.5, 4.75, -1.5], "size": [3, 2, 3], "uv": [21, 41]},
						{"origin": [-1, 6.75, -1], "size": [2, 2, 2], "uv": [54, 4]}
					]
				},
				{
					"name": "right_arm",
					"parent": "torso",
					"pivot": [-1, 7.75, 0],
					"cubes": [
						{"origin": [-3, 7.75, -0.5], "size": [2, 0, 1], "uv": [0, 4]}
					]
				},
				{
					"name": "right_elbow",
					"parent": "right_arm",
					"pivot": [-3, 7.75, 0],
					"cubes": [
						{"origin": [-6, 7.25, -0.5], "size": [3, 1, 1], "uv": [8, 15]}
					]
				},
				{
					"name": "left_arm",
					"parent": "torso",
					"pivot": [1, 7.75, 0],
					"cubes": [
						{"origin": [1, 7.75, -0.5], "size": [2, 0, 1], "uv": [0, 3]}
					]
				},
				{
					"name": "left_elbow",
					"parent": "left_arm",
					"pivot": [3, 7.75, 0],
					"cubes": [
						{"origin": [3, 7.25, -0.5], "size": [3, 1, 1], "uv": [0, 15]}
					]
				},
				{
					"name": "head",
					"parent": "torso",
					"pivot": [0, 8.25, 0],
					"cubes": [
						{"origin": [-3.5, 8.25, -3.5], "size": [7, 5, 7], "uv": [0, 41]},
						{"origin": [-1.5, 8.75, -3.5], "size": [3, 1, 0], "inflate": 0.01, "uv": [6, 58]}
					]
				},
				{
					"name": "mouth_opened",
					"parent": "head",
					"pivot": [0, 1.25, 0.1],
					"cubes": [
						{"origin": [-1, 8.25, -3.44], "size": [2, 1, 0], "uv": [6, 59]},
						{"origin": [-1.5, 8.75, -3.44], "size": [3, 1, 0], "inflate": 0.01, "uv": [12, 58]}
					]
				},
				{
					"name": "eye_left",
					"parent": "head",
					"pivot": [2.25, 10.625, -3.5],
					"cubes": [
						{"origin": [1.25, 9.25, -3.5], "size": [2, 3, 0], "inflate": 0.02, "uv": [0, 61]},
						{"origin": [1.75, 10, -3.5], "size": [1, 1, 0], "inflate": 0.03, "uv": [4, 59]}
					]
				},
				{
					"name": "eye_right",
					"parent": "head",
					"pivot": [-2.25, 10.625, -3.5],
					"cubes": [
						{"origin": [-3.25, 9.25, -3.5], "size": [2, 3, 0], "inflate": 0.02, "uv": [0, 58], "mirror": true},
						{"origin": [-2.75, 10, -3.5], "size": [1, 1, 0], "inflate": 0.03, "uv": [4, 58], "mirror": true}
					]
				},
				{
					"name": "eye_closed_right",
					"parent": "head",
					"pivot": [-2.25, 10.625, -3.4],
					"cubes": [
						{"origin": [-3.25, 9.25, -3.4], "size": [2, 3, 0], "inflate": 0.04, "uv": [0, 64], "mirror": true}
					]
				},
				{
					"name": "eye_closed_left",
					"parent": "head",
					"pivot": [2.25, 10.625, -3.4],
					"cubes": [
						{"origin": [1.25, 9.25, -3.4], "size": [2, 3, 0], "inflate": 0.04, "uv": [0, 67]}
					]
				},
				{
					"name": "hat",
					"parent": "head",
					"pivot": [0, 10.75, -2],
					"rotation": [-25, 0, 0],
					"cubes": [
						{"origin": [-9, 10.75, -7], "size": [18, 5, 18], "uv": [0, 0]},
						{"origin": [-7, 15.75, -6], "size": [14, 3, 15], "uv": [0, 23]}
					]
				},
				{
					"name": "right_hat_arm",
					"parent": "hat",
					"pivot": [-6.5, 10.25, 8],
					"rotation": [25, -4, 10],
					"cubes": [
						{"origin": [-8, 9.25, 6.5], "size": [3, 2, 3], "uv": [25, 52]}
					]
				},
				{
					"name": "right_hat_hand",
					"parent": "right_hat_arm",
					"pivot": [-6.5, 9.25, 8],
					"rotation": [0, -1, -11],
					"cubes": [
						{"origin": [-11, 4.25, 5], "size": [7, 5, 6], "uv": [43, 23]}
					]
				},
				{
					"name": "right_hat_finger_top",
					"parent": "right_hat_hand",
					"pivot": [-11, 6.25, 8],
					"rotation": [0, 0, 20],
					"cubes": [
						{"origin": [-14, 6.25, 7], "size": [3, 2, 2], "inflate": 0.01, "uv": [54, 0]}
					]
				},
				{
					"name": "right_hat_finger_bottom",
					"parent": "right_hat_hand",
					"pivot": [-11, 4.25, 8],
					"rotation": [0, 0, 2.5],
					"cubes": [
						{"origin": [-15, 4.25, 7], "size": [4, 2, 2], "uv": [48, 41]}
					]
				},
				{
					"name": "left_hat_arm",
					"parent": "hat",
					"pivot": [6.5, 10.25, 8],
					"rotation": [25, 4, -10],
					"cubes": [
						{"origin": [5, 9.25, 6.5], "size": [3, 2, 3], "uv": [0, 32]}
					]
				},
				{
					"name": "left_hat_hand",
					"parent": "left_hat_arm",
					"pivot": [6.5, 9.25, 8],
					"rotation": [0, 1, 11],
					"cubes": [
						{"origin": [4, 4.25, 5], "size": [7, 5, 6], "uv": [28, 41]}
					]
				},
				{
					"name": "left_hat_finger_top",
					"parent": "left_hat_hand",
					"pivot": [11, 6.25, 8],
					"rotation": [0, 0, -20],
					"cubes": [
						{"origin": [11, 6.25, 7], "size": [3, 2, 2], "inflate": 0.01, "uv": [37, 52]}
					]
				},
				{
					"name": "left_hat_finger_bottom",
					"parent": "left_hat_hand",
					"pivot": [11, 4.25, 8],
					"rotation": [0, 0, -2.5],
					"cubes": [
						{"origin": [11, 4.25, 7], "size": [4, 2, 2], "uv": [43, 34]}
					]
				},
				{
					"name": "swirl",
					"parent": "hat",
					"pivot": [0, 14.75, -7],
					"rotation": [-7.5, 0, 0],
					"cubes": [
						{"origin": [-2, 11.75, -7.5], "size": [4, 3, 2], "uv": [12, 53]}
					]
				},
				{
					"name": "swirl2",
					"parent": "swirl",
					"pivot": [0, 11.75, -7.5],
					"rotation": [12.5, 0, 0],
					"cubes": [
						{"origin": [-2, 8.75, -7.5], "size": [4, 3, 2], "inflate": 0.01, "uv": [0, 53]}
					]
				},
				{
					"name": "cone",
					"parent": "hat",
					"pivot": [0, 18.75, -3],
					"rotation": [-5, 0, 0],
					"cubes": [
						{"origin": [-3, 18.75, -3], "size": [6, 4, 7], "uv": [47, 45]}
					]
				},
				{
					"name": "bone",
					"parent": "cone",
					"pivot": [0, 22.75, 0.5],
					"cubes": [
						{"origin": [-2, 22.75, -2], "size": [4, 3, 5], "uv": [0, 0]}
					]
				},
				{
					"name": "bone2",
					"parent": "bone",
					"pivot": [0, 25.75, -0.75],
					"rotation": [-105, 0, 0],
					"cubes": [
						{"origin": [-1, 25.75, -3.75], "size": [2, 6, 3], "uv": [0, 23]}
					]
				},
				{
					"name": "bone3",
					"parent": "bone2",
					"pivot": [0, 31.75, -0.75],
					"rotation": [67.5, 0, 0],
					"cubes": [
						{"origin": [-0.5, 31.75, -2.75], "size": [1, 4, 2], "uv": [0, 41]}
					]
				},
				{
					"name": "bone4",
					"parent": "bone3",
					"pivot": [0, 35.75, -2.75],
					"rotation": [-62.5, 0, 0],
					"cubes": [
						{"origin": [0, 35.75, -2.75], "size": [0, 4, 2], "uv": [0, 6]}
					]
				},
				{
					"name": "right_leg",
					"parent": "body",
					"pivot": [-1, 2.25, 0],
					"cubes": [
						{"origin": [-1.5, 0.75, -0.5], "size": [1, 2, 1], "uv": [13, 0]}
					]
				},
				{
					"name": "left_leg",
					"parent": "body",
					"pivot": [1, 2.25, 0],
					"cubes": [
						{"origin": [0.5, 0.75, -0.5], "size": [1, 2, 1], "uv": [0, 0]}
					]
				}
			]
		}
	]
}