{
	"format_version": "1.12.0",
	"minecraft:geometry": [
		{
			"description": {
				"identifier": "geometry.goldeen_male",
				"texture_width": 64,
				"texture_height": 64,
				"visible_bounds_width": 7,
				"visible_bounds_height": 2.5,
				"visible_bounds_offset": [0, 0.75, 0]
			},
			"bones": [
				{
					"name": "goldeen",
					"pivot": [0, 0, 0]
				},
				{
					"name": "body",
					"parent": "goldeen",
					"pivot": [0, 5, -3.5]
				},
				{
					"name": "torso",
					"parent": "body",
					"pivot": [0, 4.9, -2],
					"cubes": [
						{"origin": [-5, 0, -6], "size": [10, 10, 8], "uv": [0, 0]}
					]
				},
				{
					"name": "head",
					"parent": "torso",
					"pivot": [0, 5.3, -6],
					"cubes": [
						{"origin": [-4, 1.3, -11], "size": [8, 8, 6], "uv": [25, 30]}
					]
				},
				{
					"name": "eyes",
					"parent": "head",
					"pivot": [0, 6.5, -8.75]
				},
				{
					"name": "eye_right",
					"parent": "eyes",
					"pivot": [-4, 6.45, -8.7],
					"cubes": [
						{"origin": [-4.5, 4.45, -10.7], "size": [1, 4, 4], "uv": [19, 42]}
					]
				},
				{
					"name": "iris_right",
					"parent": "eye_right",
					"pivot": [-4.51, 6.4, -9.05],
					"cubes": [
						{"origin": [-4.51, 4.9, -10.05], "size": [0, 3, 2], "uv": [0, 19]}
					]
				},
				{
					"name": "pupil_right",
					"parent": "iris_right",
					"pivot": [-4.51, 6.2, -9.3],
					"cubes": [
						{"origin": [-4.51, 5.2, -9.8], "size": [0, 2, 1], "inflate": 0.01, "uv": [4, 19]}
					]
				},
				{
					"name": "eyelid_half_right",
					"parent": "eye_right",
					"pivot": [-4, 7.55, -8.7],
					"cubes": [
						{"origin": [-4.5, 6.55, -10.7], "size": [1, 2, 4], "inflate": 0.03, "uv": [29, 44]}
					]
				},
				{
					"name": "eyelid_three_quarters_right",
					"parent": "eye_right",
					"pivot": [-3, 7.05, -8.7],
					"cubes": [
						{"origin": [-3.5, 5.55, -10.7], "size": [1, 3, 4], "inflate": 0.03, "uv": [53, 36]}
					]
				},
				{
					"name": "eyelid_full_right",
					"parent": "eye_right",
					"pivot": [-3.4, 6.45, -8.7],
					"cubes": [
						{"origin": [-3.9, 4.45, -10.7], "size": [1, 4, 4], "inflate": 0.03, "uv": [53, 43]}
					]
				},
				{
					"name": "eye_left",
					"parent": "eyes",
					"pivot": [4, 6.45, -8.7],
					"cubes": [
						{"origin": [3.5, 4.45, -10.7], "size": [1, 4, 4], "uv": [54, 0], "mirror": true}
					]
				},
				{
					"name": "iris_left",
					"parent": "eye_left",
					"pivot": [4.51, 6.4, -9.05],
					"cubes": [
						{"origin": [4.51, 4.9, -10.05], "size": [0, 3, 2], "uv": [0, 16], "mirror": true}
					]
				},
				{
					"name": "pupil_left",
					"parent": "iris_left",
					"pivot": [4.51, 6.2, -9.3],
					"cubes": [
						{"origin": [4.51, 5.2, -9.8], "size": [0, 2, 1], "inflate": 0.01, "uv": [4, 17], "mirror": true}
					]
				},
				{
					"name": "eyelid_half_left",
					"parent": "eye_left",
					"pivot": [4, 7.55, -8.7],
					"cubes": [
						{"origin": [3.5, 6.55, -10.7], "size": [1, 2, 4], "inflate": 0.03, "uv": [39, 44], "mirror": true}
					]
				},
				{
					"name": "eyelid_three_quarters_left",
					"parent": "eye_left",
					"pivot": [3, 7.05, -8.7],
					"cubes": [
						{"origin": [2.5, 5.55, -10.7], "size": [1, 3, 4], "inflate": 0.03, "uv": [53, 21], "mirror": true}
					]
				},
				{
					"name": "eyelid_full_left",
					"parent": "eye_left",
					"pivot": [3.4, 6.45, -8.7],
					"cubes": [
						{"origin": [2.9, 4.45, -10.7], "size": [1, 4, 4], "inflate": 0.03, "uv": [53, 28], "mirror": true}
					]
				},
				{
					"name": "horn",
					"parent": "head",
					"pivot": [0, 8.05, -7.2],
					"cubes": [
						{"origin": [-1, 7.75, -8.6], "size": [2, 4, 2], "pivot": [2.5, 8.75, -8], "rotation": [22.5, 0, 0], "uv": [0, 58]},
						{"origin": [-0.5, 11.75, -8.2], "size": [1, 2, 1], "pivot": [3, 8.75, -8], "rotation": [22.5, 0, 0], "uv": [3, 23]}
					]
				},
				{
					"name": "mouth",
					"parent": "head",
					"pivot": [0, 4.825, -11.2],
					"cubes": [
						{"origin": [-1.5, 4.325, -11.7], "size": [1, 1, 1], "uv": [3, 26]},
						{"origin": [0.5, 4.325, -11.7], "size": [1, 1, 1], "uv": [0, 25]}
					]
				},
				{
					"name": "upper_lip",
					"parent": "mouth",
					"pivot": [0, 4.925, -10.7],
					"cubes": [
						{"origin": [-1.5, 4.925, -11.7], "size": [3, 1, 1], "inflate": 0.01, "uv": [28, 6]}
					]
				},
				{
					"name": "lower_lip",
					"parent": "mouth",
					"pivot": [0, 4.925, -10.7],
					"cubes": [
						{"origin": [-1.5, 3.9, -11.7], "size": [3, 1, 1], "inflate": 0.01, "uv": [0, 5]}
					]
				},
				{
					"name": "dorsal_fin",
					"parent": "torso",
					"pivot": [0, 10, -1],
					"cubes": [
						{"origin": [0, 6.65, -6.5], "size": [0, 6, 11], "uv": [0, 21]}
					]
				},
				{
					"name": "fin_right1",
					"parent": "torso",
					"pivot": [-4.5, 6.9, -3.75],
					"cubes": [
						{"origin": [-6.5, 6.9, -5.25], "size": [3, 0, 3], "uv": [19, 32]}
					]
				},
				{
					"name": "fin_right2",
					"parent": "fin_right1",
					"pivot": [-6.5, 6.9, -2.25],
					"cubes": [
						{"origin": [-10.5, 6.9, -8.25], "size": [4, 0, 9], "uv": [36, 20]}
					]
				},
				{
					"name": "fin_right3",
					"parent": "fin_right2",
					"pivot": [-10.5, 6.9, -0.25],
					"cubes": [
						{"origin": [-15.5, 6.9, -10.25], "size": [5, 0, 12], "uv": [23, 18]}
					]
				},
				{
					"name": "fin_left1",
					"parent": "torso",
					"pivot": [4.5, 6.9, -3.75],
					"cubes": [
						{"origin": [3.5, 6.9, -5.25], "size": [3, 0, 3], "uv": [32, 44]}
					]
				},
				{
					"name": "fin_left2",
					"parent": "fin_left1",
					"pivot": [6.5, 6.9, -2.25],
					"cubes": [
						{"origin": [6.5, 6.9, -8.25], "size": [4, 0, 9], "uv": [37, 0]}
					]
				},
				{
					"name": "fin_left3",
					"parent": "fin_left2",
					"pivot": [10.5, 6.9, 0.75],
					"cubes": [
						{"origin": [10.5, 6.9, -10.25], "size": [5, 0, 12], "uv": [24, 0]}
					]
				},
				{
					"name": "tail_right1",
					"parent": "torso",
					"pivot": [-1, 6.3, 2],
					"cubes": [
						{"origin": [-3, 6.3, 2], "size": [4, 0, 3], "inflate": 0.01, "uv": [25, 0]}
					]
				},
				{
					"name": "tail_right2",
					"parent": "tail_right1",
					"pivot": [1, 6.3, 5],
					"cubes": [
						{"origin": [-5, 6.3, 5], "size": [8, 0, 4], "uv": [20, 50]}
					]
				},
				{
					"name": "tail_right3",
					"parent": "tail_right2",
					"pivot": [3, 6.3, 9],
					"cubes": [
						{"origin": [-7, 6.3, 9], "size": [12, 0, 7], "uv": [0, 25]}
					]
				},
				{
					"name": "tail_right4",
					"parent": "tail_right3",
					"pivot": [3, 6.3, 16],
					"cubes": [
						{"origin": [-6, 6.3, 16], "size": [10, 0, 3], "uv": [0, 42]}
					]
				},
				{
					"name": "tail_right5",
					"parent": "tail_right4",
					"pivot": [-1, 6.3, 19],
					"cubes": [
						{"origin": [-4.5, 6.3, 19], "size": [7, 0, 3], "uv": [33, 12]}
					]
				},
				{
					"name": "tail_middle1",
					"parent": "torso",
					"pivot": [0, 6.4, 2],
					"cubes": [
						{"origin": [-2, 6.4, 1], "size": [4, 0, 3], "uv": [25, 3]}
					]
				},
				{
					"name": "tail_middle2",
					"parent": "tail_middle1",
					"pivot": [0, 6.4, 4],
					"cubes": [
						{"origin": [-5, 6.4, 4], "size": [10, 0, 4], "uv": [0, 38]}
					]
				},
				{
					"name": "tail_middle3",
					"parent": "tail_middle2",
					"pivot": [0, 6.4, 8],
					"cubes": [
						{"origin": [-7, 6.4, 8], "size": [14, 0, 7], "uv": [0, 18]}
					]
				},
				{
					"name": "tail_middle4",
					"parent": "tail_middle3",
					"pivot": [0, 6.4, 15],
					"cubes": [
						{"origin": [-7, 6.4, 15], "size": [14, 0, 4], "uv": [-4, 54]}
					]
				},
				{
					"name": "tail_middle5",
					"parent": "tail_middle4",
					"pivot": [0, 6.4, 19],
					"cubes": [
						{"origin": [-6, 6.4, 19], "size": [12, 0, 4], "uv": [-4, 50]}
					]
				},
				{
					"name": "tail_left1",
					"parent": "torso",
					"pivot": [1, 6.3, 2],
					"cubes": [
						{"origin": [-1, 6.3, 2], "size": [4, 0, 3], "inflate": 0.02, "uv": [25, 0], "mirror": true}
					]
				},
				{
					"name": "tail_left2",
					"parent": "tail_left1",
					"pivot": [-1, 6.3, 5],
					"cubes": [
						{"origin": [-3, 6.3, 5], "size": [8, 0, 4], "uv": [20, 50], "mirror": true}
					]
				},
				{
					"name": "tail_left3",
					"parent": "tail_left2",
					"pivot": [-3, 6.3, 9],
					"cubes": [
						{"origin": [-5, 6.3, 9], "size": [12, 0, 7], "uv": [0, 25], "mirror": true}
					]
				},
				{
					"name": "tail_left4",
					"parent": "tail_left3",
					"pivot": [-3, 6.3, 16],
					"cubes": [
						{"origin": [-4, 6.3, 16], "size": [10, 0, 3], "uv": [0, 42], "mirror": true}
					]
				},
				{
					"name": "tail_left5",
					"parent": "tail_left4",
					"pivot": [1, 6.3, 19],
					"cubes": [
						{"origin": [-2.5, 6.3, 19], "size": [7, 0, 3], "uv": [33, 12], "mirror": true}
					]
				}
			]
		}
	]
}