{
	"format_version": "1.12.0",
	"minecraft:geometry": [
		{
			"description": {
				"identifier": "geometry.caterpie",
				"texture_width": 64,
				"texture_height": 64,
				"visible_bounds_width": 4,
				"visible_bounds_height": 2.5,
				"visible_bounds_offset": [0, 0.75, 0]
			},
			"bones": [
				{
					"name": "caterpie",
					"pivot": [0, 0, 0]
				},
				{
					"name": "body",
					"parent": "caterpie",
					"pivot": [0, 4.5, -4.25]
				},
				{
					"name": "head",
					"parent": "body",
					"pivot": [0, 5.25, -6.25],
					"cubes": [
						{"origin": [-4, 2.25, -12.25], "size": [8, 7, 7], "uv": [0, 0]},
						{"origin": [-2, 2.5, -13.5], "size": [4, 3, 2], "pivot": [0, 4, -12.5], "rotation": [22.5, 0, 0], "uv": [24, 30]},
						{"origin": [-4.5, 6, -12.5], "size": [9, 4, 0], "pivot": [0, 7.5, -12.5], "rotation": [10, 0, 0], "uv": [30, 0]}
					]
				},
				{
					"name": "eyes",
					"parent": "head",
					"pivot": [0, 6.5, -10]
				},
				{
					"name": "eye_right",
					"parent": "eyes",
					"pivot": [-3.815, 5.95, -9.55],
					"cubes": [
						{"origin": [-3.82, 4.95, -10.55], "size": [0, 2, 2], "inflate": 0.2, "uv": [41, 37]},
						{"origin": [-3.81, 4.45, -11.05], "size": [0, 3, 3], "inflate": 0.2, "uv": [33, 36]}
					]
				},
				{
					"name": "eyelid_right",
					"parent": "eye_right",
					"pivot": [-3.22, 5.95, -9.55],
					"cubes": [
						{"origin": [-3.73, 4.45, -11.05], "size": [1, 3, 3], "inflate": 0.2, "uv": [0, 40]}
					]
				},
				{
					"name": "eye_left",
					"parent": "eyes",
					"pivot": [3.815, 5.95, -9.55],
					"cubes": [
						{"origin": [3.82, 4.95, -10.55], "size": [0, 2, 2], "inflate": 0.2, "uv": [41, 31]},
						{"origin": [3.81, 4.45, -11.05], "size": [0, 3, 3], "inflate": 0.2, "uv": [25, 36]}
					]
				},
				{
					"name": "eyelid_left",
					"parent": "eye_left",
					"pivot": [3.22, 5.95, -9.55],
					"cubes": [
						{"origin": [2.73, 4.45, -11.05], "size": [1, 3, 3], "inflate": 0.2, "uv": [8, 40]}
					]
				},
				{
					"name": "body_segment",
					"parent": "body",
					"pivot": [0, 5, -5.25],
					"cubes": [
						{"origin": [-3.5, 1, -7.25], "size": [7, 7, 7], "uv": [0, 14]},
						{"origin": [-3.51, 3.5, -4.25], "size": [0, 3, 3], "uv": [42, 4]},
						{"origin": [-3.52, 4, -3.75], "size": [0, 2, 2], "uv": [36, 30]},
						{"origin": [3.51, 3.5, -4.25], "size": [0, 3, 3], "uv": [20, 43]},
						{"origin": [3.52, 4, -3.75], "size": [0, 2, 2], "uv": [46, 29]}
					]
				},
				{
					"name": "foot_right",
					"parent": "body_segment",
					"pivot": [-2.25, 1, -3.25],
					"cubes": [
						{"origin": [-3.25, 0, -4.25], "size": [2, 1, 2], "uv": [44, 22]}
					]
				},
				{
					"name": "foot_left",
					"parent": "body_segment",
					"pivot": [2.25, 1, -3.25],
					"cubes": [
						{"origin": [1.25, 0, -4.25], "size": [2, 1, 2], "uv": [32, 43]}
					]
				},
				{
					"name": "body_segment2",
					"parent": "body_segment",
					"pivot": [0, 4, -0.25],
					"cubes": [
						{"origin": [-3, 1.02, -1.25], "size": [6, 6, 6], "uv": [0, 28]},
						{"origin": [-3.01, 3, 0.75], "size": [0, 3, 3], "uv": [26, 43]},
						{"origin": [-3.02, 3.5, 1.25], "size": [0, 2, 2], "uv": [46, 10]},
						{"origin": [3.01, 3, 0.75], "size": [0, 3, 3], "uv": [40, 42]},
						{"origin": [3.02, 3.5, 1.25], "size": [0, 2, 2], "uv": [4, 46]}
					]
				},
				{
					"name": "foot_right2",
					"parent": "body_segment2",
					"pivot": [-2, 1, 2.75],
					"cubes": [
						{"origin": [-3, 0, 1.75], "size": [2, 1, 2], "uv": [38, 11]}
					]
				},
				{
					"name": "foot_left2",
					"parent": "body_segment2",
					"pivot": [2, 1, 2.75],
					"cubes": [
						{"origin": [1, 0, 1.75], "size": [2, 1, 2], "uv": [30, 11]}
					]
				},
				{
					"name": "tail",
					"parent": "body_segment2",
					"pivot": [0, 5, 4.75],
					"cubes": [
						{"origin": [-2.5, 1, 4.75], "size": [5, 4, 4], "uv": [28, 14]},
						{"origin": [-2.51, 2.5, 5.75], "size": [0, 2, 2], "uv": [12, 46]},
						{"origin": [-2.52, 3, 6.25], "size": [0, 1, 1], "uv": [22, 40]},
						{"origin": [2.51, 2.5, 5.75], "size": [0, 2, 2], "uv": [44, 25]},
						{"origin": [2.52, 3, 6.25], "size": [0, 1, 1], "uv": [24, 28]}
					]
				},
				{
					"name": "tail2",
					"parent": "tail",
					"pivot": [0, 3, 8.75],
					"cubes": [
						{"origin": [-2, 1, 8.75], "size": [4, 4, 4], "uv": [28, 22]},
						{"origin": [-2.01, 2.25, 9.75], "size": [0, 2, 2], "uv": [46, 14]},
						{"origin": [-2.02, 2.75, 10.25], "size": [0, 1, 1], "uv": [32, 46]},
						{"origin": [2.01, 2.25, 9.75], "size": [0, 2, 2], "uv": [0, 46]},
						{"origin": [2.02, 2.75, 10.25], "size": [0, 1, 1], "uv": [26, 28]}
					]
				},
				{
					"name": "tail3",
					"parent": "tail2",
					"pivot": [0, 2.5, 12.75],
					"cubes": [
						{"origin": [-1, 1, 12.75], "size": [2, 3, 4], "uv": [30, 4]},
						{"origin": [-1.01, 1.5, 14], "size": [0, 2, 2], "uv": [46, 18]},
						{"origin": [-1.02, 2, 14.5], "size": [0, 1, 1], "uv": [46, 33]},
						{"origin": [1.01, 1.5, 14], "size": [0, 2, 2], "uv": [8, 46]},
						{"origin": [1.02, 2, 14.5], "size": [0, 1, 1], "uv": [20, 40]}
					]
				},
				{
					"name": "tail4",
					"parent": "tail3",
					"pivot": [0, 2.5, 16.75],
					"rotation": [-90, 0, 0],
					"cubes": [
						{"origin": [0, 2.5, 16.25], "size": [0, 1, 1], "uv": [17, 40]}
					]
				},
				{
					"name": "tail5",
					"parent": "tail4",
					"pivot": [0, 3.5, 16.75],
					"cubes": [
						{"origin": [-1, 3.5, 15.75], "size": [2, 5, 2], "uv": [3, 51]}
					]
				}
			]
		}
	]
}