{
	"format_version": "1.8.0",
	"animations": {
		"animation.ninjask.ground_idle": {
			"loop": true,
			"bones": {
				"body_rotation": {
					"rotation": ["-35+Math.cos((query.anim_time) * 90 * 4 - 90) * -1", 0, "0+Math.cos((query.anim_time) * 90 * 1) * -1"],
					"position": ["0+Math.cos((query.anim_time) * 90 * 1) * 0.5", "2+Math.cos((query.anim_time) * 90 * 4) * 0.3", 0]
				},
				"arm_front_left": {
					"rotation": [-30.84485, -11.06861, "28.0668+Math.cos((query.anim_time) * 90 * 4 - 90) * 2"]
				},
				"arm_front_left2": {
					"rotation": [0, -30, 107.5]
				},
				"arm_back_left": {
					"rotation": [-19.71601, -46.93584, "26.1288+Math.cos((query.anim_time) * 90 * 4 - 140) * 5"]
				},
				"arm_back_left2": {
					"rotation": [0, 0, 142.5]
				},
				"wing_front_left": {
					"rotation": [0, 10, "10+Math.cos((query.anim_time) * 90 * 48) * 25"]
				},
				"wing_back_left": {
					"rotation": [0, -7.5, "0+Math.cos((query.anim_time) * 90 * 48) * -25"]
				},
				"wing_front_right": {
					"rotation": [0, -10, "-10+Math.cos((query.anim_time) * 90 * 48) * -25"]
				},
				"wing_back_right": {
					"rotation": [0, 7.5, "0+Math.cos((query.anim_time) * 90 * 48) * 25"]
				},
				"head": {
					"rotation": ["35+Math.cos((query.anim_time) * 90 * 4) * -0.5", 0, 0]
				},
				"arm_back_right": {
					"rotation": [-19.71601, 46.93584, "-26.1288+Math.cos((query.anim_time) * 90 * 4 - 140) * -5"]
				},
				"arm_back_right2": {
					"rotation": [0, 0, -142.5]
				},
				"arm_front_right": {
					"rotation": [-30.84485, 11.06861, "-28.0668+Math.cos((query.anim_time) * 90 * 4 - 90) * -2"]
				},
				"arm_front_right2": {
					"rotation": [0, 30, -107.5]
				}
			}
		},
		"animation.ninjask.ground_walk": {
			"loop": true,
			"bones": {
				"body_rotation": {
					"rotation": ["-15+Math.cos((query.anim_time) * 90 * 4 - 90) * 5", 0, "0+Math.cos((query.anim_time) * 90 * 1 - 90) * 12"],
					"position": [
						"0+Math.cos((query.anim_time) * 90 * 1 - 90) * -3",
						"4+Math.cos((query.anim_time) * 90 * 4) * 1.5",
						"0+Math.cos((query.anim_time) * 90 * 4 - 90) * 1"
					]
				},
				"arm_front_left": {
					"rotation": ["-30.8449+Math.cos((query.anim_time) * 90 * 4 - 90) * -10", -11.0686, "28.0668+Math.cos((query.anim_time) * 90 * 1 - 180) * 20"]
				},
				"arm_front_left2": {
					"rotation": [0, -55, "107.5+Math.cos((query.anim_time) * 90 * 4 - 120) * 5"]
				},
				"arm_back_left": {
					"rotation": [-19.71601, -46.93584, 26.12877]
				},
				"arm_back_left2": {
					"rotation": [0, 0, 142.5]
				},
				"wing_front_left": {
					"rotation": [0, 10, "10+Math.cos((query.anim_time) * 90 * 48) * 25"]
				},
				"wing_back_left": {
					"rotation": [0, -10, "-10+Math.cos((query.anim_time) * 90 * 48) * -25"]
				},
				"wing_front_right": {
					"rotation": [0, -10, "-10+Math.cos((query.anim_time) * 90 * 48) * -25"]
				},
				"wing_back_right": {
					"rotation": [0, 10, "10+Math.cos((query.anim_time) * 90 * 48) * 25"]
				},
				"head": {
					"rotation": ["17.5+Math.cos((query.anim_time) * 90 * 4) * 3", 0, 0]
				},
				"arm_back_right": {
					"rotation": [-19.71601, 46.93584, -26.12877]
				},
				"arm_back_right2": {
					"rotation": [0, 0, -142.5]
				},
				"arm_front_right": {
					"rotation": ["-30.8449+Math.cos((query.anim_time) * 90 * 4 - 90) * -10", 11.0686, "-28.0668+Math.cos((query.anim_time) * 90 * 1 - 180) * 20"]
				},
				"arm_front_right2": {
					"rotation": [0, 55, "-107.5+Math.cos((query.anim_time) * 90 * 4 - 120) * -5"]
				}
			}
		},
		"animation.ninjask.ground_run": {
			"loop": true,
			"bones": {
				"body_rotation": {
					"rotation": ["0+Math.cos((query.anim_time) * 90 * 16 - 90) * 2", 0, 0],
					"position": [0, "2+Math.cos((query.anim_time) * 90 * 16) * 0.5", "0+Math.cos((query.anim_time) * 90 * 1 - 90) * 2"]
				},
				"arm_front_left": {
					"rotation": [-30.84485, -11.06861, "28.0668+Math.cos((query.anim_time) * 90 * 16 - 90) * 3"]
				},
				"arm_front_left2": {
					"rotation": [-37.18884, -41.43528, 153.05766]
				},
				"arm_back_left": {
					"rotation": [22.78399, -46.93584, "26.1288+Math.cos((query.anim_time) * 90 * 16 - 180) * 5"]
				},
				"arm_back_left2": {
					"rotation": [0, 0, 112.5]
				},
				"wing_front_left": {
					"rotation": [0, -5, "10+Math.cos((query.anim_time) * 90 * 48) * 25"]
				},
				"wing_back_left": {
					"rotation": [0, -20, "-10+Math.cos((query.anim_time) * 90 * 48) * -25"]
				},
				"wing_front_right": {
					"rotation": [0, 5, "-10+Math.cos((query.anim_time) * 90 * 48) * -25"]
				},
				"wing_back_right": {
					"rotation": [0, 20, "10+Math.cos((query.anim_time) * 90 * 48) * 25"]
				},
				"head": {
					"rotation": ["7.5+Math.cos((query.anim_time) * 90 * 16 - 45) * -1", 0, 0]
				},
				"arm_back_right": {
					"rotation": [22.78399, 46.93584, "-26.1288+Math.cos((query.anim_time) * 90 * 16 - 180) * -5"]
				},
				"arm_back_right2": {
					"rotation": [0, 0, -112.5]
				},
				"arm_front_right": {
					"rotation": [-30.84485, 11.06861, "-28.0668+Math.cos((query.anim_time) * 90 * 16 - 90) * -3"]
				},
				"arm_front_right2": {
					"rotation": [-37.18884, 41.43528, -153.05766]
				}
			}
		},
		"animation.ninjask.air_idle": {
			"loop": true,
			"bones": {
				"body_rotation": {
					"rotation": ["-35+Math.cos((query.anim_time) * 90 * 4 - 90) * -1", 0, "0+Math.cos((query.anim_time) * 90 * 1) * -1"],
					"position": ["0+Math.cos((query.anim_time) * 90 * 1) * 0.5", "2+Math.cos((query.anim_time) * 90 * 4) * 0.3", 0]
				},
				"arm_front_left": {
					"rotation": [-30.84485, -11.06861, "28.0668+Math.cos((query.anim_time) * 90 * 4 - 90) * 2"]
				},
				"arm_front_left2": {
					"rotation": [0, -30, 107.5]
				},
				"arm_back_left": {
					"rotation": [-19.71601, -46.93584, "26.1288+Math.cos((query.anim_time) * 90 * 4 - 140) * 5"]
				},
				"arm_back_left2": {
					"rotation": [0, 0, 142.5]
				},
				"wing_front_left": {
					"rotation": [0, 10, "10+Math.cos((query.anim_time) * 90 * 48) * 25"]
				},
				"wing_back_left": {
					"rotation": [0, -7.5, "0+Math.cos((query.anim_time) * 90 * 48) * -25"]
				},
				"wing_front_right": {
					"rotation": [0, -10, "-10+Math.cos((query.anim_time) * 90 * 48) * -25"]
				},
				"wing_back_right": {
					"rotation": [0, 7.5, "0+Math.cos((query.anim_time) * 90 * 48) * 25"]
				},
				"head": {
					"rotation": ["35+Math.cos((query.anim_time) * 90 * 4) * -0.5", 0, 0]
				},
				"arm_back_right": {
					"rotation": [-19.71601, 46.93584, "-26.1288+Math.cos((query.anim_time) * 90 * 4 - 140) * -5"]
				},
				"arm_back_right2": {
					"rotation": [0, 0, -142.5]
				},
				"arm_front_right": {
					"rotation": [-30.84485, 11.06861, "-28.0668+Math.cos((query.anim_time) * 90 * 4 - 90) * -2"]
				},
				"arm_front_right2": {
					"rotation": [0, 30, -107.5]
				}
			}
		},
		"animation.ninjask.air_fly": {
			"loop": true,
			"bones": {
				"body_rotation": {
					"rotation": ["0+Math.cos((query.anim_time) * 90 * 16 - 90) * 2", 0, 0],
					"position": [0, "2+Math.cos((query.anim_time) * 90 * 16) * 0.5", "0+Math.cos((query.anim_time) * 90 * 1 - 90) * 2"]
				},
				"arm_front_left": {
					"rotation": [-30.84485, -11.06861, "28.0668+Math.cos((query.anim_time) * 90 * 16 - 90) * 3"]
				},
				"arm_front_left2": {
					"rotation": [-37.18884, -41.43528, 153.05766]
				},
				"arm_back_left": {
					"rotation": [22.78399, -46.93584, "26.1288+Math.cos((query.anim_time) * 90 * 16 - 180) * 5"]
				},
				"arm_back_left2": {
					"rotation": [0, 0, 112.5]
				},
				"wing_front_left": {
					"rotation": [0, -5, "10+Math.cos((query.anim_time) * 90 * 48) * 25"]
				},
				"wing_back_left": {
					"rotation": [0, -20, "-10+Math.cos((query.anim_time) * 90 * 48) * -25"]
				},
				"wing_front_right": {
					"rotation": [0, 5, "-10+Math.cos((query.anim_time) * 90 * 48) * -25"]
				},
				"wing_back_right": {
					"rotation": [0, 20, "10+Math.cos((query.anim_time) * 90 * 48) * 25"]
				},
				"head": {
					"rotation": ["7.5+Math.cos((query.anim_time) * 90 * 16 - 45) * -1", 0, 0]
				},
				"arm_back_right": {
					"rotation": [22.78399, 46.93584, "-26.1288+Math.cos((query.anim_time) * 90 * 16 - 180) * -5"]
				},
				"arm_back_right2": {
					"rotation": [0, 0, -112.5]
				},
				"arm_front_right": {
					"rotation": [-30.84485, 11.06861, "-28.0668+Math.cos((query.anim_time) * 90 * 16 - 90) * -3"]
				},
				"arm_front_right2": {
					"rotation": [-37.18884, 41.43528, -153.05766]
				}
			}
		},
		"animation.ninjask.sleep": {
			"loop": true,
			"bones": {
				"body_rotation": {
					"rotation": ["-12.5+Math.cos((query.anim_time) * 90 * 1) * 1", 0, 0],
					"position": [0, -3.25, 0]
				},
				"arm_front_left": {
					"rotation": [-60, 30, "10+Math.cos((query.anim_time) * 90 * 1) * -2"]
				},
				"arm_front_left2": {
					"rotation": [
						"0+Math.cos((query.anim_time) * 90 * 1) * -1",
						"10+Math.cos((query.anim_time) * 90 * 1) * 1",
						"70+Math.cos((query.anim_time) * 90 * 1) * 1"
					]
				},
				"arm_back_left": {
					"rotation": [87.5, -35, "0+Math.cos((query.anim_time) * 90 * 1) * 1"]
				},
				"arm_back_left2": {
					"rotation": [10, -15, 42.5]
				},
				"arm_front_right": {
					"rotation": [-60, -30, "-10+Math.cos((query.anim_time) * 90 * 1) * 2"]
				},
				"arm_front_right2": {
					"rotation": [
						"0+Math.cos((query.anim_time) * 90 * 1) * -1",
						"-10+Math.cos((query.anim_time) * 90 * 1) * -1",
						"-70+Math.cos((query.anim_time) * 90 * 1) * -1"
					]
				},
				"arm_back_right": {
					"rotation": [87.5, 35, "0+Math.cos((query.anim_time) * 90 * 1) * -1"]
				},
				"arm_back_right2": {
					"rotation": [10, 15, -42.5]
				},
				"wing_front_left": {
					"rotation": [-2.5, -62.5, 60]
				},
				"wing_back_left": {
					"rotation": [0, -72.5, 65]
				},
				"wing_front_right": {
					"rotation": [-2.5, 62.5, -60]
				},
				"wing_back_right": {
					"rotation": [0, 72.5, -65]
				},
				"head": {
					"rotation": ["25+Math.cos((query.anim_time) * 90 * 1 - 90) * 2", 0, 0]
				},
				"pupil_dark_left": {
					"position": [2, 0, -2]
				},
				"eyelid_left": {
					"position": [2, 0, -3]
				},
				"pupil_dark_right": {
					"position": [-2, 0, -2]
				},
				"eyelid_right": {
					"position": [-2, 0, -3]
				}
			}
		},
		"animation.ninjask.faint": {
			"animation_length": 3,
			"bones": {
				"body_rotation": {
					"rotation": {
						"0.0": [-35, 0, 0],
						"0.0833": {
							"pre": [-26.25, 0, 0],
							"post": [-26.25, 0, 0],
							"lerp_mode": "catmullrom"
						},
						"0.2083": {
							"post": [-95.04, 0, 0],
							"lerp_mode": "catmullrom"
						},
						"0.375": [-217.72, 0, 0],
						"0.5417": {
							"pre": [-339.2, 0, 0],
							"post": [-339.2, 0, 0],
							"lerp_mode": "catmullrom"
						},
						"0.7083": {
							"post": [-381.54, 0, 0],
							"lerp_mode": "catmullrom"
						},
						"0.875": {
							"post": [-391.54, 0, 0],
							"lerp_mode": "catmullrom"
						},
						"0.9583": {
							"post": [-364.04, 0, 0],
							"lerp_mode": "catmullrom"
						},
						"1.0417": {
							"post": [-379.04, 110, 0],
							"lerp_mode": "catmullrom"
						},
						"1.0833": {
							"post": [-379.04, 180, 0],
							"lerp_mode": "catmullrom"
						},
						"1.125": {
							"post": [-379.04, 277.5, 0],
							"lerp_mode": "catmullrom"
						},
						"1.2083": {
							"post": [-369.04, 375, 0],
							"lerp_mode": "catmullrom"
						},
						"1.2917": {
							"post": [-319.29, 417.5, 0],
							"lerp_mode": "catmullrom"
						},
						"1.4167": {
							"post": [-222.365, 445, 0],
							"lerp_mode": "catmullrom"
						},
						"1.625": {
							"post": [-147.69, 450, 0],
							"lerp_mode": "catmullrom"
						},
						"1.8333": {
							"post": [-86.54, 472.5, 0],
							"lerp_mode": "catmullrom"
						},
						"1.9167": {
							"post": [-58.29, 482.5, 0],
							"lerp_mode": "catmullrom"
						},
						"2.1667": {
							"post": [102.25, 483.02, 0],
							"lerp_mode": "catmullrom"
						},
						"2.375": {
							"post": [185.96, 482.5, 0],
							"lerp_mode": "catmullrom"
						},
						"2.4583": {
							"post": [175.96, 482.5, 0],
							"lerp_mode": "catmullrom"
						},
						"2.5833": [178.46, 482.5, 0],
						"2.6667": [178.46, 482.5, 0],
						"2.7083": {
							"pre": [178.46, 482.5, 0],
							"post": [178.46, 122.5, 0]
						}
					},
					"position": {
						"0.0": [0, 5, 0],
						"0.0833": [0, 4, 1.75],
						"0.25": {
							"pre": [0, 4.18, 11.23],
							"post": [0, 4.18, 11.23],
							"lerp_mode": "catmullrom"
						},
						"0.375": {
							"post": [0, 6.475, 17.2],
							"lerp_mode": "catmullrom"
						},
						"0.5": {
							"post": [0, 9.15, 18.75],
							"lerp_mode": "catmullrom"
						},
						"0.5833": [0, 10, 19.15],
						"0.6667": [0, 10, 19.15],
						"0.7083": [0, 10, 19.51],
						"0.8333": {
							"pre": [0, 10, 23.625],
							"post": [0, 10, 23.625],
							"lerp_mode": "catmullrom"
						},
						"0.9583": {
							"post": [0, 10, 25.925],
							"lerp_mode": "catmullrom"
						},
						"1.0417": {
							"post": [-24, 10, -23.575],
							"lerp_mode": "catmullrom"
						},
						"1.0833": {
							"post": [-50, 29, 5.42],
							"lerp_mode": "catmullrom"
						},
						"1.125": {
							"post": [-12, 40, 43.42],
							"lerp_mode": "catmullrom"
						},
						"1.1667": {
							"post": [25.56, 47.45, 33.04],
							"lerp_mode": "catmullrom"
						},
						"1.2083": {
							"post": [36.25, 54, 5.42],
							"lerp_mode": "catmullrom"
						},
						"1.3333": {
							"post": [23.25, 57.85, -14.58],
							"lerp_mode": "catmullrom"
						},
						"1.4583": {
							"post": [14.5, 59.375, -19.055],
							"lerp_mode": "catmullrom"
						},
						"1.625": {
							"post": [6.2, 60.175, -18.58],
							"lerp_mode": "catmullrom"
						},
						"1.75": {
							"post": [-0.675, 55.605, -14.58],
							"lerp_mode": "catmullrom"
						},
						"1.8333": {
							"post": [-2.095, 39.35, -13.91],
							"lerp_mode": "catmullrom"
						},
						"1.9167": [-1.425, -1.82, -12.58],
						"2.0": {
							"pre": [-8.425, 11.18, -7.58],
							"post": [-8.425, 11.18, -7.58],
							"lerp_mode": "catmullrom"
						},
						"2.1667": {
							"post": [-14.425, 15.18, -2.58],
							"lerp_mode": "catmullrom"
						},
						"2.3333": {
							"post": [-18.425, 10.18, -0.58],
							"lerp_mode": "catmullrom"
						},
						"2.4167": {
							"post": [-21.425, -3.045, 1.42],
							"lerp_mode": "catmullrom"
						},
						"2.4583": {
							"post": [-21.425, -4.82, 1.42],
							"lerp_mode": "catmullrom"
						},
						"2.5417": [-21.425, -3.595, 1.42],
						"2.6667": [-21.42, -3.59, 1.42]
					},
					"scale": {
						"0.9167": [1, 1, 1],
						"1.0": {
							"pre": [0.7, 0.7, 2.275],
							"post": [0.7, 0.7, 2.275],
							"lerp_mode": "catmullrom"
						},
						"1.2083": {
							"post": [0.7, 0.7, 2.275],
							"lerp_mode": "catmullrom"
						},
						"1.2917": [1, 1, 1],
						"1.7917": [1, 1, 1],
						"1.875": [0.8, 0.8, 1.6],
						"1.9583": [1.3, 1.2, 0.8],
						"2.0417": [1, 1, 1]
					}
				},
				"arm_front_left": {
					"rotation": {
						"0.0": [-30.84485, -11.06861, "28.0668+Math.cos((query.anim_time) * 90 * 24) * 20"],
						"0.4583": [-30.84485, -11.06861, "28.0668+Math.cos((query.anim_time) * 90 * 24) * 20"],
						"0.9167": [-30.84485, -11.06861, 28.06681],
						"0.9583": [-0.84, -11.07, 28.07],
						"1.2083": [-0.84, -11.07, 28.07],
						"1.5833": [-30.84485, -11.06861, 28.06681],
						"1.7083": [-30.84, 28.93, 28.07],
						"1.8333": [-30.84, 43.93, 28.07],
						"2.0417": [-30.84, 6.43, 28.07],
						"2.25": {
							"pre": [-30.84, 18.93, 28.07],
							"post": [-30.84, 18.93, 28.07],
							"lerp_mode": "catmullrom"
						},
						"2.375": {
							"post": [-30.84, 26.43, 38.07],
							"lerp_mode": "catmullrom"
						},
						"2.4583": {
							"post": [-30.84, 18.93, 15.57],
							"lerp_mode": "catmullrom"
						},
						"2.625": [-30.84, 18.93, 30.07],
						"2.7917": [-30.84, 18.93, 35.57]
					}
				},
				"arm_front_left2": {
					"rotation": {
						"0.0": [0, -30, "107.5+Math.cos((query.anim_time) * 90 * 24 - 90) * 20"],
						"0.375": [0, -30, "107.5+Math.cos((query.anim_time) * 90 * 24 - 90) * 20"],
						"0.8333": [0, -30, 107.5],
						"0.9583": [0, -62.5, 107.5],
						"1.2083": [0, -62.5, 107.5],
						"1.5": [0, -30, 107.5],
						"1.7917": [0, -30, 106.5],
						"1.9167": [0, 5, 14],
						"2.2917": [-4, 40, 13],
						"2.5833": [-25, -12.5, 125.5],
						"2.7083": [-29.075, -16.575, 130.5]
					}
				},
				"arm_back_left": {
					"rotation": [-19.71601, -46.93584, 26.12877]
				},
				"arm_back_left2": {
					"rotation": {
						"0.0": [0, 0, 142.5],
						"0.9583": [0, 0, 142.5],
						"1.0417": [0, 0, -27.5],
						"1.2083": [0, 0, -4.44],
						"1.4167": [0, 0, 142.5],
						"2.2083": [0, 0, 142.5],
						"2.4167": [0, 0, 90],
						"2.5833": [0, 0, 135],
						"2.7083": [0, 0, 140]
					}
				},
				"wing_front_left": {
					"rotation": {
						"0.0": [0, 10, "10+Math.cos((query.anim_time) * 90 * 48) * 5"],
						"0.3333": [0, 10, "10+Math.cos((query.anim_time) * 90 * 48) * 25"],
						"0.75": [0, 10, "10+Math.cos((query.anim_time) * 90 * 48) * 5"],
						"0.9583": [0, 10, "10+Math.cos((query.anim_time) * 90 * 48) * 40"],
						"1.4167": [1, 10, "10+Math.cos((query.anim_time) * 90 * 48) * 40"],
						"1.7917": [1, 10, 10],
						"1.875": [1, 42.5, 10],
						"1.9583": [0, 0, 65],
						"2.125": [0, 25, 70],
						"2.375": [0, 17.5, 70],
						"2.5": [0, -7.5, 28.6],
						"2.5833": {
							"pre": [0, -7.5, 36.1],
							"post": [0, -7.5, 36.1],
							"lerp_mode": "catmullrom"
						},
						"2.6667": {
							"post": [0, -7.5, 35.35],
							"lerp_mode": "catmullrom"
						},
						"2.75": [0, -7.5, 26.1]
					}
				},
				"wing_back_left": {
					"rotation": {
						"0.0": [0, -10, "-10+Math.cos((query.anim_time) * 90 * 48) * -5"],
						"0.3333": [0, -10, "-10+Math.cos((query.anim_time) * 90 * 48) * -25"],
						"0.75": [0, -10, "-10+Math.cos((query.anim_time) * 90 * 48) * -5"],
						"0.9583": [0, -10, "-10+Math.cos((query.anim_time) * 90 * 48) * -40"],
						"1.4167": [1, -10, "-10+Math.cos((query.anim_time) * 90 * 48) * -40"],
						"1.7917": [1, 10, 10],
						"1.875": [1, 42.5, 10],
						"1.9583": [0, 0, 65],
						"2.1667": [0, 25, 70],
						"2.4167": [0, 17.5, 70],
						"2.5417": [0, -7.5, 20],
						"2.6667": {
							"pre": [0, -7.5, 27.5],
							"post": [0, -7.5, 27.5],
							"lerp_mode": "catmullrom"
						},
						"2.75": {
							"post": [0, -7.5, 26.75],
							"lerp_mode": "catmullrom"
						},
						"2.8333": [0, -7.5, 17.5]
					}
				},
				"wing_front_right": {
					"rotation": {
						"0.0": [0, -10, "-10+Math.cos((query.anim_time) * 90 * 48) * -5"],
						"0.3333": [0, -10, "-10+Math.cos((query.anim_time) * 90 * 48) * -25"],
						"0.75": [0, -10, "-10+Math.cos((query.anim_time) * 90 * 48) * -5"],
						"0.9583": [0, -10, "-10+Math.cos((query.anim_time) * 90 * 48) * -40"],
						"1.4167": [1, -10, "-10+Math.cos((query.anim_time) * 90 * 48) * -40"],
						"1.7917": [1, -10, -10],
						"1.875": [1, -42.5, -10],
						"1.9583": [0, 0, -65],
						"2.125": [0, -25, -70],
						"2.375": [0, -17.5, -70],
						"2.5": [0, 7.5, -29.15],
						"2.5833": {
							"pre": [0, 7.5, -36.65],
							"post": [0, 7.5, -36.65],
							"lerp_mode": "catmullrom"
						},
						"2.6667": {
							"post": [0, 7.5, -35.9],
							"lerp_mode": "catmullrom"
						},
						"2.75": [0, 7.5, -26.65]
					}
				},
				"wing_back_right": {
					"rotation": {
						"0.0": [0, 10, "10+Math.cos((query.anim_time) * 90 * 48) * 5"],
						"0.3333": [0, 10, "10+Math.cos((query.anim_time) * 90 * 48) * 25"],
						"0.75": [0, 10, "10+Math.cos((query.anim_time) * 90 * 48) * 5"],
						"0.9583": [0, 10, "10+Math.cos((query.anim_time) * 90 * 48) * 40"],
						"1.4167": [1, 10, "10+Math.cos((query.anim_time) * 90 * 48) * 40"],
						"1.7917": [1, -10, -10],
						"1.875": [1, -42.5, -10],
						"1.9583": [0, 0, -65],
						"2.1667": [0, -25, -70],
						"2.4167": [0, -17.5, -70],
						"2.5417": [0, 7.5, -20],
						"2.6667": {
							"pre": [0, 7.5, -27.5],
							"post": [0, 7.5, -27.5],
							"lerp_mode": "catmullrom"
						},
						"2.75": {
							"post": [0, 7.5, -26.75],
							"lerp_mode": "catmullrom"
						},
						"2.8333": [0, 7.5, -17.5]
					}
				},
				"head": {
					"rotation": {
						"0.0": [35, 0, 0],
						"0.2083": [52.5, 0, 0],
						"0.8333": [32.5, 0, 0],
						"0.9583": [12.5, 0, 0],
						"1.125": [16, 0, 0],
						"1.375": [52.5, 0, 0],
						"1.7917": [42.5, 0, 0],
						"1.8333": [2.5, 0, 0],
						"2.0": [50, 0, 0],
						"2.4167": [50, 0, 0],
						"2.5": [40, 0, 0],
						"2.7083": [45, 0, 0]
					}
				},
				"arm_back_right": {
					"rotation": [-19.71601, 46.93584, -26.12877]
				},
				"arm_back_right2": {
					"rotation": {
						"0.0": [0, 0, -142.5],
						"0.9583": [0, 0, -142.5],
						"1.0417": [0, 0, 27.5],
						"1.2083": [0, 0, 4.44],
						"1.4167": [0, 0, -142.5],
						"2.2083": [0, 0, -142.5],
						"2.4167": [0, 0, -90],
						"2.5833": [0, 0, -135],
						"2.7083": [0, 0, -140]
					}
				},
				"arm_front_right": {
					"rotation": {
						"0.0": [-30.84485, 11.06861, "-28.0668+Math.cos((query.anim_time) * 90 * 24) * 20"],
						"0.4583": [-30.84485, 11.06861, "-28.0668+Math.cos((query.anim_time) * 90 * 24) * 20"],
						"0.9167": [-30.84485, 11.06861, -28.06681],
						"0.9583": [-0.84, 11.07, -28.07],
						"1.2083": [-0.84, 11.07, -28.07],
						"1.5": [-30.84485, 11.06861, -28.06681],
						"1.625": [-30.84, -28.93, -28.07],
						"1.75": [-30.84, -43.93, -28.07],
						"1.9167": [-30.84, -6.43, -28.07],
						"2.125": {
							"pre": [-30.84, -18.93, -28.07],
							"post": [-30.84, -18.93, -28.07],
							"lerp_mode": "catmullrom"
						},
						"2.25": {
							"post": [-30.84, -26.43, -38.07],
							"lerp_mode": "catmullrom"
						},
						"2.3333": {
							"post": [-30.84, -18.93, -15.57],
							"lerp_mode": "catmullrom"
						},
						"2.5": [-30.84, 8.57, -30.07],
						"2.6667": [-30.84, 11.57, -35.57]
					}
				},
				"arm_front_right2": {
					"rotation": {
						"0.0": [0, 30, "-107.5+Math.cos((query.anim_time) * 90 * 24 - 90) * 20"],
						"0.375": [0, 30, "-107.5+Math.cos((query.anim_time) * 90 * 24 - 90) * 20"],
						"0.8333": [0, 30, -107.5],
						"0.9583": [0, 62.5, -107.5],
						"1.2083": [0, 62.5, -107.5],
						"1.5417": [0, 30, -107.5],
						"1.8333": [0, 30, -106.5],
						"1.9167": [0, -5, -14],
						"2.3333": [-4, -40, -13],
						"2.5833": [-25, 12.5, -125.5],
						"2.75": [-29.075, 16.575, -130.5]
					}
				},
				"pupil_dark_left": {
					"position": {
						"0.0": [0, 0, 0],
						"0.0417": {
							"pre": [0, 0, 0],
							"post": [2, 0, -2]
						},
						"0.5417": {
							"pre": [2, 0, -2],
							"post": [0, 0, 0]
						},
						"1.1667": {
							"pre": [0, 0, 0],
							"post": [2, 0, -2]
						}
					}
				},
				"eyelid_left": {
					"position": {
						"0.0": [0, 0, 0],
						"0.0417": {
							"pre": [0, 0, 0],
							"post": [2, 0, -3]
						},
						"0.5417": {
							"pre": [2, 0, -3],
							"post": [0, 0, 0]
						},
						"1.1667": {
							"pre": [0, 0, 0],
							"post": [2, 0, -3]
						}
					}
				},
				"pupil_dark_right": {
					"position": {
						"0.0": [0, 0, 0],
						"0.0417": {
							"pre": [0, 0, 0],
							"post": [-2, 0, -2]
						},
						"0.5417": {
							"pre": [-2, 0, -2],
							"post": [0, 0, 0]
						},
						"1.1667": {
							"pre": [0, 0, 0],
							"post": [-2, 0, -2]
						}
					}
				},
				"eyelid_right": {
					"position": {
						"0.0": [0, 0, 0],
						"0.0417": {
							"pre": [0, 0, 0],
							"post": [-2, 0, -3]
						},
						"0.5417": {
							"pre": [-2, 0, -3],
							"post": [0, 0, 0]
						},
						"1.1667": {
							"pre": [0, 0, 0],
							"post": [-2, 0, -3]
						}
					}
				}
			}
		},
		"animation.ninjask.blink": {
			"animation_length": 0.1667,
			"bones": {
				"eyelid_left": {
					"position": {
						"0.0": [2, 0, -3],
						"0.125": {
							"pre": [2, 0, -3],
							"post": [2, 0, -3]
						},
						"0.1667": {
							"pre": [2, 0, -3],
							"post": [0, 0, 0]
						}
					}
				},
				"eyelid_right": {
					"position": {
						"0.0": [-2, 0, -3],
						"0.125": {
							"pre": [-2, 0, -3],
							"post": [-2, 0, -3]
						},
						"0.1667": {
							"pre": [-2, 0, -3],
							"post": [0, 0, 0]
						}
					}
				},
				"pupil_dark_left": {
					"position": {
						"0.0": [2, 0, -2],
						"0.125": [2, 0, -2],
						"0.1667": [0, 0, 0]
					}
				},
				"pupil_dark_right": {
					"position": {
						"0.0": [-2, 0, -2],
						"0.125": [-2, 0, -2],
						"0.1667": [0, 0, 0]
					}
				}
			}
		},
		"animation.ninjask.cry": {
			"animation_length": 1.5,
			"bones": {
				"body_rotation": {
					"rotation": {
						"0.0": [0, 0, 0],
						"0.125": [10, 0, 0],
						"0.2917": {
							"pre": [-10.9, 0, 0],
							"post": [-10.9, 0, 0],
							"lerp_mode": "catmullrom"
						},
						"0.6667": {
							"post": [-16.67, 0.15, 0.36],
							"lerp_mode": "catmullrom"
						},
						"1.0417": {
							"post": [-17.43793, 0.30555, 0.71071],
							"lerp_mode": "catmullrom"
						},
						"1.2917": {
							"post": [-2.5, 0, 0],
							"lerp_mode": "catmullrom"
						},
						"1.5": [0, 0, 0]
					},
					"position": {
						"0.0": [0, 0, 0],
						"0.125": [0, 0, 2],
						"0.2083": [0, -0.5, -0.5],
						"0.2917": [0, 2, -3],
						"0.4167": ["0+Math.cos((query.anim_time) * 90 * 48) * 0.5", 2.75, -3.5],
						"0.9583": ["0+Math.cos((query.anim_time) * 90 * 48) * 0.2", 2.75, -3.5],
						"1.0417": [0, 2.5, -3.4],
						"1.2917": [0, 0.295, -0.5],
						"1.375": [0, 0, 0]
					}
				},
				"arm_front_left": {
					"rotation": {
						"0.0": [0, 0, 0],
						"0.2083": [0, 0, -7.5],
						"0.375": [0, 0, 20],
						"1.125": [0, 0, 20],
						"1.3333": [0, 0, 3.21],
						"1.4167": [0, 0, 0]
					}
				},
				"arm_front_right": {
					"rotation": {
						"0.0": [0, 0, 0],
						"0.2083": [0, 0, 7.5],
						"0.375": [0, 0, -20],
						"1.125": [0, 0, -20],
						"1.3333": [0, 0, -3.21],
						"1.4167": [0, 0, 0]
					}
				},
				"head": {
					"rotation": {
						"0.0": [0, 0, 0],
						"0.125": [-10, 0, 0],
						"0.25": [15, 0, 0],
						"0.375": [0, 0, 0],
						"0.9167": {
							"pre": [0, 0, 0],
							"post": [0, 0, 0],
							"lerp_mode": "catmullrom"
						},
						"1.1667": {
							"post": [-10, 0, 0],
							"lerp_mode": "catmullrom"
						},
						"1.375": [-1.5, 0, 0],
						"1.4583": [0, 0, 0]
					}
				}
			},
			"sound_effects": {
				"0.25": {
					"effect": "pokemon.ninjask.cry"
				}
			}
		},
		"animation.ninjask.battle_idle": {
			"loop": true,
			"bones": {
				"body_rotation": {
					"rotation": ["-15+Math.cos((query.anim_time) * 90 * 4*2 - 90) * 1", 0, "0+Math.cos((query.anim_time) * 90 * 4*1) * 3"],
					"position": ["0+Math.cos((query.anim_time) * 90 * 4*1 - 90) * 1", "7+Math.cos((query.anim_time) * 90 * 4*2) * 0.7", 0]
				},
				"arm_front_left": {
					"rotation": ["-30+Math.cos((query.anim_time) * 90 * 4*2 - 90) * -3", 0, "37.5+Math.cos((query.anim_time) * 90 * 4*1 - 150) * -4"]
				},
				"arm_front_left2": {
					"rotation": [0, 0, "90+Math.cos((query.anim_time) * 90 * 4*1 - 190) * 2"]
				},
				"arm_back_left": {
					"rotation": [60, "-22.5+Math.cos((query.anim_time) * 90 * 4*1 - 180) * 4", 32.5]
				},
				"arm_back_left2": {
					"rotation": [0, 0, 115]
				},
				"arm_front_right": {
					"rotation": ["-30+Math.cos((query.anim_time) * 90 * 4*2 - 90) * -3", 0, "-37.5+Math.cos((query.anim_time) * 90 * 4*1 - 150) * -4"]
				},
				"arm_front_right2": {
					"rotation": [0, 0, "-90+Math.cos((query.anim_time) * 90 * 4*1 - 190) * 2"]
				},
				"arm_back_right": {
					"rotation": [60, "22.5+Math.cos((query.anim_time) * 90 * 4*1 - 180) * 4", -32.5]
				},
				"arm_back_right2": {
					"rotation": [0, 0, -115]
				},
				"wing_front_left": {
					"rotation": [0, 0, "0+Math.cos((query.anim_time) * 90 * 48) * 30"]
				},
				"wing_back_left": {
					"rotation": [0, 0, "0+Math.cos((query.anim_time) * 90 * 48) * -30"]
				},
				"wing_front_right": {
					"rotation": [0, 0, "0+Math.cos((query.anim_time) * 90 * 48) * -30"]
				},
				"wing_back_right": {
					"rotation": [0, 0, "0+Math.cos((query.anim_time) * 90 * 48) * 30"]
				},
				"head": {
					"rotation": ["20+Math.cos((query.anim_time) * 90 * 4*2 - 20) * -1", 0, 0]
				}
			}
		},
		"animation.ninjask.special": {
			"animation_length": 3,
			"bones": {
				"body_rotation": {
					"rotation": {
						"0.0": [-15, 0, 0],
						"0.1667": {
							"pre": [-32.5, 0, 0],
							"post": [-32.5, 0, 0],
							"lerp_mode": "catmullrom"
						},
						"0.5": {
							"post": [-10, 0, 0],
							"lerp_mode": "catmullrom"
						},
						"0.7083": {
							"post": [7.5, 0, 0],
							"lerp_mode": "catmullrom"
						},
						"1.0417": {
							"post": [-2.25, 0, 0],
							"lerp_mode": "catmullrom"
						},
						"1.2083": {
							"post": [-27.5, 0, 0],
							"lerp_mode": "catmullrom"
						},
						"1.25": {
							"post": [-40.83, 0, 0],
							"lerp_mode": "catmullrom"
						},
						"1.3333": {
							"post": [7.5, 0, 0],
							"lerp_mode": "catmullrom"
						},
						"1.5833": {
							"post": [25, 0, 0],
							"lerp_mode": "catmullrom"
						},
						"1.875": {
							"post": [30.11, 0, 0],
							"lerp_mode": "catmullrom"
						},
						"2.125": {
							"post": [32.5, 0, 0],
							"lerp_mode": "catmullrom"
						},
						"2.2083": {
							"post": [32.55, 0, 0],
							"lerp_mode": "catmullrom"
						},
						"2.2917": {
							"post": [24.25, 0, 0],
							"lerp_mode": "catmullrom"
						},
						"2.375": {
							"post": [7.55, 0, 0],
							"lerp_mode": "catmullrom"
						},
						"2.5": {
							"post": [-3.5, 0, 0],
							"lerp_mode": "catmullrom"
						},
						"2.5833": {
							"post": [-15.85, 0, 0],
							"lerp_mode": "catmullrom"
						},
						"2.7083": {
							"post": [-19.75, 0, 0],
							"lerp_mode": "catmullrom"
						},
						"2.7917": {
							"post": [-16.475, 0, 0],
							"lerp_mode": "catmullrom"
						},
						"2.9167": {
							"post": [-14, 0, 0],
							"lerp_mode": "catmullrom"
						},
						"3.0": [-15, 0, 0]
					},
					"position": {
						"0.0": [0, 7.7, 0],
						"0.0833": {
							"pre": [0, 6.44, 2.75],
							"post": [0, 6.44, 2.75],
							"lerp_mode": "catmullrom"
						},
						"0.2083": {
							"post": [0, 4.68, 10.25],
							"lerp_mode": "catmullrom"
						},
						"0.2917": {
							"post": [0, 3.78, 14.66],
							"lerp_mode": "catmullrom"
						},
						"0.375": {
							"post": [0, 3.7, 17.5],
							"lerp_mode": "catmullrom"
						},
						"0.4583": {
							"post": [0, 5.33, 19.08],
							"lerp_mode": "catmullrom"
						},
						"0.5417": {
							"post": [0, 8.49, 19.325],
							"lerp_mode": "catmullrom"
						},
						"0.625": {
							"post": [0, 11.45, 16.255],
							"lerp_mode": "catmullrom"
						},
						"0.7083": {
							"post": [0, 13.7, 12.725],
							"lerp_mode": "catmullrom"
						},
						"0.8333": {
							"post": [0, 14.74, 9.44],
							"lerp_mode": "catmullrom"
						},
						"1.0": {
							"post": [0, 13.4, 8.48],
							"lerp_mode": "catmullrom"
						},
						"1.2083": [0, 9.65, 8.48],
						"1.25": [0, 6.15, 6.98],
						"1.2917": [0, 13.9, 10.73],
						"1.375": [0, 18.9, 3.98],
						"1.5417": {
							"pre": [0, 22.825, 1.23],
							"post": [0, 22.825, 1.23],
							"lerp_mode": "catmullrom"
						},
						"1.75": {
							"post": [0, 25.9, 0.98],
							"lerp_mode": "catmullrom"
						},
						"1.9583": {
							"post": [0, 28.15, 0.88],
							"lerp_mode": "catmullrom"
						},
						"2.1667": [0, 28.66, 0.89],
						"2.25": {
							"pre": [0, 28.625, 2.13],
							"post": [0, 28.625, 2.13],
							"lerp_mode": "catmullrom"
						},
						"2.3333": {
							"post": [0, 28.87, 0.77],
							"lerp_mode": "catmullrom"
						},
						"2.4167": {
							"post": [0, 27.02, -4.48],
							"lerp_mode": "catmullrom"
						},
						"2.5417": {
							"post": [0, 10.21, -5.155],
							"lerp_mode": "catmullrom"
						},
						"2.6667": {
							"post": [0, 4.9, -0.775],
							"lerp_mode": "catmullrom"
						},
						"2.7917": {
							"post": [0, 5.875, 0.95],
							"lerp_mode": "catmullrom"
						},
						"2.875": {
							"post": [0, 7.825, 0.3],
							"lerp_mode": "catmullrom"
						},
						"3.0": [0, 7.7, 0]
					}
				},
				"arm_front_left": {
					"rotation": {
						"0.0": [-30, 0, 40],
						"0.2917": [-30, 25, 40],
						"0.5417": [-30, -15, 40],
						"0.7917": [0, -15, 40],
						"1.125": [-30, 0, 40],
						"1.25": [-30, 30, 22.5],
						"1.375": {
							"pre": [-22.5, -10, 62.5],
							"post": [-22.5, -10, 62.5],
							"lerp_mode": "catmullrom"
						},
						"1.75": {
							"post": [-22.5, -10, 39.16],
							"lerp_mode": "catmullrom"
						},
						"2.0833": {
							"post": [-22.5, -10, 26],
							"lerp_mode": "catmullrom"
						},
						"2.25": {
							"post": [-11.25, -10, 27.75],
							"lerp_mode": "catmullrom"
						},
						"2.4167": {
							"post": [-30, 0, 40],
							"lerp_mode": "catmullrom"
						},
						"2.5833": {
							"post": [-45, 22.5, 25],
							"lerp_mode": "catmullrom"
						},
						"2.75": {
							"post": [-22.75, -7.5, 40],
							"lerp_mode": "catmullrom"
						},
						"2.9167": [-31, 0, 40],
						"3.0": [-30, 0, 40]
					}
				},
				"arm_front_left2": {
					"rotation": {
						"0.0": [0, 0, 88],
						"0.25": [0, 12.5, 65.5],
						"0.4583": [-0.56, 8.06, 65.5],
						"0.625": [-1, -22.5, 65.5],
						"1.0833": [0, 0, 86],
						"1.2917": [0, 0, 128],
						"1.3333": [0, 7.5, 73],
						"1.4583": [0, 15, 59.5],
						"2.125": [0, 37.5, 48],
						"2.3333": [0, 37.5, 43],
						"2.5417": [0, 22.5, 88],
						"2.8333": [0, 2.5, 88],
						"2.9583": [0, 0, 88]
					},
					"position": {
						"1.4583": [0, 0, 0],
						"2.1667": [-0.5, 0, 0.5],
						"2.4583": [0, 0, 0]
					}
				},
				"arm_back_left": {
					"rotation": {
						"0.0": [60, -26.5, 32.5],
						"0.3333": [60, 8.5, 32.5],
						"0.5833": [60, -21.5, 32.5],
						"0.75": [35, -21.5, 32.5],
						"1.2083": [65, -21.5, 22.5],
						"1.4167": [35, -26.5, 2.5],
						"2.2083": [35, -9, -15],
						"2.4167": {
							"pre": [60, -26.5, 32.5],
							"post": [60, -26.5, 32.5],
							"lerp_mode": "catmullrom"
						},
						"2.625": {
							"post": [85, -26.5, 12.5],
							"lerp_mode": "catmullrom"
						},
						"2.7917": {
							"post": [48, -9, 42],
							"lerp_mode": "catmullrom"
						},
						"2.9583": [60, -26.5, 32.5]
					}
				},
				"arm_back_left2": {
					"rotation": {
						"0.0": [0, 0, 115],
						"0.2917": [0, 27.5, 115],
						"0.7083": [0, -12.5, 115],
						"1.25": [0, -12.5, 115],
						"1.3333": [0, 0, 62.75],
						"2.2917": [0, 0, 37.75],
						"2.4167": [0, 0, 80.5],
						"2.6667": {
							"pre": [0, -25, 100.25],
							"post": [0, -25, 100.25],
							"lerp_mode": "catmullrom"
						},
						"2.8333": {
							"post": [0, 10.25, 110.45],
							"lerp_mode": "catmullrom"
						},
						"2.9583": [0, 0, 115]
					}
				},
				"arm_front_right": {
					"rotation": {
						"0.0": [-30, 0, -40],
						"0.2917": [-30, -25, -40],
						"0.5417": [-30, 15, -40],
						"0.7917": [0, 15, -40],
						"1.125": [-30, 0, -40],
						"1.25": [-30, -30, -22.5],
						"1.375": {
							"pre": [-22.5, 10, -62.5],
							"post": [-22.5, 10, -62.5],
							"lerp_mode": "catmullrom"
						},
						"1.75": {
							"post": [-22.5, 10, -39.16],
							"lerp_mode": "catmullrom"
						},
						"2.0833": {
							"post": [-22.5, 10, -26],
							"lerp_mode": "catmullrom"
						},
						"2.25": {
							"post": [-11.25, 10, -27.75],
							"lerp_mode": "catmullrom"
						},
						"2.4167": {
							"post": [-30, 0, -40],
							"lerp_mode": "catmullrom"
						},
						"2.5833": {
							"post": [-45, -22.5, -25],
							"lerp_mode": "catmullrom"
						},
						"2.75": {
							"post": [-22.75, 7.5, -40],
							"lerp_mode": "catmullrom"
						},
						"2.9167": [-31, 0, -40],
						"3.0": [-30, 0, -40]
					}
				},
				"arm_front_right2": {
					"rotation": {
						"0.0": [0, 0, -88],
						"0.25": [0, -12.5, -65.5],
						"0.4583": [-0.56, -8.06, -65.5],
						"0.625": [-1, 22.5, -65.5],
						"1.0833": [0, 0, -86],
						"1.2917": [0, 0, -128],
						"1.3333": [0, -7.5, -72],
						"1.4583": [0, -15, -59.5],
						"2.125": [0, -37.5, -48],
						"2.3333": [0, -37.5, -43],
						"2.5417": [0, -22.5, -88],
						"2.8333": [0, -2.5, -88],
						"2.9583": [0, 0, -88]
					},
					"position": {
						"1.4583": [0, 0, 0],
						"2.1667": [0.5, 0, 0.5],
						"2.4583": [0, 0, 0]
					}
				},
				"arm_back_right": {
					"rotation": {
						"0.0": [60, 26.5, -32.5],
						"0.3333": [60, -8.5, -32.5],
						"0.5833": [60, 21.5, -32.5],
						"0.75": [35, 21.5, -32.5],
						"1.2083": [65, 21.5, -22.5],
						"1.4167": [35, 26.5, -2.5],
						"2.2083": [35, 9, 15],
						"2.4167": {
							"pre": [60, 26.5, -32.5],
							"post": [60, 26.5, -32.5],
							"lerp_mode": "catmullrom"
						},
						"2.625": {
							"post": [85, 26.5, -12.5],
							"lerp_mode": "catmullrom"
						},
						"2.7917": {
							"post": [48, 9, -42],
							"lerp_mode": "catmullrom"
						},
						"2.9583": [60, 26.5, -32.5]
					}
				},
				"arm_back_right2": {
					"rotation": {
						"0.0": [0, 0, -115],
						"0.2917": [0, -27.5, -115],
						"0.7083": [0, 12.5, -115],
						"1.25": [0, 12.5, -115],
						"1.3333": [0, 0, -62.75],
						"2.2917": [0, 0, -37.75],
						"2.4167": [0, 0, -80.5],
						"2.6667": {
							"pre": [0, 25, -100.25],
							"post": [0, 25, -100.25],
							"lerp_mode": "catmullrom"
						},
						"2.8333": {
							"post": [0, -10.25, -110.45],
							"lerp_mode": "catmullrom"
						},
						"2.9583": [0, 0, -115]
					}
				},
				"wing_front_left": {
					"rotation": {
						"0.0": [0, 0, "(Math.cos((query.anim_time) * 90 * 48) * 30)"],
						"1.125": [0, 0, "((Math.cos((query.anim_time) * 90 * 48) * 30))"],
						"1.25": [0, 0, 0],
						"1.3333": [0, 0, "(Math.cos((query.anim_time) * 90 * 96) * 50)"],
						"2.25": [0, 0, "(Math.cos((query.anim_time) * 90 * 96) * 50)"],
						"2.3333": [0, 0, "(Math.cos((query.anim_time) * 90 * 48) * 30)"]
					}
				},
				"wing_back_left": {
					"rotation": {
						"0.0": [0, 0, "-((Math.cos((query.anim_time) * 90 * 48) * 30))"],
						"1.125": [0, 0, "-((Math.cos((query.anim_time) * 90 * 48) * 30))"],
						"1.25": [0, 0, 0],
						"1.3333": [0, 0, "-((Math.cos((query.anim_time) * 90 * 96) * 50))"],
						"2.25": [0, 0, "-((Math.cos((query.anim_time) * 90 * 96) * 50))"],
						"2.3333": [0, 0, "-((Math.cos((query.anim_time) * 90 * 48) * 30))"]
					}
				},
				"wing_front_right": {
					"rotation": {
						"0.0": [0, 0, "-((Math.cos((query.anim_time) * 90 * 48) * 30))"],
						"1.125": [0, 0, "-((Math.cos((query.anim_time) * 90 * 48) * 30))"],
						"1.25": [0, 0, 0],
						"1.3333": [0, 0, "-((Math.cos((query.anim_time) * 90 * 96) * 50))"],
						"2.25": [0, 0, "-((Math.cos((query.anim_time) * 90 * 96) * 50))"],
						"2.3333": [0, 0, "-((Math.cos((query.anim_time) * 90 * 48) * 30))"]
					}
				},
				"wing_back_right": {
					"rotation": {
						"0.0": [0, 0, "(Math.cos((query.anim_time) * 90 * 48) * 30)"],
						"1.125": [0, 0, "((Math.cos((query.anim_time) * 90 * 48) * 30))"],
						"1.25": [0, 0, 0],
						"1.3333": [0, 0, "(Math.cos((query.anim_time) * 90 * 96) * 50)"],
						"2.25": [0, 0, "(Math.cos((query.anim_time) * 90 * 96) * 50)"],
						"2.3333": [0, 0, "(Math.cos((query.anim_time) * 90 * 48) * 30)"]
					}
				},
				"head": {
					"rotation": {
						"0.0": [19.06031, 0, 0],
						"0.125": [30.31, 0, 0],
						"0.25": [31.56, 0, 0],
						"0.5417": [11.56, 0, 0],
						"0.875": {
							"pre": [1.56, 0, 0],
							"post": [1.56, 0, 0],
							"lerp_mode": "catmullrom"
						},
						"1.0": {
							"post": [3.7, 0, 0],
							"lerp_mode": "catmullrom"
						},
						"1.0833": {
							"post": [11.38, 0, 0],
							"lerp_mode": "catmullrom"
						},
						"1.1667": {
							"post": [24.06, 0, 0],
							"lerp_mode": "catmullrom"
						},
						"1.25": {
							"post": [21.56, 0, 0],
							"lerp_mode": "catmullrom"
						},
						"1.3333": {
							"post": [7.39, 0, 0],
							"lerp_mode": "catmullrom"
						},
						"1.5": {
							"post": [-5.94, 0, 0],
							"lerp_mode": "catmullrom"
						},
						"1.9167": {
							"post": [-18.44, 0, 0],
							"lerp_mode": "catmullrom"
						},
						"2.2917": {
							"post": [-14.19, 0, 0],
							"lerp_mode": "catmullrom"
						},
						"2.4167": {
							"post": [8.06, 0, 0],
							"lerp_mode": "catmullrom"
						},
						"2.6667": {
							"post": [31.56, 0, 0],
							"lerp_mode": "catmullrom"
						},
						"2.7917": {
							"post": [22.06, 0, 0],
							"lerp_mode": "catmullrom"
						},
						"2.875": {
							"post": [18.56031, 0, 0],
							"lerp_mode": "catmullrom"
						},
						"2.9583": [19.06, 0, 0],
						"3.0": [19.06, 0, 0]
					},
					"position": {
						"1.2083": [0, 0, 0],
						"1.2917": ["Math.cos((query.anim_time) * 90 * 48 - 150) * 0.1", "Math.cos((query.anim_time) * 90 * 64) * -0.2", 0],
						"1.8333": ["Math.cos((query.anim_time) * 90 * 48 - 150) * 0.05", "Math.cos((query.anim_time) * 90 * 64) * -0.2", 0],
						"2.3333": [0, 0, 0]
					}
				},
				"body": {
					"position": {
						"0.0": [0, 0, 0],
						"1.2083": [0, 0, 0],
						"1.2917": ["Math.cos((query.anim_time) * 90 * 48 - 90) * 0.6", "Math.cos((query.anim_time) * 90 * 64) * 0.6", 0],
						"1.8333": ["Math.cos((query.anim_time) * 90 * 48 - 90) * 0.2", "Math.cos((query.anim_time) * 90 * 64) * 0.6", 0],
						"2.3333": [0, 0, 0]
					}
				}
			}
		},
		"animation.ninjask.status": {
			"animation_length": 3,
			"bones": {
				"body_rotation": {
					"rotation": {
						"0.0": [-15, 0, 0],
						"0.0417": [-11.25, 0, 0],
						"0.125": [-9.75, 0, 0],
						"0.2083": [-11.19, 0, 0],
						"0.4167": [-18.95, 0, 0],
						"0.5": [-20, 0, 0],
						"0.5833": [-18.75928, 28.01575, 3.8417],
						"0.625": [-10, 0, 13.75],
						"0.6667": [-15, 0, 0],
						"0.7917": [-15, 0, -5],
						"0.8333": [-15, 0, -3.75],
						"0.875": [-15, 0, 2.5],
						"0.9167": [-10, 0, 16.75],
						"0.9583": [-15, 0, 11.5],
						"1.0417": [-15, 0, 3],
						"1.125": [-15, 0, -2.5],
						"1.1667": [-10, 0, 19.75],
						"1.2083": [-15, 0, 17.25],
						"1.25": [-15, 0, 0],
						"1.3333": [-22, 0, -4.85],
						"1.4583": [-28, 0, -6.25],
						"1.75": [-30, 0, -7.5],
						"1.9167": [-28.18, 0, -5],
						"2.0417": [-25, 0, -3.25],
						"2.125": {
							"pre": [-21.5, 0, -2.25],
							"post": [-21.5, 0, -2.25],
							"lerp_mode": "catmullrom"
						},
						"2.25": {
							"post": [-14, 0, 1],
							"lerp_mode": "catmullrom"
						},
						"2.4167": {
							"post": [-3.75, 0, 7.5],
							"lerp_mode": "catmullrom"
						},
						"2.625": [-6.75, 0, 8.75],
						"2.7917": [-13.71, 0, 1.89],
						"2.9167": [-15, 0, 0]
					},
					"position": {
						"0.0": [0, 7.7, 0],
						"0.25": [0, "7.7+Math.cos((query.anim_time) * 90 * 48) * 0.05", 0],
						"0.5": [0, "7.7+Math.cos((query.anim_time) * 90 * 48) * 0.8", 0],
						"0.5833": [0, 7.7, 0]
					},
					"scale": {
						"0.5833": [1, 1, 1],
						"0.625": {
							"pre": [1, 1, 1],
							"post": [1.6, 0.9, 0.8]
						},
						"0.6667": [1, 1, 1],
						"0.875": [1, 1, 1],
						"0.9167": {
							"pre": [1, 1, 1],
							"post": [1.6, 0.9, 0.8]
						},
						"0.9583": [1, 1, 1],
						"1.125": [1, 1, 1],
						"1.1667": {
							"pre": [1, 1, 1],
							"post": [1.6, 0.9, 0.8]
						},
						"1.2083": [1, 1, 1]
					}
				},
				"arm_front_left": {
					"rotation": {
						"0.0": [-30, 0, 40],
						"0.25": [-30, 16.75, 40],
						"0.5": [-30, 20, 40],
						"0.625": [-30, 20, 17.5],
						"0.8333": [-45, 20, 17.5],
						"0.9167": [-45, 20, 15],
						"1.0": [-24.75, 20, 11.75],
						"1.125": [-17.5, 20, 8],
						"1.2083": [-17.5, 20, 8],
						"1.5417": [-50, 20, 28],
						"1.8333": {
							"pre": [-56.25, 20, 31.75],
							"post": [-56.25, 20, 31.75],
							"lerp_mode": "catmullrom"
						},
						"2.125": {
							"post": [-56.25, 20, 31.75],
							"lerp_mode": "catmullrom"
						},
						"2.375": {
							"post": [-16.25, 8, 31.75],
							"lerp_mode": "catmullrom"
						},
						"2.5833": {
							"post": [-6.25, 3.25, 35.75],
							"lerp_mode": "catmullrom"
						},
						"2.8333": [-30, 0, 40]
					}
				},
				"arm_front_left2": {
					"rotation": {
						"0.0": [0, 0, 88],
						"1.125": [0, 0, 88],
						"1.1667": [0, 0, 85.5],
						"1.2083": [0, 0, 88]
					},
					"position": {
						"0.0": [0, 0, 0],
						"0.5833": [0, 0, 0],
						"0.625": [8, 0, 0],
						"0.6667": [0, 0, 0],
						"1.125": [0, 0, 0],
						"1.1667": [0, 0, 0],
						"1.2083": [0, 0, 0]
					},
					"scale": {
						"0.5833": [1, 1, 1],
						"0.625": [0.6, 7.1, 1],
						"0.6667": [1, 1, 1],
						"1.125": [1, 1, 1],
						"1.1667": [1.1, 1, 1],
						"1.2083": [1, 1, 1]
					}
				},
				"arm_back_left": {
					"rotation": [60, -26.5, 32.5]
				},
				"arm_back_left2": {
					"rotation": {
						"0.0": [0, 0, 115],
						"2.125": [0, 0, 115],
						"2.3333": {
							"pre": [0, 24.25, 115],
							"post": [0, 24.25, 115],
							"lerp_mode": "catmullrom"
						},
						"2.5417": {
							"post": [0, 34.25, 115],
							"lerp_mode": "catmullrom"
						},
						"2.75": {
							"post": [0, 9.61, 115],
							"lerp_mode": "catmullrom"
						},
						"2.9167": [0, 0, 115]
					}
				},
				"arm_front_right": {
					"rotation": {
						"0.0": [-30, 0, -40],
						"0.25": [-30, -16.5, -40],
						"0.5": [-30, -20, -40],
						"0.7083": [-8.75, -19.46, -47],
						"0.7917": [-24.28, -19.44, -48.08],
						"0.875": [-28.06, -19.43, -49.16],
						"1.0417": [-38.23, 7.22, -18.38],
						"1.0833": [-38.04, 7.05, -21.05],
						"1.1667": [-37.66, 6.72, -47.39],
						"1.5833": {
							"pre": [-55.74, -27.46, -20.54],
							"post": [-55.74, -27.46, -20.54],
							"lerp_mode": "catmullrom"
						},
						"1.9167": {
							"post": [-60.38, -33.14, -12.23],
							"lerp_mode": "catmullrom"
						},
						"2.4167": {
							"post": [-11.31, -15.06, -27.38],
							"lerp_mode": "catmullrom"
						},
						"2.8333": [-30, 0, -40]
					}
				},
				"arm_front_right2": {
					"rotation": {
						"0.0": [0, 0, -88],
						"0.8333": [0, 0, -88],
						"0.875": {
							"pre": [0, 0, -88],
							"post": [0, 0, -19.25]
						},
						"0.9167": [0, 0, -38],
						"0.9583": [0, 0, -88]
					},
					"position": {
						"0.0": [0, 0, 0],
						"0.875": [0, 0, 0],
						"0.9167": [-4.5, 4.5, 0],
						"0.9583": [0, 0, 0]
					},
					"scale": {
						"0.875": [1, 1, 1],
						"0.9167": [0.5, 6.8, 1],
						"0.9583": [1, 1, 1]
					}
				},
				"arm_back_right": {
					"rotation": [60, 26.5, -32.5]
				},
				"arm_back_right2": {
					"rotation": {
						"0.0": [0, 0, -115],
						"2.125": [0, 0, -115],
						"2.3333": {
							"pre": [0, -24.25, -115],
							"post": [0, -24.25, -115],
							"lerp_mode": "catmullrom"
						},
						"2.5417": {
							"post": [0, -34.25, -115],
							"lerp_mode": "catmullrom"
						},
						"2.75": {
							"post": [0, -9.61, -115],
							"lerp_mode": "catmullrom"
						},
						"2.9167": [0, 0, -115]
					}
				},
				"wing_front_left": {
					"rotation": [0, 0, "Math.cos((query.anim_time) * 90 * 48) * 30"]
				},
				"wing_back_left": {
					"rotation": [0, 0, "-(Math.cos((query.anim_time) * 90 * 48) * 30)"]
				},
				"wing_front_right": {
					"rotation": [0, 0, "-(Math.cos((query.anim_time) * 90 * 48) * 30)"]
				},
				"wing_back_right": {
					"rotation": [0, 0, "Math.cos((query.anim_time) * 90 * 48) * 30"]
				},
				"head": {
					"rotation": {
						"0.0": [19.06031, 0, 0],
						"0.0833": [14.06, 0, 0],
						"0.25": [11.56, 0, 0],
						"0.5": [24.06, 0, 0],
						"0.625": [19.06031, 0, 0],
						"1.2083": [19.06, 0, 0],
						"1.375": [7.39, 0, 0],
						"1.5833": [4.06, 0, 0],
						"1.7917": [4.56, 0, 0],
						"2.0": {
							"pre": [9.06, 0, 0],
							"post": [9.06, 0, 0],
							"lerp_mode": "catmullrom"
						},
						"2.25": {
							"post": [17.06, 0, 0],
							"lerp_mode": "catmullrom"
						},
						"2.4583": {
							"post": [20.56, 0, 0],
							"lerp_mode": "catmullrom"
						},
						"2.75": {
							"post": [16.06031, 0, 0],
							"lerp_mode": "catmullrom"
						},
						"2.9167": [19.06031, 0, 0]
					}
				},
				"body": {
					"position": {
						"0.0": [0, 0, 0],
						"0.2083": [0, -0.5, 6.85],
						"0.2917": [0, -0.15, 8.875],
						"0.4167": {
							"pre": [0, 1, 10],
							"post": [0, 1, 10],
							"lerp_mode": "catmullrom"
						},
						"0.5": {
							"post": [0, 1.25, 10.675],
							"lerp_mode": "catmullrom"
						},
						"0.5417": {
							"post": [1.25, -0.25, 15.425],
							"lerp_mode": "catmullrom"
						},
						"0.5833": {
							"post": [8, 1.25, 6.675],
							"lerp_mode": "catmullrom"
						},
						"0.625": [-22, 16.25, 8.175],
						"0.75": [-23, 17.25, 8.1],
						"0.875": {
							"pre": [-23, 17.25, 8.1],
							"post": [-22, 6.25, 4.6]
						},
						"0.9167": [24, -0.75, -5.9],
						"1.0417": [25.425, -1.85, -7],
						"1.1667": {
							"pre": [21.25, 9.5, -2.9],
							"post": [21.25, 9.5, -2.9],
							"lerp_mode": "catmullrom"
						},
						"1.2083": {
							"post": [10, 15.25, 1.1],
							"lerp_mode": "catmullrom"
						},
						"1.3333": {
							"post": [2.43, 17.64, 1.1],
							"lerp_mode": "catmullrom"
						},
						"1.5": {
							"post": [-1.25, 18.5, 1.1],
							"lerp_mode": "catmullrom"
						},
						"1.6667": {
							"post": [-2.25, 17.75, 1.1],
							"lerp_mode": "catmullrom"
						},
						"1.8333": {
							"post": [-3.25, 16.25, 1.1],
							"lerp_mode": "catmullrom"
						},
						"2.0": {
							"post": [-4.25, 11.5, 1.1],
							"lerp_mode": "catmullrom"
						},
						"2.125": {
							"post": [-5.5, 3.5, 1.1],
							"lerp_mode": "catmullrom"
						},
						"2.25": {
							"post": [-5.5, -1.5, 1.1],
							"lerp_mode": "catmullrom"
						},
						"2.4167": {
							"post": [-4.58, -3.75, 0.73],
							"lerp_mode": "catmullrom"
						},
						"2.5833": {
							"post": [-2.79, -2.62, 0.36],
							"lerp_mode": "catmullrom"
						},
						"2.7083": {
							"post": [-1.15, -0.5, 0],
							"lerp_mode": "catmullrom"
						},
						"2.8333": {
							"post": [0, 0.75, 0],
							"lerp_mode": "catmullrom"
						},
						"2.9583": [0, 0, 0]
					}
				},
				"pupil_left": {
					"rotation": [0, 0, 0],
					"position": {
						"0.0": [0, 0, 0],
						"0.5833": [0, 0, 0],
						"0.625": [6, 0, 0],
						"0.6667": [0, 0, 0]
					},
					"scale": {
						"0.5833": [1, 1, 1],
						"0.625": [12.9, 0.7, 1],
						"0.6667": [1, 1, 1]
					}
				},
				"pupil_right": {
					"position": {
						"0.0": [0, 0, 0],
						"0.875": [0, 0, 0],
						"0.9167": [-5, 0, 0],
						"0.9583": [0, 0, 0]
					},
					"scale": {
						"0.875": [1, 1, 1],
						"0.9167": [11.1, 0.7, 1],
						"0.9583": [1, 1, 1]
					}
				}
			}
		},
		"animation.ninjask.physical": {
			"animation_length": 3,
			"bones": {
				"body_rotation": {
					"rotation": {
						"0.0": [-15, 0, 0],
						"0.1667": {
							"pre": [-5, 0, 0],
							"post": [-5, 0, 0],
							"lerp_mode": "catmullrom"
						},
						"0.5417": {
							"post": [9, 0, 0],
							"lerp_mode": "catmullrom"
						},
						"0.625": [10.46, 0, 0],
						"0.6667": [-5, 0, 0],
						"0.7083": [-22.5, 0, 0],
						"1.2083": {
							"pre": [0, -62.5, 0],
							"post": [0, -62.5, 0],
							"lerp_mode": "catmullrom"
						},
						"1.25": {
							"post": [13.91, -81.73, 0],
							"lerp_mode": "catmullrom"
						},
						"1.2917": {
							"post": [0, -99.75, 0],
							"lerp_mode": "catmullrom"
						},
						"1.3333": {
							"post": [0, -152.5, 0],
							"lerp_mode": "catmullrom"
						},
						"1.4583": {
							"post": [-1.5, -247.5, 0],
							"lerp_mode": "catmullrom"
						},
						"1.75": [-12.5, -330, 0],
						"1.9583": {
							"pre": [-17.75, -360, 0],
							"post": [-17.75, -360, 0],
							"lerp_mode": "catmullrom"
						},
						"2.0833": {
							"post": [-13.325, -360, 0],
							"lerp_mode": "catmullrom"
						},
						"2.2083": {
							"post": [-7.8, -360, 0],
							"lerp_mode": "catmullrom"
						},
						"2.2917": {
							"post": [-5.5, -360, 0],
							"lerp_mode": "catmullrom"
						},
						"2.4167": {
							"post": [-14.95, -360, 0],
							"lerp_mode": "catmullrom"
						},
						"2.5": [-16, -360, 0],
						"2.5417": [-15, -360, 0],
						"2.5833": {"pre": [-15, -360, 0], "post": [-15, 0, 0]},
						"3.0": [-15, 0, 0]
					},
					"scale": {
						"0.625": [1, 1, 1],
						"0.6667": [0.8, 0.8, 2],
						"0.7083": {"pre": [0.8, 0.8, 2], "post": [0, 0, 0]},
						"1.2083": {"pre": [0, 0, 0], "post": [0.8, 0.8, 2]},
						"1.25": [0.6917, 0.6667, 2.2667],
						"1.3333": [1, 1, 1]
					}
				},
				"arm_front_left": {
					"rotation": {
						"0.0": [-30, 0, 40],
						"0.25": [33.25, 0, 40],
						"0.5": [50, 0, 40],
						"0.5833": [52.5, 0, 40],
						"0.6667": [102.5, -22.5, 90],
						"1.2083": [85, 20, 15],
						"1.5": [-37.5, 10, 27.5],
						"1.7917": [-30, 0, 40],
						"2.125": {
							"pre": [-55.25, 0, 40],
							"post": [-55.25, 0, 40],
							"lerp_mode": "catmullrom"
						},
						"2.3333": {
							"post": [-43.75, 0, 40],
							"lerp_mode": "catmullrom"
						},
						"2.5417": {
							"post": [-23.75, 0, 40],
							"lerp_mode": "catmullrom"
						},
						"2.7083": {
							"post": [-21.775, 0, 40],
							"lerp_mode": "catmullrom"
						},
						"2.875": [-27.45, 0, 40],
						"3.0": [-29, 0, 40]
					}
				},
				"arm_front_left2": {
					"rotation": {
						"0.0": [0, 0, 88],
						"0.1667": {
							"pre": [0, -27.5, 118.5],
							"post": [0, -27.5, 118.5],
							"lerp_mode": "catmullrom"
						},
						"0.2917": {
							"post": [0, -24.75, 120.31],
							"lerp_mode": "catmullrom"
						},
						"0.5": [0, 0, 103],
						"0.625": [0, 0, 88],
						"0.6667": [0, 0, 55.5],
						"1.2083": [0, 0, 28],
						"1.6667": [0, 0, 88],
						"2.125": [0, 0, 110.5],
						"2.4583": {
							"pre": [0, 1, 78.25],
							"post": [0, 1, 78.25],
							"lerp_mode": "catmullrom"
						},
						"2.6667": {
							"post": [0, 0, 90.25],
							"lerp_mode": "catmullrom"
						},
						"2.8333": {
							"post": [0, 2.31, 89.3],
							"lerp_mode": "catmullrom"
						},
						"3.0": [0, 0, 88]
					}
				},
				"arm_back_left": {
					"rotation": {
						"0.0": [60, -26.5, 32.5],
						"0.3333": [60, -26.5, 10],
						"1.5": [60, -26.5, 10],
						"1.9583": [60, -26.5, 32.5],
						"2.0833": [60, -26.5, 32.5],
						"2.3333": {
							"pre": [42.5, -26.5, 32.5],
							"post": [42.5, -26.5, 32.5],
							"lerp_mode": "catmullrom"
						},
						"2.5417": {
							"post": [54.75, -26.5, 32.5],
							"lerp_mode": "catmullrom"
						},
						"2.7083": [60, -26.5, 32.5],
						"2.7917": [60, -26.5, 32.5]
					}
				},
				"arm_back_left2": {
					"rotation": [0, 0, 115]
				},
				"arm_front_right": {
					"rotation": {
						"0.0": [-30, 0, -40],
						"0.25": [33.25, 0, -40],
						"0.5": [50, 0, -40],
						"0.5833": [52.5, 0, -40],
						"0.6667": [102.5, 22.5, -90],
						"1.2083": {"pre": [102.5, 22.5, -90], "post": [85, -20, -15]},
						"1.2917": [59.09807, -2.13548, -1.51243],
						"1.5": [-37.5, -10, -27.5],
						"1.7917": [-30, 0, -40],
						"2.125": {
							"pre": [-55.25, 0, -40],
							"post": [-55.25, 0, -40],
							"lerp_mode": "catmullrom"
						},
						"2.3333": {
							"post": [-43.75, 0, -40],
							"lerp_mode": "catmullrom"
						},
						"2.5417": {
							"post": [-23.75, 0, -40],
							"lerp_mode": "catmullrom"
						},
						"2.7083": {
							"post": [-21.775, 0, -40],
							"lerp_mode": "catmullrom"
						},
						"2.875": [-27.45, 0, -40],
						"3.0": [-29, 0, -40]
					}
				},
				"arm_front_right2": {
					"rotation": {
						"0.0": [0, 0, -88],
						"0.1667": {
							"pre": [0, 27.5, -118.5],
							"post": [0, 27.5, -118.5],
							"lerp_mode": "catmullrom"
						},
						"0.2917": {
							"post": [0, 24.75, -120.31],
							"lerp_mode": "catmullrom"
						},
						"0.5": [0, 0, -103],
						"0.625": [0, 0, -88],
						"0.6667": [0, 0, -55.5],
						"1.2083": {"pre": [0, 0, -55.5], "post": [0, 0, -28]},
						"1.2917": [50, 0, -38.91],
						"1.6667": [0, 0, -88],
						"2.125": [0, 0, -110.5],
						"2.4167": {
							"pre": [0, -1, -78.25],
							"post": [0, -1, -78.25],
							"lerp_mode": "catmullrom"
						},
						"2.625": {
							"post": [0, 0, -90.25],
							"lerp_mode": "catmullrom"
						},
						"2.7917": {
							"post": [0, -2.31, -89.3],
							"lerp_mode": "catmullrom"
						},
						"2.9583": [0, 0, -88]
					},
					"position": {
						"0.0": [0, 0, 0],
						"1.2083": [0, 0, 0],
						"1.25": [4, -2, 0],
						"1.2917": [5, -5.25, 9.25],
						"1.3333": [0, 0, 0]
					},
					"scale": {
						"1.2083": [1, 1, 1],
						"1.25": [1.7, 3.7, 0.7],
						"1.2917": [0.75, 9.75, 0.85],
						"1.3333": [1, 1, 1]
					}
				},
				"arm_back_right": {
					"rotation": {
						"0.0": [60, 26.5, -32.5],
						"0.3333": [60, 26.5, -10],
						"1.5": [60, 26.5, -10],
						"1.9583": [60, 26.5, -32.5],
						"2.0833": [60, 26.5, -32.5],
						"2.3333": {
							"pre": [42.5, 26.5, -32.5],
							"post": [42.5, 26.5, -32.5],
							"lerp_mode": "catmullrom"
						},
						"2.5417": {
							"post": [54.75, 26.5, -32.5],
							"lerp_mode": "catmullrom"
						},
						"2.7083": [60, 26.5, -32.5],
						"2.7917": [60, 26.5, -32.5]
					}
				},
				"arm_back_right2": {
					"rotation": [0, 0, -115]
				},
				"wing_front_left": {
					"rotation": [0, 0, "Math.cos((query.anim_time) * 90 * 48) * 30"]
				},
				"wing_back_left": {
					"rotation": [0, 0, "-(Math.cos((query.anim_time) * 90 * 48) * 30)"],
					"scale": {
						"1.2083": [1, 1, 1],
						"1.25": [0.5, 1, 3.6],
						"1.3333": [1, 1, 1]
					}
				},
				"wing_front_right": {
					"rotation": [0, 0, "-(Math.cos((query.anim_time) * 90 * 48) * 30)"]
				},
				"wing_back_right": {
					"rotation": [0, 0, "Math.cos((query.anim_time) * 90 * 48) * 30"],
					"scale": {
						"1.2083": [1, 1, 1],
						"1.25": [0.5, 1, 3.6],
						"1.3333": [1, 1, 1]
					}
				},
				"head": {
					"rotation": {
						"0.0": [19.06031, 0, 0],
						"0.2083": [9.06, 0, 0],
						"0.5": [-0.94, 0, 0],
						"0.625": [-0.94, 0, 0],
						"1.4583": [-0.94, 0, 0],
						"1.7917": [9.06, 0, 0],
						"2.0": {
							"pre": [14.62, 0, 0],
							"post": [14.62, 0, 0],
							"lerp_mode": "catmullrom"
						},
						"2.1667": {
							"post": [16.56, 0, 0],
							"lerp_mode": "catmullrom"
						},
						"2.2917": {
							"post": [15.06, 0, 0],
							"lerp_mode": "catmullrom"
						},
						"2.4583": {
							"post": [20.81031, 0, 0],
							"lerp_mode": "catmullrom"
						},
						"2.625": [19.735, 0, 0],
						"2.7083": [19.06, 0, 0]
					}
				},
				"body": {
					"rotation": {
						"1.25": [0, 0, 0],
						"1.375": {
							"pre": [27.5, 0, -26.5],
							"post": [27.5, 0, -26.5],
							"lerp_mode": "catmullrom"
						},
						"1.4583": {
							"post": [32.5, 2.5, 1.62],
							"lerp_mode": "catmullrom"
						},
						"1.5833": {
							"post": [27.5, 10, 10],
							"lerp_mode": "catmullrom"
						},
						"1.7083": {
							"post": [11.85, 4.09, 3.41],
							"lerp_mode": "catmullrom"
						},
						"1.8333": [0, 0, 0]
					},
					"position": {
						"0.0": [0, 7.7, 0],
						"0.1667": {
							"pre": [0, 8.2, 10.95],
							"post": [0, 8.2, 10.95],
							"lerp_mode": "catmullrom"
						},
						"0.3333": {
							"post": [0, 9.7, 14.95],
							"lerp_mode": "catmullrom"
						},
						"0.5": [-0.07, 10.08, 15.96],
						"0.5417": ["0+Math.cos((query.anim_time) * 90 * 48) * 0.2", 10.2, 16.75],
						"0.625": ["0+Math.cos((query.anim_time) * 90 * 128) * 8", 11.2, 25.75],
						"0.6667": ["-0.18+Math.cos((query.anim_time) * 90 * 128) * 10", 8.95, 16.5],
						"0.7083": ["0+Math.cos((query.anim_time) * 90 * 128) * 10", 20.45, -19.25],
						"0.8333": [-14.5, 20.45, -15],
						"1.2083": [-28, 20.45, -2.25],
						"1.25": [-8, 11.95, "-20.25+Math.cos((query.anim_time) * 90 * 128) * 4"],
						"1.2917": [30, 3.45, -20.25],
						"1.375": {
							"pre": [43, 3.45, -0.25],
							"post": [43, 3.45, -0.25],
							"lerp_mode": "catmullrom"
						},
						"1.4583": {
							"post": [35, 3.45, 16.75],
							"lerp_mode": "catmullrom"
						},
						"1.5417": {
							"post": [20.41, 3.34, 24.14],
							"lerp_mode": "catmullrom"
						},
						"1.6667": {
							"post": [9.5, 3.45, 22.75],
							"lerp_mode": "catmullrom"
						},
						"1.75": {
							"post": [4.38, 4.05, 17.55],
							"lerp_mode": "catmullrom"
						},
						"1.8333": {
							"post": [1, 5.5, 9],
							"lerp_mode": "catmullrom"
						},
						"1.9583": {
							"post": [0, 7, 0],
							"lerp_mode": "catmullrom"
						},
						"2.0833": {
							"post": [0, 8.05, -3.55],
							"lerp_mode": "catmullrom"
						},
						"2.2083": {
							"post": [0, 9.15, -4.85],
							"lerp_mode": "catmullrom"
						},
						"2.3333": {
							"post": [0, 9.7, -3.2],
							"lerp_mode": "catmullrom"
						},
						"2.4583": {
							"post": [0, 9.45, 0.425],
							"lerp_mode": "catmullrom"
						},
						"2.625": {
							"post": [0, 8.35, 1.775],
							"lerp_mode": "catmullrom"
						},
						"2.8333": {
							"post": [0, 7.7, 0.35],
							"lerp_mode": "catmullrom"
						},
						"3.0": [0, 7.7, 0]
					}
				},
				"pupil_left": {
					"rotation": {
						"1.2083": [0, 0, 0],
						"1.25": [0, 10, 0],
						"1.3333": [0, 0, 0]
					},
					"position": {
						"1.2083": [0, 0, 0],
						"1.25": [2, 0, 7.25],
						"1.3333": [0, 0, 0]
					},
					"scale": {
						"1.2083": [1, 1, 1],
						"1.25": [1, 1, 16],
						"1.3333": [1, 1, 1]
					}
				},
				"eye_right": {
					"scale": {
						"1.2083": [1, 1, 1],
						"1.25": [1, 1, 1]
					}
				},
				"pupil_right": {
					"rotation": {
						"0.0": [0, 0, 0],
						"1.2083": [0, 0, 0],
						"1.25": [0, -10, 0],
						"1.3333": [0, 0, 0]
					},
					"position": {
						"0.0": [0, 0, 0],
						"1.2083": [0, 0, 0],
						"1.25": [-2, 0, 7.25],
						"1.3333": [0, 0, 0]
					},
					"scale": {
						"1.2083": [1, 1, 1],
						"1.25": [1, 1, 16],
						"1.3333": [1, 1, 1]
					}
				},
				"tail": {
					"scale": {
						"1.2083": [1, 1, 1],
						"1.25": [1, 1, 3.2],
						"1.3333": [1, 1, 1]
					}
				}
			}
		},
		"animation.ninjask.battle_cry": {
			"animation_length": 3,
			"bones": {
				"body_rotation": {
					"rotation": {
						"0.0": [-15, 0, 0],
						"0.0417": [-11.25, 0, 0],
						"0.125": [-9.75, 0, 0],
						"0.2083": [-11.19, 0, 0],
						"0.4167": [-18.95, 0, 0],
						"0.5": [-20, 0, 0],
						"0.5833": [-18.75928, 28.01575, 3.8417],
						"0.625": [-10, 0, 13.75],
						"0.6667": [-15, 0, 0],
						"0.7917": [-15, 0, -5],
						"0.8333": [-15, 0, -3.75],
						"0.875": [-15, 0, 2.5],
						"0.9167": [-10, 0, 16.75],
						"0.9583": [-15, 0, 11.5],
						"1.0417": [-15, 0, 3],
						"1.125": [-15, 0, -2.5],
						"1.1667": [-10, 0, 19.75],
						"1.2083": [-15, 0, 17.25],
						"1.25": [-15, 0, 0],
						"1.3333": [-22, 0, -4.85],
						"1.4583": [-28, 0, -6.25],
						"1.75": [-30, 0, -7.5],
						"1.9167": [-28.18, 0, -5],
						"2.0417": [-25, 0, -3.25],
						"2.125": {
							"pre": [-21.5, 0, -2.25],
							"post": [-21.5, 0, -2.25],
							"lerp_mode": "catmullrom"
						},
						"2.25": {
							"post": [-14, 0, 1],
							"lerp_mode": "catmullrom"
						},
						"2.4167": {
							"post": [-3.75, 0, 7.5],
							"lerp_mode": "catmullrom"
						},
						"2.625": [-6.75, 0, 8.75],
						"2.7917": [-13.71, 0, 1.89],
						"2.9167": [-15, 0, 0]
					},
					"position": {
						"0.0": [0, 7.7, 0],
						"0.25": [0, "7.7+Math.cos((query.anim_time) * 90 * 48) * 0.05", 0],
						"0.5": [0, "7.7+Math.cos((query.anim_time) * 90 * 48) * 0.8", 0],
						"0.5833": [0, 7.7, 0]
					},
					"scale": {
						"0.5833": [1, 1, 1],
						"0.625": {
							"pre": [1, 1, 1],
							"post": [1.6, 0.9, 0.8]
						},
						"0.6667": [1, 1, 1],
						"0.875": [1, 1, 1],
						"0.9167": {
							"pre": [1, 1, 1],
							"post": [1.6, 0.9, 0.8]
						},
						"0.9583": [1, 1, 1],
						"1.125": [1, 1, 1],
						"1.1667": {
							"pre": [1, 1, 1],
							"post": [1.6, 0.9, 0.8]
						},
						"1.2083": [1, 1, 1]
					}
				},
				"arm_front_left": {
					"rotation": {
						"0.0": [-30, 0, 40],
						"0.25": [-30, 16.75, 40],
						"0.5": [-30, 20, 40],
						"0.625": [-30, 20, 17.5],
						"0.8333": [-45, 20, 17.5],
						"0.9167": [-45, 20, 15],
						"1.0": [-24.75, 20, 11.75],
						"1.125": [-17.5, 20, 8],
						"1.2083": [-17.5, 20, 8],
						"1.5417": [-50, 20, 28],
						"1.8333": {
							"pre": [-56.25, 20, 31.75],
							"post": [-56.25, 20, 31.75],
							"lerp_mode": "catmullrom"
						},
						"2.125": {
							"post": [-56.25, 20, 31.75],
							"lerp_mode": "catmullrom"
						},
						"2.375": {
							"post": [-16.25, 8, 31.75],
							"lerp_mode": "catmullrom"
						},
						"2.5833": {
							"post": [-6.25, 3.25, 35.75],
							"lerp_mode": "catmullrom"
						},
						"2.8333": [-30, 0, 40]
					}
				},
				"arm_front_left2": {
					"rotation": {
						"0.0": [0, 0, 88],
						"1.125": [0, 0, 88],
						"1.1667": [0, 0, 85.5],
						"1.2083": [0, 0, 88]
					},
					"position": {
						"0.0": [0, 0, 0],
						"0.5833": [0, 0, 0],
						"0.625": [8, 0, 0],
						"0.6667": [0, 0, 0],
						"1.125": [0, 0, 0],
						"1.1667": [0, 0, 0],
						"1.2083": [0, 0, 0]
					},
					"scale": {
						"0.5833": [1, 1, 1],
						"0.625": [0.6, 7.1, 1],
						"0.6667": [1, 1, 1],
						"1.125": [1, 1, 1],
						"1.1667": [1.1, 1, 1],
						"1.2083": [1, 1, 1]
					}
				},
				"arm_back_left": {
					"rotation": [60, -26.5, 32.5]
				},
				"arm_back_left2": {
					"rotation": {
						"0.0": [0, 0, 115],
						"2.125": [0, 0, 115],
						"2.3333": {
							"pre": [0, 24.25, 115],
							"post": [0, 24.25, 115],
							"lerp_mode": "catmullrom"
						},
						"2.5417": {
							"post": [0, 34.25, 115],
							"lerp_mode": "catmullrom"
						},
						"2.75": {
							"post": [0, 9.61, 115],
							"lerp_mode": "catmullrom"
						},
						"2.9167": [0, 0, 115]
					}
				},
				"arm_front_right": {
					"rotation": {
						"0.0": [-30, 0, -40],
						"0.25": [-30, -16.5, -40],
						"0.5": [-30, -20, -40],
						"0.7083": [-8.75, -19.46, -47],
						"0.7917": [-24.28, -19.44, -48.08],
						"0.875": [-28.06, -19.43, -49.16],
						"1.0417": [-38.23, 7.22, -18.38],
						"1.0833": [-38.04, 7.05, -21.05],
						"1.1667": [-37.66, 6.72, -47.39],
						"1.5833": {
							"pre": [-55.74, -27.46, -20.54],
							"post": [-55.74, -27.46, -20.54],
							"lerp_mode": "catmullrom"
						},
						"1.9167": {
							"post": [-60.38, -33.14, -12.23],
							"lerp_mode": "catmullrom"
						},
						"2.4167": {
							"post": [-11.31, -15.06, -27.38],
							"lerp_mode": "catmullrom"
						},
						"2.8333": [-30, 0, -40]
					}
				},
				"arm_front_right2": {
					"rotation": {
						"0.0": [0, 0, -88],
						"0.8333": [0, 0, -88],
						"0.875": {
							"pre": [0, 0, -88],
							"post": [0, 0, -19.25]
						},
						"0.9167": [0, 0, -38],
						"0.9583": [0, 0, -88]
					},
					"position": {
						"0.0": [0, 0, 0],
						"0.875": [0, 0, 0],
						"0.9167": [-4.5, 4.5, 0],
						"0.9583": [0, 0, 0]
					},
					"scale": {
						"0.875": [1, 1, 1],
						"0.9167": [0.5, 6.8, 1],
						"0.9583": [1, 1, 1]
					}
				},
				"arm_back_right": {
					"rotation": [60, 26.5, -32.5]
				},
				"arm_back_right2": {
					"rotation": {
						"0.0": [0, 0, -115],
						"2.125": [0, 0, -115],
						"2.3333": {
							"pre": [0, -24.25, -115],
							"post": [0, -24.25, -115],
							"lerp_mode": "catmullrom"
						},
						"2.5417": {
							"post": [0, -34.25, -115],
							"lerp_mode": "catmullrom"
						},
						"2.75": {
							"post": [0, -9.61, -115],
							"lerp_mode": "catmullrom"
						},
						"2.9167": [0, 0, -115]
					}
				},
				"wing_front_left": {
					"rotation": [0, 0, "Math.cos((query.anim_time) * 90 * 48) * 30"]
				},
				"wing_back_left": {
					"rotation": [0, 0, "-(Math.cos((query.anim_time) * 90 * 48) * 30)"]
				},
				"wing_front_right": {
					"rotation": [0, 0, "-(Math.cos((query.anim_time) * 90 * 48) * 30)"]
				},
				"wing_back_right": {
					"rotation": [0, 0, "Math.cos((query.anim_time) * 90 * 48) * 30"]
				},
				"head": {
					"rotation": {
						"0.0": [19.06031, 0, 0],
						"0.0833": [14.06, 0, 0],
						"0.25": [11.56, 0, 0],
						"0.5": [24.06, 0, 0],
						"0.625": [19.06031, 0, 0],
						"1.2083": [19.06, 0, 0],
						"1.375": [7.39, 0, 0],
						"1.5833": [4.06, 0, 0],
						"1.7917": [4.56, 0, 0],
						"2.0": {
							"pre": [9.06, 0, 0],
							"post": [9.06, 0, 0],
							"lerp_mode": "catmullrom"
						},
						"2.25": {
							"post": [17.06, 0, 0],
							"lerp_mode": "catmullrom"
						},
						"2.4583": {
							"post": [20.56, 0, 0],
							"lerp_mode": "catmullrom"
						},
						"2.75": {
							"post": [16.06031, 0, 0],
							"lerp_mode": "catmullrom"
						},
						"2.9167": [19.06031, 0, 0]
					}
				},
				"body": {
					"position": {
						"0.0": [0, 0, 0],
						"0.2083": [0, -0.5, 6.85],
						"0.2917": [0, -0.15, 8.875],
						"0.4167": {
							"pre": [0, 1, 10],
							"post": [0, 1, 10],
							"lerp_mode": "catmullrom"
						},
						"0.5": {
							"post": [0, 1.25, 10.675],
							"lerp_mode": "catmullrom"
						},
						"0.5417": {
							"post": [1.25, -0.25, 15.425],
							"lerp_mode": "catmullrom"
						},
						"0.5833": {
							"post": [8, 1.25, 6.675],
							"lerp_mode": "catmullrom"
						},
						"0.625": [-22, 16.25, 8.175],
						"0.75": [-23, 17.25, 8.1],
						"0.875": {
							"pre": [-23, 17.25, 8.1],
							"post": [-22, 6.25, 4.6]
						},
						"0.9167": [24, -0.75, -5.9],
						"1.0417": [25.425, -1.85, -7],
						"1.1667": {
							"pre": [21.25, 9.5, -2.9],
							"post": [21.25, 9.5, -2.9],
							"lerp_mode": "catmullrom"
						},
						"1.2083": {
							"post": [10, 15.25, 1.1],
							"lerp_mode": "catmullrom"
						},
						"1.3333": {
							"post": [2.43, 17.64, 1.1],
							"lerp_mode": "catmullrom"
						},
						"1.5": {
							"post": [-1.25, 18.5, 1.1],
							"lerp_mode": "catmullrom"
						},
						"1.6667": {
							"post": [-2.25, 17.75, 1.1],
							"lerp_mode": "catmullrom"
						},
						"1.8333": {
							"post": [-3.25, 16.25, 1.1],
							"lerp_mode": "catmullrom"
						},
						"2.0": {
							"post": [-4.25, 11.5, 1.1],
							"lerp_mode": "catmullrom"
						},
						"2.125": {
							"post": [-5.5, 3.5, 1.1],
							"lerp_mode": "catmullrom"
						},
						"2.25": {
							"post": [-5.5, -1.5, 1.1],
							"lerp_mode": "catmullrom"
						},
						"2.4167": {
							"post": [-4.58, -3.75, 0.73],
							"lerp_mode": "catmullrom"
						},
						"2.5833": {
							"post": [-2.79, -2.62, 0.36],
							"lerp_mode": "catmullrom"
						},
						"2.7083": {
							"post": [-1.15, -0.5, 0],
							"lerp_mode": "catmullrom"
						},
						"2.8333": {
							"post": [0, 0.75, 0],
							"lerp_mode": "catmullrom"
						},
						"2.9583": [0, 0, 0]
					}
				},
				"pupil_left": {
					"rotation": [0, 0, 0],
					"position": {
						"0.0": [0, 0, 0],
						"0.5833": [0, 0, 0],
						"0.625": [6, 0, 0],
						"0.6667": [0, 0, 0]
					},
					"scale": {
						"0.5833": [1, 1, 1],
						"0.625": [12.9, 0.7, 1],
						"0.6667": [1, 1, 1]
					}
				},
				"pupil_right": {
					"position": {
						"0.0": [0, 0, 0],
						"0.875": [0, 0, 0],
						"0.9167": [-5, 0, 0],
						"0.9583": [0, 0, 0]
					},
					"scale": {
						"0.875": [1, 1, 1],
						"0.9167": [11.1, 0.7, 1],
						"0.9583": [1, 1, 1]
					}
				}
			},
			"sound_effects": {
				"1.25": {
					"effect": "pokemon.ninjask.cry"
				}
			}
		},
		"animation.ninjask.recoil": {
			"animation_length": 0.6667,
			"bones": {
				"body_rotation": {
					"rotation": {
						"0.0": [0, 0, 0],
						"0.0417": {
							"pre": [27.5, 0, -8.75],
							"post": [27.5, 0, -8.75],
							"lerp_mode": "catmullrom"
						},
						"0.1667": {
							"post": [-13.59, 0, 12.5],
							"lerp_mode": "catmullrom"
						},
						"0.25": {
							"post": [-21.5, 0, 17],
							"lerp_mode": "catmullrom"
						},
						"0.375": {
							"post": [-18.05, 0, 12.5],
							"lerp_mode": "catmullrom"
						},
						"0.5": [-3.75, 0, 1.75],
						"0.5833": [0, 0, 0]
					},
					"position": {
						"0.0": [0, 0, 0],
						"0.0833": {
							"pre": [0, 1.35, 6.5],
							"post": [0, 1.35, 6.5],
							"lerp_mode": "catmullrom"
						},
						"0.2083": {
							"post": [1.25, 3.35, 8],
							"lerp_mode": "catmullrom"
						},
						"0.3333": {
							"post": [0.75, 2.6, 6.4],
							"lerp_mode": "catmullrom"
						},
						"0.4583": {
							"post": [0.26, 0.94, 1.95],
							"lerp_mode": "catmullrom"
						},
						"0.5417": {
							"post": [0, 0, 0.5],
							"lerp_mode": "catmullrom"
						},
						"0.6667": [0, 0, 0]
					}
				},
				"arm_front_left": {
					"rotation": {
						"0.0": [0, 0, 0],
						"0.0833": {
							"pre": [0, 25.5, 0],
							"post": [0, 25.5, 0],
							"lerp_mode": "catmullrom"
						},
						"0.3333": {
							"post": [0, -3.8, -12.5],
							"lerp_mode": "catmullrom"
						},
						"0.5": [0, -1.3, 0],
						"0.5833": [0, 0, 0]
					}
				},
				"arm_front_right": {
					"rotation": {
						"0.0": [0, 0, 0],
						"0.0833": {
							"pre": [0, -25.5, -4],
							"post": [0, -25.5, -4],
							"lerp_mode": "catmullrom"
						},
						"0.3333": {
							"post": [0, 3.8, -10],
							"lerp_mode": "catmullrom"
						},
						"0.5": [0, 1.3, -1.75],
						"0.5833": [0, 0, 0]
					}
				},
				"head": {
					"rotation": {
						"0.0": [0, 0, 0],
						"0.0417": {
							"pre": [40, 0, 0],
							"post": [40, 0, 0],
							"lerp_mode": "catmullrom"
						},
						"0.2083": {
							"post": [-5, 0, 0],
							"lerp_mode": "catmullrom"
						},
						"0.3333": {
							"post": [-13.75, 0, 0],
							"lerp_mode": "catmullrom"
						},
						"0.5": {
							"post": [8, 0, 0],
							"lerp_mode": "catmullrom"
						},
						"0.6667": [0, 0, 0]
					}
				}
			}
		},
		"animation.ninjask.run_quirk": {
			"animation_length": 1,
			"bones": {
				"body_rotation": {
					"rotation": {
						"0.0": [0, 0, 0],
						"0.1667": {
							"pre": [0, 0, -11.25],
							"post": [0, 0, -11.25],
							"lerp_mode": "catmullrom"
						},
						"0.2917": {
							"post": [0, 0, -12.5],
							"lerp_mode": "catmullrom"
						},
						"0.375": {
							"post": [0, 0, 17.5],
							"lerp_mode": "catmullrom"
						},
						"0.5833": {
							"post": [0, 0, 290],
							"lerp_mode": "catmullrom"
						},
						"0.6667": {
							"post": [0, 0, 349.5],
							"lerp_mode": "catmullrom"
						},
						"0.7917": [0, 0, 364.75],
						"0.9583": [0, 0, 360],
						"1.0": {
							"pre": [0, 0, 360],
							"post": [0, 0, 0]
						}
					},
					"position": {
						"0.0": [0, 0, 0],
						"0.0833": {
							"pre": [1.8, 0.7, 0],
							"post": [1.8, 0.7, 0],
							"lerp_mode": "catmullrom"
						},
						"0.1667": {
							"post": [3, 2, 0],
							"lerp_mode": "catmullrom"
						},
						"0.2917": {
							"post": [3.25, 2.9, 0],
							"lerp_mode": "catmullrom"
						},
						"0.3333": {
							"post": [0, 0, 0],
							"lerp_mode": "catmullrom"
						},
						"0.375": {
							"post": [-4.5, 0.5, 0],
							"lerp_mode": "catmullrom"
						},
						"0.4167": {
							"post": [-9, 3, 0],
							"lerp_mode": "catmullrom"
						},
						"0.4583": {
							"post": [-6.5, 10.5, 0],
							"lerp_mode": "catmullrom"
						},
						"0.5": {
							"post": [0, 14, 0],
							"lerp_mode": "catmullrom"
						},
						"0.5417": {
							"post": [6.63, 10.45, 0],
							"lerp_mode": "catmullrom"
						},
						"0.5833": {
							"post": [9.25, 2.65, 0],
							"lerp_mode": "catmullrom"
						},
						"0.6667": {
							"post": [2, 0, 0],
							"lerp_mode": "catmullrom"
						},
						"0.7917": {
							"post": [0, 0, 0],
							"lerp_mode": "catmullrom"
						}
					},
					"scale": {
						"0.3333": [1, 1, 1],
						"0.4167": [1.2, 1, 0.8],
						"0.625": [1.2, 1, 0.8],
						"0.7083": [1, 1, 1]
					}
				},
				"wing_front_left": {
					"rotation": {
						"0.0": [0, 0, 0],
						"0.2917": [0, 0, 0],
						"0.4583": {
							"pre": [0, 0, -32.5],
							"post": [0, 0, -32.5],
							"lerp_mode": "catmullrom"
						},
						"0.625": {
							"post": [0, 0, -26.56],
							"lerp_mode": "catmullrom"
						},
						"0.8333": [0, 0, 0]
					}
				},
				"wing_back_left": {
					"rotation": {
						"0.0": [0, 0, 0],
						"0.2917": [0, 0, 0],
						"0.4583": {
							"pre": [0, 0, -32.5],
							"post": [0, 0, -32.5],
							"lerp_mode": "catmullrom"
						},
						"0.625": {
							"post": [0, 0, -26.56],
							"lerp_mode": "catmullrom"
						},
						"0.8333": [0, 0, 0]
					}
				}
			}
		}
	}
}