{
	"format_version": "1.12.0",
	"minecraft:geometry": [
		{
			"description": {
				"identifier": "geometry.gastly",
				"texture_width": 64,
				"texture_height": 64,
				"visible_bounds_width": 3,
				"visible_bounds_height": 2.5,
				"visible_bounds_offset": [0, 0.75, 0]
			},
			"bones": [
				{
					"name": "gastly",
					"pivot": [0, 0, 0]
				},
				{
					"name": "body",
					"parent": "gastly",
					"pivot": [0, 6, 0],
					"locators": {
						"gas": {
							"offset": [0, 4, 4],
							"rotation": [90, 0, 0]
						}
					}
				},
				{
					"name": "torso",
					"parent": "body",
					"pivot": [0, 6, 0],
					"cubes": [
						{"origin": [-5.5, 1, -5], "size": [11, 11, 11], "uv": [0, 0]},
						{"origin": [-2, 6.5, -5], "size": [1, 1, 0], "inflate": 0.01, "uv": [2, 3]},
						{"origin": [1, 6.5, -5], "size": [1, 1, 0], "inflate": 0.01, "uv": [0, 3]}
					]
				},
				{
					"name": "mouths",
					"parent": "torso",
					"pivot": [0, 3.75, -5]
				},
				{
					"name": "closed_mouth",
					"parent": "mouths",
					"pivot": [-1, 3.25, -5],
					"cubes": [
						{"origin": [-4, 2.75, -5], "size": [8, 1, 0], "inflate": 0.03, "uv": [42, 22]},
						{"origin": [-3.75, 2.25, -5], "size": [1, 1, 0], "inflate": 0.02, "pivot": [-3.25, 2.75, -5], "rotation": [0, 0, 45], "uv": [4, 1]},
						{"origin": [2.75, 2.25, -5], "size": [1, 1, 0], "inflate": 0.02, "pivot": [3.25, 2.75, -5], "rotation": [0, 0, -45], "uv": [4, 0]}
					]
				},
				{
					"name": "closed_mouth_left",
					"parent": "closed_mouth",
					"pivot": [4.5, 3.75, -5],
					"cubes": [
						{"origin": [4, 3.25, -5], "size": [1, 1, 0], "inflate": 0.03, "uv": [2, 4]}
					]
				},
				{
					"name": "closed_mouth_right",
					"parent": "closed_mouth",
					"pivot": [-4.5, 3.75, -5],
					"cubes": [
						{"origin": [-5, 3.25, -5], "size": [1, 1, 0], "inflate": 0.03, "uv": [4, 2]}
					]
				},
				{
					"name": "mouth_expressions",
					"parent": "mouths",
					"pivot": [0, 0, 0.1]
				},
				{
					"name": "mouth_half_open",
					"parent": "mouth_expressions",
					"pivot": [0, 2.75, -5],
					"cubes": [
						{"origin": [-4.5, 1.75, -4.9], "size": [9, 2, 0], "inflate": 0.01, "uv": [33, 9]}
					]
				},
				{
					"name": "mouth_full_open",
					"parent": "mouth_expressions",
					"pivot": [0, 4, -4.9],
					"cubes": [
						{"origin": [-4.5, 1.75, -4.9], "size": [9, 3, 0], "inflate": 0.01, "uv": [46, 0]}
					]
				},
				{
					"name": "mouth_tongue_full_open",
					"parent": "mouth_expressions",
					"pivot": [0, 3, -4.9],
					"cubes": [
						{"origin": [-4.5, 2, -4.9], "size": [9, 3, 0], "inflate": 0.01, "uv": [33, 6]}
					]
				},
				{
					"name": "tougue",
					"parent": "mouth_tongue_full_open",
					"pivot": [0, 2.5, -5],
					"cubes": [
						{"origin": [-2, 2, -9.5], "size": [4, 1, 5], "uv": [33, 0]}
					]
				},
				{
					"name": "tougue2",
					"parent": "tougue",
					"pivot": [0, 2.5, -9.5],
					"cubes": [
						{"origin": [-2.5, 2, -15.5], "size": [5, 1, 7], "inflate": 0.01, "uv": [0, 32]}
					]
				},
				{
					"name": "tougue3",
					"parent": "tougue2",
					"pivot": [0, 2.5, -9.5],
					"cubes": [
						{"origin": [-3, 2, -15.5], "size": [6, 1, 7], "inflate": 0.02, "uv": [25, 30]}
					]
				},
				{
					"name": "tougue4",
					"parent": "tougue3",
					"pivot": [0, 2.5, -15.5],
					"cubes": [
						{"origin": [-3, 2, -21.5], "size": [6, 1, 7], "inflate": 0.03, "uv": [23, 22]}
					]
				},
				{
					"name": "tougue5",
					"parent": "tougue4",
					"pivot": [0, 2.5, -15.5],
					"cubes": [
						{"origin": [-3.5, 2, -23.5], "size": [7, 1, 9], "inflate": 0.04, "uv": [0, 22]}
					]
				},
				{
					"name": "blush",
					"parent": "mouths",
					"pivot": [0.5, -0.5, 2]
				},
				{
					"name": "blush_right",
					"parent": "blush",
					"pivot": [-5.4, 4, -3],
					"cubes": [
						{"origin": [-5.4, 3.5, -4], "size": [0, 1, 2], "inflate": 0.01, "uv": [0, 3]}
					]
				},
				{
					"name": "blush_left",
					"parent": "blush",
					"pivot": [5.4, 4, -3],
					"cubes": [
						{"origin": [5.4, 3.5, -4], "size": [0, 1, 2], "inflate": 0.01, "uv": [0, 4]}
					]
				},
				{
					"name": "eyes",
					"parent": "torso",
					"pivot": [0, 7.25, -5]
				},
				{
					"name": "left_eye",
					"parent": "eyes",
					"pivot": [5.75, 8.25, -5.1]
				},
				{
					"name": "left_eye_rotation",
					"parent": "left_eye",
					"pivot": [1.75, 6.25, -5],
					"cubes": [
						{"origin": [1.75, 3, -5.1], "size": [8, 5, 0], "pivot": [1.75, 5.5, -5.1], "rotation": [0, 0, -35], "uv": [44, 11]}
					]
				},
				{
					"name": "left_angry_eye",
					"parent": "left_eye",
					"pivot": [-1.25, 5.5, -3.1],
					"cubes": [
						{"origin": [-1.25, 3, -3.1], "size": [8, 5, 0], "pivot": [-1.25, 5.5, -3.1], "rotation": [0, 0, -35], "uv": [42, 23]}
					]
				},
				{
					"name": "left_pupil",
					"parent": "left_eye",
					"pivot": [3.25, 6.75, -5.1],
					"cubes": [
						{"origin": [2.75, 5.75, -5.1], "size": [1, 2, 0], "inflate": 0.01, "uv": [2, 1]}
					]
				},
				{
					"name": "left_pupil_closed",
					"parent": "left_eye",
					"pivot": [4.5, 6.75, -5],
					"cubes": [
						{"origin": [3.5, 6.25, -5], "size": [2, 1, 0], "inflate": 0.005, "uv": [0, 0]}
					]
				},
				{
					"name": "left_pupil_closed2",
					"parent": "left_pupil_closed",
					"pivot": [3, 6.25, -5],
					"cubes": [
						{"origin": [2.5, 5.75, -5], "size": [1, 1, 0], "inflate": 0.01, "uv": [4, 3]}
					]
				},
				{
					"name": "right_eye",
					"parent": "eyes",
					"pivot": [-5.75, 8.25, -5.1]
				},
				{
					"name": "right_eye_rotation",
					"parent": "right_eye",
					"pivot": [-1.75, 6.25, -5],
					"cubes": [
						{"origin": [-9.75, 3, -5.1], "size": [8, 5, 0], "pivot": [-1.75, 5.5, -5.1], "rotation": [0, 0, 35], "uv": [44, 16]}
					]
				},
				{
					"name": "right_angry_eye",
					"parent": "right_eye",
					"pivot": [1.25, 5.5, -3.1],
					"cubes": [
						{"origin": [-6.75, 3, -3.1], "size": [8, 5, 0], "pivot": [1.25, 5.5, -3.1], "rotation": [0, 0, 35], "uv": [44, 30]}
					]
				},
				{
					"name": "right_pupil",
					"parent": "right_eye",
					"pivot": [-3.25, 6.75, -5.1],
					"cubes": [
						{"origin": [-3.75, 5.75, -5.1], "size": [1, 2, 0], "inflate": 0.01, "uv": [0, 1]}
					]
				},
				{
					"name": "right_pupil_closed",
					"parent": "right_eye",
					"pivot": [-4.5, 6.75, -5],
					"cubes": [
						{"origin": [-5.5, 6.25, -5], "size": [2, 1, 0], "inflate": 0.005, "uv": [0, 0]}
					]
				},
				{
					"name": "right_pupil_closed2",
					"parent": "right_pupil_closed",
					"pivot": [-3, 6.25, -5],
					"cubes": [
						{"origin": [-3.5, 5.75, -5], "size": [1, 1, 0], "inflate": 0.01, "uv": [0, 4]}
					]
				}
			]
		}
	]
}