{
	"format_version": "1.12.0",
	"minecraft:geometry": [
		{
			"description": {
				"identifier": "geometry.flamigo",
				"texture_width": 64,
				"texture_height": 64,
				"visible_bounds_width": 2,
				"visible_bounds_height": 3.5,
				"visible_bounds_offset": [0, 1.25, 0]
			},
			"bones": [
				{
					"name": "flamigo",
					"pivot": [0, 0, 0]
				},
				{
					"name": "body",
					"parent": "flamigo",
					"pivot": [0, 18, 1]
				},
				{
					"name": "torso",
					"parent": "body",
					"pivot": [0, 19, 0],
					"cubes": [
						{"origin": [-3.5, 14.5, -4], "size": [7, 8, 8], "uv": [0, 9]}
					]
				},
				{
					"name": "wings",
					"parent": "torso",
					"pivot": [0, 18, -1]
				},
				{
					"name": "wing_closed_left",
					"parent": "wings",
					"pivot": [3.5, 18.25, -1.5],
					"rotation": [-15, 0, 0],
					"cubes": [
						{"origin": [3.5, 16.25, -2.5], "size": [2, 4, 5], "uv": [27, 7]},
						{"origin": [3.5, 16.75, 0.5], "size": [2, 3, 2], "inflate": 0.01, "uv": [0, 35]}
					]
				},
				{
					"name": "wing_closed_right",
					"parent": "wings",
					"pivot": [-3.5, 18.25, -1.5],
					"rotation": [-15, 0, 0],
					"cubes": [
						{"origin": [-5.5, 16.25, -2.5], "size": [2, 4, 5], "uv": [41, 7], "mirror": true},
						{"origin": [-5.5, 16.75, 0.5], "size": [2, 3, 2], "inflate": 0.01, "uv": [8, 35], "mirror": true}
					]
				},
				{
					"name": "wing_open_left",
					"parent": "wings",
					"pivot": [3.5, 17.75, -1.5],
					"cubes": [
						{"origin": [3, 17.75, -2], "size": [5, 2, 1], "inflate": 0.02, "uv": [0, 25]}
					]
				},
				{
					"name": "feather_left1",
					"parent": "wing_open_left",
					"pivot": [3.5, 17.75, -1.25],
					"cubes": [
						{"origin": [3.5, 13.75, -1.25], "size": [7, 4, 0], "uv": [0, 28]}
					]
				},
				{
					"name": "wing_open_left2",
					"parent": "wing_open_left",
					"pivot": [8, 17.75, -1.5],
					"cubes": [
						{"origin": [8, 17.75, -2], "size": [4, 2, 1], "inflate": 0.01, "uv": [24, 25]}
					]
				},
				{
					"name": "feather_left2",
					"parent": "wing_open_left2",
					"pivot": [7.75, 17.75, -1.25],
					"rotation": [0, 0, -5],
					"cubes": [
						{"origin": [7.25, 13, -1.25], "size": [6, 5, 0], "inflate": 0.01, "uv": [28, 28]}
					]
				},
				{
					"name": "wing_open_left3",
					"parent": "wing_open_left2",
					"pivot": [12, 17.75, -1.5],
					"cubes": [
						{"origin": [12, 17.75, -2], "size": [4, 2, 1], "uv": [46, 21]}
					]
				},
				{
					"name": "feather_left3",
					"parent": "wing_open_left3",
					"pivot": [15, 17.75, -1.25],
					"cubes": [
						{"origin": [12, 13.75, -1.25], "size": [3, 4, 0], "uv": [58, 17]}
					]
				},
				{
					"name": "feather_left3_2",
					"parent": "feather_left3",
					"pivot": [12, 13.75, -1.25],
					"cubes": [
						{"origin": [12, 10.75, -1.25], "size": [3, 3, 0], "uv": [54, 25]}
					]
				},
				{
					"name": "feather_left4",
					"parent": "wing_open_left3",
					"pivot": [13, 17.75, -1.25],
					"rotation": [0, 0, -27.5],
					"cubes": [
						{"origin": [13, 13.5, -1.25], "size": [3, 4, 0], "inflate": 0.01, "uv": [58, 28]}
					]
				},
				{
					"name": "feather_left4_2",
					"parent": "feather_left4",
					"pivot": [13, 13.5, -1.25],
					"cubes": [
						{"origin": [13, 9.5, -1.25], "size": [3, 4, 0], "inflate": 0.01, "uv": [52, 35]}
					]
				},
				{
					"name": "feather_left5",
					"parent": "wing_open_left3",
					"pivot": [16, 19.75, -1.25],
					"rotation": [0, 0, 22.5],
					"cubes": [
						{"origin": [16, 16.75, -1.25], "size": [4, 3, 0], "uv": [0, 32]}
					]
				},
				{
					"name": "feather_left5_2",
					"parent": "feather_left5",
					"pivot": [20, 16.75, -1.25],
					"rotation": [0, 0, -7.5],
					"cubes": [
						{"origin": [20, 16.75, -1.25], "size": [4, 3, 0], "inflate": 0.01, "uv": [16, 32]}
					]
				},
				{
					"name": "wing_open_right",
					"parent": "wings",
					"pivot": [-3.5, 17.75, -1.5],
					"cubes": [
						{"origin": [-8, 17.75, -2], "size": [5, 2, 1], "inflate": 0.02, "uv": [12, 25], "mirror": true}
					]
				},
				{
					"name": "feather_right1",
					"parent": "wing_open_right",
					"pivot": [-3.5, 17.75, -1.25],
					"cubes": [
						{"origin": [-10.5, 13.75, -1.25], "size": [7, 4, 0], "uv": [14, 28], "mirror": true}
					]
				},
				{
					"name": "wing_open_right2",
					"parent": "wing_open_right",
					"pivot": [-8, 17.75, -1.5],
					"cubes": [
						{"origin": [-12, 17.75, -2], "size": [4, 2, 1], "inflate": 0.01, "uv": [34, 24], "mirror": true}
					]
				},
				{
					"name": "feather_right2",
					"parent": "wing_open_right2",
					"pivot": [-7.75, 17.75, -1.25],
					"rotation": [0, 0, 5],
					"cubes": [
						{"origin": [-13.25, 13, -1.25], "size": [6, 5, 0], "inflate": 0.01, "uv": [40, 27], "mirror": true}
					]
				},
				{
					"name": "wing_open_right3",
					"parent": "wing_open_right2",
					"pivot": [-12, 17.75, -1.5],
					"cubes": [
						{"origin": [-16, 17.75, -2], "size": [4, 2, 1], "uv": [44, 24], "mirror": true}
					]
				},
				{
					"name": "feather_right3",
					"parent": "wing_open_right3",
					"pivot": [-15, 17.75, -1.25],
					"cubes": [
						{"origin": [-15, 13.75, -1.25], "size": [3, 4, 0], "uv": [56, 21], "mirror": true}
					]
				},
				{
					"name": "feather_right3_2",
					"parent": "feather_right3",
					"pivot": [-12, 13.75, -1.25],
					"cubes": [
						{"origin": [-15, 10.75, -1.25], "size": [3, 3, 0], "uv": [52, 28], "mirror": true}
					]
				},
				{
					"name": "feather_right4",
					"parent": "wing_open_right3",
					"pivot": [-13, 17.75, -1.25],
					"rotation": [0, 0, 27.5],
					"cubes": [
						{"origin": [-16, 13.5, -1.25], "size": [3, 4, 0], "inflate": 0.01, "uv": [52, 31], "mirror": true}
					]
				},
				{
					"name": "feather_right4_2",
					"parent": "feather_right4",
					"pivot": [-13, 13.5, -1.25],
					"cubes": [
						{"origin": [-16, 9.5, -1.25], "size": [3, 4, 0], "inflate": 0.01, "uv": [58, 32], "mirror": true}
					]
				},
				{
					"name": "feather_right5",
					"parent": "wing_open_right3",
					"pivot": [-16, 19.75, -1.25],
					"rotation": [0, 0, -22.5],
					"cubes": [
						{"origin": [-20, 16.75, -1.25], "size": [4, 3, 0], "uv": [8, 32], "mirror": true}
					]
				},
				{
					"name": "feather_right5_2",
					"parent": "feather_right5",
					"pivot": [-20, 16.75, -1.25],
					"rotation": [0, 0, 7.5],
					"cubes": [
						{"origin": [-24, 16.75, -1.25], "size": [4, 3, 0], "inflate": 0.01, "uv": [24, 33], "mirror": true}
					]
				},
				{
					"name": "wings_closed",
					"parent": "torso",
					"pivot": [0, 17.5, -1]
				},
				{
					"name": "neck_base",
					"parent": "torso",
					"pivot": [0, 18.75, -4],
					"cubes": [
						{"origin": [-2, 16.75, -5.5], "size": [4, 4, 2], "inflate": 0.01, "uv": [51, 5]}
					]
				},
				{
					"name": "neck",
					"parent": "neck_base",
					"pivot": [0, 18.75, -5.5],
					"cubes": [
						{"origin": [-1, 17.75, -8], "size": [2, 2, 3], "inflate": 0.01, "uv": [50, 0]}
					]
				},
				{
					"name": "neck2",
					"parent": "neck",
					"pivot": [0, 17.75, -8],
					"cubes": [
						{"origin": [-1, 17.75, -11], "size": [2, 2, 3], "uv": [43, 2]}
					]
				},
				{
					"name": "neck3",
					"parent": "neck2",
					"pivot": [0, 17.75, -11],
					"cubes": [
						{"origin": [-1, 17.75, -14], "size": [2, 2, 3], "inflate": 0.01, "uv": [36, 5]}
					]
				},
				{
					"name": "neck4",
					"parent": "neck3",
					"pivot": [0, 17.75, -14],
					"cubes": [
						{"origin": [-1, 17.75, -17], "size": [2, 2, 3], "uv": [22, 5]}
					]
				},
				{
					"name": "neck5",
					"parent": "neck4",
					"pivot": [0, 19.75, -17],
					"cubes": [
						{"origin": [-1, 17.75, -20], "size": [2, 2, 3], "inflate": 0.01, "uv": [36, 0]}
					]
				},
				{
					"name": "neck6",
					"parent": "neck5",
					"pivot": [0, 19.75, -20],
					"rotation": [0, 0, 0],
					"cubes": [
						{"origin": [-1, 17.75, -23], "size": [2, 2, 3], "uv": [29, 2]}
					]
				},
				{
					"name": "neck7",
					"parent": "neck6",
					"pivot": [0, 19.75, -23],
					"rotation": [0, 0, 0],
					"cubes": [
						{"origin": [-1, 17.75, -26], "size": [2, 2, 3], "inflate": 0.01, "uv": [22, 0]}
					]
				},
				{
					"name": "head",
					"parent": "neck7",
					"pivot": [0, 18.75, -25.5]
				},
				{
					"name": "head_rotation",
					"parent": "head",
					"pivot": [0, 18.75, -25.5],
					"rotation": [0, 0, 0],
					"cubes": [
						{"origin": [-1, 17, -27.5], "size": [2, 3, 2], "inflate": 0.11, "uv": [0, 0]},
						{"origin": [-1, 18, -28.7], "size": [2, 2, 1], "inflate": 0.11, "uv": [8, 0]}
					]
				},
				{
					"name": "eyes",
					"parent": "head_rotation",
					"pivot": [0, 18.75, -26.5]
				},
				{
					"name": "eye_left",
					"parent": "eyes",
					"pivot": [1.1, 18.75, -26.5],
					"cubes": [
						{"origin": [1.12, 17.75, -27.5], "size": [0, 2, 2], "uv": [29, -2]}
					]
				},
				{
					"name": "eye_angry_left",
					"parent": "eye_left",
					"pivot": [0.54, 18.75, -26.5],
					"cubes": [
						{"origin": [1.04, 18.75, -27.5], "size": [0, 1, 1], "inflate": 0.01, "uv": [0, 7]},
						{"origin": [1.04, 19.05, -26.5], "size": [0, 1, 1], "inflate": 0.01, "uv": [0, 6]}
					]
				},
				{
					"name": "eye_sad_left",
					"parent": "eye_left",
					"pivot": [0.54, 18.75, -26.5],
					"cubes": [
						{"origin": [1.04, 19.05, -27.5], "size": [0, 1, 1], "inflate": 0.01, "uv": [4, 7]},
						{"origin": [1.04, 18.75, -26.5], "size": [0, 1, 1], "inflate": 0.01, "uv": [4, 6]}
					]
				},
				{
					"name": "eye_left2",
					"parent": "eye_left",
					"pivot": [1.1, 18.75, -26.5],
					"cubes": [
						{"origin": [0.93, 18.25, -27], "size": [0, 1, 1], "inflate": 0.2, "uv": [8, 2]}
					]
				},
				{
					"name": "pupil_left",
					"parent": "eye_left2",
					"pivot": [0.84, 18.75, -26.5],
					"cubes": [
						{"origin": [0.34, 18.25, -27], "size": [1, 1, 1], "inflate": -0.2, "uv": [24, 10]}
					]
				},
				{
					"name": "eyelid_left",
					"parent": "eye_left",
					"pivot": [0.54, 18.75, -26.5],
					"cubes": [
						{"origin": [0.04, 17.75, -27.5], "size": [1, 2, 2], "inflate": 0.01, "uv": [0, 7]}
					]
				},
				{
					"name": "eyelid_happy_left",
					"parent": "eye_left",
					"pivot": [0.54, 18.75, -26.5],
					"cubes": [
						{"origin": [0.04, 17.75, -27.5], "size": [1, 2, 2], "inflate": 0.01, "uv": [16, 35]},
						{"origin": [1.05, 17.25, -27], "size": [0, 2, 1], "inflate": 0.01, "uv": [20, 34]}
					]
				},
				{
					"name": "eyelid_recoil_left",
					"parent": "eye_left",
					"pivot": [0.54, 18.75, -26.5],
					"cubes": [
						{"origin": [0.04, 17.75, -27.5], "size": [1, 2, 2], "inflate": 0.01, "uv": [30, 35]}
					]
				},
				{
					"name": "eye_right",
					"parent": "eyes",
					"pivot": [-1.1, 18.75, -26.5],
					"cubes": [
						{"origin": [-1.12, 17.75, -27.5], "size": [0, 2, 2], "uv": [33, -2], "mirror": true}
					]
				},
				{
					"name": "eye_angry_right",
					"parent": "eye_right",
					"pivot": [-0.54, 18.75, -26.5],
					"cubes": [
						{"origin": [-1.04, 18.75, -27.5], "size": [0, 1, 1], "inflate": 0.01, "uv": [0, 11], "mirror": true},
						{"origin": [-1.04, 19.05, -26.5], "size": [0, 1, 1], "inflate": 0.01, "uv": [0, 10], "mirror": true}
					]
				},
				{
					"name": "eye_sad_right",
					"parent": "eye_right",
					"pivot": [-0.54, 18.75, -26.5],
					"cubes": [
						{"origin": [-1.04, 19.05, -27.5], "size": [0, 1, 1], "inflate": 0.01, "uv": [4, 11], "mirror": true},
						{"origin": [-1.04, 18.75, -26.5], "size": [0, 1, 1], "inflate": 0.01, "uv": [4, 10], "mirror": true}
					]
				},
				{
					"name": "eye_right2",
					"parent": "eye_right",
					"pivot": [-1.1, 18.75, -26.5],
					"cubes": [
						{"origin": [-0.93, 18.25, -27], "size": [0, 1, 1], "inflate": 0.2, "uv": [10, 2], "mirror": true}
					]
				},
				{
					"name": "pupil_right",
					"parent": "eye_right2",
					"pivot": [-0.84, 18.75, -26.5],
					"cubes": [
						{"origin": [-1.34, 18.25, -27], "size": [1, 1, 1], "inflate": -0.2, "uv": [28, 10], "mirror": true}
					]
				},
				{
					"name": "eyelid_right",
					"parent": "eye_right",
					"pivot": [-0.54, 18.75, -26.5],
					"cubes": [
						{"origin": [-1.04, 17.75, -27.5], "size": [1, 2, 2], "inflate": 0.01, "uv": [0, 11], "mirror": true}
					]
				},
				{
					"name": "eyelid_happy_right",
					"parent": "eye_right",
					"pivot": [-0.54, 18.75, -26.5],
					"cubes": [
						{"origin": [-1.04, 17.75, -27.5], "size": [1, 2, 2], "inflate": 0.01, "uv": [20, 37], "mirror": true},
						{"origin": [-1.05, 17.25, -27], "size": [0, 2, 1], "inflate": 0.01, "uv": [24, 36], "mirror": true}
					]
				},
				{
					"name": "eyelid_recoil_right",
					"parent": "eye_right",
					"pivot": [-0.54, 18.75, -26.5],
					"cubes": [
						{"origin": [-1.04, 17.75, -27.5], "size": [1, 2, 2], "inflate": 0.01, "uv": [34, 33], "mirror": true}
					]
				},
				{
					"name": "beak",
					"parent": "head_rotation",
					"pivot": [0, 20.1, -28.8],
					"rotation": [15, 0, 0],
					"cubes": [
						{"origin": [-1, 18, -31.9], "size": [2, 2, 3], "inflate": 0.12, "uv": [12, 0]}
					]
				},
				{
					"name": "jaw",
					"parent": "head_rotation",
					"pivot": [0, 18, -27.5],
					"rotation": [0, 0, 0],
					"cubes": [
						{"origin": [-1, 17, -28.5], "size": [2, 1, 1], "inflate": 0.1, "uv": [1, 5]}
					]
				},
				{
					"name": "jaw2",
					"parent": "jaw",
					"pivot": [0, 18.1, -28.6],
					"rotation": [15, 0, 0],
					"cubes": [
						{"origin": [-1, 17.01, -29.69], "size": [2, 1, 1], "inflate": 0.09, "uv": [7, 4]},
						{"origin": [-1, 17.01, -31.35], "size": [2, 1, 2], "inflate": 0.1, "uv": [11, 6]},
						{"origin": [-1, 16.5, -31.35], "size": [2, 1, 2], "inflate": 0.09, "uv": [17, 5]}
					]
				},
				{
					"name": "legs",
					"parent": "body",
					"pivot": [0, 15, 0.5]
				},
				{
					"name": "leg_left",
					"parent": "legs",
					"pivot": [0.75, 14.5, 0],
					"cubes": [
						{"origin": [0.25, 8.5, -0.5], "size": [1, 7, 1], "inflate": -0.01, "uv": [30, 16]}
					]
				},
				{
					"name": "leg_left2",
					"parent": "leg_left",
					"pivot": [0.75, 8.5, 0.5],
					"cubes": [
						{"origin": [0.25, 7.5, -0.5], "size": [1, 1, 1], "inflate": 0.01, "uv": [22, 13]}
					]
				},
				{
					"name": "leg_left3",
					"parent": "leg_left2",
					"pivot": [0.75, 7.5, 0.5],
					"cubes": [
						{"origin": [0.25, 0.5, -0.5], "size": [1, 7, 1], "uv": [38, 16]}
					]
				},
				{
					"name": "foot_left",
					"parent": "leg_left3",
					"pivot": [0.75, 0.5, 0],
					"cubes": [
						{"origin": [-0.75, 0.01, -2.4], "size": [3, 1, 3], "inflate": 0.01, "uv": [52, 13]}
					]
				},
				{
					"name": "leg_right",
					"parent": "legs",
					"pivot": [-0.75, 14.5, 0],
					"cubes": [
						{"origin": [-1.25, 8.5, -0.5], "size": [1, 7, 1], "inflate": -0.01, "uv": [34, 16], "mirror": true}
					]
				},
				{
					"name": "leg_right2",
					"parent": "leg_right",
					"pivot": [-0.75, 8.5, 0.5],
					"cubes": [
						{"origin": [-1.25, 7.5, -0.5], "size": [1, 1, 1], "inflate": 0.01, "uv": [22, 15], "mirror": true}
					]
				},
				{
					"name": "leg_right3",
					"parent": "leg_right2",
					"pivot": [-0.75, 7.5, 0.5],
					"cubes": [
						{"origin": [-1.25, 0.5, -0.5], "size": [1, 7, 1], "uv": [42, 16], "mirror": true}
					]
				},
				{
					"name": "foot_right",
					"parent": "leg_right3",
					"pivot": [-0.75, 0.5, 0],
					"cubes": [
						{"origin": [-2.25, 0.01, -2.4], "size": [3, 1, 3], "inflate": 0.01, "uv": [46, 17], "mirror": true}
					]
				}
			]
		}
	]
}