 {
	"format_version": "1.8.0",
	"animations": {
		"animation.haunter.ground_idle": {
			"loop": true,
			"bones": {
				"torso": {
					"rotation": [5, 0, 0]
				},
				"tail1": {
					"rotation": [-32.5, 0, 0]
				},
				"jaw": {
					"rotation": [20, 0, 0],
					"position": [0, 0, 0.25]
				},
				"top_right_spike1": {
					"rotation": [-28.68939, -15.09492, -36.04109]
				},
				"top_left_spike1": {
					"rotation": [-28.68939, 15.0949, 36.0411]
				},
				"tail2": {
					"rotation": [22.5, 0, 0]
				},
				"tail3": {
					"rotation": [27.5, 0, 0]
				},
				"hand_right1": {
					"rotation": [17.25002, -2.99318, -32.95411],
					"position": [-1, 0, 1]
				},
				"hand_right2": {
					"rotation": [-17.10967, -3.73171, -11.93845],
					"position": [0, 0.5, 0]
				},
				"finger_right_thumb1": {
					"rotation": [13.1288, -53.58398, 24.03907]
				},
				"finger_right_thumb2": {
					"rotation": [0, 42.5, 0]
				},
				"finger_right_thumb3": {
					"rotation": [0, 20, 0]
				},
				"finger_right_middle": {
					"rotation": [-32.72348, -6.3202, 4.04618]
				},
				"finger_right_middle2": {
					"rotation": [35, 0, 0]
				},
				"finger_right_middle3": {
					"rotation": [32.5, 0, 0]
				},
				"finger_right_ring": {
					"rotation": [-29.31622, 5.92728, -31.04065]
				},
				"finger_right_ring2": {
					"rotation": [27.5, 0, 0]
				},
				"finger_right_ring3": {
					"rotation": [30, 0, 0]
				},
				"hand_left1": {
					"rotation": [17.25002, 2.99318, 32.95411],
					"position": [1, 0, 1]
				},
				"hand_left2": {
					"rotation": [-17.10967, 3.73171, 11.93845],
					"position": [0, 0.5, 0]
				},
				"finger_left_thumb1": {
					"rotation": [13.1288, 53.58398, -24.03907]
				},
				"finger_left_thumb2": {
					"rotation": [0, -42.5, 0]
				},
				"finger_left_thumb3": {
					"rotation": [0, -20, 0]
				},
				"finger_left_middle": {
					"rotation": [-32.72348, 6.3202, -4.04618]
				},
				"finger_left_middle2": {
					"rotation": [35, 0, 0]
				},
				"finger_left_middle3": {
					"rotation": [32.5, 0, 0]
				},
				"finger_left_ring": {
					"rotation": [-29.31622, -5.92728, 31.04065]
				},
				"finger_left_ring2": {
					"rotation": [27.5, 0, 0]
				},
				"finger_left_ring3": {
					"rotation": [30, 0, 0]
				}
			}
		},
		"animation.haunter.render": {
			"loop": true,
			"bones": {
				"body": {
					"rotation": [0, -7.5, 17.5]
				},
				"tail1": {
					"rotation": [-40.43246, -7.64427, 6.46635]
				},
				"jaw": {
					"rotation": [42.5, 0, 0]
				},
				"tail2": {
					"rotation": [27.22644, -22.52101, -11.14843]
				},
				"tail3": {
					"rotation": [3.78773, -18.42031, -7.92945]
				},
				"hand_right1": {
					"rotation": [-9.07947, 4.20854, -40.33431],
					"position": [-3, 2, 4]
				},
				"hand_right2": {
					"rotation": [1.6542, 24.46066, 4.97593]
				},
				"finger_right_thumb1": {
					"rotation": [-9.05661, -62.18151, 30.40035]
				},
				"finger_right_thumb2": {
					"rotation": [0, 50, 0]
				},
				"finger_right_thumb3": {
					"rotation": [0, 27.5, 0]
				},
				"finger_right_middle": {
					"rotation": [-51.74437, -12.70001, 15.57939]
				},
				"finger_right_middle2": {
					"rotation": [45, 0, 0]
				},
				"finger_right_middle3": {
					"rotation": [30, 0, 0]
				},
				"finger_right_ring": {
					"rotation": [-43.99871, 4.87742, -48.25463],
					"position": [0, -0.25, 0]
				},
				"finger_right_ring2": {
					"rotation": [62.5, 0, 0]
				},
				"finger_right_ring3": {
					"rotation": [30, 0, 0]
				},
				"top_left_spike1": {
					"rotation": [-28.68939, 15.0949, 36.0411]
				},
				"top_right_spike1": {
					"rotation": [-28.68939, -15.09492, -36.04109]
				},
				"pupil_left": {
					"position": [-1.5, -0.5, 0]
				},
				"pupil_right": {
					"position": [-0.75, -0.5, 0]
				},
				"hand_left1": {
					"rotation": [-7.12284, -29.21893, 14.35885]
				},
				"hand_left2": {
					"rotation": [4.50432, 19.50645, 13.27463]
				},
				"finger_left_thumb1": {
					"rotation": [2.15598, 64.88331, -5.89834]
				},
				"finger_left_thumb2": {
					"rotation": [0, -50, 0]
				},
				"finger_left_thumb3": {
					"rotation": [0, -37.5, 0]
				},
				"finger_left_middle": {
					"rotation": [-48.41006, 20.71501, -18.50097]
				},
				"finger_left_middle2": {
					"rotation": [52.5, 0, 0]
				},
				"finger_left_middle3": {
					"rotation": [25, 0, 0]
				},
				"finger_left_ring": {
					"rotation": [-44.29198, -16.27014, 36.69146],
					"position": [-0.5, -0.5, 0]
				},
				"finger_left_ring2": {
					"rotation": [55, 0, 0]
				},
				"finger_left_ring3": {
					"rotation": [22.5, 0, 0]
				},
				"toungue2": {
					"rotation": [0, -5, 0]
				},
				"toungue1": {
					"rotation": [-7.5, 0, 0]
				}
			}
		},
		"animation.haunter.blink": {
			"animation_length": 0.1667,
			"bones": {
				"eyelid_right": {
					"position": {
						"0.0": [0, 0, -0.1],
						"0.125": [0, 0, -0.1],
						"0.1667": [0, 0, 0]
					}
				},
				"eyelid_left": {
					"position": {
						"0.0": [0, 0, -0.1],
						"0.125": [0, 0, -0.1],
						"0.1667": [0, 0, 0]
					}
				}
			}
		},
		"animation.haunter.toungue_test": {
			"loop": true,
			"bones": {
				"toungue3": {
					"rotation": [28.06681, 11.06861, 5.84485],
					"position": [0, 0, -9]
				},
				"toungue1": {
					"rotation": [-12.79362, -12.19908, 2.74715]
				},
				"toungue2": {
					"rotation": [22.75777, 20.97269, 0.47249],
					"position": [0, 0, -6]
				}
			}
		},
		"animation.haunter.cry": {
			"animation_length": 1.2,
			"sound_effects": {
				"0.04": {
					"effect": "pokemon.haunter.cry"
				}
			}
		}
	}
}