{
	"format_version": "1.12.0",
	"minecraft:geometry": [
		{
			"description": {
				"identifier": "geometry.marshtomp",
				"texture_width": 64,
				"texture_height": 64,
				"visible_bounds_width": 4,
				"visible_bounds_height": 3.5,
				"visible_bounds_offset": [0, 1.25, 0]
			},
			"bones": [
				{
					"name": "marshtomp",
					"pivot": [0, 0, 0]
				},
				{
					"name": "body",
					"parent": "marshtomp",
					"pivot": [0, 6, 0]
				},
				{
					"name": "torso",
					"parent": "body",
					"pivot": [0, 6, 0],
					"cubes": [
						{"origin": [-4.5, 4, -3.5], "size": [9, 5, 7], "uv": [28, 17]},
						{"origin": [-3, 5, -3.5], "size": [6, 4, 1], "inflate": 0.01, "uv": [32, 52]}
					]
				},
				{
					"name": "chest",
					"parent": "torso",
					"pivot": [0, 9, 0],
					"cubes": [
						{"origin": [-4, 8, -3], "size": [8, 5, 6], "inflate": 0.01, "uv": [6, 25]}
					]
				},
				{
					"name": "neck",
					"parent": "chest",
					"pivot": [0, 13, 0],
					"cubes": [
						{"origin": [-3.5, 12.5, -2.5], "size": [7, 3, 5], "uv": [34, 29]}
					]
				},
				{
					"name": "head",
					"parent": "neck",
					"pivot": [0, 15.5, -0.25],
					"cubes": [
						{"origin": [-5, 14.5, -0.25], "size": [10, 3, 4], "inflate": 0.01, "uv": [28, 1]},
						{"origin": [-5, 17.5, -4.25], "size": [10, 5, 8], "inflate": 0.01, "uv": [0, 0]},
						{"origin": [-3, 16.9, -4.27], "size": [6, 1, 0], "inflate": 0.01, "uv": [24, 13]},
						{"origin": [-1.5, 17.4, -4.26], "size": [3, 1, 0], "inflate": 0.01, "uv": [24, 14]}
					]
				},
				{
					"name": "eyes",
					"parent": "head",
					"pivot": [0, 18.25, -4.27]
				},
				{
					"name": "eye_left",
					"parent": "eyes",
					"pivot": [2.75, 19.5, -4.27],
					"rotation": [0, 0, -2.5],
					"cubes": [
						{"origin": [1.75, 18, -4.47], "size": [2, 3, 1], "inflate": -0.2, "uv": [0, 0]}
					]
				},
				{
					"name": "eye_angry_left",
					"parent": "eye_left",
					"pivot": [2.75, 20.65, -4.18],
					"cubes": [
						{"origin": [2.75, 20.4, -4.18], "size": [1, 1, 0], "inflate": 0.01, "uv": [6, 1]},
						{"origin": [1.75, 19.95, -4.18], "size": [1, 1, 0], "inflate": 0.01, "uv": [6, 0]}
					]
				},
				{
					"name": "eye_sad_left",
					"parent": "eye_left",
					"pivot": [3.25, 20.9, -4.18],
					"cubes": [
						{"origin": [2.75, 20.4, -4.18], "size": [1, 1, 0], "inflate": 0.01, "uv": [6, 4]}
					]
				},
				{
					"name": "pupil_left",
					"parent": "eye_left",
					"pivot": [2.75, 19.5, -3.88],
					"cubes": [
						{"origin": [2.25, 18.5, -4.38], "size": [1, 2, 1], "inflate": -0.1, "uv": [28, 2]}
					]
				},
				{
					"name": "eyelid_left",
					"parent": "eye_left",
					"pivot": [2.75, 19.5, -3.88],
					"cubes": [
						{"origin": [1.75, 18, -4.38], "size": [2, 3, 1], "inflate": -0.19, "uv": [29, 14]}
					]
				},
				{
					"name": "eyelid_happy_left",
					"parent": "eye_left",
					"pivot": [2.75, 19.5, -3.88],
					"cubes": [
						{"origin": [1.25, 18, -4.38], "size": [3, 3, 1], "inflate": -0.19, "uv": [32, 57]}
					]
				},
				{
					"name": "eye_recoil_left",
					"parent": "eye_left",
					"pivot": [3, 19.5, -3.88],
					"cubes": [
						{"origin": [1.5, 18, -4.38], "size": [3, 3, 1], "inflate": -0.19, "uv": [46, 52]}
					]
				},
				{
					"name": "eye_right",
					"parent": "eyes",
					"pivot": [-2.75, 19.5, -4.27],
					"rotation": [0, 0, 2.5],
					"cubes": [
						{"origin": [-3.75, 18, -4.47], "size": [2, 3, 1], "inflate": -0.2, "uv": [0, 4], "mirror": true}
					]
				},
				{
					"name": "eye_angry_right",
					"parent": "eye_right",
					"pivot": [-2.75, 20.65, -4.18],
					"cubes": [
						{"origin": [-3.75, 20.4, -4.18], "size": [1, 1, 0], "inflate": 0.01, "uv": [6, 3], "mirror": true},
						{"origin": [-2.75, 19.95, -4.18], "size": [1, 1, 0], "inflate": 0.01, "uv": [6, 2], "mirror": true}
					]
				},
				{
					"name": "eye_sad_right",
					"parent": "eye_right",
					"pivot": [-3.25, 20.9, -4.18],
					"cubes": [
						{"origin": [-3.75, 20.4, -4.18], "size": [1, 1, 0], "inflate": 0.01, "uv": [6, 5], "mirror": true}
					]
				},
				{
					"name": "pupil_right",
					"parent": "eye_right",
					"pivot": [-2.75, 19.5, -3.88],
					"cubes": [
						{"origin": [-3.25, 18.5, -4.38], "size": [1, 2, 1], "inflate": -0.1, "uv": [0, 14], "mirror": true}
					]
				},
				{
					"name": "eyelid_right",
					"parent": "eye_right",
					"pivot": [-2.75, 19.5, -3.88],
					"cubes": [
						{"origin": [-3.75, 18, -4.38], "size": [2, 3, 1], "inflate": -0.19, "uv": [29, 18], "mirror": true}
					]
				},
				{
					"name": "eyelid_happy_right",
					"parent": "eye_right",
					"pivot": [-2.75, 19.5, -3.88],
					"cubes": [
						{"origin": [-4.25, 18, -4.38], "size": [3, 3, 1], "inflate": -0.19, "uv": [40, 57], "mirror": true}
					]
				},
				{
					"name": "eye_recoil_right",
					"parent": "eye_right",
					"pivot": [-3, 19.5, -3.88],
					"cubes": [
						{"origin": [-4.5, 18, -4.38], "size": [3, 3, 1], "inflate": -0.19, "uv": [54, 52], "mirror": true}
					]
				},
				{
					"name": "jaw",
					"parent": "head",
					"pivot": [0, 16.5, -0.25],
					"cubes": [
						{"origin": [-5, 14.5, -4.25], "size": [10, 3, 4], "uv": [0, 13]}
					]
				},
				{
					"name": "cheeks",
					"parent": "head",
					"pivot": [0, 18.5, -0.25]
				},
				{
					"name": "cheek_left",
					"parent": "cheeks",
					"pivot": [5.01, 18.5, -0.25],
					"cubes": [
						{"origin": [5.01, 15, -3.75], "size": [0, 7, 7], "inflate": 0.01, "uv": [36, 3]}
					]
				},
				{
					"name": "cheek_left_end",
					"parent": "cheek_left",
					"pivot": [5.01, 18.5, -0.25],
					"cubes": [
						{"origin": [4.51, 17.5, -1.25], "size": [3, 2, 2], "uv": [52, 1]},
						{"origin": [7.01, 18, -0.75], "size": [3, 1, 1], "inflate": 0.01, "uv": [38, 8]}
					]
				},
				{
					"name": "cheek_right",
					"parent": "cheeks",
					"pivot": [-5.01, 18.5, -0.25],
					"cubes": [
						{"origin": [-5.01, 15, -3.75], "size": [0, 7, 7], "inflate": 0.01, "uv": [50, 3], "mirror": true}
					]
				},
				{
					"name": "cheek_right_end",
					"parent": "cheek_right",
					"pivot": [-5.01, 18.5, -0.25],
					"cubes": [
						{"origin": [-7.51, 17.5, -1.25], "size": [3, 2, 2], "uv": [54, 6], "mirror": true},
						{"origin": [-10.01, 18, -0.75], "size": [3, 1, 1], "inflate": 0.01, "uv": [46, 8], "mirror": true}
					]
				},
				{
					"name": "head_fin",
					"parent": "head",
					"pivot": [0, 18.5, 3.25],
					"rotation": [7.5, 0, 0],
					"cubes": [
						{"origin": [0, 18, -1], "size": [0, 11, 6], "uv": [0, 14]}
					]
				},
				{
					"name": "arms",
					"parent": "chest",
					"pivot": [0, 13.5, 0.25]
				},
				{
					"name": "arm_left",
					"parent": "arms",
					"pivot": [3.5, 13.5, 0.25],
					"cubes": [
						{"origin": [3.5, 12.5, -1.25], "size": [4, 1, 3], "uv": [28, 37]}
					]
				},
				{
					"name": "arm_left2",
					"parent": "arm_left",
					"pivot": [7.5, 13.5, 1.75],
					"cubes": [
						{"origin": [7.5, 12.5, -1.75], "size": [4, 1, 4], "inflate": 0.01, "uv": [28, 41]}
					]
				},
				{
					"name": "hand_left",
					"parent": "arm_left2",
					"pivot": [11.5, 13.5, 0.25],
					"cubes": [
						{"origin": [11.5, 12.5, -2.25], "size": [3, 1, 5], "inflate": 0.02, "uv": [32, 46]}
					]
				},
				{
					"name": "finger_front_left",
					"parent": "hand_left",
					"pivot": [14.5, 13.5, -0.25],
					"cubes": [
						{"origin": [14.5, 12.5, -2.25], "size": [3, 1, 2], "uv": [12, 20]}
					]
				},
				{
					"name": "finger_middle_left",
					"parent": "hand_left",
					"pivot": [14.5, 13.5, 0.25],
					"cubes": [
						{"origin": [14.5, 12.5, -0.75], "size": [3, 1, 2], "inflate": 0.01, "uv": [54, 21]}
					]
				},
				{
					"name": "finger_back_left",
					"parent": "hand_left",
					"pivot": [14.5, 13.5, 0.75],
					"cubes": [
						{"origin": [14.5, 12.5, 0.75], "size": [3, 1, 2], "uv": [43, 48]}
					]
				},
				{
					"name": "arm_right",
					"parent": "arms",
					"pivot": [-3.5, 13.5, 0.25],
					"cubes": [
						{"origin": [-7.5, 12.5, -1.25], "size": [4, 1, 3], "uv": [42, 37], "mirror": true}
					]
				},
				{
					"name": "arm_right2",
					"parent": "arm_right",
					"pivot": [-7.5, 13.5, 1.75],
					"cubes": [
						{"origin": [-11.5, 12.5, -1.75], "size": [4, 1, 4], "inflate": 0.01, "uv": [44, 41], "mirror": true}
					]
				},
				{
					"name": "hand_right",
					"parent": "arm_right2",
					"pivot": [-11.5, 13.5, 0.25],
					"cubes": [
						{"origin": [-14.5, 12.5, -2.25], "size": [3, 1, 5], "inflate": 0.02, "uv": [48, 46], "mirror": true}
					]
				},
				{
					"name": "finger_front_right",
					"parent": "hand_right",
					"pivot": [-14.5, 13.5, -0.25],
					"cubes": [
						{"origin": [-17.5, 12.5, -2.25], "size": [3, 1, 2], "uv": [20, 21], "mirror": true}
					]
				},
				{
					"name": "finger_middle_right",
					"parent": "hand_right",
					"pivot": [-14.5, 13.5, 0.25],
					"cubes": [
						{"origin": [-17.5, 12.5, -0.75], "size": [3, 1, 2], "inflate": 0.01, "uv": [53, 31], "mirror": true}
					]
				},
				{
					"name": "finger_back_right",
					"parent": "hand_right",
					"pivot": [-14.5, 13.5, 0.75],
					"cubes": [
						{"origin": [-17.5, 12.5, 0.75], "size": [3, 1, 2], "uv": [53, 37], "mirror": true}
					]
				},
				{
					"name": "tail_fin_left",
					"parent": "torso",
					"pivot": [2, 6.5, 3.5],
					"cubes": [
						{"origin": [2, 3.5, 3.25], "size": [0, 10, 7], "uv": [0, 29]}
					]
				},
				{
					"name": "tail_fin_right",
					"parent": "torso",
					"pivot": [-2, 6.5, 3.5],
					"cubes": [
						{"origin": [-2, 3.5, 3.25], "size": [0, 10, 7], "uv": [14, 29], "mirror": true}
					]
				},
				{
					"name": "legs",
					"parent": "body",
					"pivot": [0, 4, -0.25]
				},
				{
					"name": "leg_left",
					"parent": "legs",
					"pivot": [2.75, 4.5, -0.25],
					"cubes": [
						{"origin": [0.75, 2.5, -2.25], "size": [4, 3, 4], "inflate": 0.01, "uv": [0, 46]}
					]
				},
				{
					"name": "leg_left2",
					"parent": "leg_left",
					"pivot": [2.75, 2.5, -2.25],
					"cubes": [
						{"origin": [0.75, 0.5, -2.25], "size": [4, 2, 4], "uv": [0, 53]}
					]
				},
				{
					"name": "foot_left",
					"parent": "leg_left2",
					"pivot": [2.75, 1, -0.25],
					"cubes": [
						{"origin": [0.75, 0, -2.25], "size": [4, 1, 4], "inflate": 0.01, "uv": [0, 59]},
						{"origin": [1.25, 0, -2.25], "size": [3, 1, 1], "inflate": 0.02, "uv": [12, 59]}
					]
				},
				{
					"name": "leg_right",
					"parent": "legs",
					"pivot": [-2.75, 4.5, -0.25],
					"cubes": [
						{"origin": [-4.75, 2.5, -2.25], "size": [4, 3, 4], "inflate": 0.01, "uv": [16, 46], "mirror": true}
					]
				},
				{
					"name": "leg_right2",
					"parent": "leg_right",
					"pivot": [-2.75, 2.5, -2.25],
					"cubes": [
						{"origin": [-4.75, 0.5, -2.25], "size": [4, 2, 4], "uv": [16, 53], "mirror": true}
					]
				},
				{
					"name": "foot_right",
					"parent": "leg_right2",
					"pivot": [-2.75, 1, -0.25],
					"cubes": [
						{"origin": [-4.75, 0, -2.25], "size": [4, 1, 4], "inflate": 0.01, "uv": [16, 59], "mirror": true},
						{"origin": [-4.25, 0, -2.25], "size": [3, 1, 1], "inflate": 0.02, "uv": [12, 61], "mirror": true}
					]
				}
			]
		}
	]
}