{
	"format_version": "1.12.0",
	"minecraft:geometry": [
		{
			"description": {
				"identifier": "geometry.karrablast",
				"texture_width": 64,
				"texture_height": 32,
				"visible_bounds_width": 3,
				"visible_bounds_height": 3.5,
				"visible_bounds_offset": [0, 1.25, 0]
			},
			"bones": [
				{
					"name": "karrablast",
					"pivot": [0, 0, 0]
				},
				{
					"name": "body",
					"parent": "karrablast",
					"pivot": [0, 9.5, 0]
				},
				{
					"name": "torso",
					"parent": "body",
					"pivot": [0, 3.5, 0],
					"cubes": [
						{"origin": [-5, 2.5, -4.5], "size": [10, 14, 9], "uv": [0, 0]}
					]
				},
				{
					"name": "eyes",
					"parent": "torso",
					"pivot": [0, 13, -4.49]
				},
				{
					"name": "eye_left",
					"parent": "eyes",
					"pivot": [2.5, 13, -4.51],
					"cubes": [
						{"origin": [1, 11.5, -4.51], "size": [3, 3, 0], "uv": [0, 0]}
					]
				},
				{
					"name": "pupil_left",
					"parent": "eye_left",
					"pivot": [2.5, 13, -4.52],
					"cubes": [
						{"origin": [2, 12, -4.52], "size": [1, 2, 0], "uv": [6, 0]}
					]
				},
				{
					"name": "eye_angry_left",
					"parent": "eye_left",
					"pivot": [2.5, 14, -4.42],
					"cubes": [
						{"origin": [2, 13.5, -4.42], "size": [1, 1, 0], "inflate": 0.01, "uv": [2, 6]},
						{"origin": [1, 13, -4.42], "size": [1, 1, 0], "inflate": 0.01, "uv": [0, 6]}
					]
				},
				{
					"name": "eye_sad_left",
					"parent": "eye_left",
					"pivot": [3.5, 14.5, -4.42],
					"cubes": [
						{"origin": [3, 14, -4.42], "size": [1, 1, 0], "inflate": 0.01, "uv": [6, 4]}
					]
				},
				{
					"name": "eyelid_left",
					"parent": "eye_left",
					"pivot": [2.5, 13, -3.92],
					"cubes": [
						{"origin": [1, 11.5, -4.42], "size": [3, 3, 1], "inflate": 0.01, "uv": [48, 14]}
					]
				},
				{
					"name": "eyelid_happy_left",
					"parent": "eye_left",
					"pivot": [2.5, 13, -3.92],
					"cubes": [
						{"origin": [1, 11.5, -4.42], "size": [3, 3, 1], "inflate": 0.01, "uv": [48, 18]}
					]
				},
				{
					"name": "eyelid_recoil_left",
					"parent": "eye_left",
					"pivot": [2.5, 13, -3.92],
					"cubes": [
						{"origin": [1, 11.5, -4.42], "size": [3, 3, 1], "inflate": 0.01, "uv": [48, 22]}
					]
				},
				{
					"name": "eye_right",
					"parent": "eyes",
					"pivot": [-2.5, 13, -4.51],
					"cubes": [
						{"origin": [-4, 11.5, -4.51], "size": [3, 3, 0], "uv": [0, 3], "mirror": true}
					]
				},
				{
					"name": "eye_angry_right",
					"parent": "eye_right",
					"pivot": [-2.5, 14, -4.42],
					"cubes": [
						{"origin": [-3, 13.5, -4.42], "size": [1, 1, 0], "inflate": 0.01, "uv": [4, 7], "mirror": true},
						{"origin": [-2, 13, -4.42], "size": [1, 1, 0], "inflate": 0.01, "uv": [4, 6], "mirror": true}
					]
				},
				{
					"name": "eye_sad_right",
					"parent": "eye_right",
					"pivot": [-3.5, 14.5, -4.42],
					"cubes": [
						{"origin": [-4, 14, -4.42], "size": [1, 1, 0], "inflate": 0.01, "uv": [6, 5], "mirror": true}
					]
				},
				{
					"name": "pupil_right",
					"parent": "eye_right",
					"pivot": [-2.5, 13, -4.52],
					"cubes": [
						{"origin": [-3, 12, -4.52], "size": [1, 2, 0], "uv": [6, 2], "mirror": true}
					]
				},
				{
					"name": "eyelid_right",
					"parent": "eye_right",
					"pivot": [-2.5, 13, -3.92],
					"cubes": [
						{"origin": [-4, 11.5, -4.42], "size": [3, 3, 1], "inflate": 0.01, "uv": [56, 14], "mirror": true}
					]
				},
				{
					"name": "eyelid_happy_right",
					"parent": "eye_right",
					"pivot": [-2.5, 13, -3.92],
					"cubes": [
						{"origin": [-4, 11.5, -4.42], "size": [3, 3, 1], "inflate": 0.01, "uv": [56, 18], "mirror": true}
					]
				},
				{
					"name": "eyelid_recoil_right",
					"parent": "eye_right",
					"pivot": [-2.5, 13, -3.92],
					"cubes": [
						{"origin": [-4, 11.5, -4.42], "size": [3, 3, 1], "inflate": 0.01, "uv": [56, 22], "mirror": true}
					]
				},
				{
					"name": "mouth",
					"parent": "torso",
					"pivot": [0, 10.8, -4.51]
				},
				{
					"name": "mouth_closed",
					"parent": "mouth",
					"pivot": [0, 10.3, -4.51],
					"cubes": [
						{"origin": [-1.5, 9.8, -4.51], "size": [3, 1, 0], "inflate": 0.01, "uv": [0, 8]},
						{"origin": [1.5, 9.55, -4.51], "size": [1, 1, 0], "inflate": 0.01, "uv": [6, 8]},
						{"origin": [-2.5, 9.55, -4.51], "size": [1, 1, 0], "inflate": 0.01, "uv": [6, 7], "mirror": true},
						{"origin": [1, 9.3, -4.51], "size": [1, 1, 0], "pivot": [1.5, 9.8, -4.51], "rotation": [0, 0, -45], "uv": [39, 17]},
						{"origin": [-2, 9.3, -4.51], "size": [1, 1, 0], "pivot": [-1.5, 9.8, -4.51], "rotation": [0, 0, 45], "uv": [41, 17], "mirror": true}
					]
				},
				{
					"name": "mouth_open",
					"parent": "mouth",
					"pivot": [0, 9.8, -3.51],
					"cubes": [
						{"origin": [-2, 7.8, -3.51], "size": [4, 4, 0], "inflate": 0.01, "uv": [39, 20]},
						{"origin": [0.8, 10.4, -3.51], "size": [1, 1, 0], "pivot": [1.3, 10.9, -3.51], "rotation": [-12.5, -12.25, -43.5], "uv": [39, 18]},
						{"origin": [-1.8, 10.4, -3.51], "size": [1, 1, 0], "pivot": [-1.3, 10.9, -3.51], "rotation": [-12.5, 12.25, 43.5], "uv": [41, 18], "mirror": true}
					]
				},
				{
					"name": "arms",
					"parent": "torso",
					"pivot": [0, 10.5, -2]
				},
				{
					"name": "arm_left",
					"parent": "arms",
					"pivot": [5, 10.5, -2],
					"cubes": [
						{"origin": [4, 9.5, -3], "size": [4, 2, 2], "uv": [52, 0]}
					]
				},
				{
					"name": "arm_right",
					"parent": "arms",
					"pivot": [-5, 10.5, -2],
					"cubes": [
						{"origin": [-8, 9.5, -3], "size": [4, 2, 2], "uv": [52, 4], "mirror": true}
					]
				},
				{
					"name": "horn",
					"parent": "torso",
					"pivot": [0, 16.5, 0],
					"cubes": [
						{"origin": [-2.5, 16, -2], "size": [5, 4, 4], "uv": [31, 1]}
					]
				},
				{
					"name": "horn2",
					"parent": "horn",
					"pivot": [0, 20, 0],
					"cubes": [
						{"origin": [-1.5, 19, -1], "size": [3, 5, 2], "inflate": 0.01, "uv": [38, 9]}
					]
				},
				{
					"name": "horn_end_left",
					"parent": "horn2",
					"pivot": [1, 22.5, 0],
					"rotation": [0, 0, -10],
					"cubes": [
						{"origin": [1, 22.5, -0.5], "size": [2, 3, 1], "uv": [29, 0]}
					]
				},
				{
					"name": "horn_end_right",
					"parent": "horn2",
					"pivot": [-1, 22.5, 0],
					"rotation": [0, 0, 10],
					"cubes": [
						{"origin": [-3, 22.5, -0.5], "size": [2, 3, 1], "uv": [45, 0], "mirror": true}
					]
				},
				{
					"name": "legs",
					"parent": "body",
					"pivot": [0, 2.5, 0]
				},
				{
					"name": "leg_left",
					"parent": "legs",
					"pivot": [2.5, 2.5, 0],
					"cubes": [
						{"origin": [1.5, 0, -1], "size": [2, 4, 2], "uv": [48, 8]}
					]
				},
				{
					"name": "leg_right",
					"parent": "legs",
					"pivot": [-2.5, 2.5, 0],
					"cubes": [
						{"origin": [-3.5, 0, -1], "size": [2, 4, 2], "uv": [56, 8], "mirror": true}
					]
				}
			]
		}
	]
}