{
	"format_version": "1.12.0",
	"minecraft:geometry": [
		{
			"description": {
				"identifier": "geometry.mudbray",
				"texture_width": 64,
				"texture_height": 64,
				"visible_bounds_width": 3,
				"visible_bounds_height": 3.5,
				"visible_bounds_offset": [0, 1.25, 0]
			},
			"bones": [
				{
					"name": "mudbray",
					"pivot": [0, 0, 0]
				},
				{
					"name": "body",
					"parent": "mudbray",
					"pivot": [0, 10, 2]
				},
				{
					"name": "torso",
					"parent": "body",
					"pivot": [0, 10, 2],
					"cubes": [
						{"origin": [-2.5, 7, -6.75], "size": [5, 5, 11], "uv": [1, 20]}
					]
				},
				{
					"name": "neck",
					"parent": "torso",
					"pivot": [0, 10.1, -4.75],
					"rotation": [25, 0, 0],
					"cubes": [
						{"origin": [-2, 9.6, -6.75], "size": [4, 5, 4], "uv": [32, 0]}
					]
				},
				{
					"name": "mane",
					"parent": "neck",
					"pivot": [0, 13.1, -2.75],
					"cubes": [
						{"origin": [0, 10.6, -3.25], "size": [0, 3, 3], "uv": [24, 6]}
					]
				},
				{
					"name": "head",
					"parent": "neck",
					"pivot": [0, 13.35, -4.75],
					"rotation": [-20, 0, 0],
					"cubes": [
						{"origin": [-3, 12.90088, -8.46489], "size": [6, 6, 6], "uv": [0, 0]},
						{"origin": [-0.5, 15.90088, -8.47489], "size": [1, 1, 0], "inflate": 0.01, "uv": [18, 2]}
					]
				},
				{
					"name": "eyes",
					"parent": "head",
					"pivot": [0, 16.45088, -5.96489]
				},
				{
					"name": "eye_left",
					"parent": "eyes",
					"pivot": [3.01, 16.20088, -6.96489],
					"cubes": [
						{"origin": [3.01, 14.70088, -7.96489], "size": [0, 3, 2], "uv": [0, 24]}
					]
				},
				{
					"name": "pupil_left",
					"parent": "eye_left",
					"pivot": [3.02, 16.20088, -6.96489],
					"cubes": [
						{"origin": [3.02, 15.70088, -7.96489], "size": [0, 1, 2], "uv": [0, 27]}
					]
				},
				{
					"name": "eyelid_left",
					"parent": "eye_left",
					"pivot": [2.91, 16.20088, -6.96489],
					"cubes": [
						{"origin": [1.92, 14.70088, -7.96489], "size": [1, 3, 2], "inflate": 0.01, "uv": [32, 18]}
					]
				},
				{
					"name": "eye_right",
					"parent": "eyes",
					"pivot": [-3.01, 16.20088, -6.96489],
					"cubes": [
						{"origin": [-3.01, 14.70088, -7.96489], "size": [0, 3, 2], "uv": [4, 24], "mirror": true}
					]
				},
				{
					"name": "pupil_right",
					"parent": "eye_right",
					"pivot": [-3.02, 16.20088, -6.96489],
					"cubes": [
						{"origin": [-3.02, 15.70088, -7.96489], "size": [0, 1, 2], "uv": [4, 27], "mirror": true}
					]
				},
				{
					"name": "eyelid_right",
					"parent": "eye_right",
					"pivot": [-2.91, 16.20088, -6.96489],
					"cubes": [
						{"origin": [-2.92, 14.70088, -7.96489], "size": [1, 3, 2], "inflate": 0.01, "uv": [38, 18], "mirror": true}
					]
				},
				{
					"name": "muzzle",
					"parent": "head",
					"pivot": [0, 15.90088, -8.46489],
					"cubes": [
						{"origin": [-2, 12.90088, -10.96489], "size": [4, 3, 3], "inflate": 0.01, "uv": [18, 0]},
						{"origin": [0.5, 14.40088, -10.98489], "size": [1, 1, 0], "pivot": [1, 14.90088, -10.97489], "rotation": [0, 0, 22.5], "uv": [18, 0]},
						{"origin": [-1.5, 14.40088, -10.98489], "size": [1, 1, 0], "pivot": [-1, 14.90088, -10.97489], "rotation": [0, 0, -22.5], "uv": [18, 1], "mirror": true}
					]
				},
				{
					"name": "mouth",
					"parent": "muzzle",
					"pivot": [0, 12.99088, -9.06489],
					"cubes": [
						{"origin": [-1, 12.99088, -10.06489], "size": [2, 0, 2], "inflate": 0.01, "uv": [16, 16]}
					]
				},
				{
					"name": "mane2",
					"parent": "head",
					"pivot": [0, 14.15088, -2.46489],
					"rotation": [7.5, 0, 0],
					"cubes": [
						{"origin": [0, 14.15088, -2.46489], "size": [0, 4, 3], "inflate": 0.01, "uv": [18, 9]}
					]
				},
				{
					"name": "mane3",
					"parent": "head",
					"pivot": [0, 17.65088, -1.46489],
					"rotation": [50, 0, 0],
					"cubes": [
						{"origin": [0, 17.65088, -1.96489], "size": [0, 3, 3], "uv": [24, 3]}
					]
				},
				{
					"name": "head_mane",
					"parent": "head",
					"pivot": [0, 18.90088, -4.96489]
				},
				{
					"name": "head_mane_left",
					"parent": "head_mane",
					"pivot": [0, 18.90088, -4.96489],
					"rotation": [0, 0, 15],
					"cubes": [
						{"origin": [0, 17.90088, -6.46489], "size": [0, 5, 3], "uv": [0, 18]}
					]
				},
				{
					"name": "head_mane_left2",
					"parent": "head_mane",
					"pivot": [0, 18.90088, -4.96489],
					"rotation": [0, 0, -15],
					"cubes": [
						{"origin": [0, 18.40088, -6.46489], "size": [0, 5, 3], "uv": [6, 18]}
					]
				},
				{
					"name": "ears",
					"parent": "head",
					"pivot": [0, 18.40088, -5.46489]
				},
				{
					"name": "ear_left",
					"parent": "ears",
					"pivot": [1.2, 18.40088, -5.46489],
					"rotation": [0, 0, 17.5],
					"cubes": [
						{"origin": [0.2, 18.40088, -5.46489], "size": [3, 4, 0], "uv": [0, 12]}
					]
				},
				{
					"name": "ear_left2",
					"parent": "ear_left",
					"pivot": [1.7, 22.40088, -5.46489],
					"cubes": [
						{"origin": [0.2, 22.40088, -5.46489], "size": [3, 3, 0], "uv": [0, 16]}
					]
				},
				{
					"name": "ear_right",
					"parent": "ears",
					"pivot": [-1.2, 18.40088, -5.46489],
					"rotation": [0, 0, -17.5],
					"cubes": [
						{"origin": [-3.2, 18.40088, -5.46489], "size": [3, 4, 0], "uv": [6, 12], "mirror": true}
					]
				},
				{
					"name": "ear_right2",
					"parent": "ear_right",
					"pivot": [-1.7, 22.40088, -5.46489],
					"cubes": [
						{"origin": [-3.2, 22.40088, -5.46489], "size": [3, 3, 0], "uv": [6, 16], "mirror": true}
					]
				},
				{
					"name": "hair",
					"parent": "head",
					"pivot": [0, 18.90088, -5.96489]
				},
				{
					"name": "hair_left",
					"parent": "hair",
					"pivot": [0, 18.91088, -5.46489],
					"rotation": [0, -25, 0],
					"cubes": [
						{"origin": [-1, 18.91088, -9.46489], "size": [3, 0, 4], "inflate": 0.01, "uv": [8, 12]}
					]
				},
				{
					"name": "hair_left2",
					"parent": "hair_left",
					"pivot": [2, 18.91088, -9.46489],
					"rotation": [55, 0, 0],
					"cubes": [
						{"origin": [-1, 18.91088, -11.46489], "size": [3, 0, 2], "uv": [-2, 19]}
					]
				},
				{
					"name": "hair_right",
					"parent": "hair",
					"pivot": [0, 18.91088, -5.46489],
					"rotation": [0, 25, 0],
					"cubes": [
						{"origin": [-2, 18.91088, -9.46489], "size": [3, 0, 4], "uv": [8, 16], "mirror": true}
					]
				},
				{
					"name": "hair_right2",
					"parent": "hair_right",
					"pivot": [-2, 18.91088, -9.46489],
					"rotation": [55, 0, 0],
					"cubes": [
						{"origin": [-2, 18.91088, -11.46489], "size": [3, 0, 2], "uv": [4, 19], "mirror": true}
					]
				},
				{
					"name": "tail",
					"parent": "torso",
					"pivot": [0, 11.7, 4.25],
					"cubes": [
						{"origin": [-2, 11.7, 4.25], "size": [4, 0, 2], "uv": [38, 12]}
					]
				},
				{
					"name": "tail2",
					"parent": "tail",
					"pivot": [0, 11.7, 6.25],
					"cubes": [
						{"origin": [-2.5, 11.7, 6.25], "size": [5, 0, 2], "uv": [38, 14]}
					]
				},
				{
					"name": "tail3",
					"parent": "tail2",
					"pivot": [0, 11.7, 8.25],
					"cubes": [
						{"origin": [-3, 11.7, 8.25], "size": [6, 0, 2], "uv": [30, 16]},
						{"origin": [-0.5, 11.7, 8.25], "size": [1, 0, 2], "inflate": 0.01, "uv": [30, 18]}
					]
				},
				{
					"name": "legs",
					"parent": "body",
					"pivot": [0, 0.25, 0.25]
				},
				{
					"name": "leg_front_left",
					"parent": "legs",
					"pivot": [2.5, 10.5, -5.35],
					"cubes": [
						{"origin": [1, 6.5, -6.35], "size": [2, 4, 2], "uv": [24, 13]}
					]
				},
				{
					"name": "leg_front_left2",
					"parent": "leg_front_left",
					"pivot": [2, 6.5, -6.35],
					"cubes": [
						{"origin": [1, 2.5, -6.35], "size": [2, 4, 2], "inflate": 0.01, "uv": [22, 20]}
					]
				},
				{
					"name": "leg_front_left3",
					"parent": "leg_front_left2",
					"pivot": [2, 3, -6.35],
					"cubes": [
						{"origin": [0.5, 0, -6.85], "size": [3, 3, 3], "uv": [48, 0]},
						{"origin": [1, 0, -7.35], "size": [2, 1, 1], "uv": [30, 0]}
					]
				},
				{
					"name": "leg_front_right",
					"parent": "legs",
					"pivot": [-2.5, 10.5, -5.35],
					"cubes": [
						{"origin": [-3, 6.5, -6.35], "size": [2, 4, 2], "uv": [32, 9], "mirror": true}
					]
				},
				{
					"name": "leg_front_right2",
					"parent": "leg_front_right",
					"pivot": [-2, 6.5, -6.35],
					"cubes": [
						{"origin": [-3, 2.5, -6.35], "size": [2, 4, 2], "inflate": 0.01, "uv": [28, 25], "mirror": true}
					]
				},
				{
					"name": "leg_front_right3",
					"parent": "leg_front_right2",
					"pivot": [-2, 3, -6.35],
					"cubes": [
						{"origin": [-3.5, 0, -6.85], "size": [3, 3, 3], "inflate": 0.01, "uv": [45, 6], "mirror": true},
						{"origin": [-3, 0, -7.35], "size": [2, 1, 1], "uv": [44, 0], "mirror": true}
					]
				},
				{
					"name": "leg_back_left",
					"parent": "legs",
					"pivot": [2.5, 10.5, 2.55],
					"cubes": [
						{"origin": [1.2, 6, 0.55], "size": [2, 5, 4], "inflate": 0.01, "uv": [0, 36]}
					]
				},
				{
					"name": "leg_back_left2",
					"parent": "leg_back_left",
					"pivot": [2.2, 7, 4.55],
					"cubes": [
						{"origin": [1.2, 3, 3.05], "size": [2, 4, 2], "uv": [0, 46]}
					]
				},
				{
					"name": "leg_back_left3",
					"parent": "leg_back_left2",
					"pivot": [2.2, 3, 3.05],
					"cubes": [
						{"origin": [0.7, 0, 2.55], "size": [3, 3, 3], "inflate": 0.01, "uv": [24, 36]},
						{"origin": [1.2, 0, 2.05], "size": [2, 1, 1], "uv": [8, 36]}
					]
				},
				{
					"name": "leg_back_right",
					"parent": "legs",
					"pivot": [-2.5, 10.5, 2.55],
					"cubes": [
						{"origin": [-3.2, 6, 0.55], "size": [2, 5, 4], "inflate": 0.01, "uv": [12, 36], "mirror": true}
					]
				},
				{
					"name": "leg_back_right2",
					"parent": "leg_back_right",
					"pivot": [-2.2, 7, 4.55],
					"cubes": [
						{"origin": [-3.2, 3, 3.05], "size": [2, 4, 2], "uv": [8, 46], "mirror": true}
					]
				},
				{
					"name": "leg_back_right3",
					"parent": "leg_back_right2",
					"pivot": [-2.2, 3, 3.05],
					"cubes": [
						{"origin": [-3.7, 0, 2.55], "size": [3, 3, 3], "inflate": 0.01, "uv": [24, 42], "mirror": true},
						{"origin": [-3.2, 0, 2.05], "size": [2, 1, 1], "uv": [8, 38], "mirror": true}
					]
				}
			]
		}
	]
}