{
	"format_version": "1.12.0",
	"minecraft:geometry": [
		{
			"description": {
				"identifier": "geometry.charmander",
				"texture_width": 64,
				"texture_height": 64,
				"visible_bounds_width": 4,
				"visible_bounds_height": 2.5,
				"visible_bounds_offset": [0, 0.75, 0]
			},
			"bones": [
				{
					"name": "charmander",
					"pivot": [0, 0, 0]
				},
				{
					"name": "body",
					"parent": "charmander",
					"pivot": [0, 9, 0]
				},
				{
					"name": "torso",
					"parent": "body",
					"pivot": [0, 5.25, 0],
					"cubes": [
						{"origin": [-4, 2, -3.5], "size": [8, 7, 7], "uv": [0, 0]}
					]
				},
				{
					"name": "torso2",
					"parent": "torso",
					"pivot": [0, 9.25, 0],
					"cubes": [
						{"origin": [-3.5, 8.5, -3], "size": [7, 4, 6], "uv": [22, 22]}
					]
				},
				{
					"name": "neck",
					"parent": "torso2",
					"pivot": [0, 12.5, 0],
					"cubes": [
						{"origin": [-3, 11.5, -2.5], "size": [6, 3, 5], "uv": [15, 50]}
					]
				},
				{
					"name": "head",
					"parent": "neck",
					"pivot": [0, 16, 0]
				},
				{
					"name": "head_correction",
					"parent": "head",
					"pivot": [0, 16, 0]
				},
				{
					"name": "head_ai",
					"parent": "head_correction",
					"pivot": [0, 16, 0]
				},
				{
					"name": "head_angle",
					"parent": "head_ai",
					"pivot": [0, 16, 0],
					"cubes": [
						{"origin": [-4, 13, -2.5], "size": [8, 8, 6], "uv": [0, 14]},
						{"origin": [-4, 15, -4.5], "size": [8, 6, 2], "uv": [0, 28]},
						{"origin": [-4, 14, -4.5], "size": [8, 1, 2], "uv": [0, 52]},
						{"origin": [-1.65, 12.25, -4.9], "size": [0, 1, 1], "pivot": [-2.5, 14, -5.65], "rotation": [45, -40, 0], "uv": [23, 5]},
						{"origin": [1.65, 12.25, -4.9], "size": [0, 1, 1], "pivot": [2.5, 14, -5.65], "rotation": [45, 40, 0], "uv": [22, 16]}
					]
				},
				{
					"name": "muzzle",
					"parent": "head_angle",
					"pivot": [0.5, 16.5, -4.25],
					"cubes": [
						{"origin": [-3, 13.5, -6.25], "size": [6, 3, 2], "inflate": 0.01, "uv": [41, 1]},
						{"origin": [-1.5, 14, -6.275], "size": [3, 1, 0], "uv": [0, 5]}
					]
				},
				{
					"name": "jaw",
					"parent": "head_angle",
					"pivot": [0, 14, -2.5],
					"cubes": [
						{"origin": [-4, 13, -4.5], "size": [8, 1, 2], "inflate": 0.01, "uv": [23, 0]},
						{"origin": [-2.5, 13.01, -6], "size": [5, 1, 2], "inflate": -0.01, "uv": [43, 51]},
						{"origin": [-2.1, 13.65, -5.8], "size": [0, 1, 1], "pivot": [-2.5, 14, -4.9], "rotation": [45, -40, 0], "uv": [5, 5]},
						{"origin": [2.1, 13.65, -5.8], "size": [0, 1, 1], "pivot": [2.5, 14, -4.9], "rotation": [45, 40, 0], "uv": [3, 5]}
					]
				},
				{
					"name": "eyes",
					"parent": "head_angle",
					"pivot": [0, 16.5, -4.5]
				},
				{
					"name": "eye_right",
					"parent": "eyes",
					"pivot": [-3.01, 16.5, -3.51],
					"cubes": [
						{"origin": [-4.02, 16, -4.51], "size": [2, 3, 1], "uv": [0, 14]},
						{"origin": [-4.01, 16, -4.01], "size": [0, 2, 1], "uv": [23, 2]},
						{"origin": [-3.01, 18, -4.53], "size": [1, 1, 0], "uv": [27, 4]},
						{"origin": [-3.51, 16.5, -4.52], "size": [1, 2, 0], "uv": [25, 3]}
					]
				},
				{
					"name": "eyelid_right",
					"parent": "eye_right",
					"pivot": [-2.9, 17, -3.41],
					"cubes": [
						{"origin": [-3.9, 15, -4.41], "size": [2, 4, 2], "inflate": 0.03, "uv": [8, 46]}
					]
				},
				{
					"name": "eye_left",
					"parent": "eyes",
					"pivot": [3.01, 16.5, -3.51],
					"cubes": [
						{"origin": [2.02, 16, -4.51], "size": [2, 3, 1], "uv": [0, 0]},
						{"origin": [4.01, 16, -4.01], "size": [0, 2, 1], "uv": [22, 13]},
						{"origin": [2.01, 18, -4.53], "size": [1, 1, 0], "uv": [27, 3]},
						{"origin": [2.51, 16.5, -4.52], "size": [1, 2, 0], "uv": [23, 0]}
					]
				},
				{
					"name": "eyelid_left",
					"parent": "eye_left",
					"pivot": [2.9, 17, -3.41],
					"cubes": [
						{"origin": [1.9, 15, -4.41], "size": [2, 4, 2], "inflate": 0.03, "uv": [0, 46]}
					]
				},
				{
					"name": "arms",
					"parent": "torso2",
					"pivot": [0, 11, 0]
				},
				{
					"name": "arm_right",
					"parent": "arms",
					"pivot": [-3.5, 12.5, 0],
					"cubes": [
						{"origin": [-6.5, 9.5, -1.5], "size": [3, 3, 3], "uv": [45, 39]}
					]
				},
				{
					"name": "elbow_right",
					"parent": "arm_right",
					"pivot": [-6.5, 9.5, 1.5],
					"cubes": [
						{"origin": [-9.5, 9.5, -1.5], "size": [3, 3, 3], "inflate": 0.01, "uv": [45, 30]},
						{"origin": [-10.5, 10.25, -1.5], "size": [1, 0, 1], "pivot": [-9.5, 10.25, -1], "rotation": [32.5, 0, 0], "uv": [0, 6]},
						{"origin": [-10.5, 11.25, -0.25], "size": [1, 1, 0], "pivot": [-9.5, 11.75, -0.25], "rotation": [-12.5, 0, 0], "uv": [28, 20]},
						{"origin": [-10.5, 10.25, 1], "size": [1, 1, 0], "pivot": [-9.5, 10.75, 1], "rotation": [-40, 0, 0], "uv": [28, 21]},
						{"origin": [-10.5, 11.25, 0.5], "size": [1, 1, 0], "pivot": [-9.5, 11.5, 0.5], "rotation": [-35, 0, 0], "uv": [20, 28]}
					]
				},
				{
					"name": "arm_left",
					"parent": "arms",
					"pivot": [3.5, 12.5, 0],
					"cubes": [
						{"origin": [3.5, 9.5, -1.5], "size": [3, 3, 3], "uv": [36, 42]}
					]
				},
				{
					"name": "elbow_left",
					"parent": "arm_left",
					"pivot": [6.5, 9.5, 1.5],
					"cubes": [
						{"origin": [6.5, 9.5, -1.5], "size": [3, 3, 3], "inflate": 0.01, "uv": [42, 20]},
						{"origin": [9.5, 10.25, -1.5], "size": [1, 0, 1], "pivot": [9.5, 10.25, -1], "rotation": [32.5, 0, 0], "uv": [4, 0]},
						{"origin": [9.5, 11.25, -0.25], "size": [1, 1, 0], "pivot": [9.5, 11.75, -0.25], "rotation": [-12.5, 0, 0], "uv": [18, 28]},
						{"origin": [9.5, 10.25, 1], "size": [1, 1, 0], "pivot": [9.5, 10.75, 1], "rotation": [-40, 0, 0], "uv": [27, 6]},
						{"origin": [9.5, 11.25, 0.5], "size": [1, 1, 0], "pivot": [9.5, 11.5, 0.5], "rotation": [-35, 0, 0], "uv": [27, 5]}
					]
				},
				{
					"name": "tail",
					"parent": "torso",
					"pivot": [0, 4.25, 3.5],
					"cubes": [
						{"origin": [-2, 2.25, 2.5], "size": [4, 4, 6], "uv": [24, 8]}
					]
				},
				{
					"name": "tail2",
					"parent": "tail",
					"pivot": [0, 4, 8.5],
					"cubes": [
						{"origin": [-1.5, 2.5, 7.5], "size": [3, 3, 6], "uv": [14, 33]}
					]
				},
				{
					"name": "tail3",
					"parent": "tail2",
					"pivot": [0, 4, 13.5],
					"cubes": [
						{"origin": [-1, 3, 12.5], "size": [2, 2, 4], "uv": [40, 14]}
					]
				},
				{
					"name": "fire",
					"parent": "tail3",
					"pivot": [0, 4.25, 16.5]
				},
				{
					"name": "fire2",
					"parent": "fire",
					"pivot": [0, 4.25, 16.5],
					"cubes": [
						{"origin": [0, 4.2, 14], "size": [0, 8, 5], "uv": [26, 37]},
						{"origin": [0, 4.2, 14], "size": [0, 8, 5], "pivot": [0, 4.25, 16.5], "rotation": [0, -90, 0], "uv": [16, 37]}
					]
				},
				{
					"name": "legs",
					"parent": "body",
					"pivot": [0, 4, 0.75]
				},
				{
					"name": "leg_right",
					"parent": "legs",
					"pivot": [-4, 4, 0.75],
					"cubes": [
						{"origin": [-5.5, 2, -2.5], "size": [3, 4, 5], "uv": [0, 37]}
					]
				},
				{
					"name": "knee_right",
					"parent": "leg_right",
					"pivot": [-4, 2, -2],
					"cubes": [
						{"origin": [-5, 0.5, -2], "size": [2, 2, 3], "uv": [45, 45]}
					]
				},
				{
					"name": "foot_right",
					"parent": "knee_right",
					"pivot": [-2.75, 1, -0.25],
					"cubes": [
						{"origin": [-5.5, 0, -1.75], "size": [3, 1, 3], "uv": [39, 9], "mirror": true}
					]
				},
				{
					"name": "foot_right2",
					"parent": "foot_right",
					"pivot": [-2.75, 0, -1.75],
					"cubes": [
						{"origin": [-5.5, 0, -2.75], "size": [3, 1, 1], "uv": [22, 18], "mirror": true},
						{"origin": [-5.25, 0, -3.75], "size": [0, 1, 1], "pivot": [-5.25, 0.5, -2.75], "rotation": [0, 5, 0], "uv": [4, 18], "mirror": true},
						{"origin": [-4, 0, -3.75], "size": [0, 1, 1], "uv": [2, 18], "mirror": true},
						{"origin": [-2.75, 0, -3.75], "size": [0, 1, 1], "pivot": [-2.75, 0.5, -2.75], "rotation": [0, -5, 0], "uv": [0, 18], "mirror": true}
					]
				},
				{
					"name": "leg_left",
					"parent": "legs",
					"pivot": [4, 4, 0.75],
					"cubes": [
						{"origin": [2.5, 2, -2.5], "size": [3, 4, 5], "uv": [32, 33]}
					]
				},
				{
					"name": "knee_left",
					"parent": "leg_left",
					"pivot": [4, 2, -2],
					"cubes": [
						{"origin": [3, 0.5, -2], "size": [2, 2, 3], "uv": [26, 33]}
					]
				},
				{
					"name": "foot_left",
					"parent": "knee_left",
					"pivot": [2.75, 1, -0.25],
					"cubes": [
						{"origin": [2.5, 0, -1.75], "size": [3, 1, 3], "uv": [31, 4]}
					]
				},
				{
					"name": "foot_left2",
					"parent": "foot_left",
					"pivot": [2.75, 0, -1.75],
					"cubes": [
						{"origin": [2.5, 0, -2.75], "size": [3, 1, 1], "uv": [22, 18]},
						{"origin": [5.25, 0, -3.75], "size": [0, 1, 1], "pivot": [5.25, 0.5, -2.75], "rotation": [0, -5, 0], "uv": [4, 18]},
						{"origin": [4, 0, -3.75], "size": [0, 1, 1], "uv": [2, 18]},
						{"origin": [2.75, 0, -3.75], "size": [0, 1, 1], "pivot": [2.75, 0.5, -2.75], "rotation": [0, 5, 0], "uv": [0, 18]}
					]
				}
			]
		}
	]
}