{
	"format_version": "1.12.0",
	"minecraft:geometry": [
		{
			"description": {
				"identifier": "geometry.pinsir",
				"texture_width": 128,
				"texture_height": 128,
				"visible_bounds_width": 5,
				"visible_bounds_height": 3.5,
				"visible_bounds_offset": [0, 1.25, 0]
			},
			"bones": [
				{
					"name": "pinsir",
					"pivot": [0, 0, 0]
				},
				{
					"name": "body",
					"parent": "pinsir",
					"pivot": [0, 13, 0]
				},
				{
					"name": "torso",
					"parent": "body",
					"pivot": [0, 8, 0],
					"cubes": [
						{"origin": [-3.5, 2.75, -4.5], "size": [7, 2, 9], "uv": [44, 28]},
						{"origin": [-5.5, 4.75, -5.5], "size": [11, 6, 11], "uv": [0, 28]}
					]
				},
				{
					"name": "torso2",
					"parent": "torso",
					"pivot": [0, 8.75, -0.5],
					"cubes": [
						{"origin": [-7.5, 9.75, -6.5], "size": [15, 15, 13], "uv": [0, 0]}
					]
				},
				{
					"name": "pincer_left",
					"parent": "torso2",
					"pivot": [6.5, 18.75, -0.5],
					"rotation": [0, 0, 35],
					"cubes": [
						{"origin": [1.5, 18.75, -3], "size": [6, 6, 5], "inflate": 0.01, "uv": [44, 39]}
					]
				},
				{
					"name": "pincer_left2",
					"parent": "pincer_left",
					"pivot": [6.5, 24.75, -0.5],
					"rotation": [0, 0, -20],
					"cubes": [
						{"origin": [2.7, 23.75, -2.5], "size": [4, 7, 4], "uv": [42, 60]},
						{"origin": [4.5, 28.5, -4.25], "size": [0, 2, 2], "pivot": [4.5, 28.75, -2.5], "rotation": [-5, 0, 0], "uv": [70, 75]},
						{"origin": [4.5, 28.5, 1.25], "size": [0, 2, 2], "pivot": [4.5, 28.75, 1.5], "rotation": [5, 0, 0], "uv": [74, 75]},
						{"origin": [6.5, 24.75, -0.5], "size": [2, 2, 0], "pivot": [6.75, 26.25, -0.5], "rotation": [0, 0, -5], "uv": [76, 30]},
						{"origin": [1, 26.55, -0.5], "size": [2, 2, 0], "pivot": [2.25, 28.05, -0.5], "rotation": [0, 0, 5], "uv": [76, 32]}
					]
				},
				{
					"name": "pincer_left3",
					"parent": "pincer_left2",
					"pivot": [6.3, 30.75, -0.5],
					"rotation": [0, 0, -20],
					"cubes": [
						{"origin": [3.3, 30.75, -2], "size": [3, 5, 3], "uv": [0, 66]},
						{"origin": [2, 33.55, -0.5], "size": [2, 2, 0], "pivot": [3.25, 35.05, -0.5], "rotation": [0, 0, 5], "uv": [12, 78]},
						{"origin": [5.5, 32.75, -0.5], "size": [2, 2, 0], "pivot": [5.75, 34.25, -0.5], "rotation": [0, 0, -5], "uv": [28, 77]},
						{"origin": [3.7, 35.25, -0.5], "size": [2, 3, 0], "pivot": [5.7, 35.75, -0.5], "rotation": [0, 0, -7.5], "uv": [76, 20]}
					]
				},
				{
					"name": "pincer_right",
					"parent": "torso2",
					"pivot": [-6.5, 18.75, -0.5],
					"rotation": [0, 0, -35],
					"cubes": [
						{"origin": [-7.5, 18.75, -3], "size": [6, 6, 5], "inflate": 0.01, "uv": [0, 45]}
					]
				},
				{
					"name": "pincer_right2",
					"parent": "pincer_right",
					"pivot": [-6.5, 24.75, -0.5],
					"rotation": [0, 0, 20],
					"cubes": [
						{"origin": [-6.7, 23.75, -2.5], "size": [4, 7, 4], "uv": [58, 60]},
						{"origin": [-4.5, 28.5, -4.25], "size": [0, 2, 2], "pivot": [-4.5, 28.75, -2.5], "rotation": [-5, 0, 0], "uv": [76, 4]},
						{"origin": [-4.5, 28.5, 1.25], "size": [0, 2, 2], "pivot": [-4.5, 28.75, 1.5], "rotation": [5, 0, 0], "uv": [76, 8]},
						{"origin": [-8.5, 24.75, -0.5], "size": [2, 2, 0], "pivot": [-6.75, 26.25, -0.5], "rotation": [0, 0, 5], "uv": [16, 78]},
						{"origin": [-3, 26.55, -0.5], "size": [2, 2, 0], "pivot": [-2.25, 28.05, -0.5], "rotation": [0, 0, -5], "uv": [20, 78]}
					]
				},
				{
					"name": "pincer_right3",
					"parent": "pincer_right2",
					"pivot": [-6.3, 30.75, -0.5],
					"rotation": [0, 0, 20],
					"cubes": [
						{"origin": [-6.3, 30.75, -2], "size": [3, 5, 3], "uv": [34, 71]},
						{"origin": [-4, 33.55, -0.5], "size": [2, 2, 0], "pivot": [-3.25, 35.05, -0.5], "rotation": [0, 0, -5], "uv": [62, 78]},
						{"origin": [-7.5, 32.75, -0.5], "size": [2, 2, 0], "pivot": [-5.75, 34.25, -0.5], "rotation": [0, 0, 5], "uv": [66, 78]},
						{"origin": [-5.7, 35.25, -0.5], "size": [2, 3, 0], "pivot": [-5.7, 35.75, -0.5], "rotation": [0, 0, 7.5], "uv": [76, 23]}
					]
				},
				{
					"name": "shoulder_left",
					"parent": "torso2",
					"pivot": [7.5, 15, -0.5],
					"cubes": [
						{"origin": [6, 12.5, -3], "size": [5, 5, 5], "uv": [22, 55]}
					]
				},
				{
					"name": "arm_left",
					"parent": "shoulder_left",
					"pivot": [11, 16, 0.5],
					"cubes": [
						{"origin": [10, 14, -1.5], "size": [6, 2, 2], "inflate": 0.01, "uv": [66, 39]},
						{"origin": [10, 14, -1.5], "size": [6, 2, 2], "inflate": 0.2, "uv": [66, 43]}
					]
				},
				{
					"name": "arm_left2",
					"parent": "arm_left",
					"pivot": [16, 15, 0.5],
					"cubes": [
						{"origin": [16, 14, -1.5], "size": [8, 2, 2], "uv": [56, 20]},
						{"origin": [16, 14, -1.5], "size": [8, 2, 2], "inflate": 0.2, "uv": [56, 24]}
					]
				},
				{
					"name": "hand_left",
					"parent": "arm_left2",
					"pivot": [24, 15, -0.5],
					"cubes": [
						{"origin": [24, 14, -2], "size": [3, 2, 3], "inflate": 0.01, "uv": [12, 73]}
					]
				},
				{
					"name": "finger_left_index",
					"parent": "hand_left",
					"pivot": [25.5, 15.35, -2],
					"rotation": [11.21792, 41.26755, 16.7357],
					"cubes": [
						{"origin": [25.5, 14.35, -2], "size": [2, 1, 1], "inflate": 0.01, "uv": [34, 69]}
					]
				},
				{
					"name": "finger_left_index2",
					"parent": "finger_left_index",
					"pivot": [27.5, 15.35, -1.5],
					"cubes": [
						{"origin": [27.5, 14.35, -2], "size": [1, 1, 1], "uv": [76, 34]}
					]
				},
				{
					"name": "finger_left_middle",
					"parent": "hand_left",
					"pivot": [27, 15.75, -1],
					"cubes": [
						{"origin": [26.75, 14.75, -1.5], "size": [2, 1, 1], "inflate": 0.01, "uv": [76, 0]}
					]
				},
				{
					"name": "finger_left_middle2",
					"parent": "finger_left_middle",
					"pivot": [28.75, 15.75, -1],
					"cubes": [
						{"origin": [28.75, 14.75, -1.5], "size": [1, 1, 1], "uv": [76, 36]}
					]
				},
				{
					"name": "finger_left_ring",
					"parent": "hand_left",
					"pivot": [26.60822, 15.75, 0.51185],
					"rotation": [0, -12.5, 0],
					"cubes": [
						{"origin": [26.60822, 14.75, 0.01185], "size": [2, 1, 1], "inflate": 0.01, "uv": [76, 2]}
					]
				},
				{
					"name": "finger_left_ring2",
					"parent": "finger_left_ring",
					"pivot": [28.60822, 15.75, 0.51185],
					"cubes": [
						{"origin": [28.60822, 14.75, 0.01185], "size": [1, 1, 1], "uv": [24, 77]}
					]
				},
				{
					"name": "shoulder_right",
					"parent": "torso2",
					"pivot": [-7.5, 15, -0.5],
					"cubes": [
						{"origin": [-11, 12.5, -3], "size": [5, 5, 5], "uv": [0, 56]}
					]
				},
				{
					"name": "arm_right",
					"parent": "shoulder_right",
					"pivot": [-11, 16, 0.5],
					"cubes": [
						{"origin": [-16, 14, -1.5], "size": [6, 2, 2], "inflate": 0.01, "uv": [46, 71]},
						{"origin": [-16, 14, -1.5], "size": [6, 2, 2], "inflate": 0.2, "uv": [62, 71]}
					]
				},
				{
					"name": "arm_right2",
					"parent": "arm_right",
					"pivot": [-16, 15, 0.5],
					"cubes": [
						{"origin": [-24, 14, -1.5], "size": [8, 2, 2], "uv": [62, 50]},
						{"origin": [-24, 14, -1.5], "size": [8, 2, 2], "inflate": 0.2, "uv": [62, 54]}
					]
				},
				{
					"name": "hand_right",
					"parent": "arm_right2",
					"pivot": [-24, 15, -0.5],
					"cubes": [
						{"origin": [-27, 14, -2], "size": [3, 2, 3], "inflate": 0.01, "uv": [0, 74]}
					]
				},
				{
					"name": "finger_right_index",
					"parent": "hand_right",
					"pivot": [-25.5, 15.35, -2],
					"rotation": [11.21792, -41.26755, -16.7357],
					"cubes": [
						{"origin": [-27.5, 14.35, -2], "size": [2, 1, 1], "inflate": 0.01, "uv": [76, 12]}
					]
				},
				{
					"name": "finger_right_index2",
					"parent": "finger_right_index",
					"pivot": [-27.5, 15.35, -1.5],
					"cubes": [
						{"origin": [-28.5, 14.35, -2], "size": [1, 1, 1], "uv": [78, 71]}
					]
				},
				{
					"name": "finger_right_middle",
					"parent": "hand_right",
					"pivot": [-27, 15.75, -1],
					"cubes": [
						{"origin": [-28.75, 14.75, -1.5], "size": [2, 1, 1], "inflate": 0.01, "uv": [76, 14]}
					]
				},
				{
					"name": "finger_right_middle2",
					"parent": "finger_right_middle",
					"pivot": [-28.75, 15.75, -1],
					"cubes": [
						{"origin": [-29.75, 14.75, -1.5], "size": [1, 1, 1], "uv": [78, 73]}
					]
				},
				{
					"name": "finger_right_ring",
					"parent": "hand_right",
					"pivot": [-26.60822, 15.75, 0.51185],
					"rotation": [0, 12.5, 0],
					"cubes": [
						{"origin": [-28.60822, 14.75, 0.01185], "size": [2, 1, 1], "inflate": 0.01, "uv": [76, 16]}
					]
				},
				{
					"name": "finger_right_ring2",
					"parent": "finger_right_ring",
					"pivot": [-28.60822, 15.75, 0.51185],
					"cubes": [
						{"origin": [-29.60822, 14.75, 0.01185], "size": [1, 1, 1], "uv": [78, 75]}
					]
				},
				{
					"name": "mouth",
					"parent": "torso2",
					"pivot": [0, -0.75, -0.5],
					"cubes": [
						{"origin": [-3.5, 11, -6.5], "size": [7, 8, 0], "inflate": 0.01, "uv": [20, 65]},
						{"origin": [-3.5, 18.5, -6.5], "size": [7, 1, 0], "inflate": 0.015, "uv": [62, 58]}
					]
				},
				{
					"name": "teeth_left",
					"parent": "mouth",
					"pivot": [3.5, 16, -6.5]
				},
				{
					"name": "tooth_left",
					"parent": "teeth_left",
					"pivot": [2.5, 18.5, -6.5],
					"rotation": [0, -7.5, -2.5],
					"cubes": [
						{"origin": [0.5, 18, -6.5], "size": [2, 1, 0], "inflate": 0.01, "uv": [76, 38]}
					]
				},
				{
					"name": "tooth_left2",
					"parent": "teeth_left",
					"pivot": [3.5, 17.25, -6.5],
					"rotation": [0, -7.5, 0],
					"cubes": [
						{"origin": [0.5, 16.75, -6.5], "size": [3, 1, 0], "inflate": 0.01, "uv": [62, 59]}
					]
				},
				{
					"name": "tooth_left3",
					"parent": "teeth_left",
					"pivot": [3.5, 15.7, -6.5],
					"rotation": [0, -7.5, 0],
					"cubes": [
						{"origin": [0.5, 15.2, -6.5], "size": [3, 1, 0], "inflate": 0.01, "uv": [68, 59]}
					]
				},
				{
					"name": "tooth_left4",
					"parent": "teeth_left",
					"pivot": [3.5, 14.15, -6.5],
					"rotation": [0, -7.5, 0],
					"cubes": [
						{"origin": [0.5, 13.65, -6.5], "size": [3, 1, 0], "inflate": 0.01, "uv": [76, 18]}
					]
				},
				{
					"name": "tooth_left5",
					"parent": "teeth_left",
					"pivot": [3.5, 12.5, -6.5],
					"rotation": [0, -7.5, 2.5],
					"cubes": [
						{"origin": [0.5, 12, -6.5], "size": [3, 1, 0], "inflate": 0.01, "uv": [76, 19]}
					]
				},
				{
					"name": "teeth_right",
					"parent": "mouth",
					"pivot": [-3.5, 16, -6.5]
				},
				{
					"name": "tooth_right",
					"parent": "teeth_right",
					"pivot": [-2.5, 18.5, -6.5],
					"rotation": [0, 7.5, 2.5],
					"cubes": [
						{"origin": [-2.5, 18, -6.5], "size": [2, 1, 0], "inflate": 0.01, "uv": [76, 58]}
					]
				},
				{
					"name": "tooth_right2",
					"parent": "teeth_right",
					"pivot": [-3.5, 17.25, -6.5],
					"rotation": [0, 7.5, 0],
					"cubes": [
						{"origin": [-3.5, 16.75, -6.5], "size": [3, 1, 0], "inflate": 0.01, "uv": [76, 26]}
					]
				},
				{
					"name": "tooth_right3",
					"parent": "teeth_right",
					"pivot": [-3.5, 15.7, -6.5],
					"rotation": [0, 7.5, 0],
					"cubes": [
						{"origin": [-3.5, 15.2, -6.5], "size": [3, 1, 0], "inflate": 0.01, "uv": [76, 27]}
					]
				},
				{
					"name": "tooth_right4",
					"parent": "teeth_right",
					"pivot": [-3.5, 14.15, -6.5],
					"rotation": [0, 7.5, 0],
					"cubes": [
						{"origin": [-3.5, 13.65, -6.5], "size": [3, 1, 0], "inflate": 0.01, "uv": [76, 28]}
					]
				},
				{
					"name": "tooth_right5",
					"parent": "teeth_right",
					"pivot": [-3.5, 12.5, -6.5],
					"rotation": [0, 7.5, -2.5],
					"cubes": [
						{"origin": [-3.5, 12, -6.5], "size": [3, 1, 0], "inflate": 0.01, "uv": [76, 29]}
					]
				},
				{
					"name": "eye_left",
					"parent": "torso2",
					"pivot": [3.05, 21.4, -6.5],
					"rotation": [0, 0, -7.5],
					"cubes": [
						{"origin": [1.55, 19.9, -6.5], "size": [4, 3, 0], "inflate": 0.01, "uv": [66, 47]},
						{"origin": [1.55, 19.9, -6.5], "size": [4, 3, 0], "inflate": 0.03, "uv": [74, 47]}
					]
				},
				{
					"name": "pupil_left",
					"parent": "eye_left",
					"pivot": [2.8, 20.9, -6.5],
					"cubes": [
						{"origin": [2.3, 19.9, -6.5], "size": [1, 2, 0], "inflate": 0.02, "uv": [42, 45]}
					]
				},
				{
					"name": "eyelid_left",
					"parent": "eye_left",
					"pivot": [3.05, 21.4, -5.9],
					"cubes": [
						{"origin": [1.55, 19.9, -6.4], "size": [4, 3, 1], "inflate": 0.04, "uv": [24, 73]}
					]
				},
				{
					"name": "eye_right",
					"parent": "torso2",
					"pivot": [-3.05, 21.4, -6.5],
					"rotation": [0, 0, 7.5],
					"cubes": [
						{"origin": [-5.55, 19.9, -6.5], "size": [4, 3, 0], "inflate": 0.01, "uv": [12, 70]},
						{"origin": [-5.55, 19.9, -6.5], "size": [4, 3, 0], "inflate": 0.03, "uv": [62, 75]}
					]
				},
				{
					"name": "pupil_right",
					"parent": "eye_right",
					"pivot": [-2.8, 20.9, -6.5],
					"cubes": [
						{"origin": [-3.3, 19.9, -6.5], "size": [1, 2, 0], "inflate": 0.02, "uv": [42, 47]}
					]
				},
				{
					"name": "eyelid_right",
					"parent": "eye_right",
					"pivot": [-3.05, 21.4, -5.9],
					"cubes": [
						{"origin": [-5.55, 19.9, -6.4], "size": [4, 3, 1], "inflate": 0.04, "uv": [74, 59]}
					]
				},
				{
					"name": "leg_left",
					"parent": "body",
					"pivot": [6.5, 7, -0.5],
					"rotation": [-20, -10, 0],
					"cubes": [
						{"origin": [4, 4, -2.75], "size": [5, 5, 5], "uv": [22, 45]}
					]
				},
				{
					"name": "leg_left2",
					"parent": "leg_left",
					"pivot": [6.5, 4, -2.75],
					"rotation": [20, 0, 0],
					"cubes": [
						{"origin": [4, -1, -2.75], "size": [5, 5, 5], "inflate": 0.01, "uv": [42, 50]}
					]
				},
				{
					"name": "toe_back_left",
					"parent": "leg_left2",
					"pivot": [6.5, 1, 2.25],
					"cubes": [
						{"origin": [5.5, -1, 2.25], "size": [2, 2, 2], "uv": [34, 65]},
						{"origin": [6.5, -1, 4.25], "size": [0, 1, 1], "uv": [20, 56]}
					]
				},
				{
					"name": "toe_left",
					"parent": "leg_left2",
					"pivot": [8.55, 0, -2.75],
					"rotation": [0, -10, 0],
					"cubes": [
						{"origin": [7.05, -1, -4.5], "size": [2, 2, 2], "uv": [12, 66]},
						{"origin": [8.05, -1, -5.5], "size": [0, 1, 1], "uv": [20, 58]}
					]
				},
				{
					"name": "toe_left2",
					"parent": "leg_left2",
					"pivot": [4.45, 0, -2.75],
					"rotation": [0, 10, 0],
					"cubes": [
						{"origin": [3.95, -1, -4.5], "size": [2, 2, 2], "uv": [74, 63]},
						{"origin": [4.95, -1, -5.5], "size": [0, 1, 1], "uv": [20, 60]}
					]
				},
				{
					"name": "leg_right",
					"parent": "body",
					"pivot": [-6.5, 7, -0.5],
					"rotation": [-20, 10, 0],
					"cubes": [
						{"origin": [-9, 4, -2.75], "size": [5, 5, 5], "uv": [56, 0]}
					]
				},
				{
					"name": "leg_right2",
					"parent": "leg_right",
					"pivot": [-6.5, 4, -2.75],
					"rotation": [20, 0, 0],
					"cubes": [
						{"origin": [-9, -1, -2.75], "size": [5, 5, 5], "inflate": 0.01, "uv": [56, 10]}
					]
				},
				{
					"name": "toe_back_right",
					"parent": "leg_right2",
					"pivot": [-6.5, 1, 2.25],
					"cubes": [
						{"origin": [-7.5, -1, 2.25], "size": [2, 2, 2], "uv": [74, 67]},
						{"origin": [-6.5, -1, 4.25], "size": [0, 1, 1], "uv": [20, 62]}
					]
				},
				{
					"name": "toe_right",
					"parent": "leg_right2",
					"pivot": [-8.55, 0, -2.75],
					"rotation": [0, 10, 0],
					"cubes": [
						{"origin": [-9.05, -1, -4.5], "size": [2, 2, 2], "uv": [46, 75]},
						{"origin": [-8.05, -1, -5.5], "size": [0, 1, 1], "uv": [40, 69]}
					]
				},
				{
					"name": "toe_right2",
					"parent": "leg_right2",
					"pivot": [-4.45, 0, -2.75],
					"rotation": [0, -10, 0],
					"cubes": [
						{"origin": [-5.95, -1, -4.5], "size": [2, 2, 2], "uv": [54, 75]},
						{"origin": [-4.95, -1, -5.5], "size": [0, 1, 1], "uv": [32, 77]}
					]
				}
			]
		}
	]
}