{
	"format_version": "1.8.0",
	"animations": {
		"animation.araquanid.ground_idle": {
			"loop": true,
			"bones": {
				"leg_front_right": {
					"rotation": [-15, -25, 35]
				},
				"head_angle": {
					"rotation": [5, 0, 0]
				},
				"leg_front_right2": {
					"rotation": [0, 0, -105]
				},
				"bump_left": {
					"rotation": [0, 0, 12.5]
				},
				"bump_right": {
					"rotation": [0, 0, -12.5]
				},
				"tooth_front_left": {
					"rotation": [10, 0, 0]
				},
				"tooth_front_right": {
					"rotation": [10, 0, 0]
				},
				"tooth_back_left": {
					"rotation": [-10, 0, 0]
				},
				"tooth_back_right": {
					"rotation": [-10, 0, 0]
				},
				"leg_back_right": {
					"rotation": [15, 25, 35]
				},
				"leg_back_right2": {
					"rotation": [0, 0, -105]
				},
				"leg_middle_right": {
					"rotation": [0, 0, 35]
				},
				"leg_middle_right2": {
					"rotation": [0, 0, -112.5]
				},
				"leg_front_left": {
					"rotation": [-15, 25, -35]
				},
				"leg_front_left2": {
					"rotation": [0, 0, 105]
				},
				"leg_back_left": {
					"rotation": [15, -25, -35]
				},
				"leg_back_left2": {
					"rotation": [0, 0, 105]
				},
				"leg_middle_left": {
					"rotation": [0, 0, -35]
				},
				"leg_middle_left2": {
					"rotation": [0, 0, 112.5]
				},
				"bump_front": {
					"rotation": [5, 0, 0]
				}
			}
		},
		"animation.araquanid.water_idle": {
			"loop": true,
			"bones": {
				"leg_front_right": {
					"rotation": [-15, -25, 35]
				},
				"head_angle": {
					"rotation": [5, 0, 0]
				},
				"leg_front_right2": {
					"rotation": [0, 0, -105]
				},
				"bump_left": {
					"rotation": [0, 0, 12.5]
				},
				"bump_right": {
					"rotation": [0, 0, -12.5]
				},
				"tooth_front_left": {
					"rotation": [10, 0, 0]
				},
				"tooth_front_right": {
					"rotation": [10, 0, 0]
				},
				"tooth_back_left": {
					"rotation": [-10, 0, 0]
				},
				"tooth_back_right": {
					"rotation": [-10, 0, 0]
				},
				"leg_back_right": {
					"rotation": [15, 25, 35]
				},
				"leg_back_right2": {
					"rotation": [0, 0, -105]
				},
				"leg_middle_right": {
					"rotation": [0, 0, 35]
				},
				"leg_middle_right2": {
					"rotation": [0, 0, -112.5]
				},
				"leg_front_left": {
					"rotation": [-15, 25, -35]
				},
				"leg_front_left2": {
					"rotation": [0, 0, 105]
				},
				"leg_back_left": {
					"rotation": [15, -25, -35]
				},
				"leg_back_left2": {
					"rotation": [0, 0, 105]
				},
				"leg_middle_left": {
					"rotation": [0, 0, -35]
				},
				"leg_middle_left2": {
					"rotation": [0, 0, 112.5]
				},
				"bump_front": {
					"rotation": [5, 0, 0]
				},
				"bubble": {
					"scale": 0.1
				}
			}
		},
		"animation.araquanid.sleep": {
			"loop": true,
			"bones": {
				"leg_front_right": {
					"rotation": [-22.5, -18, 20]
				},
				"head_angle": {
					"rotation": [25, 0, 0]
				},
				"leg_front_right2": {
					"rotation": [0, 0, -112.5]
				},
				"bump_left": {
					"rotation": [0, 0, 12.5]
				},
				"bump_right": {
					"rotation": [0, 0, -12.5]
				},
				"tooth_front_left": {
					"rotation": [45, 0, 0]
				},
				"tooth_front_right": {
					"rotation": [45, 0, 0]
				},
				"tooth_back_left": {
					"rotation": [-45, 0, 0]
				},
				"tooth_back_right": {
					"rotation": [-45, 0, 0]
				},
				"leg_back_right": {
					"rotation": [15, 25, 20]
				},
				"leg_back_right2": {
					"rotation": [0, 0, -112.5]
				},
				"leg_middle_right": {
					"rotation": [0, 0, 17.5]
				},
				"leg_middle_right2": {
					"rotation": [0, 0, -120]
				},
				"leg_front_left": {
					"rotation": [-22.5, 18, -20]
				},
				"leg_front_left2": {
					"rotation": [0, 0, 112.5]
				},
				"leg_back_left": {
					"rotation": [15, -25, -20]
				},
				"leg_back_left2": {
					"rotation": [0, 0, 112.5]
				},
				"leg_middle_left": {
					"rotation": [0, 0, -17.5]
				},
				"leg_middle_left2": {
					"rotation": [0, 0, 120]
				},
				"bump_front": {
					"rotation": [5, 0, 0]
				},
				"body": {
					"position": [0, -8, 0]
				},
				"leg_front_left3": {
					"rotation": [0, 0, 55]
				},
				"foot_front_left": {
					"rotation": [0, 0, 30]
				},
				"leg_front_right3": {
					"rotation": [0, 0, -55]
				},
				"foot_front_right": {
					"rotation": [0, 0, -30]
				},
				"leg_middle_left3": {
					"rotation": [0, 0, 52.5]
				},
				"foot_middle_left": {
					"rotation": [0, 0, 25]
				},
				"leg_middle_right3": {
					"rotation": [0, 0, -52.5]
				},
				"foot_middle_right": {
					"rotation": [0, 0, -25]
				},
				"leg_back_left3": {
					"rotation": [0, 0, 57.5]
				},
				"foot_back_left": {
					"rotation": [0, 0, 30]
				},
				"leg_back_right3": {
					"rotation": [0, 0, -57.5]
				},
				"foot_back_right": {
					"rotation": [0, 0, -30]
				},
				"eye_left": {
					"position": [-0.75, 0, 0.75]
				},
				"eye_right": {
					"position": [0.75, 0, 0.75]
				},
				"eye_left_inactive": {
					"position": [0.75, 0, -0.75]
				},
				"eye_right_inactive": {
					"position": [-0.75, 0, -0.75]
				}
			}
		},
		"animation.araquanid.water_sleep": {
			"loop": true,
			"bones": {
				"leg_front_right": {
					"rotation": [-22.5, -18, 20]
				},
				"head_angle": {
					"rotation": [25, 0, 0]
				},
				"leg_front_right2": {
					"rotation": [0, 0, -112.5]
				},
				"bump_left": {
					"rotation": [0, 0, 12.5]
				},
				"bump_right": {
					"rotation": [0, 0, -12.5]
				},
				"tooth_front_left": {
					"rotation": [45, 0, 0]
				},
				"tooth_front_right": {
					"rotation": [45, 0, 0]
				},
				"tooth_back_left": {
					"rotation": [-45, 0, 0]
				},
				"tooth_back_right": {
					"rotation": [-45, 0, 0]
				},
				"leg_back_right": {
					"rotation": [15, 25, 20]
				},
				"leg_back_right2": {
					"rotation": [0, 0, -112.5]
				},
				"leg_middle_right": {
					"rotation": [0, 0, 17.5]
				},
				"leg_middle_right2": {
					"rotation": [0, 0, -120]
				},
				"leg_front_left": {
					"rotation": [-22.5, 18, -20]
				},
				"leg_front_left2": {
					"rotation": [0, 0, 112.5]
				},
				"leg_back_left": {
					"rotation": [15, -25, -20]
				},
				"leg_back_left2": {
					"rotation": [0, 0, 112.5]
				},
				"leg_middle_left": {
					"rotation": [0, 0, -17.5]
				},
				"leg_middle_left2": {
					"rotation": [0, 0, 120]
				},
				"bump_front": {
					"rotation": [5, 0, 0]
				},
				"body": {
					"position": [0, -8, 0]
				},
				"leg_front_left3": {
					"rotation": [0, 0, 55]
				},
				"foot_front_left": {
					"rotation": [0, 0, 30]
				},
				"leg_front_right3": {
					"rotation": [0, 0, -55]
				},
				"foot_front_right": {
					"rotation": [0, 0, -30]
				},
				"leg_middle_left3": {
					"rotation": [0, 0, 52.5]
				},
				"foot_middle_left": {
					"rotation": [0, 0, 25]
				},
				"leg_middle_right3": {
					"rotation": [0, 0, -52.5]
				},
				"foot_middle_right": {
					"rotation": [0, 0, -25]
				},
				"leg_back_left3": {
					"rotation": [0, 0, 57.5]
				},
				"foot_back_left": {
					"rotation": [0, 0, 30]
				},
				"leg_back_right3": {
					"rotation": [0, 0, -57.5]
				},
				"foot_back_right": {
					"rotation": [0, 0, -30]
				},
				"eye_left": {
					"position": [-0.75, 0, 0.75]
				},
				"eye_right": {
					"position": [0.75, 0, 0.75]
				},
				"eye_left_inactive": {
					"position": [0.75, 0, -0.75]
				},
				"eye_right_inactive": {
					"position": [-0.75, 0, -0.75]
				},
				"bubble": {
					"scale": 0.1
				}
			}
		},
		"animation.araquanid.blink": {
			"animation_length": 0.1667,
			"bones": {
				"eye_left": {
					"position": [0, 0, 0]
				},
				"eye_right": {
					"position": [0, 0, 0]
				}
			}
		}
	}
}