{
  "portraitScale": 1.42,
  "portraitTranslation": [-0.18, 0.04, 0],
  "profileScale": 0.8,
  "profileTranslation": [0.03, 0.55, 0],
  "rootBone": "corphish",
  "animations": {
    "cry": "q.bedrock_stateful('corphish', 'cry')"
  },
  "poses": {
    "standing": {
      "poseTypes": ["STAND", "NONE", "PORTRAIT", "PROFILE"],
      "animations": ["q.bedrock('corphish', 'ground_idle')"]
    },
    "walking": {
      "poseTypes": ["WALK"],
      "animations": ["q.bedrock('corphish', 'ground_idle')"]
    }
  }
}
