{
	"format_version": "1.8.0",
	"animations": {
		"animation.farigiraf.ground_idle": {
			"loop": true,
			"bones": {
				"body": {
					"position": [0, -0.5, 0]
				},
				"neck": {
					"rotation": [10, 0, 0]
				},
				"neck2": {
					"rotation": [0, 0, 0]
				},
				"neck3": {
					"rotation": [-2.5, 0, 0]
				},
				"neck5": {
					"rotation": [-7.5, 0, 0]
				},
				"head_inner": {
					"rotation": [-5, 0, 0]
				},
				"hoodie": {
					"rotation": [0, 0, 0]
				},
				"leg_front_left": {
					"rotation": [7.5, 0, 5]
				},
				"leg_front_left2": {
					"rotation": [5, 0, -5]
				},
				"leg_front_left4": {
					"rotation": [-7.5, 0, 0]
				},
				"leg_front_left5": {
					"rotation": [-5, 0, 0]
				},
				"leg_back_left": {
					"rotation": [0, 0, -2.5]
				},
				"leg_back_left2": {
					"rotation": [-9.99294, 0.32621, 2.47864]
				},
				"leg_back_left4": {
					"rotation": [10, 0, 0]
				},
				"leg_front_right": {
					"rotation": [-10, 0, -5]
				},
				"leg_front_right2": {
					"rotation": [10, 0, 5]
				},
				"leg_back_right": {
					"rotation": [0, 0, 2.5]
				},
				"leg_back_right2": {
					"rotation": [-9.99762, -0.10901, -2.49762]
				},
				"leg_back_right4": {
					"rotation": [10, 0, 0]
				},
				"hoodie_eye_left": {
					"scale": 1
				},
				"hoodie_eye_psychic_left": {
					"scale": 0
				},
				"hoodie_eye_psychic_right": {
					"scale": 0
				}
			}
		},
		"animation.farigiraf.blink": {
			"animation_length": 0.1667,
			"bones": {
				"eyelash_neutral_left": {
					"position": {
						"0.0": [-0.1, 0, 0.1],
						"0.125": [-0.1, 0, 0.1],
						"0.1667": [0, 0, 0]
					}
				},
				"eyelid_left": {
					"position": {
						"0.0": [0.1, 0, -0.1],
						"0.125": [0.1, 0, -0.1],
						"0.1667": [0, 0, 0]
					}
				},
				"eyelash_neutral_right": {
					"position": {
						"0.0": [0.1, 0, 0.1],
						"0.125": [0.1, 0, 0.1],
						"0.1667": [0, 0, 0]
					}
				},
				"eyelid_right": {
					"position": {
						"0.0": [-0.1, 0, -0.1],
						"0.125": [-0.1, 0, -0.1],
						"0.1667": [0, 0, 0]
					}
				}
			}
		},
		"animation.farigiraf.closed_hoodie": {
			"loop": true,
			"animation_length": 1.125,
			"bones": {
				"muzzle": {
					"position": {
						"0.0": [0, 0, 0],
						"0.4583": [0, 0, 0],
						"0.5": [0, 0, 2],
						"0.9583": [0, 0, 2],
						"1.0": [0, 0, 0]
					}
				},
				"hoodie_upper_open": {
					"rotation": {
						"0.0": [0, 0, 0],
						"0.4583": [0, 0, 0],
						"0.5": [-90, 0, 0],
						"0.9583": [-90, 0, 0],
						"1.0": [0, 0, 0]
					}
				},
				"hoodie_lower_open": {
					"rotation": {
						"0.0": [0, 0, 0],
						"0.4583": [0, 0, 0],
						"0.5": [90, 0, 0],
						"0.9583": [90, 0, 0],
						"1.0": [0, 0, 0]
					}
				},
				"hoodie_upper_closed": {
					"rotation": {
						"0.0": [0, 0, 0],
						"0.4583": [0, 0, 0],
						"0.5": [90, 0, 0],
						"0.9583": [90, 0, 0],
						"1.0": [0, 0, 0]
					}
				},
				"hoodie_lower_closed": {
					"rotation": {
						"0.0": [0, 0, 0],
						"0.4583": [0, 0, 0],
						"0.5": [-90, 0, 0],
						"0.9583": [-90, 0, 0],
						"1.0": [0, 0, 0]
					}
				},
				"hoodie_upper_teeth": {
					"position": {
						"0.0": [0, 0, 0],
						"0.4583": [0, 0, 0],
						"0.5": [0, 0, 1],
						"0.9583": [0, 0, 1],
						"1.0": [0, 0, 0]
					}
				}
			}
		},
		"animation.farigiraf.shock": {
			"loop": true,
			"bones": {
				"eyelash_neutral_left": {
					"position": [0, 0.25, 0]
				},
				"pupil_left": {
					"position": [0, 0.25, 0],
					"scale": [0.7, 0.7, 1]
				},
				"eyelash_neutral_right": {
					"position": [0, 0.25, 0]
				},
				"pupil_right": {
					"position": [0, 0.25, 0],
					"scale": [0.7, 0.7, 1]
				},
				"jaw": {
					"rotation": [60, 0, 0]
				},
				"hoodie_eye_psychic_left": {
					"scale": 0
				},
				"hoodie_eye_psychic_right": {
					"scale": 0
				}
			}
		},
		"animation.farigiraf.angry": {
			"loop": true,
			"bones": {
				"eyelash_neutral_left": {
					"position": [-0.1, 0, 0.1]
				},
				"eyelash_angry_left": {
					"position": [0.1, 0, -0.1]
				},
				"eyelash_neutral_right": {
					"position": [0.1, 0, 0.1]
				},
				"eyelash_angry_right": {
					"position": [-0.1, 0, -0.1]
				},
				"hoodie_eye_psychic_left": {
					"scale": 0
				},
				"hoodie_eye_psychic_right": {
					"scale": 0
				}
			}
		},
		"animation.farigiraf.sad": {
			"loop": true,
			"bones": {
				"eyelash_neutral_left": {
					"position": [-0.1, 0, 0.1]
				},
				"eyelash_neutral_right": {
					"position": [0.1, 0, 0.1]
				},
				"eyelash_sad_left": {
					"position": [0.1, 0, -0.1]
				},
				"eyelash_sad_right": {
					"position": [-0.1, 0, -0.1]
				},
				"hoodie_eye_psychic_left": {
					"scale": 0
				},
				"hoodie_eye_psychic_right": {
					"scale": 0
				}
			}
		},
		"animation.farigiraf.happy": {
			"loop": true,
			"bones": {
				"eyelash_neutral_left": {
					"position": [-0.1, 0, 0.1]
				},
				"eyelash_neutral_right": {
					"position": [0.1, 0, 0.1]
				},
				"jaw": {
					"rotation": [60, 0, 0]
				},
				"eyelid_happy_left": {
					"position": [0.1, 0, -0.1]
				},
				"eyelid_happy_right": {
					"position": [-0.1, 0, -0.1]
				},
				"hoodie_eye_psychic_left": {
					"scale": 0
				},
				"hoodie_eye_psychic_right": {
					"scale": 0
				}
			}
		},
		"animation.farigiraf.recoil": {
			"loop": true,
			"bones": {
				"eyelash_neutral_left": {
					"position": [-0.1, 0, 0.1]
				},
				"eyelash_neutral_right": {
					"position": [0.1, 0, 0.1]
				},
				"eyelid_recoil_left": {
					"position": [0.1, 0, -0.1]
				},
				"eyelid_recoil_right": {
					"position": [-0.1, 0, -0.1]
				},
				"hoodie_eye_psychic_left": {
					"scale": 0
				},
				"hoodie_eye_psychic_right": {
					"scale": 0
				}
			}
		},
		"animation.farigiraf.cry": {
			"animation_length": 1.2,
			"sound_effects": {
				"0.04": {
					"effect": "pokemon.farigiraf.cry"
				}
			}
		}
	}
}