{
	"format_version": "1.8.0",
	"animations": {
		"animation.vigoroth.pose": {
			"loop": true,
			"bones": {
				"torso": {
					"rotation": [10.03742, -4.92385, -0.87038],
					"position": [0, 0, 0]
				},
				"upper_torso": {
					"rotation": [20.06274, -4.76804, -1.50701]
				},
				"left_foot": {
					"rotation": [5.62974, 11.45375, -10.94574]
				},
				"left_upper_arm": {
					"rotation": [-95.39702, -6.64374, -28.1633],
					"position": [-1, -3, 2.5]
				},
				"left_hand": {
					"rotation": [15.19702, 18.8382, 28.71613]
				},
				"left_lower_arm": {
					"rotation": [2.79322, 52.42999, 4.07116],
					"position": [0, 0, 0]
				},
				"left_arm_claws": {
					"rotation": [0, 0, 37.5]
				},
				"tail": {
					"rotation": [12.5, 0, 0]
				},
				"head": {
					"rotation": [-32.37127, 5.57434, 0.4017]
				},
				"left_cheek_tuft": {
					"rotation": [-9.93589, -2.59157, -0.31668]
				},
				"right_upper_arm": {
					"rotation": [22.4696, -43.63463, -50.51724]
				},
				"right_lower_arm": {
					"rotation": [1.96517, -29.94832, -2.83792]
				},
				"right_hand": {
					"rotation": [-1.30906, 14.28238, -53.60805]
				},
				"right_arm_claws": {
					"rotation": [0, 0, -65]
				},
				"right_cheek_tuft": {
					"rotation": [-9.93589, 2.59157, 0.31668]
				},
				"jaw": {
					"position": [0, -2.5, 0]
				},
				"left_upper_leg": {
					"rotation": [0, 0, 12.5],
					"position": [0, 0, 0.5]
				},
				"left_lower_leg": {
					"rotation": [0, 0, 2.5]
				},
				"right_upper_leg": {
					"rotation": [0, 0, -12.5],
					"position": [0, 0, 0.5]
				},
				"right_lower_leg": {
					"rotation": [0, 0, 2.5]
				},
				"right_foot": {
					"rotation": [5.62974, -11.45375, 10.94574]
				},
				"left_cheek_tuft_jaw": {
					"position": [-1.25, -1.25, 0]
				},
				"right_cheek_tuft_jaw": {
					"position": [1.25, -1.25, 0]
				}
			}
		},
		"animation.vigoroth.ground_idle": {
			"loop": true,
			"bones": {
				"torso": {
					"rotation": [10, 0, 0],
					"position": [0, 0, 0]
				},
				"upper_torso": {
					"rotation": [15, 0, 0]
				},
				"left_foot": {
					"rotation": [0, 10, 0]
				},
				"left_upper_arm": {
					"rotation": [0, 0, 35]
				},
				"left_hand": {
					"rotation": [15.71548, 23.65763, 30.14541]
				},
				"left_lower_arm": {
					"rotation": [2.79322, 52.42999, 4.07116]
				},
				"left_arm_claws": {
					"rotation": [0, 0, 37.5]
				},
				"tail": {
					"rotation": [12.5, 0, 0]
				},
				"head": {
					"rotation": [-17.5, 0, 0]
				},
				"left_cheek_tuft": {
					"rotation": [-9.93589, -2.59157, -0.31668]
				},
				"right_upper_arm": {
					"rotation": [0, 0, -35]
				},
				"right_lower_arm": {
					"rotation": [2.79322, -52.42999, -4.07116]
				},
				"right_hand": {
					"rotation": [15.71548, -23.65763, -30.14541]
				},
				"right_arm_claws": {
					"rotation": [0, 0, -37.5]
				},
				"right_cheek_tuft": {
					"rotation": [-9.93589, 2.59157, 0.31668]
				},
				"right_foot": {
					"rotation": [0, -10, 0]
				},
				"jaw": {
					"position": [0, 0, 0]
				}
			}
		},
		"animation.vigoroth.blink": {
			"animation_length": 0.1667,
			"bones": {
				"closed": {
					"position": {
						"0.0": [0, 0, -0.1],
						"0.125": [0, 0, -0.1],
						"0.1667": [0, 0, 0]
					}
				}
			}
		},
		"animation.vigoroth.cry": {
			"animation_length": 1.25,
			"bones": {
				"upper_torso": {
					"rotation": {
						"0.0": [0, 0, 0],
						"0.25": [-5, 0, 0],
						"1.0": [-5, 0, 0],
						"1.25": [0, 0, 0]
					}
				},
				"right_upper_arm": {
					"rotation": {
						"0.0": [0, 0, 0],
						"0.2917": [2.5, 0, 0],
						"0.9583": [2.5, 0, 0],
						"1.25": [0, 0, 0]
					}
				},
				"head": {
					"rotation": {
						"0.0": [0, 0, 0],
						"0.3333": [-7.5, 0, 0],
						"0.9167": [-7.5, 0, 0],
						"1.25": [0, 0, 0]
					}
				},
				"jaw": {
					"position": {
						"0.0": [0, 0, 0],
						"0.25": [0, -1.75, 0],
						"1.0": [0, -1.75, 0],
						"1.25": [0, 0, 0]
					}
				}
			}
		}
	}
}