{
	"format_version": "1.8.0",
	"animations": {
		"animation.shelmet.ground_idle": {
			"loop": true,
			"bones": {
				"mouth2": {
					"rotation": [-5, 0, 0]
				},
				"lip_lower": {
					"rotation": [7.5, 0, 0]
				},
				"shell_top": {
					"rotation": [-2.5, 0, 0]
				},
				"shell_bottom": {
					"rotation": [0, 0, 0]
				},
				"tail": {
					"rotation": [-2.5, 0, 0]
				},
				"leg_left": {
					"rotation": [0, 0, -5]
				},
				"leg_right": {
					"rotation": [0, 0, 5]
				}
			}
		},
		"animation.shelmet.blink": {
			"animation_length": 0.1667,
			"bones": {
				"eyelid_left": {
					"position": {
						"0.0": [0.1, 0, -0.1],
						"0.125": {"pre": [0.1, 0, -0.1], "post": [0.1, 0, -0.1]},
						"0.1667": {"pre": [0.1, 0, -0.1], "post": [0, 0, 0]}
					}
				},
				"eyelid_right": {
					"position": {
						"0.0": [-0.1, 0, -0.1],
						"0.125": {"pre": [-0.1, 0, -0.1], "post": [-0.1, 0, -0.1]},
						"0.1667": {"pre": [-0.1, 0, -0.1], "post": [0, 0, 0]}
					}
				}
			}
		},
		"animation.shelmet.shock": {
			"loop": true,
			"bones": {
				"pupil_left": {
					"position": [0, -0.5, 0],
					"scale": [1, 0.7, 0.7]
				},
				"pupil_right": {
					"position": [0, -0.5, 0],
					"scale": [1, 0.7, 0.7]
				},
				"lip_upper": {
					"rotation": [-7.5, 0, 0]
				},
				"lip_lower": {
					"rotation": [15, 0, 0]
				}
			}
		},
		"animation.shelmet.angry": {
			"loop": true,
			"bones": {
				"eye_angry_left": {
					"position": [0.1, 0, -0.1]
				},
				"pupil_left": {
					"position": [0, -0.5, 0]
				},
				"eye_angry_right": {
					"position": [-0.1, 0, -0.1]
				},
				"pupil_right": {
					"position": [0, -0.5, 0]
				}
			}
		},
		"animation.shelmet.sad": {
			"loop": true,
			"bones": {
				"eye_sad_left": {
					"position": [0.1, 0, 0]
				},
				"eye_sad_right": {
					"position": [-0.1, 0, 0]
				}
			}
		},
		"animation.shelmet.happy": {
			"loop": true,
			"bones": {
				"eyelid_happy_left": {
					"position": [0.1, 0, -0.1]
				},
				"eyelid_happy_right": {
					"position": [-0.1, 0, -0.1]
				},
				"lip_upper": {
					"rotation": [-7.5, 0, 0]
				},
				"lip_lower": {
					"rotation": [15, 0, 0]
				}
			}
		},
		"animation.shelmet.hurt": {
			"loop": true,
			"bones": {
				"eyelid_recoil_left": {
					"position": [0.1, 0, -0.1]
				},
				"eyelid_recoil_right": {
					"position": [-0.1, 0, -0.1]
				}
			}
		}
	}
}