{
	"format_version": "1.12.0",
	"minecraft:geometry": [
		{
			"description": {
				"identifier": "geometry.cyndaquil_hisui_bias",
				"texture_width": 128,
				"texture_height": 64,
				"visible_bounds_width": 4,
				"visible_bounds_height": 3.5,
				"visible_bounds_offset": [0, 1.25, 0]
			},
			"bones": [
				{
					"name": "cyndaquil_hisui_bias",
					"pivot": [0, 0, 0]
				},
				{
					"name": "body",
					"parent": "cyndaquil_hisui_bias",
					"pivot": [0, 11, 0]
				},
				{
					"name": "torso",
					"parent": "body",
					"pivot": [0, 5.75, 3],
					"rotation": [-42.5, 0, 0],
					"cubes": [
						{"origin": [-5, 2.5, -2.5], "size": [10, 9, 9], "uv": [25, 20]}
					]
				},
				{
					"name": "fire",
					"parent": "torso",
					"pivot": [0, 11.1, 1],
					"rotation": [5, 0, 0],
					"cubes": [
						{"origin": [0, 11.1, -7.5], "size": [0, 16, 17], "pivot": [0, 19.1, 0.75], "rotation": [0, 45, 0], "uv": [88, -4]},
						{"origin": [-8.5, 11.1, 0.5], "size": [17, 16, 0], "pivot": [0, 19.1, 0.75], "rotation": [0, 45, 0], "uv": [54, 13]}
					]
				},
				{
					"name": "torso2",
					"parent": "torso",
					"pivot": [0, 3, -2.5],
					"rotation": [-5, 0, 0],
					"cubes": [
						{"origin": [-4, 3, -6.5], "size": [8, 8, 4], "uv": [0, 37]},
						{"origin": [-3, 3.5, -8.5], "size": [6, 6, 2], "uv": [0, 18]}
					]
				},
				{
					"name": "arm_right",
					"parent": "torso2",
					"pivot": [-3.5, 3.5, -4.5],
					"cubes": [
						{"origin": [-4.5, 0, -6], "size": [2, 4, 3], "uv": [50, 38]}
					]
				},
				{
					"name": "arm_left",
					"parent": "torso2",
					"pivot": [3.5, 3.5, -4.5],
					"cubes": [
						{"origin": [2.5, 0, -6], "size": [2, 4, 3], "uv": [40, 38]}
					]
				},
				{
					"name": "head",
					"parent": "torso2",
					"pivot": [0, 6.5, -8],
					"rotation": [-30, 0, 0],
					"cubes": [
						{"origin": [-4.5, 2, -15.5], "size": [9, 9, 9], "uv": [0, 0]}
					]
				},
				{
					"name": "eyes",
					"parent": "head",
					"pivot": [-1.5, 5.34976, -11.2609]
				},
				{
					"name": "eyelid_right",
					"parent": "eyes",
					"pivot": [-4.5, 5.35, -11.25],
					"rotation": [5, 0, 0],
					"cubes": [
						{"origin": [-4.5, 2.35, -12.75], "size": [0, 6, 3], "inflate": 0.01, "uv": [42, 11], "mirror": true}
					]
				},
				{
					"name": "eyelid_right_sleep",
					"parent": "eyelid_right",
					"pivot": [-4.4, 5.35, -11.25],
					"cubes": [
						{"origin": [-4.4, 2.35, -12.75], "size": [0, 6, 3], "inflate": 0.02, "uv": [36, 11], "mirror": true}
					]
				},
				{
					"name": "eyelid_right_angry",
					"parent": "eyelid_right",
					"pivot": [-4.4, 5.35, -11.25],
					"cubes": [
						{"origin": [-4.4, 2.35, -12.75], "size": [0, 6, 3], "inflate": 0.02, "uv": [68, -3], "mirror": true}
					]
				},
				{
					"name": "eye_right",
					"parent": "eyelid_right",
					"pivot": [-4.4, 5.35, -11.25],
					"cubes": [
						{"origin": [-4.4, 2.35, -12.75], "size": [0, 6, 3], "inflate": 0.03, "uv": [63, 32], "mirror": true}
					]
				},
				{
					"name": "eyelid_left",
					"parent": "eyes",
					"pivot": [4.5, 5.35, -11.25],
					"rotation": [5, 0, 0],
					"cubes": [
						{"origin": [4.5, 2.35, -12.75], "size": [0, 6, 3], "inflate": 0.01, "uv": [42, 5]}
					]
				},
				{
					"name": "eyelid_left_sleep",
					"parent": "eyelid_left",
					"pivot": [4.4, 5.35, -11.25],
					"mirror": true,
					"cubes": [
						{"origin": [4.4, 2.35, -12.75], "size": [0, 6, 3], "inflate": 0.02, "uv": [36, 5]}
					]
				},
				{
					"name": "eyelid_left_angry",
					"parent": "eyelid_left",
					"pivot": [4.4, 5.35, -11.25],
					"cubes": [
						{"origin": [4.4, 2.35, -12.75], "size": [0, 6, 3], "inflate": 0.02, "uv": [62, -3]}
					]
				},
				{
					"name": "eye_left",
					"parent": "eyelid_left",
					"pivot": [4.4, 5.35, -11.25],
					"cubes": [
						{"origin": [4.4, 2.35, -12.75], "size": [0, 6, 3], "inflate": 0.03, "uv": [63, 26]}
					]
				},
				{
					"name": "muzzle",
					"parent": "head",
					"pivot": [0, 2, -11],
					"cubes": [
						{"origin": [-3, -1.75, -11], "size": [6, 4, 4], "uv": [0, 29]}
					]
				},
				{
					"name": "mouth",
					"parent": "muzzle",
					"pivot": [0, 0.75, -7.1],
					"cubes": [
						{"origin": [-1, -0.75, -7.1], "size": [2, 3, 0], "uv": [0, 0]}
					]
				},
				{
					"name": "muzzle2",
					"parent": "muzzle",
					"pivot": [0, -1.75, -10.5],
					"rotation": [5, 0, 0],
					"cubes": [
						{"origin": [-2, -5.75, -10.5], "size": [4, 4, 3], "uv": [16, 18]}
					]
				},
				{
					"name": "leg_right",
					"parent": "body",
					"pivot": [-3.85, 5.75, 3],
					"cubes": [
						{"origin": [-5.85, 1.5, 0], "size": [4, 7, 6], "uv": [48, 0], "mirror": true}
					]
				},
				{
					"name": "foot_right",
					"parent": "leg_right",
					"pivot": [-3.85, 1.5, 3.6],
					"cubes": [
						{"origin": [-5.35, 0, 0.6], "size": [3, 3, 5], "uv": [27, 0], "mirror": true}
					]
				},
				{
					"name": "toe_right",
					"parent": "foot_right",
					"pivot": [-3.85, 0, 0.6],
					"cubes": [
						{"origin": [-4.85, 0, -0.4], "size": [2, 1, 1], "uv": [0, 26], "mirror": true}
					]
				},
				{
					"name": "leg_left",
					"parent": "body",
					"pivot": [3.85, 5.75, 3],
					"cubes": [
						{"origin": [1.85, 1.5, 0], "size": [4, 7, 6], "uv": [68, 0]}
					]
				},
				{
					"name": "foot_left",
					"parent": "leg_left",
					"pivot": [3.85, 1.5, 3.6],
					"cubes": [
						{"origin": [2.35, 0, 0.6], "size": [3, 3, 5], "uv": [24, 38]}
					]
				},
				{
					"name": "toe_left",
					"parent": "foot_left",
					"pivot": [3.85, 0, 0.6],
					"cubes": [
						{"origin": [2.85, 0, -0.4], "size": [2, 1, 1], "uv": [6, 26]}
					]
				}
			]
		}
	]
}