{
	"format_version": "1.8.0",
	"animations": {
		"animation.kingler.ground_idle": {
			"loop": true,
			"animation_length": 2,
			"bones": {
				"body": {
					"position": [0, "math.sin(q.anim_time*90*2)*0.2", 0]
				},
				"torso": {
					"rotation": ["-5-math.sin(q.anim_time*90*2-90)*0.7", 0, 0]
				},
				"arm_left": {
					"rotation": [41.66879, 35.84347, "32.1539-math.sin(q.anim_time*90*2-180)*1"]
				},
				"arm_left2": {
					"rotation": [0, "math.sin(q.anim_time*90*2-90)*0.4", "-72.5-math.sin(q.anim_time*90*2-215)*0.33"]
				},
				"claw_left": {
					"rotation": [61.84246, "9.069-math.sin(q.anim_time*90*4-180)*1", "-30.2372+math.sin(q.anim_time*90*4-180)*1"],
					"position": [0, -2, 2]
				},
				"arm_right": {
					"rotation": [59.204, -17.73065, "-30.3424+math.sin(q.anim_time*90*2-180)*1"]
				},
				"arm_right2": {
					"rotation": [0, "0-math.sin(q.anim_time*90*2-215)*0.33", "62.5+math.sin(q.anim_time*90*2-90)*0.4"]
				},
				"claw_right": {
					"rotation": [9.6658, -2.57594, "34.7822+math.sin(q.anim_time*90*4-180)*1.5"]
				},
				"leg_left_front": {
					"rotation": [5.49315, -4.05576, -21.4558],
					"position": [0, "-math.sin(q.anim_time*90*2)*0.2", 0.5]
				},
				"leg_left_front2": {
					"rotation": [0, 0, 37.5]
				},
				"leg_left_front3": {
					"rotation": [0, 0, -5]
				},
				"leg_left_back": {
					"rotation": [16.95009, -16.48397, -13.78195],
					"position": [0, "-math.sin(q.anim_time*90*2)*0.2", 0]
				},
				"leg_left_back2": {
					"rotation": [0, 0, 22.5]
				},
				"leg_left_back3": {
					"rotation": [0, 0, -5]
				},
				"leg_right_front": {
					"rotation": [8.02331, 9.04888, 21.71983],
					"position": [0, "-math.sin(q.anim_time*90*2)*0.2", 0.5]
				},
				"leg_right_front2": {
					"rotation": [0, 0, -37.5]
				},
				"leg_right_front3": {
					"rotation": [0, 0, 5]
				},
				"leg_right_back": {
					"rotation": [16.95009, 16.48397, 13.78195],
					"position": [0, "-math.sin(q.anim_time*90*2)*0.2", 0]
				},
				"leg_right_back2": {
					"rotation": [0, 0, -22.5]
				},
				"leg_right_back3": {
					"rotation": [0, 0, 5]
				},
				"claw_mandible_left": {
					"rotation": [0, 0, "-math.sin(q.anim_time*90*4-180)*3"]
				},
				"claw_mandible_right": {
					"rotation": [0, 0, "-math.sin(q.anim_time*90*4-180)*2"]
				}
			}
		},
		"animation.kingler.ground_walk": {
			"loop": true,
			"animation_length": 0.5,
			"bones": {
				"body": {
					"rotation": [0, -90, 0],
					"position": [0, "math.sin(q.anim_time*90*16)*0.15", 0]
				},
				"torso": {
					"rotation": ["-5-math.sin(q.anim_time*90*8-90)*0.7", 0, 0],
					"position": [0, 0, 0]
				},
				"arm_left": {
					"rotation": [39.56524, 48.044, "28.5361-math.sin(q.anim_time*90*8-180)*1"]
				},
				"arm_left2": {
					"rotation": [0, 0, "-65-math.sin(q.anim_time*90*8-215)*1"]
				},
				"claw_left": {
					"rotation": [61.84246, 9.06897, -30.2372],
					"position": [0, -2, 2]
				},
				"arm_right": {
					"rotation": [66.704, -17.73065, "-30.3424+math.sin(q.anim_time*90*8-180)*1"]
				},
				"arm_right2": {
					"rotation": [0, "0-math.sin(q.anim_time*90*8-135)*1", 62.5]
				},
				"claw_right": {
					"rotation": [9.6658, -2.57594, 34.78217]
				},
				"leg_left_front": {
					"rotation": {
						"0.0": [-0.39161, -0.75208, -8.81263],
						"0.0833": [-0.48239, -1.79026, -36.22287],
						"0.125": [0.30689, -0.02312, -24.07537],
						"0.25": [-0.39161, -0.75208, -8.81263],
						"0.3333": [-0.48239, -1.79026, -36.22287],
						"0.375": [0.30689, -0.02312, -24.07537],
						"0.5": [-0.39161, -0.75208, -8.81263]
					},
					"position": {
						"0.0": [0.5, 0, 0.5],
						"0.125": [0, 0, 0.5],
						"0.25": [0.5, 0, 0.5],
						"0.375": [0, 0, 0.5],
						"0.5": [0.5, 0, 0.5]
					}
				},
				"leg_left_front2": {
					"rotation": {
						"0.0": [0, 0, 15],
						"0.125": [0, 0, 50],
						"0.25": [0, 0, 15],
						"0.375": [0, 0, 50],
						"0.5": [0, 0, 15]
					}
				},
				"leg_left_front3": {
					"rotation": {
						"0.0": [0, 0, 10],
						"0.0833": [0, 0, 5.83],
						"0.125": [0, 0, -22.5],
						"0.25": [0, 0, 10],
						"0.3333": [0, 0, 5.83],
						"0.375": [0, 0, -22.5],
						"0.5": [0, 0, 10]
					}
				},
				"leg_left_back": {
					"rotation": {
						"0.0": [2.6945, -4.0226, -24.1802],
						"0.125": [1.6117, -3.7509, -8.89698],
						"0.2083": [1.51679, -3.79019, -36.206],
						"0.25": [2.6945, -4.0226, -24.1802],
						"0.375": [1.6117, -3.7509, -8.89698],
						"0.4583": [1.51679, -3.79019, -36.206],
						"0.5": [2.6945, -4.0226, -24.1802]
					},
					"position": {
						"0.0": [0, 0, 0.5],
						"0.125": [0.5, 0, 0.5],
						"0.25": [0, 0, 0.5],
						"0.375": [0.5, 0, 0.5],
						"0.5": [0, 0, 0.5]
					}
				},
				"leg_left_back2": {
					"rotation": {
						"0.0": [0, 0, 50],
						"0.125": [0, 0, 15],
						"0.25": [0, 0, 50],
						"0.375": [0, 0, 15],
						"0.5": [0, 0, 50]
					}
				},
				"leg_left_back3": {
					"rotation": {
						"0.0": [0, 0, -22.5],
						"0.125": [0, 0, 10],
						"0.2083": [0, 0, 5.83],
						"0.25": [0, 0, -22.5],
						"0.375": [0, 0, 10],
						"0.4583": [0, 0, 5.83],
						"0.5": [0, 0, -22.5]
					}
				},
				"leg_right_front": {
					"rotation": {
						"0.0": [-1.30771, 2.02258, 24.12101],
						"0.0833": [-0.99031, 1.93272, 14.65701],
						"0.125": [-2.60904, 1.75166, -8.84071],
						"0.25": [-1.30771, 2.02258, 24.12101],
						"0.3333": [-0.99031, 1.93272, 14.65701],
						"0.375": [-2.60904, 1.75166, -8.84071],
						"0.5": [-1.30771, 2.02258, 24.12101]
					},
					"position": {
						"0.0": [0, 0, 0.5],
						"0.125": [0.5, 0, 0.5],
						"0.25": [0, 0, 0.5],
						"0.375": [0.5, 0, 0.5],
						"0.5": [0, 0, 0.5]
					}
				},
				"leg_right_front2": {
					"rotation": {
						"0.0": [0, 0, -45],
						"0.125": [0, 0, 15],
						"0.25": [0, 0, -45],
						"0.375": [0, 0, 15],
						"0.5": [0, 0, -45]
					}
				},
				"leg_right_front3": {
					"rotation": {
						"0.0": [0, 0, 10],
						"0.0833": [0, 0, -14.33],
						"0.125": [0, 0, -10],
						"0.25": [0, 0, 10],
						"0.3333": [0, 0, -14.33],
						"0.375": [0, 0, -10],
						"0.5": [0, 0, 10]
					}
				},
				"leg_right_back": {
					"rotation": {
						"0.0": [-1.61174, 3.75087, -8.89698],
						"0.125": [0.6945, 4.02263, 24.18019],
						"0.2083": [0.00971, 3.93272, 14.65735],
						"0.25": [-1.61174, 3.75087, -8.89698],
						"0.375": [0.6945, 4.02263, 24.18019],
						"0.4583": [0.00971, 3.93272, 14.65735],
						"0.5": [-1.61174, 3.75087, -8.89698]
					},
					"position": {
						"0.0": [0.5, 0, 0.5],
						"0.125": [0, 0, 0.5],
						"0.25": [0.5, 0, 0.5],
						"0.375": [0, 0, 0.5],
						"0.5": [0.5, 0, 0.5]
					}
				},
				"leg_right_back2": {
					"rotation": {
						"0.0": [0, 0, 15],
						"0.125": [0, 0, -45],
						"0.25": [0, 0, 15],
						"0.375": [0, 0, -45],
						"0.5": [0, 0, 15]
					}
				},
				"leg_right_back3": {
					"rotation": {
						"0.0": [0, 0, -10],
						"0.125": [0, 0, 10],
						"0.2083": [0, 0, -14.33],
						"0.25": [0, 0, -10],
						"0.375": [0, 0, 10],
						"0.4583": [0, 0, -14.33],
						"0.5": [0, 0, -10]
					}
				},
				"pupil_open_left": {
					"position": [-1.5, 0.7, 0]
				},
				"pupil_closed_left": {
					"position": [-1.4, 0.3, 0]
				},
				"pupil_open_right": {
					"position": [-2.5, 0.7, 0]
				},
				"pupil_closed_right": {
					"position": [-1.9, 0.3, 0]
				}
			}
		},
		"animation.kingler.battle_idle": {
			"loop": true,
			"animation_length": 2,
			"bones": {
				"body": {
					"rotation": [0, 0, "math.sin(q.anim_time*90*2+125)*1.5"],
					"position": [
						"(math.sin(q.anim_time*90*2-210+math.sin(q.anim_time*90*2-210)*40)*1.52)",
						"1.9-(math.sin(q.anim_time*90*2-160+math.sin(q.anim_time*90*2-160)*30)*2)",
						0
					]
				},
				"arm_left": {
					"rotation": [13.6593, 21.81805, "0.1212+(math.sin(q.anim_time*90*2-135+math.sin(q.anim_time*90*2-135)*30)*24)"]
				},
				"arm_left2": {
					"rotation": [
						0,
						"4.8171+(math.sin(q.anim_time*90*2-125+math.sin(q.anim_time*90*2-125)*30)*6)",
						"-67.6739-(math.sin(q.anim_time*90*2-115+math.sin(q.anim_time*90*2-115)*30)*16)"
					]
				},
				"claw_left": {
					"rotation": [
						31.88134,
						"2.809+(math.sin(q.anim_time*90*2-165+math.sin(q.anim_time*90*2-165)*30)*14)",
						"-41.9569-(math.sin(q.anim_time*90*2-165+math.sin(q.anim_time*90*2-165)*30)*18)"
					],
					"position": [1, "-2+(math.sin(q.anim_time*90*2-155+math.sin(q.anim_time*90*2-155)*30)*0.5)", 2]
				},
				"arm_right": {
					"rotation": [26.7727, -14.75018, "-21.2809-(math.sin(q.anim_time*90*2-205+math.sin(q.anim_time*90*2-205)*30)*12)"]
				},
				"arm_right2": {
					"rotation": [
						-1.06908,
						"-2.2485-(math.sin(q.anim_time*90*2-225+math.sin(q.anim_time*90*2-225)*30)*6)",
						"82.5518+(math.sin(q.anim_time*90*2-225+math.sin(q.anim_time*90*2-225)*20)*12)"
					]
				},
				"claw_right": {
					"rotation": [39.88111, -0.12738, "27.9309+(math.sin(q.anim_time*90*2-285+math.sin(q.anim_time*90*2-235)*50)*8)"]
				},
				"leg_left_back": {
					"rotation": {
						"0.0": [5.51948, -9.72492, -3.03219],
						"0.0417": [5.27, -9.83, -1.62],
						"0.0833": [5.02, -9.94, -0.21],
						"0.125": [4.76704, -10.0459, 1.19159],
						"0.1667": [4.4, -10.21, 3.27],
						"0.2083": [4.03, -10.37, 5.36],
						"0.25": [3.66, -10.53, 7.44],
						"0.2917": [3.38845, -10.60438, 8.8],
						"0.3333": [3.30697, -10.62114, 10],
						"0.375": [2.85, -10.75, 11.46],
						"0.4167": [2.58, -10.83, 13.04],
						"0.4583": [2.40149, -10.88259, 14.10643],
						"0.5": [2.14436, -10.92857, 15.47235],
						"0.5417": [1.91862, -10.96409, 16.66894],
						"0.5833": [1.92, -10.96, 16.64],
						"0.625": [1.93, -10.95, 16.62],
						"0.6667": [1.94, -10.94, 16.59],
						"0.7083": [2.13762, -10.89973, 15.54945],
						"0.75": [1.94969, -10.93071, 16.54448],
						"0.7917": [2.19869, -10.81771, 14.9],
						"0.8333": [2.48797, -10.70174, 13.32717],
						"0.875": [3.01, -10.53, 10.48],
						"0.9167": [3.54, -10.36, 7.64],
						"0.9583": [4.06, -10.19, 4.8],
						"1.0": [4.58707, -10.01258, 1.95287],
						"1.0417": [5.01, -9.75, -1],
						"1.0833": [5.43, -9.49, -3.8],
						"1.125": [5.85, -9.23, -6.45],
						"1.1667": [6.28, -8.97, -8.97],
						"1.2083": [6.7, -8.71, -11.38],
						"1.25": [7.12971, -8.4558, -14],
						"1.2917": [7.30765, -8.2959, -15.1904],
						"1.3333": [7.45398, -8.15863, -16.17958],
						"1.375": [7.56258, -8.05159, -16.91775],
						"1.4167": [7.48263, -8.11841, -16.9],
						"1.4583": [7.54416, -8.05515, -17.01468],
						"1.5": [7.46543, -8.12333, -16.12816],
						"1.5417": [7.32644, -8.23473, -15.1068],
						"1.5833": [7.33186, -8.21976, -14],
						"1.625": [7.16, -8.36, -13],
						"1.6667": [6.98, -8.5, -12],
						"1.7083": [6.81, -8.65, -11],
						"1.75": [6.63148, -8.79172, -10],
						"1.7917": [6.45, -8.95, -8.84],
						"1.8333": [6.26, -9.1, -7.68],
						"1.875": [6.07, -9.26, -6.52],
						"1.9167": [5.89, -9.41, -5.36],
						"1.9583": [5.7, -9.57, -4.2],
						"2.0": [5.51948, -9.72492, -3.03219]
					},
					"position": [0, 0, "(math.sin(q.anim_time*90*2-210+math.sin(q.anim_time*90*2-210)*40)*0.25)"]
				},
				"leg_right_front": {
					"rotation": {
						"0.0": [0, 0, -2.5],
						"0.0417": [0, 0, -2.67],
						"0.0833": [0, 0, -2.83],
						"0.125": [0, 0, -3],
						"0.1667": [0, 0, -3.17],
						"0.2083": [0, 0, -3.33],
						"0.25": [0, 0, -3.5],
						"0.2917": [0, 0, -3.81],
						"0.3333": [0, 0, -4.12],
						"0.375": [0, 0, -4.43],
						"0.4167": [0, 0, -4.07],
						"0.4583": [0, 0, -3.72],
						"0.5": [0, 0, -3.36],
						"0.5417": [0, 0, -2.41],
						"0.5833": [0, 0, -1.45],
						"0.625": [0, 0, -0.5],
						"0.6667": [0, 0, 1.26],
						"0.7083": [0, 0, 3.02],
						"0.75": [0, 0, 4.78],
						"0.7917": [0, 0, 6.95],
						"0.8333": [0, 0, 9.13],
						"0.875": [0, 0, 11.3],
						"0.9167": [0, 0, 12.81],
						"0.9583": [0, 0, 14.32],
						"1.0": [0, 0, 15.82],
						"1.0417": [0, 0, 15.77],
						"1.0833": [0, 0, 15.72],
						"1.125": [0, 0, 15.66],
						"1.1667": [0, 0, 14.27],
						"1.2083": [0, 0, 12.89],
						"1.25": [0, 0, 11.5],
						"1.2917": [0, 0, 9.97],
						"1.3333": [0, 0, 8.45],
						"1.375": [0, 0, 6.92],
						"1.4167": [0, 0, 5.39],
						"1.4583": [0, 0, 3.86],
						"1.5": [0, 0, 2.33],
						"1.5417": [0, 0, 1.68],
						"1.5833": [0, 0, 1.03],
						"1.625": [0, 0, 0.38],
						"1.6667": [0, 0, -0.27],
						"1.7083": [0, 0, -0.92],
						"1.75": [0, 0, -1.58],
						"1.7917": [0, 0, -1.82],
						"1.8333": [0, 0, -2.06],
						"1.875": [0, 0, -2.3],
						"1.9167": [0, 0, -2.37],
						"1.9583": [0, 0, -2.43],
						"2.0": [0, 0, -2.5]
					}
				},
				"leg_right_back": {
					"rotation": {
						"0.0": [4.46604, 10.2476, -3.03706],
						"0.0417": [4.40549, 10.2725, -3],
						"0.0833": [4.34, 10.3, -3],
						"0.125": [4.28, 10.32, -3],
						"0.1667": [4.31, 10.31, -3.18],
						"0.2083": [4.34368, 10.29719, -3.3625],
						"0.25": [4.46604, 10.2476, -3.5],
						"0.2917": [4.41, 10.27, -3.71],
						"0.3333": [4.36, 10.29, -3.92],
						"0.375": [4.31, 10.31, -4.13],
						"0.4167": [4.26, 10.33, -4.1],
						"0.4583": [4.38882, 10.27789, -4],
						"0.5": [4.33658, 10.30165, -3.76097],
						"0.5417": [4.53564, 10.20418, -3.3],
						"0.5833": [4.7347, 10.10671, -2.5],
						"0.625": [4.93, 10.01, -1.5],
						"0.6667": [4.95545, 10.00018, 0],
						"0.7083": [5.24319, 9.85851, 2],
						"0.75": [5.70047, 9.61898, 4.11364],
						"0.7917": [6.92522, 8.74824, 6.5],
						"0.8333": [7.00481, 8.68684, 8.33194],
						"0.875": [7.08439, 8.62543, 10.50404],
						"0.9167": [7.36016, 8.39428, 13.15956],
						"0.9583": [7.49, 8.29, 14.81],
						"1.0": [7.61288, 8.18125, 16.4638],
						"1.0417": [7.67251, 8.0927, 16.9868],
						"1.0833": [7.78753, 7.95143, 17.50073],
						"1.125": [7.69121, 8.01025, 17.02488],
						"1.1667": [7.54989, 8.11573, 16.21593],
						"1.2083": [7.34, 8.29, 14.91],
						"1.25": [7.13973, 8.47377, 13.60065],
						"1.2917": [6.88587, 8.64602, 12.00546],
						"1.3333": [6.6, 8.84, 10.3],
						"1.375": [6.31112, 9.0291, 8.60327],
						"1.4167": [5.97364, 9.26087, 6.39478],
						"1.4583": [5.71, 9.43, 4.69],
						"1.5": [5.44899, 9.60372, 2.98189],
						"1.5417": [5.31, 9.69, 2.15],
						"1.5833": [5.17, 9.77, 1.31],
						"1.625": [5.03, 9.85, 0.47],
						"1.6667": [5.09, 9.85, 0.15],
						"1.7083": [5.15021, 9.84379, -0.16435],
						"1.75": [5.05, 9.9, -0.57],
						"1.7917": [4.95, 9.96, -0.98],
						"1.8333": [4.85, 10.02, -1.39],
						"1.875": [4.75, 10.08, -1.8],
						"1.9167": [4.66, 10.14, -2.21],
						"1.9583": [4.56, 10.19, -2.62],
						"2.0": [4.46604, 10.2476, -3.03706]
					}
				},
				"claw_mandible_left": {
					"rotation": [0, 0, "5+(math.sin(q.anim_time*90*2-135+math.sin(q.anim_time*90*2-135)*60)*24)"]
				},
				"claw_mandible_right": {
					"rotation": [0, 0, "15-(math.sin(q.anim_time*90*2-245+math.sin(q.anim_time*90*2-215)*70)*20)"]
				},
				"leg_left_front2": {
					"rotation": {
						"0.0": [0, 0, 20],
						"0.0417": [0, 0, 19.13],
						"0.0833": [0, 0, 18.25],
						"0.125": [0, 0, 17.38],
						"0.1667": [0, 0, 16.5],
						"0.2083": [0, 0, 15.5],
						"0.25": [0, 0, 13.5],
						"0.2917": [0, 0, 11.5],
						"0.3333": [0, 0, 10.5],
						"0.375": [0, 0, 8.5],
						"0.4167": [0, 0, 7],
						"0.4583": [0, 0, 5.34],
						"0.5": [0, 0, 4],
						"0.5417": [0, 0, 3],
						"0.5833": [0, 0, 1.4],
						"0.625": [0, 0, -0.05],
						"0.6667": [0, 0, -0.3],
						"0.7083": [0, 0, -0.54],
						"0.75": [0, 0, -0.64],
						"0.7917": [0, 0, 0.5],
						"0.8333": [0, 0, 1.56],
						"0.875": [0, 0, 2.61],
						"0.9167": [0, 0, 5.2],
						"0.9583": [0, 0, 6.8],
						"1.0": [0, 0, 9.57],
						"1.0417": [0, 0, 12.34],
						"1.0833": [0, 0, 16.1],
						"1.125": [0, 0, 19.67],
						"1.1667": [0, 0, 23],
						"1.2083": [0, 0, 25.25],
						"1.25": [0, 0, 28.5],
						"1.2917": [0, 0, 30.93],
						"1.3333": [0, 0, 32.29],
						"1.375": [0, 0, 34.02],
						"1.4167": [0, 0, 35],
						"1.4583": [0, 0, 35.3],
						"1.5": [0, 0, 35],
						"1.5417": [0, 0, 35.25],
						"1.5833": [0, 0, 34.5],
						"1.625": [0, 0, 33.05],
						"1.6667": [0, 0, 31.6],
						"1.7083": [0, 0, 30.15],
						"1.75": [0, 0, 28.7],
						"1.7917": [0, 0, 27.25],
						"1.8333": [0, 0, 25.8],
						"1.875": [0, 0, 24.35],
						"1.9167": [0, 0, 22.9],
						"1.9583": [0, 0, 21.45],
						"2.0": [0, 0, 20]
					}
				},
				"leg_left_front3": {
					"rotation": {
						"0.0": [0, 0, -10],
						"0.0417": [0, 0, -10.5],
						"0.0833": [0, 0, -11],
						"0.125": [0, 0, -11.5],
						"0.1667": [0, 0, -12],
						"0.2083": [0, 0, -11.67],
						"0.25": [0, 0, -11.5],
						"0.2917": [0, 0, -11.5],
						"0.3333": [0, 0, -12],
						"0.375": [0, 0, -12],
						"0.4167": [0, 0, -12.5],
						"0.4583": [0, 0, -12.5],
						"0.5": [0, 0, -12],
						"0.5417": [0, 0, -11],
						"0.5833": [0, 0, -11],
						"0.625": [0, 0, -9.25],
						"0.6667": [0, 0, -8],
						"0.7083": [0, 0, -7.31],
						"0.75": [0, 0, -6.62],
						"0.7917": [0, 0, -5.5],
						"0.8333": [0, 0, -4.9],
						"0.875": [0, 0, -4.3],
						"0.9167": [0, 0, -4.25],
						"0.9583": [0, 0, -3.37],
						"1.0": [0, 0, -3.5],
						"1.0417": [0, 0, -3.77],
						"1.0833": [0, 0, -5.54],
						"1.125": [0, 0, -6.5],
						"1.1667": [0, 0, -7.1],
						"1.2083": [0, 0, -8],
						"1.25": [0, 0, -10],
						"1.2917": [0, 0, -11],
						"1.3333": [0, 0, -12],
						"1.375": [0, 0, -13.87],
						"1.4167": [0, 0, -15],
						"1.4583": [0, 0, -15],
						"1.5": [0, 0, -16],
						"1.5417": [0, 0, -16.25],
						"1.5833": [0, 0, -16.68],
						"1.625": [0, 0, -16.01],
						"1.6667": [0, 0, -15.34],
						"1.7083": [0, 0, -14.67],
						"1.75": [0, 0, -15],
						"1.7917": [0, 0, -14.17],
						"1.8333": [0, 0, -13.34],
						"1.875": [0, 0, -12.5],
						"1.9167": [0, 0, -11.67],
						"1.9583": [0, 0, -10.84],
						"2.0": [0, 0, -10]
					}
				},
				"leg_left_back2": {
					"rotation": {
						"0.0": [0, 0, 16.5],
						"0.0417": [0, 0, 15.15],
						"0.0833": [0, 0, 13.8],
						"0.125": [0, 0, 12.45],
						"0.1667": [0, 0, 10.43],
						"0.2083": [0, 0, 8.41],
						"0.25": [0, 0, 6.39],
						"0.2917": [0, 0, 5],
						"0.3333": [0, 0, 4],
						"0.375": [0, 0, 2.8],
						"0.4167": [0, 0, 1],
						"0.4583": [0, 0, 0],
						"0.5": [0, 0, -1.75],
						"0.5417": [0, 0, -3.65],
						"0.5833": [0, 0, -4.35],
						"0.625": [0, 0, -5.05],
						"0.6667": [0, 0, -5.75],
						"0.7083": [0, 0, -5.45],
						"0.75": [0, 0, -7.14],
						"0.7917": [0, 0, -6.12],
						"0.8333": [0, 0, -4.9],
						"0.875": [0, 0, -2.43],
						"0.9167": [0, 0, 0.04],
						"0.9583": [0, 0, 2.51],
						"1.0": [0, 0, 4.97],
						"1.0417": [0, 0, 8.37],
						"1.0833": [0, 0, 11.77],
						"1.125": [0, 0, 15.17],
						"1.1667": [0, 0, 18.56],
						"1.2083": [0, 0, 21.95],
						"1.25": [0, 0, 25.35],
						"1.2917": [0, 0, 27.22],
						"1.3333": [0, 0, 28.89],
						"1.375": [0, 0, 30.31],
						"1.4167": [0, 0, 31],
						"1.4583": [0, 0, 31.5],
						"1.5": [0, 0, 31],
						"1.5417": [0, 0, 30],
						"1.5833": [0, 0, 29],
						"1.625": [0, 0, 28],
						"1.6667": [0, 0, 26.85],
						"1.7083": [0, 0, 25.58],
						"1.75": [0, 0, 24.3],
						"1.7917": [0, 0, 23],
						"1.8333": [0, 0, 21.7],
						"1.875": [0, 0, 20.4],
						"1.9167": [0, 0, 19.1],
						"1.9583": [0, 0, 17.8],
						"2.0": [0, 0, 16.5]
					}
				},
				"leg_left_back3": {
					"rotation": {
						"0.0": [0, 0, -10],
						"0.0417": [0, 0, -9.99],
						"0.0833": [0, 0, -9.98],
						"0.125": [0, 0, -9.96],
						"0.1667": [0, 0, -9.95],
						"0.2083": [0, 0, -9.93],
						"0.25": [0, 0, -9.92],
						"0.2917": [0, 0, -10],
						"0.3333": [0, 0, -9.28],
						"0.375": [0, 0, -8.56],
						"0.4167": [0, 0, -7.85],
						"0.4583": [0, 0, -8.13],
						"0.5": [0, 0, -7.75],
						"0.5417": [0, 0, -7.5],
						"0.5833": [0, 0, -4.8],
						"0.625": [0, 0, -3.6],
						"0.6667": [0, 0, -3],
						"0.7083": [0, 0, -2.5],
						"0.75": [0, 0, -4],
						"0.7917": [0, 0, -3],
						"0.8333": [0, 0, -3.44],
						"0.875": [0, 0, -2.63],
						"0.9167": [0, 0, -1.82],
						"0.9583": [0, 0, -1.01],
						"1.0": [0, 0, -0.2],
						"1.0417": [0, 0, -1.19],
						"1.0833": [0, 0, -2.18],
						"1.125": [0, 0, -3.17],
						"1.1667": [0, 0, -4.16],
						"1.2083": [0, 0, -5.4],
						"1.25": [0, 0, -6.15],
						"1.2917": [0, 0, -6.8],
						"1.3333": [0, 0, -7.73],
						"1.375": [0, 0, -8.66],
						"1.4167": [0, 0, -10],
						"1.4583": [0, 0, -10.71],
						"1.5": [0, 0, -11.8],
						"1.5417": [0, 0, -12],
						"1.5833": [0, 0, -12.8],
						"1.625": [0, 0, -13.2],
						"1.6667": [0, 0, -12.84],
						"1.7083": [0, 0, -12.49],
						"1.75": [0, 0, -12.13],
						"1.7917": [0, 0, -11.77],
						"1.8333": [0, 0, -11.42],
						"1.875": [0, 0, -11.06],
						"1.9167": [0, 0, -10.71],
						"1.9583": [0, 0, -10.36],
						"2.0": [0, 0, -10]
					}
				},
				"leg_right_front2": {
					"rotation": {
						"0.0": [0, 0, -14],
						"0.0417": [0, 0, -14.34],
						"0.0833": [0, 0, -14.68],
						"0.125": [0, 0, -15.03],
						"0.1667": [0, 0, -15.19],
						"0.2083": [0, 0, -15.34],
						"0.25": [0, 0, -15.5],
						"0.2917": [0, 0, -15.67],
						"0.3333": [0, 0, -15.83],
						"0.375": [0, 0, -16],
						"0.4167": [0, 0, -16.71],
						"0.4583": [0, 0, -17.42],
						"0.5": [0, 0, -18.14],
						"0.5417": [0, 0, -19.43],
						"0.5833": [0, 0, -20.72],
						"0.625": [0, 0, -22],
						"0.6667": [0, 0, -23.82],
						"0.7083": [0, 0, -25.63],
						"0.75": [0, 0, -27.45],
						"0.7917": [0, 0, -28.88],
						"0.8333": [0, 0, -30.31],
						"0.875": [0, 0, -31.74],
						"0.9167": [0, 0, -31.84],
						"0.9583": [0, 0, -31.94],
						"1.0": [0, 0, -32.04],
						"1.0417": [0, 0, -30.28],
						"1.0833": [0, 0, -28.53],
						"1.125": [0, 0, -26.77],
						"1.1667": [0, 0, -24.35],
						"1.2083": [0, 0, -21.93],
						"1.25": [0, 0, -19.5],
						"1.2917": [0, 0, -17.59],
						"1.3333": [0, 0, -15.68],
						"1.375": [0, 0, -13.76],
						"1.4167": [0, 0, -12.51],
						"1.4583": [0, 0, -11.27],
						"1.5": [0, 0, -10.02],
						"1.5417": [0, 0, -10.18],
						"1.5833": [0, 0, -10.34],
						"1.625": [0, 0, -10.51],
						"1.6667": [0, 0, -10.68],
						"1.7083": [0, 0, -10.84],
						"1.75": [0, 0, -11.01],
						"1.7917": [0, 0, -11.51],
						"1.8333": [0, 0, -12],
						"1.875": [0, 0, -12.5],
						"1.9167": [0, 0, -13],
						"1.9583": [0, 0, -13.5],
						"2.0": [0, 0, -14]
					}
				},
				"leg_right_front3": {
					"rotation": {
						"0.0": [0, 0, 11.5],
						"0.0417": [0, 0, 12.06],
						"0.0833": [0, 0, 12.62],
						"0.125": [0, 0, 13.18],
						"0.1667": [0, 0, 13.74],
						"0.2083": [0, 0, 14.3],
						"0.25": [0, 0, 14.86],
						"0.2917": [0, 0, 15.57],
						"0.3333": [0, 0, 16.29],
						"0.375": [0, 0, 17],
						"0.4167": [0, 0, 17.4],
						"0.4583": [0, 0, 17.81],
						"0.5": [0, 0, 18.21],
						"0.5417": [0, 0, 18.52],
						"0.5833": [0, 0, 18.84],
						"0.625": [0, 0, 19.15],
						"0.6667": [0, 0, 19.46],
						"0.7083": [0, 0, 19.78],
						"0.75": [0, 0, 20.09],
						"0.7917": [0, 0, 19.39],
						"0.8333": [0, 0, 18.7],
						"0.875": [0, 0, 18],
						"0.9167": [0, 0, 16.44],
						"0.9583": [0, 0, 14.88],
						"1.0": [0, 0, 13.32],
						"1.0417": [0, 0, 11.3],
						"1.0833": [0, 0, 9.28],
						"1.125": [0, 0, 7.25],
						"1.1667": [0, 0, 6.4],
						"1.2083": [0, 0, 5.55],
						"1.25": [0, 0, 4.7],
						"1.2917": [0, 0, 4.08],
						"1.3333": [0, 0, 3.47],
						"1.375": [0, 0, 2.85],
						"1.4167": [0, 0, 2.9],
						"1.4583": [0, 0, 2.95],
						"1.5": [0, 0, 3],
						"1.5417": [0, 0, 3.5],
						"1.5833": [0, 0, 4],
						"1.625": [0, 0, 4.5],
						"1.6667": [0, 0, 5.67],
						"1.7083": [0, 0, 6.83],
						"1.75": [0, 0, 8],
						"1.7917": [0, 0, 8.58],
						"1.8333": [0, 0, 9.16],
						"1.875": [0, 0, 9.75],
						"1.9167": [0, 0, 10.33],
						"1.9583": [0, 0, 10.92],
						"2.0": [0, 0, 11.5]
					}
				},
				"leg_right_back2": {
					"rotation": {
						"0.0": [0, 0, -12.5],
						"0.0417": [0, 0, -13],
						"0.0833": [0, 0, -13.5],
						"0.125": [0, 0, -14.1],
						"0.1667": [0, 0, -14.3],
						"0.2083": [0, 0, -14.5],
						"0.25": [0, 0, -15.29],
						"0.2917": [0, 0, -15.49],
						"0.3333": [0, 0, -15.69],
						"0.375": [0, 0, -15.89],
						"0.4167": [0, 0, -16.4],
						"0.4583": [0, 0, -17.5],
						"0.5": [0, 0, -18.5],
						"0.5417": [0, 0, -19.5],
						"0.5833": [0, 0, -20.5],
						"0.625": [0, 0, -22.2],
						"0.6667": [0, 0, -24],
						"0.7083": [0, 0, -26.16],
						"0.75": [0, 0, -28],
						"0.7917": [0, 0, -30],
						"0.8333": [0, 0, -31.11],
						"0.875": [0, 0, -32.5],
						"0.9167": [0, 0, -33.85],
						"0.9583": [0, 0, -33.7],
						"1.0": [0, 0, -33.7],
						"1.0417": [0, 0, -32.08],
						"1.0833": [0, 0, -31.1],
						"1.125": [0, 0, -29],
						"1.1667": [0, 0, -26.75],
						"1.2083": [0, 0, -24.23],
						"1.25": [0, 0, -21.7],
						"1.2917": [0, 0, -19.11],
						"1.3333": [0, 0, -17.06],
						"1.375": [0, 0, -15],
						"1.4167": [0, 0, -12.5],
						"1.4583": [0, 0, -11],
						"1.5": [0, 0, -9.5],
						"1.5417": [0, 0, -9.56],
						"1.5833": [0, 0, -9.62],
						"1.625": [0, 0, -9.67],
						"1.6667": [0, 0, -10.33],
						"1.7083": [0, 0, -11],
						"1.75": [0, 0, -11.21],
						"1.7917": [0, 0, -11.42],
						"1.8333": [0, 0, -11.63],
						"1.875": [0, 0, -11.85],
						"1.9167": [0, 0, -12.06],
						"1.9583": [0, 0, -12.28],
						"2.0": [0, 0, -12.5]
					}
				},
				"leg_right_back3": {
					"rotation": {
						"0.0": [0, 0, 8.5],
						"0.0417": [0, 0, 9.1],
						"0.0833": [0, 0, 9.7],
						"0.125": [0, 0, 10.5],
						"0.1667": [0, 0, 11],
						"0.2083": [0, 0, 11.5],
						"0.25": [-0.03108, -0.00926, 13.28366],
						"0.2917": [-0.06, -0.02, 13.9],
						"0.3333": [-0.09, -0.03, 14.52],
						"0.375": [-0.12, -0.04, 15.14],
						"0.4167": [-0.15, -0.05, 15.76],
						"0.4583": [-0.18, -0.06, 16.87],
						"0.5": [-0.21754, -0.06485, 17.98565],
						"0.5417": [-0.21102, -0.05633, 18.8],
						"0.5833": [-0.21, -0.05, 19.15],
						"0.625": [-0.20446, -0.04425, 20.50533],
						"0.6667": [-0.2, -0.04, 21],
						"0.7083": [-0.19299, -0.03727, 21],
						"0.75": [-0.18461, -0.04126, 20.57135],
						"0.7917": [-0.17918, -0.03599, 21.2523],
						"0.8333": [-0.17276, -0.03519, 20.53325],
						"0.875": [-0.16553, -0.03814, 19],
						"0.9167": [-0.16, -0.04, 16.89],
						"0.9583": [-0.15, -0.04, 14.77],
						"1.0": [-0.14385, -0.04702, 12.5],
						"1.0417": [-0.13578, -0.05032, 9.76964],
						"1.0833": [-0.12818, -0.05451, 7.8],
						"1.125": [-0.12, -0.05, 6],
						"1.1667": [-0.11, -0.05, 4.4],
						"1.2083": [-0.15, 0.18, 2.95],
						"1.25": [-0.19399, 0.41088, 1.5],
						"1.2917": [-0.18401, 0.32957, 0],
						"1.3333": [-0.16, 0.25, -0.45],
						"1.375": [-0.13934, 0.17948, -0.90191],
						"1.4167": [-0.1119, 0.10806, -1],
						"1.4583": [-0.09, 0.03, -1],
						"1.5": [-0.06445, -0.03965, -1],
						"1.5417": [-0.06, -0.04, 0.23],
						"1.5833": [-0.06, -0.04, 1.11],
						"1.625": [-0.05, -0.03, 2],
						"1.6667": [-0.04, -0.03, 2.96],
						"1.7083": [-0.0382, -0.02313, 3.91507],
						"1.75": [-0.03, -0.02, 4.57],
						"1.7917": [-0.02, -0.02, 5.23],
						"1.8333": [-0.02, -0.02, 5.88],
						"1.875": [-0.01, -0.01, 6.21],
						"1.9167": [-0.01, -0.01, 6.54],
						"1.9583": [-0.01, -0.01, 7.52],
						"2.0": [0, 0, 8.5]
					}
				},
				"leg_left_front": {
					"rotation": {
						"0.0": [0, 0, -5],
						"0.0417": [0, 0, -3.75],
						"0.0833": [0, 0, -2.5],
						"0.125": [0, 0, -1.25],
						"0.1667": [0, 0, 0],
						"0.2083": [0, 0, 1],
						"0.25": [0, 0, 3],
						"0.2917": [0, 0, 5],
						"0.3333": [0, 0, 6.5],
						"0.375": [0, 0, 8.5],
						"0.4167": [0, 0, 10],
						"0.4583": [0, 0, 11.61],
						"0.5": [0, 0, 12.66],
						"0.5417": [0, 0, 13],
						"0.5833": [0, 0, 14],
						"0.625": [0, 0, 14.44],
						"0.6667": [0, 0, 13.85],
						"0.7083": [0, 0, 13.32],
						"0.75": [0, 0, 12.65],
						"0.7917": [0, 0, 10.82],
						"0.8333": [0, 0, 8.98],
						"0.875": [0, 0, 7.3],
						"0.9167": [0, 0, 4.41],
						"0.9583": [0, 0, 2.02],
						"1.0": [0, 0, -1],
						"1.0417": [0, 0, -3.69],
						"1.0833": [0, 0, -6.5],
						"1.125": [0, 0, -9.46],
						"1.1667": [0, 0, -12.17],
						"1.2083": [0, 0, -14],
						"1.25": [0, 0, -16.15],
						"1.2917": [0, 0, -18],
						"1.3333": [0, 0, -18.24],
						"1.375": [0, 0, -18.91],
						"1.4167": [0, 0, -18.98],
						"1.4583": [0, 0, -18.98],
						"1.5": [0, 0, -17.9],
						"1.5417": [0, 0, -17.82],
						"1.5833": [0, 0, -16.66],
						"1.625": [0, 0, -15.49],
						"1.6667": [0, 0, -14.32],
						"1.7083": [0, 0, -13.16],
						"1.75": [0, 0, -11.99],
						"1.7917": [0, 0, -10.82],
						"1.8333": [0, 0, -9.66],
						"1.875": [0, 0, -8.49],
						"1.9167": [0, 0, -7.33],
						"1.9583": [0, 0, -6.17],
						"2.0": [0, 0, -5]
					}
				}
			}
		},
		"animation.kingler.angry": {
			"loop": true,
			"bones": {
				"pupil_open_left": {
					"position": [0, 0, -0.01]
				},
				"pupil_open_right": {
					"position": [0, 0, -0.01]
				},
				"pupil_closed_left": {
					"rotation": [0, 0, 0],
					"position": [0.25, 0.25, -0.1]
				},
				"pupil_closed_right": {
					"rotation": [0, 0, 0],
					"position": [-0.25, 0.25, -0.1]
				},
				"pupil_left": {
					"rotation": [0, 0, -15]
				},
				"pupil_right": {
					"rotation": [0, 0, 15]
				}
			}
		},
		"animation.kingler.recoil": {
			"loop": true,
			"bones": {
				"pupil_open_left": {
					"position": [0, 0, -0.01]
				},
				"pupil_open_right": {
					"position": [0, 0, -0.01]
				},
				"pupil_closed_left": {
					"rotation": [0, 0, 0],
					"position": [1, 0.25, -0.1]
				},
				"pupil_closed_right": {
					"rotation": [0, 0, 0],
					"position": [-1, 0.25, -0.1]
				},
				"pupil_left": {
					"rotation": [0, 0, -5],
					"position": [0, 1, 0]
				},
				"pupil_right": {
					"rotation": [0, 0, 5],
					"position": [0, 1, 0]
				},
				"eye_left": {
					"rotation": [0, 0, 10]
				},
				"eye_right": {
					"rotation": [0, 0, -10]
				}
			}
		},
		"animation.kingler.sad": {
			"loop": true,
			"bones": {
				"pupil_open_left": {
					"position": [0, 0, -0.01]
				},
				"pupil_open_right": {
					"position": [0, 0, -0.01]
				},
				"pupil_closed_left": {
					"rotation": [0, 0, 0],
					"position": [0.25, 0.25, -0.1]
				},
				"pupil_closed_right": {
					"rotation": [0, 0, 0],
					"position": [-0.25, 0.25, -0.1]
				},
				"pupil_left": {
					"rotation": [0, 0, 20],
					"position": [0, 0.25, 0]
				},
				"pupil_right": {
					"rotation": [0, 0, -20],
					"position": [0, 0.25, 0]
				},
				"eye_left": {
					"rotation": [0, 0, 10]
				},
				"eye_right": {
					"rotation": [0, 0, -10]
				}
			}
		},
		"animation.kingler.happy": {
			"loop": true,
			"bones": {
				"pupil_left": {
					"rotation": [0, 0, 35],
					"position": [0, 0.25, 0]
				},
				"pupil_right": {
					"rotation": [0, 0, -35],
					"position": [0, 0.25, 0]
				},
				"pupil_closed_left": {
					"position": [0.5, 0.75, -0.1]
				},
				"pupil_closed_right": {
					"position": [-0.5, 0.75, -0.1]
				},
				"pupil_open_right": {
					"position": [0, 0, 0]
				},
				"pupil_open_left": {
					"position": [0, 0, 0]
				}
			}
		},
		"animation.kingler.shock": {
			"loop": true,
			"bones": {
				"eye_left": {
					"rotation": [0, 0, 10]
				},
				"pupil_left": {
					"position": [0, 1, 0]
				},
				"eye_right": {
					"rotation": [0, 0, -10]
				},
				"pupil_right": {
					"position": [0, 1, 0]
				}
			}
		},
		"animation.kingler.blink": {
			"animation_length": 0.16667,
			"bones": {
				"pupil_open_left": {
					"position": {
						"0.0": [0, 0, 0.1],
						"0.125": [0, 0, 0.1],
						"0.1667": [0, 0, 0]
					}
				},
				"pupil_open_right": {
					"position": {
						"0.0": [0, 0, 0.1],
						"0.125": [0, 0, 0.1],
						"0.1667": [0, 0, 0]
					}
				},
				"pupil_closed_left": {
					"position": {
						"0.0": [0, 0, -0.1],
						"0.125": [0, 0, -0.1],
						"0.1667": [0, 0, 0]
					}
				},
				"pupil_closed_right": {
					"position": {
						"0.0": [0, 0, -0.1],
						"0.125": [0, 0, -0.1],
						"0.1667": [0, 0, 0]
					}
				}
			}
		},
		"animation.kingler.cry": {
			"animation_length": 1.5,
			"bones": {
				"torso": {
					"rotation": {
						"0.0": [0, 0, 0],
						"0.125": [6.5, 0, 0],
						"0.2083": [8, 0, 0],
						"0.3333": [-5.5, 0, 0],
						"0.4167": [-7, 0, 0],
						"0.5833": [-0.5, 0, 0],
						"0.6667": [0, 0, 0]
					}
				},
				"arm_left": {
					"rotation": {
						"0.0": [0, 0, 0],
						"0.2083": {
							"pre": [-5.4309, 10, -20],
							"post": [-5.4309, 10, -20],
							"lerp_mode": "catmullrom"
						},
						"0.7917": {
							"post": [-3.4309, 8, -15],
							"lerp_mode": "catmullrom"
						},
						"1.0": [0, 0, 0]
					}
				},
				"arm_left2": {
					"rotation": {
						"0.0": [0, 0, 0],
						"0.2083": {
							"pre": [0, 0, 10],
							"post": [0, 0, 10],
							"lerp_mode": "catmullrom"
						},
						"0.7917": {
							"post": [0, 0, 10],
							"lerp_mode": "catmullrom"
						},
						"1.0": [0, 0, 0]
					}
				},
				"claw_left": {
					"rotation": {
						"0.0": [0, 0, 0],
						"0.2083": {
							"pre": [30.6061, -27.73062, 27.6685],
							"post": [30.6061, -27.73062, 27.6685],
							"lerp_mode": "catmullrom"
						},
						"0.7917": {
							"post": [24.66569, -4.20854, 19.07947],
							"lerp_mode": "catmullrom"
						},
						"1.0": [0, 0, 0]
					}
				},
				"claw_mandible_left": {
					"rotation": {
						"0.0": [0, 0, 0],
						"0.2083": {
							"pre": [0, 0, -32.5],
							"post": [0, 0, -32.5],
							"lerp_mode": "catmullrom"
						},
						"0.7917": {
							"post": [0, 0, -22.5],
							"lerp_mode": "catmullrom"
						},
						"1.0": [0, 0, 0]
					}
				},
				"arm_right": {
					"rotation": {
						"0.0": [0, 0, 0],
						"0.2083": {
							"pre": [-25, 0, 0],
							"post": [-25, 0, 0],
							"lerp_mode": "catmullrom"
						},
						"0.7917": {
							"post": [-20, 0, 0],
							"lerp_mode": "catmullrom"
						},
						"1.0": [0, 0, 0]
					}
				},
				"arm_right2": {
					"rotation": {
						"0.0": [0, 0, 0],
						"0.2083": {
							"pre": [0, 0, 10],
							"post": [0, 0, 10],
							"lerp_mode": "catmullrom"
						},
						"0.7917": {
							"post": [0, 0, 10],
							"lerp_mode": "catmullrom"
						},
						"1.0": [0, 0, 0]
					}
				},
				"claw_right": {
					"rotation": {
						"0.0": [0, 0, 0],
						"0.2083": {
							"pre": [25.9388, -10.86146, -38.91824],
							"post": [25.9388, -10.86146, -38.91824],
							"lerp_mode": "catmullrom"
						},
						"0.7917": {
							"post": [20, -11.0311, -28.7339],
							"lerp_mode": "catmullrom"
						},
						"1.0": [0, 0, 0]
					}
				},
				"claw_mandible_right": {
					"rotation": {
						"0.0": [0, 0, 0],
						"0.2083": {
							"pre": [0, 0, 55],
							"post": [0, 0, 55],
							"lerp_mode": "catmullrom"
						},
						"0.7917": {
							"post": [0, 0, 20],
							"lerp_mode": "catmullrom"
						},
						"1.0": [0, 0, 0]
					}
				}
			},
			"sound_effects": {
				"0.0": {
					"effect": "pokemon.kingler.cry"
				}
			}
		}
	}
}