{
	"format_version": "1.8.0",
	"animations": {
		"animation.florges.ground_idle": {
			"loop": true,
			"bones": {
				"body": {
					"rotation": ["1.5-1*math.cos(q.anim_time*90*1)", "3*math.cos(q.anim_time*90*0.5+110)", 0],
					"position": ["0.4*math.cos(q.anim_time*90*0.5+110)", "5+0.7*math.cos(q.anim_time*90*1+65)", "0.4*math.sin(q.anim_time*90*0.5+110)"]
				},
				"waist": {
					"rotation": ["-2.5-1.2*math.cos(q.anim_time*90*1-50)", 0, 0]
				},
				"chest": {
					"rotation": ["-5-1.2*math.cos(q.anim_time*90*1-80)", 0, 0]
				},
				"neck": {
					"rotation": ["2.5-1.2*math.cos(q.anim_time*90*1-120)", 0, 0]
				},
				"head": {
					"rotation": ["8+2*math.cos(q.anim_time*90*1-150)", 0, 0]
				},
				"hair3": {
					"rotation": [-10, 0, 0]
				},
				"arm_left": {
					"rotation": ["-9.0223+2*math.sin(q.anim_time*90*1-30)*1", 31.55423, "38.6792-5*math.sin(q.anim_time*90*1-20)*1"]
				},
				"tail": {
					"rotation": ["-7.5+1*math.cos(q.anim_time*90*1-20)", 0, 0]
				},
				"tail2": {
					"rotation": ["2.5+1*math.cos(q.anim_time*90*1-40)", 0, 0]
				},
				"tail3": {
					"rotation": ["5+1*math.cos(q.anim_time*90*1-60)", 0, 0]
				},
				"tail4": {
					"rotation": ["2.5+1*math.cos(q.anim_time*90*1-80)", 0, 0]
				},
				"tail5": {
					"rotation": ["2.5+4*math.cos(q.anim_time*90*1-100)", 0, 0]
				},
				"leaf_left_rotation": {
					"rotation": [0, 0, "5-1*math.cos(q.anim_time*90*1-120)"]
				},
				"leaf_left2": {
					"rotation": [0, 0, "-5-4*math.cos(q.anim_time*90*1-140)"]
				},
				"leaf_left3": {
					"rotation": [0, 0, "-5-5*math.cos(q.anim_time*90*1-160)"]
				},
				"leaf_left4": {
					"rotation": [0, 0, "-10-10*math.cos(q.anim_time*90*1-180)"]
				},
				"leaf_right_rotation": {
					"rotation": [0, 0, "-5+1*math.cos(q.anim_time*90*1-120)"]
				},
				"leaf_right2": {
					"rotation": [0, 0, "5+4*math.cos(q.anim_time*90*1-140)"]
				},
				"leaf_right3": {
					"rotation": [0, 0, "5+5*math.cos(q.anim_time*90*1-160)"]
				},
				"leaf_right4": {
					"rotation": [0, 0, "10+10*math.cos(q.anim_time*90*1-180)"]
				},
				"tail_end_left": {
					"rotation": ["13.6836+15*math.cos(q.anim_time*90*1-140)", 4.40784, -3.80662]
				},
				"tail_end_right": {
					"rotation": ["13.6836+15*math.cos(q.anim_time*90*1-140)", -4.40784, 3.80662]
				},
				"arm_left2": {
					"rotation": [-3.88714, 27.24513, "-8.4424-5*math.sin(q.anim_time*90*1-60)*1"]
				},
				"hand_left": {
					"rotation": [9.76758, -2.15393, "12.3159-5*math.sin(q.anim_time*90*1-100)*1"]
				},
				"finger_back_left": {
					"rotation": [0, 0, "32.5+5*math.sin(q.anim_time*90*1-130)*1"]
				},
				"finger_center_left": {
					"rotation": [0, 0, "15+5*math.sin(q.anim_time*90*1-160)*1"]
				},
				"finger_front_left": {
					"rotation": [0, 0, "25+5*math.sin(q.anim_time*90*1-190)*1"]
				},
				"arm_right": {
					"rotation": ["-9.0223+2*math.sin(q.anim_time*90*1-30)*1", -31.55423, "-38.6792+5*math.sin(q.anim_time*90*1-20)*1"]
				},
				"arm_right2": {
					"rotation": [-3.88714, -27.24513, "8.4424+5*math.sin(q.anim_time*90*1-60)*1"]
				},
				"hand_right": {
					"rotation": [9.76758, 2.15393, "-12.3159+5*math.sin(q.anim_time*90*1-100)*1"]
				},
				"finger_back_right": {
					"rotation": [0, 0, "-32.5+5*math.sin(q.anim_time*90*1-130)*1"]
				},
				"finger_center_right": {
					"rotation": [0, 0, "-15+5*math.sin(q.anim_time*90*1-160)*1"]
				},
				"finger_front_right": {
					"rotation": [0, 0, "-25+5*math.sin(q.anim_time*90*1-190)*1"]
				},
				"ear_left": {
					"rotation": [3.7409, 14.87296, "7.7574+1*math.cos(q.anim_time*90*1-240)"]
				},
				"ear_left2": {
					"rotation": [0.98329, 7.46427, "5.0356+2*math.cos(q.anim_time*90*1-270)"]
				},
				"ear_left3": {
					"rotation": [0, 7.5, "7.5+3*math.cos(q.anim_time*90*1-300)"]
				},
				"ear_right": {
					"rotation": [3.7409, -14.87296, "-7.7574-1*math.cos(q.anim_time*90*1-240)"]
				},
				"ear_right2": {
					"rotation": [0.98329, -7.46427, "-5.0356-2*math.cos(q.anim_time*90*1-270)"]
				},
				"ear_right3": {
					"rotation": [0, -7.5, "-7.5-3*math.cos(q.anim_time*90*1-300)"]
				},
				"rose1_end_left4": {
					"rotation": ["-2.5+7*math.cos(q.anim_time*90*1-270)", 0, 0]
				},
				"rose1_end_left5": {
					"rotation": ["-2.5+10*math.cos(q.anim_time*90*1-300)", 0, 0]
				},
				"rose1_end_right": {
					"rotation": ["2.5+5*math.cos(q.anim_time*90*1-180)", 0, 0]
				},
				"rose1_end_right3": {
					"rotation": ["-2.5+5*math.cos(q.anim_time*90*1-240)", 0, 0]
				},
				"rose1_end_right4": {
					"rotation": ["-2.5+7*math.cos(q.anim_time*90*1-270)", 0, 0]
				},
				"rose1_end_right5": {
					"rotation": ["-2.5+10*math.cos(q.anim_time*90*1-300)", 0, 0]
				},
				"rose2_end_left2": {
					"rotation": ["-29.8-5*math.cos(q.anim_time*90*1-240)", 0, 0]
				},
				"rose2_end_left3": {
					"rotation": ["-17.05-5*math.cos(q.anim_time*90*1-270)", 0, 0]
				},
				"rose2_end_left4": {
					"rotation": ["-4.8-7*math.cos(q.anim_time*90*1-300)", 0, 0]
				},
				"rose2_end_left5": {
					"rotation": ["-3.8-10*math.cos(q.anim_time*90*1-330)", 0, 0]
				},
				"rose2_end_right": {
					"rotation": [-7.5, 0, 0]
				},
				"rose2_end_right2_rotation": {
					"rotation": [7.5, 0, 25]
				},
				"rose2_end_right3": {
					"rotation": ["47-5*math.cos(q.anim_time*90*1-230)", 0, "-5*math.cos(q.anim_time*90*1-230)"]
				},
				"rose2_end_right4": {
					"rotation": ["37.5-10*math.cos(q.anim_time*90*1-300)", 0, "-10*math.cos(q.anim_time*90*1-300)"]
				},
				"vine_left": {
					"scale": 0
				},
				"vine_right": {
					"scale": 0
				},
				"fingers_left": {
					"rotation": [0, 0, 0]
				},
				"fingers_right": {
					"rotation": [0, 0, "5*math.sin(q.anim_time*90*1-130)*1"]
				},
				"rose1_end_left": {
					"rotation": ["2.5+5*math.cos(q.anim_time*90*1-180)", 0, 0]
				},
				"rose1_end_left2": {
					"rotation": ["5*math.cos(q.anim_time*90*1-210)", 0, 0]
				},
				"rose1_end_left3": {
					"rotation": ["-2.5+5*math.cos(q.anim_time*90*1-240)", 0, 0]
				},
				"rose1_end_right2": {
					"rotation": ["5*math.cos(q.anim_time*90*1-210)", 0, 0]
				},
				"rose2_end_left": {
					"rotation": ["-5*math.cos(q.anim_time*90*1-210)", 0, 0]
				}
			}
		},
		"animation.florges.battle_idle": {
			"loop": true,
			"bones": {
				"body": {
					"rotation": ["1.5-1*math.cos(q.anim_time*90*1)", "17+3*math.cos(q.anim_time*90*0.5+110)", 0],
					"position": ["0.4*math.cos(q.anim_time*90*0.5+110)", "5+0.7*math.cos(q.anim_time*90*1+65)", "0.4*math.sin(q.anim_time*90*0.5+110)"]
				},
				"waist": {
					"rotation": ["-2.6191-1.2*math.cos(q.anim_time*90*1-50)", 7.47357, -6.18398]
				},
				"chest": {
					"rotation": ["-5-1.2*math.cos(q.anim_time*90*1-80)", 14, 0]
				},
				"neck": {
					"rotation": ["4.2691-1.2*math.cos(q.anim_time*90*1-120)", "-5.2273-1.5*math.cos(q.anim_time*90*0.5+110)", -1.71457]
				},
				"head": {
					"rotation": ["20.2346+2*math.cos(q.anim_time*90*1-150)", "-12.905-1.5*math.cos(q.anim_time*90*0.5+110)", -1.98425]
				},
				"hair3": {
					"rotation": [-10, 0, 0]
				},
				"arm_left": {
					"rotation": ["-3.7631+2*math.sin(q.anim_time*90*1-30)*1", 26.26873, "23.2922-5*math.sin(q.anim_time*90*0.5-20)*1"]
				},
				"tail": {
					"rotation": ["-7.5+1*math.cos(q.anim_time*90*1-20)", 0, 0]
				},
				"tail2": {
					"rotation": ["2.5+1*math.cos(q.anim_time*90*1-40)", 0, 0]
				},
				"tail3": {
					"rotation": ["5+1*math.cos(q.anim_time*90*1-60)", 0, 0]
				},
				"tail4": {
					"rotation": ["2.5+1*math.cos(q.anim_time*90*1-80)", 0, 0]
				},
				"tail5": {
					"rotation": ["2.5+4*math.cos(q.anim_time*90*1-100)", 0, 0]
				},
				"leaf_left_rotation": {
					"rotation": [0, 0, "5-1*math.cos(q.anim_time*90*1-120)"]
				},
				"leaf_left2": {
					"rotation": [0, 0, "-5-4*math.cos(q.anim_time*90*1-140)"]
				},
				"leaf_left3": {
					"rotation": [0, 0, "-5-5*math.cos(q.anim_time*90*1-160)"]
				},
				"leaf_left4": {
					"rotation": [0, 0, "-10-10*math.cos(q.anim_time*90*1-180)"]
				},
				"leaf_right_rotation": {
					"rotation": [0, 0, "-5+1*math.cos(q.anim_time*90*1-120)"]
				},
				"leaf_right2": {
					"rotation": [0, 0, "5+4*math.cos(q.anim_time*90*1-140)"]
				},
				"leaf_right3": {
					"rotation": [0, 0, "5+5*math.cos(q.anim_time*90*1-160)"]
				},
				"leaf_right4": {
					"rotation": [0, 0, "10+10*math.cos(q.anim_time*90*1-180)"]
				},
				"tail_end_left": {
					"rotation": ["13.6836+15*math.cos(q.anim_time*90*1-140)", 4.40784, -3.80662]
				},
				"tail_end_right": {
					"rotation": ["13.6836+15*math.cos(q.anim_time*90*1-140)", -4.40784, 3.80662]
				},
				"arm_left2": {
					"rotation": [-0.1615, 18.421, "-20.7739-5*math.sin(q.anim_time*90*0.5-60)*1"]
				},
				"hand_left": {
					"rotation": [0.73657, 0.52072, "-14.4541-5*math.sin(q.anim_time*90*0.5-100)*1"]
				},
				"finger_back_left": {
					"rotation": [0, 0, "32.5+5*math.sin(q.anim_time*90*1-130)*1"]
				},
				"finger_center_left": {
					"rotation": [0, 0, "15+5*math.sin(q.anim_time*90*1-160)*1"]
				},
				"finger_front_left": {
					"rotation": [0, 0, "25+5*math.sin(q.anim_time*90*1-190)*1"]
				},
				"arm_right": {
					"rotation": ["62.2405+2*math.sin(q.anim_time*90*1-30)*1", 4.72629, "-49.6272+5*math.sin(q.anim_time*90*1-20)*1"]
				},
				"arm_right2": {
					"rotation": [-12.91744, -15.83764, "37.3258+5*math.sin(q.anim_time*90*1-60)*1"]
				},
				"hand_right": {
					"rotation": [9.63172, -2.70165, "15.5221+5*math.sin(q.anim_time*90*1-100)*1"]
				},
				"finger_back_right": {
					"rotation": [0, 0, "-32.5+5*math.sin(q.anim_time*90*1-130)*1"]
				},
				"finger_center_right": {
					"rotation": [0, 0, "-15+5*math.sin(q.anim_time*90*1-160)*1"]
				},
				"finger_front_right": {
					"rotation": [0, 0, "-25+5*math.sin(q.anim_time*90*1-190)*1"]
				},
				"ear_left": {
					"rotation": [3.7409, 14.87296, "7.7574+1*math.cos(q.anim_time*90*1-240)"]
				},
				"ear_left2": {
					"rotation": [0.98329, 7.46427, "5.0356+2*math.cos(q.anim_time*90*1-270)"]
				},
				"ear_left3": {
					"rotation": [0, 7.5, "7.5+3*math.cos(q.anim_time*90*1-300)"]
				},
				"ear_right": {
					"rotation": [3.7409, -14.87296, "-7.7574-1*math.cos(q.anim_time*90*1-240)"]
				},
				"ear_right2": {
					"rotation": [0.98329, -7.46427, "-5.0356-2*math.cos(q.anim_time*90*1-270)"]
				},
				"ear_right3": {
					"rotation": [0, -7.5, "-7.5-3*math.cos(q.anim_time*90*1-300)"]
				},
				"rose1_end_left4": {
					"rotation": ["-2.5+7*math.cos(q.anim_time*90*1-270)", 0, 0]
				},
				"rose1_end_left5": {
					"rotation": ["-2.5+10*math.cos(q.anim_time*90*1-300)", 0, 0]
				},
				"rose1_end_right": {
					"rotation": ["2.5+5*math.cos(q.anim_time*90*1-180)", 0, 0]
				},
				"rose1_end_right3": {
					"rotation": ["-2.5+5*math.cos(q.anim_time*90*1-240)", 0, 0]
				},
				"rose1_end_right4": {
					"rotation": ["-2.5+7*math.cos(q.anim_time*90*1-270)", 0, 0]
				},
				"rose1_end_right5": {
					"rotation": ["-2.5+10*math.cos(q.anim_time*90*1-300)", 0, 0]
				},
				"rose2_end_left2": {
					"rotation": ["-29.8-5*math.cos(q.anim_time*90*1-240)", 0, 0]
				},
				"rose2_end_left3": {
					"rotation": ["-17.05-5*math.cos(q.anim_time*90*1-270)", 0, 0]
				},
				"rose2_end_left4": {
					"rotation": ["-4.8-7*math.cos(q.anim_time*90*1-300)", 0, 0]
				},
				"rose2_end_left5": {
					"rotation": ["-3.8-10*math.cos(q.anim_time*90*1-330)", 0, 0]
				},
				"rose2_end_right": {
					"rotation": [-7.5, 0, 0]
				},
				"rose2_end_right2_rotation": {
					"rotation": [7.5, 0, 25]
				},
				"rose2_end_right3": {
					"rotation": ["47-5*math.cos(q.anim_time*90*1-230)", 0, "-5*math.cos(q.anim_time*90*1-230)"]
				},
				"rose2_end_right4": {
					"rotation": ["37.5-10*math.cos(q.anim_time*90*1-300)", 0, "-10*math.cos(q.anim_time*90*1-300)"]
				},
				"vine_left": {
					"scale": 0
				},
				"vine_right": {
					"scale": 0
				},
				"fingers_left": {
					"rotation": [0, 0, 0]
				},
				"fingers_right": {
					"rotation": [0, 0, "5*math.sin(q.anim_time*90*1-130)*1"]
				},
				"rose1_end_left": {
					"rotation": ["2.5+5*math.cos(q.anim_time*90*1-180)", 0, 0]
				},
				"rose1_end_left2": {
					"rotation": ["5*math.cos(q.anim_time*90*1-210)", 0, 0]
				},
				"rose1_end_left3": {
					"rotation": ["-2.5+5*math.cos(q.anim_time*90*1-240)", 0, 0]
				},
				"rose1_end_right2": {
					"rotation": ["5*math.cos(q.anim_time*90*1-210)", 0, 0]
				},
				"rose2_end_left": {
					"rotation": ["-5*math.cos(q.anim_time*90*1-210)", 0, 0]
				},
				"pupil_left": {
					"position": [0.55, 0.2, 0]
				},
				"eyelid_half_left": {
					"position": [0, 0.1, 0]
				},
				"pupil_right": {
					"position": [0.175, 0.2, 0]
				},
				"eyelid_half_right": {
					"position": [0, 0.1, 0]
				}
			}
		},
		"animation.florges.ground_walk": {
			"loop": true,
			"bones": {
				"body": {
					"rotation": ["34.75+4*math.cos(q.anim_time*90*2)", "2*math.cos(q.anim_time*90*1+70)", 0],
					"position": ["1.3*math.cos(q.anim_time*90*1+110)", "-2.35+1.7*math.cos(q.anim_time*90*2+65)", "-2+0.4*math.sin(q.anim_time*90*1+110)"]
				},
				"waist": {
					"rotation": ["2.25-1.2*math.cos(q.anim_time*90*1-50)", 0, 0]
				},
				"chest": {
					"rotation": ["-3.25-1.2*math.cos(q.anim_time*90*1-80)", 0, 0]
				},
				"neck": {
					"rotation": ["1.25-1.2*math.cos(q.anim_time*90*1-120)", 0, 0]
				},
				"head": {
					"rotation": ["-26.75+2*math.cos(q.anim_time*90*1-150)", 0, 0]
				},
				"hair3": {
					"rotation": [-10, 0, 0]
				},
				"arm_left": {
					"rotation": ["89.83+4*math.sin(q.anim_time*90*2-30)*1", "-17.2046+4*math.sin(q.anim_time*90*2-40)*1", "56.7952-2*math.sin(q.anim_time*90*1-20)*1"]
				},
				"tail": {
					"rotation": ["22.75+1*math.cos(q.anim_time*90*2-20)", "2*math.cos(q.anim_time*90*1+50)", 0]
				},
				"tail2": {
					"rotation": ["8.75+1.5*math.cos(q.anim_time*90*2-40)", "2*math.cos(q.anim_time*90*1+30)", 0]
				},
				"tail3": {
					"rotation": ["9.5+3*math.cos(q.anim_time*90*2-60)", "2*math.cos(q.anim_time*90*1+10)", 0]
				},
				"tail4": {
					"rotation": ["7.75+5*math.cos(q.anim_time*90*2-80)", "2*math.cos(q.anim_time*90*1-10)", 0]
				},
				"tail5": {
					"rotation": ["8.75+6*math.cos(q.anim_time*90*2-100)", "2*math.cos(q.anim_time*90*1-30)", 0]
				},
				"leaf_left_rotation": {
					"rotation": [0, 0, "21.25-1*math.cos(q.anim_time*90*2-120)"]
				},
				"leaf_left2": {
					"rotation": [0, 0, "-5-2*math.cos(q.anim_time*90*2-140)"]
				},
				"leaf_left3": {
					"rotation": [0, 0, "-5-5*math.cos(q.anim_time*90*2-160)"]
				},
				"leaf_left4": {
					"rotation": [0, 0, "-10-10*math.cos(q.anim_time*90*2-180)"]
				},
				"leaf_right_rotation": {
					"rotation": [0, 0, "-21.25+1*math.cos(q.anim_time*90*2-120)"]
				},
				"leaf_right2": {
					"rotation": [0, 0, "5+2*math.cos(q.anim_time*90*2-140)"]
				},
				"leaf_right3": {
					"rotation": [0, 0, "5+5*math.cos(q.anim_time*90*2-160)"]
				},
				"leaf_right4": {
					"rotation": [0, 0, "10+10*math.cos(q.anim_time*90*2-180)"]
				},
				"tail_end_left": {
					"rotation": ["13.6836+15*math.cos(q.anim_time*90*2-140)", 4.40784, -3.80662]
				},
				"tail_end_right": {
					"rotation": ["13.6836+15*math.cos(q.anim_time*90*2-140)", -4.40784, 3.80662]
				},
				"arm_left2": {
					"rotation": [2.98553, 27.35, "6.4764-4*math.sin(q.anim_time*90*2-60)*1"]
				},
				"hand_left": {
					"rotation": [9.76758, -2.1539, "12.3159-5*math.sin(q.anim_time*90*2-100)*1"]
				},
				"finger_back_left": {
					"rotation": [0, 0, "32.5+5*math.sin(q.anim_time*90*2-130)*1"]
				},
				"finger_center_left": {
					"rotation": [0, 0, "15+5*math.sin(q.anim_time*90*2-160)*1"]
				},
				"finger_front_left": {
					"rotation": [0, 0, "25+5*math.sin(q.anim_time*90*2-190)*1"]
				},
				"arm_right": {
					"rotation": ["89.83+4*math.sin(q.anim_time*90*2-30)*1", "17.2046-4*math.sin(q.anim_time*90*2-40)*1", "-56.7952+2*math.sin(q.anim_time*90*1-20)*1"]
				},
				"arm_right2": {
					"rotation": [2.98553, -27.35, "-6.4764+4*math.sin(q.anim_time*90*2-60)*1"]
				},
				"hand_right": {
					"rotation": [9.76758, 2.1539, "-12.3159+5*math.sin(q.anim_time*90*2-100)*1"]
				},
				"finger_back_right": {
					"rotation": [0, 0, "-32.5+5*math.sin(q.anim_time*90*2-130)*1"]
				},
				"finger_center_right": {
					"rotation": [0, 0, "-15+5*math.sin(q.anim_time*90*2-160)*1"]
				},
				"finger_front_right": {
					"rotation": [0, 0, "-25+5*math.sin(q.anim_time*90*2-190)*1"]
				},
				"ear_left": {
					"rotation": [3.69128, 11.62979, "7.541+1*math.cos(q.anim_time*90*1-240)"]
				},
				"ear_left2": {
					"rotation": [0.9752, -1.28446, "4.8859+2*math.cos(q.anim_time*90*1-270)"]
				},
				"ear_left3": {
					"rotation": [0, -15.25, "7.5+3*math.cos(q.anim_time*90*1-300)"]
				},
				"ear_right": {
					"rotation": [3.69128, -11.62979, "-7.541-1*math.cos(q.anim_time*90*1-240)"]
				},
				"ear_right2": {
					"rotation": [0.9752, 1.28446, "-4.8859-2*math.cos(q.anim_time*90*1-270)"]
				},
				"ear_right3": {
					"rotation": [0, 15.25, "-7.5-3*math.cos(q.anim_time*90*1-300)"]
				},
				"rose1_end_left4": {
					"rotation": ["18.5-6*math.cos(q.anim_time*90*2-270)", 0, 0]
				},
				"rose1_end_left5": {
					"rotation": ["20.75-9*math.cos(q.anim_time*90*2-300)", 0, 0]
				},
				"rose1_end_right": {
					"rotation": ["29.5-3*math.cos(q.anim_time*90*2-180)", 0, 0]
				},
				"rose1_end_right3": {
					"rotation": ["10-3*math.cos(q.anim_time*90*2-240)", 0, 0]
				},
				"rose1_end_right4": {
					"rotation": ["18.5-6*math.cos(q.anim_time*90*2-270)", 0, 0]
				},
				"rose1_end_right5": {
					"rotation": ["20.75-9*math.cos(q.anim_time*90*2-300)", 0, 0]
				},
				"rose2_end_left2": {
					"rotation": ["-19.8-5*math.cos(q.anim_time*90*1-240)", 0, 0]
				},
				"rose2_end_left3": {
					"rotation": ["0.7-5*math.cos(q.anim_time*90*2-270)", 0, 0]
				},
				"rose2_end_left4": {
					"rotation": ["16.45-7*math.cos(q.anim_time*90*2-300)", 0, 0]
				},
				"rose2_end_left5": {
					"rotation": ["20.2-10*math.cos(q.anim_time*90*2-330)", 0, 0]
				},
				"rose2_end_right": {
					"rotation": [-7.5, 0, 0]
				},
				"rose2_end_right2_rotation": {
					"rotation": [7.5, 0, 25]
				},
				"rose2_end_right3": {
					"rotation": ["47-5*math.cos(q.anim_time*90*1-230)", 0, "-5*math.cos(q.anim_time*90*1-230)"]
				},
				"rose2_end_right4": {
					"rotation": ["37.5-10*math.cos(q.anim_time*90*1-300)", 0, "-10*math.cos(q.anim_time*90*1-300)"]
				},
				"vine_left": {
					"scale": 0
				},
				"vine_right": {
					"scale": 0
				},
				"fingers_left": {
					"rotation": [0, 0, 0]
				},
				"fingers_right": {
					"rotation": [0, 0, "5*math.sin(q.anim_time*90*2-130)*1"]
				},
				"rose1_end_left": {
					"rotation": ["29.5-3*math.cos(q.anim_time*90*2-180)", 0, 0]
				},
				"rose1_end_left2": {
					"rotation": ["11-5*math.cos(q.anim_time*90*2-210)", 0, 0]
				},
				"rose1_end_left3": {
					"rotation": ["10-3*math.cos(q.anim_time*90*2-240)", 0, 0]
				},
				"rose1_end_right2": {
					"rotation": ["11-5*math.cos(q.anim_time*90*2-210)", 0, 0]
				},
				"rose2_end_left": {
					"rotation": ["2.5-5*math.cos(q.anim_time*90*2-210)", 0, 0]
				}
			}
		},
		"animation.florges.sleep": {
			"loop": true,
			"bones": {
				"body": {
					"rotation": ["-11.25-0.5*math.cos(q.anim_time*90*1)", "3*math.cos(q.anim_time*90*0.5+110)", 0],
					"position": ["0.4*math.cos(q.anim_time*90*0.5+110)", "-6.375+0.5*math.cos(q.anim_time*90*1+65)", "0.4*math.sin(q.anim_time*90*0.5+110)"]
				},
				"waist": {
					"rotation": ["5.25-0.7*math.cos(q.anim_time*90*1-50)", 0, 0]
				},
				"chest": {
					"rotation": ["15.75-0.7*math.cos(q.anim_time*90*1-80)", 0, 0]
				},
				"neck": {
					"rotation": ["16.7953-1.2*math.cos(q.anim_time*90*1-120)", 3.9293, 4.59686]
				},
				"head": {
					"rotation": ["17.2606+1*math.cos(q.anim_time*90*1-150)", -2.7716, 9.87203]
				},
				"hair3": {
					"rotation": [-10, 0, 0]
				},
				"arm_left": {
					"rotation": [35.53384, 64.77279, 42.1358]
				},
				"tail": {
					"rotation": ["-28.75+1*math.cos(q.anim_time*90*1-20)", 0, 0]
				},
				"tail2": {
					"rotation": ["-18.25+1*math.cos(q.anim_time*90*1-40)", 0, 0]
				},
				"tail3": {
					"rotation": ["-27+1*math.cos(q.anim_time*90*1-60)", 0, 0]
				},
				"tail4": {
					"rotation": ["-42.25+1*math.cos(q.anim_time*90*1-80)", 0, 0]
				},
				"tail5": {
					"rotation": ["-10.5+3*math.cos(q.anim_time*90*1-100)", 0, 0]
				},
				"leaf_left_rotation": {
					"rotation": [42.0993, 11.4373, "-8.7111-1*math.cos(q.anim_time*90*1-120)"]
				},
				"leaf_left2": {
					"rotation": [0, 0, "-71.75-2*math.cos(q.anim_time*90*1-140)"]
				},
				"leaf_left3": {
					"rotation": [0, 0, "-42.5-3*math.cos(q.anim_time*90*1-160)"]
				},
				"leaf_left4": {
					"rotation": [0, 0, "-34.25-6*math.cos(q.anim_time*90*1-180)"]
				},
				"leaf_right_rotation": {
					"rotation": [42.09926, -11.4373, "8.7111+1*math.cos(q.anim_time*90*1-120)"]
				},
				"leaf_right2": {
					"rotation": [0, 0, "71.75+2*math.cos(q.anim_time*90*1-140)"]
				},
				"leaf_right3": {
					"rotation": [0, 0, "42.5+3*math.cos(q.anim_time*90*1-160)"]
				},
				"leaf_right4": {
					"rotation": [0, 0, "34.25+6*math.cos(q.anim_time*90*1-180)"]
				},
				"tail_end_left": {
					"rotation": [-41.3164, 4.40784, -3.80662]
				},
				"tail_end_right": {
					"rotation": ["-36.8164+15*math.cos(q.anim_time*90*1-140)", -4.40784, 3.80662]
				},
				"arm_left2": {
					"rotation": [-138.64909, 66.0173, "-143.8416+5*math.sin(q.anim_time*90*1-60)*1"],
					"position": [0.325, 0, -1.325]
				},
				"hand_left": {
					"rotation": [6.77533, 15.53066, 14.7595],
					"position": [-0.35, 0, 0]
				},
				"finger_back_left": {
					"rotation": [0, 0, "32.5+5*math.sin(q.anim_time*90*1-130)*1"]
				},
				"finger_center_left": {
					"rotation": [0, 0, "15+5*math.sin(q.anim_time*90*1-160)*1"]
				},
				"finger_front_left": {
					"rotation": [0, 0, "25+5*math.sin(q.anim_time*90*1-190)*1"]
				},
				"arm_right": {
					"rotation": [50.67982, -70.97454, -42.36519]
				},
				"arm_right2": {
					"rotation": [-171.48993, -65.96605, "178.8791+5*math.sin(q.anim_time*90*1-60)*1"],
					"position": [-0.325, 0, -1.325]
				},
				"hand_right": {
					"rotation": [7.75796, -33.0432, -11.84824],
					"position": [0.35, 0, 0]
				},
				"finger_back_right": {
					"rotation": [0, 0, "-32.5+5*math.sin(q.anim_time*90*1-130)*1"]
				},
				"finger_center_right": {
					"rotation": [0, 0, "-15+5*math.sin(q.anim_time*90*1-160)*1"]
				},
				"finger_front_right": {
					"rotation": [0, 0, "-25+5*math.sin(q.anim_time*90*1-190)*1"]
				},
				"ear_left": {
					"rotation": [4.80174, 20.09781, "11.8418+1*math.cos(q.anim_time*90*1-240)"]
				},
				"ear_left2": {
					"rotation": [1.77758, 22.41867, "7.2036+2*math.cos(q.anim_time*90*1-270)"],
					"position": [0, 0.1, 0]
				},
				"ear_left3": {
					"rotation": [7.76298, 21.98383, "27.5101+3*math.cos(q.anim_time*90*1-300)"]
				},
				"ear_right": {
					"rotation": [4.80174, -20.09781, "-11.8418-1*math.cos(q.anim_time*90*1-240)"]
				},
				"ear_right2": {
					"rotation": [1.77758, -22.41867, "-7.2036-2*math.cos(q.anim_time*90*1-270)"],
					"position": [0, 0.1, 0]
				},
				"ear_right3": {
					"rotation": [7.76298, -21.98383, "-27.5101-3*math.cos(q.anim_time*90*1-300)"]
				},
				"rose1_end_left4": {
					"rotation": ["-2.5+7*math.cos(q.anim_time*90*1-270)", 0, 0]
				},
				"rose1_end_left5": {
					"rotation": ["-2.5+10*math.cos(q.anim_time*90*1-300)", 0, 0]
				},
				"rose1_end_right": {
					"rotation": ["-30.75+5*math.cos(q.anim_time*90*1-180)", 0, 0]
				},
				"rose1_end_right3": {
					"rotation": ["-2.5+5*math.cos(q.anim_time*90*1-240)", 0, 0]
				},
				"rose1_end_right4": {
					"rotation": ["-2.5+7*math.cos(q.anim_time*90*1-270)", 0, 0]
				},
				"rose1_end_right5": {
					"rotation": ["-2.5+10*math.cos(q.anim_time*90*1-300)", 0, 0]
				},
				"rose2_end_left2": {
					"rotation": ["-32.55-2*math.cos(q.anim_time*90*1-240)", 0, 0]
				},
				"rose2_end_left3": {
					"rotation": ["-26.8-3*math.cos(q.anim_time*90*1-270)", 0, 0]
				},
				"rose2_end_left4": {
					"rotation": ["-18.3-7*math.cos(q.anim_time*90*1-300)", 0, 0]
				},
				"rose2_end_left5": {
					"rotation": ["-8.8-10*math.cos(q.anim_time*90*1-330)", 0, 0]
				},
				"rose2_end_right": {
					"rotation": [-7.5, 0, 0]
				},
				"rose2_end_right2_rotation": {
					"rotation": [-2.31344, 0.9762, 17.56344]
				},
				"rose2_end_right3": {
					"rotation": ["45.4987-5*math.cos(q.anim_time*90*1-230)", 14.11266, "-12.0855-5*math.cos(q.anim_time*90*1-230)"]
				},
				"rose2_end_right4": {
					"rotation": ["-0.75-10*math.cos(q.anim_time*90*1-300)", 0, "0-10*math.cos(q.anim_time*90*1-300)"]
				},
				"vine_left": {
					"scale": 0
				},
				"vine_right": {
					"scale": 0
				},
				"fingers_left": {
					"rotation": [0, 0, 0]
				},
				"fingers_right": {
					"rotation": [0, 0, "5*math.sin(q.anim_time*90*1-130)*1"]
				},
				"rose1_end_left": {
					"rotation": ["-30.75+5*math.cos(q.anim_time*90*1-180)", 0, 0]
				},
				"rose1_end_left2": {
					"rotation": ["5*math.cos(q.anim_time*90*1-210)", 0, 0]
				},
				"rose1_end_left3": {
					"rotation": ["-2.5+5*math.cos(q.anim_time*90*1-240)", 0, 0]
				},
				"rose1_end_right2": {
					"rotation": ["5*math.cos(q.anim_time*90*1-210)", 0, 0]
				},
				"rose2_end_left": {
					"rotation": ["-7.5-2*math.cos(q.anim_time*90*1-210)", 0, 0]
				},
				"eyelid_half_left": {
					"position": [-0.1, 0, 0.1]
				},
				"eyelid_full_left": {
					"position": [0.1, 0, -0.1]
				},
				"eyelid_half_right": {
					"position": [0.1, 0, 0.1]
				},
				"eyelid_full_right": {
					"position": [-0.1, 0, -0.1]
				}
			}
		},
		"animation.florges.cry": {
			"animation_length": 3,
			"bones": {
				"body": {
					"rotation": {
						"0.0": [0, 0, 0],
						"0.2917": {
							"pre": [-0.65, 0, 0],
							"post": [-0.65, 0, 0],
							"lerp_mode": "catmullrom"
						},
						"0.625": {
							"post": [2.3, 1.675, 2.25],
							"lerp_mode": "catmullrom"
						},
						"0.8333": {
							"post": [0.5, -0.4, -0.4],
							"lerp_mode": "catmullrom"
						},
						"1.4167": {
							"post": [-0.2, -2.2, -2.1],
							"lerp_mode": "catmullrom"
						},
						"1.9583": {
							"post": [0.1, 0, 0],
							"lerp_mode": "catmullrom"
						},
						"2.5": [0, 0, 0]
					},
					"position": {
						"0.0": [0, 0, 0],
						"0.1667": {
							"pre": [0, 0.4, 0],
							"post": [0, 0.4, 0],
							"lerp_mode": "catmullrom"
						},
						"0.375": {
							"post": [0, -0.425, 0],
							"lerp_mode": "catmullrom"
						},
						"0.5833": {
							"post": [0, -0.645, 0],
							"lerp_mode": "catmullrom"
						},
						"0.75": {
							"post": [0, 1.21, 0],
							"lerp_mode": "catmullrom"
						},
						"1.3333": {
							"post": [0, 1.31, 0],
							"lerp_mode": "catmullrom"
						},
						"1.875": {
							"post": [0, 0, 0],
							"lerp_mode": "catmullrom"
						},
						"2.4583": [0, 0, 0]
					}
				},
				"waist": {
					"rotation": {
						"0.0": [0, 0, 0],
						"0.1667": {
							"pre": [-1.75, 0, 0],
							"post": [-1.75, 0, 0],
							"lerp_mode": "catmullrom"
						},
						"0.5": {
							"post": [6.25, 0, 0],
							"lerp_mode": "catmullrom"
						},
						"0.7083": {
							"post": [7.5, 0, 0],
							"lerp_mode": "catmullrom"
						},
						"0.9167": {
							"post": [-1.75, 0, 0],
							"lerp_mode": "catmullrom"
						},
						"1.5833": {
							"post": [-2.75, 0, 0],
							"lerp_mode": "catmullrom"
						},
						"1.9167": {
							"post": [0, 0, 0],
							"lerp_mode": "catmullrom"
						},
						"2.5": [0, 0, 0]
					}
				},
				"chest": {
					"rotation": {
						"0.0": [0, 0, 0],
						"0.375": {
							"pre": [12, 0, 0],
							"post": [12, 0, 0],
							"lerp_mode": "catmullrom"
						},
						"0.625": {
							"post": [16.5, 0, 0],
							"lerp_mode": "catmullrom"
						},
						"0.8333": {
							"post": [0, 0, 0],
							"lerp_mode": "catmullrom"
						},
						"1.4167": {
							"post": [-0.75, 0, 0],
							"lerp_mode": "catmullrom"
						},
						"2.0": {
							"post": [0, 0, 0],
							"lerp_mode": "catmullrom"
						},
						"2.5": [0, 0, 0]
					}
				},
				"arm_left": {
					"rotation": {
						"0.0": [0, 0, 0],
						"0.2083": {
							"pre": [0, 0, -4.75],
							"post": [0, 0, -4.75],
							"lerp_mode": "catmullrom"
						},
						"0.375": {
							"post": [0, 0, 9.95],
							"lerp_mode": "catmullrom"
						},
						"0.5833": {
							"post": [0, 0, 14.95],
							"lerp_mode": "catmullrom"
						},
						"0.9167": {
							"post": [0, 0, -4.2],
							"lerp_mode": "catmullrom"
						},
						"1.375": {
							"post": [0, 0, -6.9],
							"lerp_mode": "catmullrom"
						},
						"1.8333": {
							"post": [0, 0, 0],
							"lerp_mode": "catmullrom"
						},
						"2.5": [0, 0, 0]
					}
				},
				"arm_left2": {
					"rotation": {
						"0.0": [0, 0, 0],
						"0.2917": {
							"pre": [0, 0, -4.75],
							"post": [0, 0, -4.75],
							"lerp_mode": "catmullrom"
						},
						"0.4583": {
							"post": [0, 0, 15.75],
							"lerp_mode": "catmullrom"
						},
						"0.6667": {
							"post": [0, 0, 20.75],
							"lerp_mode": "catmullrom"
						},
						"1.0": {
							"post": [0, 0, -4.2],
							"lerp_mode": "catmullrom"
						},
						"1.4583": {
							"post": [0, 0, -6.5],
							"lerp_mode": "catmullrom"
						},
						"1.9167": {
							"post": [0, 0, 0],
							"lerp_mode": "catmullrom"
						},
						"2.5": [0, 0, 0]
					}
				},
				"hand_left": {
					"rotation": {
						"0.0": [0, 0, 0],
						"0.375": {
							"pre": [0, 0, -4.75],
							"post": [0, 0, -4.75],
							"lerp_mode": "catmullrom"
						},
						"0.5417": {
							"post": [0, 0, 15.75],
							"lerp_mode": "catmullrom"
						},
						"0.75": {
							"post": [0, 0, 20.75],
							"lerp_mode": "catmullrom"
						},
						"1.0833": {
							"post": [0, 0, -6.85],
							"lerp_mode": "catmullrom"
						},
						"1.5417": {
							"post": [0, 0, -10.65],
							"lerp_mode": "catmullrom"
						},
						"2.0": {
							"post": [0, 0, 0],
							"lerp_mode": "catmullrom"
						},
						"2.5": [0, 0, 0]
					}
				},
				"fingers_left": {
					"rotation": {
						"0.0": [0, 0, 0],
						"0.4583": {
							"pre": [0, 0, -4.75],
							"post": [0, 0, -4.75],
							"lerp_mode": "catmullrom"
						},
						"0.625": {
							"post": [0, 0, 15.75],
							"lerp_mode": "catmullrom"
						},
						"0.8333": {
							"post": [0, 0, 20.75],
							"lerp_mode": "catmullrom"
						},
						"1.1667": {
							"post": [0, 0, -4.2],
							"lerp_mode": "catmullrom"
						},
						"1.625": {
							"post": [0, 0, -5.2],
							"lerp_mode": "catmullrom"
						},
						"2.0833": {
							"post": [0, 0, 0],
							"lerp_mode": "catmullrom"
						},
						"2.5": [0, 0, 0]
					}
				},
				"arm_right": {
					"rotation": {
						"0.0": [0, 0, 0],
						"0.2083": {
							"pre": [0, 0, 4.75],
							"post": [0, 0, 4.75],
							"lerp_mode": "catmullrom"
						},
						"0.375": {
							"post": [0, 0, -9.95],
							"lerp_mode": "catmullrom"
						},
						"0.5833": {
							"post": [0, 0, -14.95],
							"lerp_mode": "catmullrom"
						},
						"0.9167": {
							"post": [0, 0, 4.2],
							"lerp_mode": "catmullrom"
						},
						"1.375": {
							"post": [0, 0, 6.9],
							"lerp_mode": "catmullrom"
						},
						"1.8333": {
							"post": [0, 0, 0],
							"lerp_mode": "catmullrom"
						},
						"2.5": [0, 0, 0]
					}
				},
				"arm_right2": {
					"rotation": {
						"0.0": [0, 0, 0],
						"0.2917": {
							"pre": [0, 0, 4.75],
							"post": [0, 0, 4.75],
							"lerp_mode": "catmullrom"
						},
						"0.4583": {
							"post": [0, 0, -15.75],
							"lerp_mode": "catmullrom"
						},
						"0.6667": {
							"post": [0, 0, -20.75],
							"lerp_mode": "catmullrom"
						},
						"1.0": {
							"post": [0, 0, 4.2],
							"lerp_mode": "catmullrom"
						},
						"1.4583": {
							"post": [0, 0, 6.5],
							"lerp_mode": "catmullrom"
						},
						"1.9167": {
							"post": [0, 0, 0],
							"lerp_mode": "catmullrom"
						},
						"2.5": [0, 0, 0]
					}
				},
				"hand_right": {
					"rotation": {
						"0.0": [0, 0, 0],
						"0.375": {
							"pre": [0, 0, 4.75],
							"post": [0, 0, 4.75],
							"lerp_mode": "catmullrom"
						},
						"0.5417": {
							"post": [0, 0, -15.75],
							"lerp_mode": "catmullrom"
						},
						"0.75": {
							"post": [0, 0, -20.75],
							"lerp_mode": "catmullrom"
						},
						"1.0833": {
							"post": [0, 0, 6.85],
							"lerp_mode": "catmullrom"
						},
						"1.5417": {
							"post": [0, 0, 10.65],
							"lerp_mode": "catmullrom"
						},
						"2.0": {
							"post": [0, 0, 0],
							"lerp_mode": "catmullrom"
						},
						"2.5": [0, 0, 0]
					}
				},
				"fingers_right": {
					"rotation": {
						"0.0": [0, 0, 0],
						"0.4583": {
							"pre": [0, 0, 4.75],
							"post": [0, 0, 4.75],
							"lerp_mode": "catmullrom"
						},
						"0.625": {
							"post": [0, 0, -15.75],
							"lerp_mode": "catmullrom"
						},
						"0.8333": {
							"post": [0, 0, -20.75],
							"lerp_mode": "catmullrom"
						},
						"1.1667": {
							"post": [0, 0, 4.2],
							"lerp_mode": "catmullrom"
						},
						"1.625": {
							"post": [0, 0, 5.2],
							"lerp_mode": "catmullrom"
						},
						"2.0833": {
							"post": [0, 0, 0],
							"lerp_mode": "catmullrom"
						},
						"2.5": [0, 0, 0]
					}
				},
				"neck": {
					"rotation": {
						"0.0": [0, 0, 0],
						"0.1667": {
							"pre": [-1.25, 0, 0],
							"post": [-1.25, 0, 0],
							"lerp_mode": "catmullrom"
						},
						"0.4167": {
							"post": [-6.5, 0, 0],
							"lerp_mode": "catmullrom"
						},
						"0.625": {
							"post": [1.5, 0, 0],
							"lerp_mode": "catmullrom"
						},
						"0.7917": {
							"post": ["-3.5-0.2*math.sin(q.anim_time*90*30+30)", 0, 0],
							"lerp_mode": "catmullrom"
						},
						"1.2917": {
							"post": ["-5.25-0.2*math.sin(q.anim_time*90*30+30)", 0, 0],
							"lerp_mode": "catmullrom"
						},
						"1.9167": {
							"post": [0, 0, 0],
							"lerp_mode": "catmullrom"
						},
						"2.5": [0, 0, 0]
					}
				},
				"head": {
					"rotation": {
						"0.0": [0, 0, 0],
						"0.125": {
							"pre": [-2.75, 0, 0],
							"post": [-2.75, 0, 0],
							"lerp_mode": "catmullrom"
						},
						"0.3333": {
							"post": [4, 0, 0],
							"lerp_mode": "catmullrom"
						},
						"0.6667": {
							"post": [12, 0, 0],
							"lerp_mode": "catmullrom"
						},
						"0.875": {
							"post": ["-3.25-0.2*math.sin(q.anim_time*90*30)", 0, 0],
							"lerp_mode": "catmullrom"
						},
						"1.375": {
							"post": ["-4.5-0.2*math.sin(q.anim_time*90*30)", 0, 0],
							"lerp_mode": "catmullrom"
						},
						"2.0417": {
							"post": [0, 0, 0],
							"lerp_mode": "catmullrom"
						},
						"2.5": [0, 0, 0]
					}
				},
				"eyelid_half_left": {
					"position": {
						"0.0": [0, 0, 0],
						"0.2083": {"pre": [0, 0, 0], "post": [-0.1, 0, 0.1]},
						"0.7917": {"pre": [-0.1, 0, 0.1], "post": [0, 0, 0]}
					}
				},
				"eyelid_full_left": {
					"position": {
						"0.0": [0, 0, 0],
						"0.2083": {"pre": [0, 0, 0], "post": [0.1, 0, -0.1]},
						"0.7917": {"pre": [0.1, 0, -0.1], "post": [0, 0, 0]}
					}
				},
				"eyelid_half_right": {
					"position": {
						"0.0": [0, 0, 0],
						"0.2083": {"pre": [0, 0, 0], "post": [0.1, 0, 0.1]},
						"0.7917": {"pre": [0.1, 0, 0.1], "post": [0, 0, 0]}
					}
				},
				"eyelid_full_right": {
					"position": {
						"0.0": [0, 0, 0],
						"0.2083": {"pre": [0, 0, 0], "post": [-0.1, 0, -0.1]},
						"0.7917": {"pre": [-0.1, 0, -0.1], "post": [0, 0, 0]}
					}
				},
				"mouth": {
					"rotation": {
						"0.0417": [0, 0, 0],
						"0.125": {
							"pre": [5.75, 0, 0],
							"post": [5.75, 0, 0],
							"lerp_mode": "catmullrom"
						},
						"0.2083": {
							"post": [16.33, 0, 0],
							"lerp_mode": "catmullrom"
						},
						"0.5417": {
							"post": [16.33, 0, 0],
							"lerp_mode": "catmullrom"
						},
						"0.6667": [0, 0, 0],
						"0.75": {
							"pre": ["18.225-0.5*math.sin(q.anim_time*90*30)", 0, 0],
							"post": ["18.225-0.5*math.sin(q.anim_time*90*30)", 0, 0],
							"lerp_mode": "catmullrom"
						},
						"1.25": {
							"post": ["20.325-0.5*math.sin(q.anim_time*90*30)", 0, 0],
							"lerp_mode": "catmullrom"
						},
						"1.375": {
							"post": [4, -0.16, 0],
							"lerp_mode": "catmullrom"
						},
						"1.5417": [0, 0, 0]
					}
				},
				"ear_left": {
					"rotation": {
						"0.0": [0, 0, 0],
						"0.2083": {
							"pre": [0, 0, 1.65],
							"post": [0, 0, 1.65],
							"lerp_mode": "catmullrom"
						},
						"0.4167": {
							"post": [0, 0, -8.7],
							"lerp_mode": "catmullrom"
						},
						"0.6667": {
							"post": [0, 0, 2.3],
							"lerp_mode": "catmullrom"
						},
						"0.875": {
							"post": [0, 0, "-4.2-0.2*math.sin(q.anim_time*90*30)"],
							"lerp_mode": "catmullrom"
						},
						"1.375": {
							"post": [0, 0, "-5.2-0.2*math.sin(q.anim_time*90*30)"],
							"lerp_mode": "catmullrom"
						},
						"1.9583": {
							"post": [0, 0, 1.1],
							"lerp_mode": "catmullrom"
						},
						"2.5833": [0, 0, 0]
					}
				},
				"ear_left2": {
					"rotation": {
						"0.0": [0, 0, 0],
						"0.2917": {
							"pre": [0, 0, 1.65],
							"post": [0, 0, 1.65],
							"lerp_mode": "catmullrom"
						},
						"0.5": {
							"post": [0, 0, -8.7],
							"lerp_mode": "catmullrom"
						},
						"0.75": {
							"post": [0, 0, 2.3],
							"lerp_mode": "catmullrom"
						},
						"0.9583": {
							"post": [0, 0, "-4.2-0.2*math.sin(q.anim_time*90*30)"],
							"lerp_mode": "catmullrom"
						},
						"1.4583": {
							"post": [0, 0, "-5.2-0.2*math.sin(q.anim_time*90*30)"],
							"lerp_mode": "catmullrom"
						},
						"2.0417": {
							"post": [0, 0, 1.1],
							"lerp_mode": "catmullrom"
						},
						"2.6667": [0, 0, 0]
					}
				},
				"ear_left3": {
					"rotation": {
						"0.0": [0, 0, 0],
						"0.375": {
							"pre": [0, 0, 1.65],
							"post": [0, 0, 1.65],
							"lerp_mode": "catmullrom"
						},
						"0.5833": {
							"post": [0, 0, -8.7],
							"lerp_mode": "catmullrom"
						},
						"0.8333": {
							"post": [0, 0, 2.3],
							"lerp_mode": "catmullrom"
						},
						"1.0417": {
							"post": [0, 0, "-4.2-0.2*math.sin(q.anim_time*90*30)"],
							"lerp_mode": "catmullrom"
						},
						"1.5417": {
							"post": [0, 0, "-5.2-0.2*math.sin(q.anim_time*90*30)"],
							"lerp_mode": "catmullrom"
						},
						"2.125": {
							"post": [0, 0, 1.1],
							"lerp_mode": "catmullrom"
						},
						"2.75": [0, 0, 0]
					}
				},
				"ear_right": {
					"rotation": {
						"0.0": [0, 0, 0],
						"0.2083": {
							"pre": [0, 0, -1.65],
							"post": [0, 0, -1.65],
							"lerp_mode": "catmullrom"
						},
						"0.4167": {
							"post": [0, 0, 8.7],
							"lerp_mode": "catmullrom"
						},
						"0.6667": {
							"post": [0, 0, -2.3],
							"lerp_mode": "catmullrom"
						},
						"0.875": {
							"post": [0, 0, "4.2-0.2*math.sin(q.anim_time*90*30)"],
							"lerp_mode": "catmullrom"
						},
						"1.375": {
							"post": [0, 0, "5.2-0.2*math.sin(q.anim_time*90*30)"],
							"lerp_mode": "catmullrom"
						},
						"1.9583": {
							"post": [0, 0, -1.1],
							"lerp_mode": "catmullrom"
						},
						"2.5833": [0, 0, 0]
					}
				},
				"ear_right2": {
					"rotation": {
						"0.0": [0, 0, 0],
						"0.2917": {
							"pre": [0, 0, -1.65],
							"post": [0, 0, -1.65],
							"lerp_mode": "catmullrom"
						},
						"0.5": {
							"post": [0, 0, 8.7],
							"lerp_mode": "catmullrom"
						},
						"0.75": {
							"post": [0, 0, -2.3],
							"lerp_mode": "catmullrom"
						},
						"0.9583": {
							"post": [0, 0, "4.2-0.2*math.sin(q.anim_time*90*30)"],
							"lerp_mode": "catmullrom"
						},
						"1.4583": {
							"post": [0, 0, "5.2-0.2*math.sin(q.anim_time*90*30)"],
							"lerp_mode": "catmullrom"
						},
						"2.0417": {
							"post": [0, 0, -1.1],
							"lerp_mode": "catmullrom"
						},
						"2.6667": [0, 0, 0]
					}
				},
				"ear_right3": {
					"rotation": {
						"0.0": [0, 0, 0],
						"0.375": {
							"pre": [0, 0, -1.65],
							"post": [0, 0, -1.65],
							"lerp_mode": "catmullrom"
						},
						"0.5833": {
							"post": [0, 0, 8.7],
							"lerp_mode": "catmullrom"
						},
						"0.8333": {
							"post": [0, 0, -2.3],
							"lerp_mode": "catmullrom"
						},
						"1.0417": {
							"post": [0, 0, "4.2-0.2*math.sin(q.anim_time*90*30)"],
							"lerp_mode": "catmullrom"
						},
						"1.5417": {
							"post": [0, 0, "5.2-0.2*math.sin(q.anim_time*90*30)"],
							"lerp_mode": "catmullrom"
						},
						"2.125": {
							"post": [0, 0, -1.1],
							"lerp_mode": "catmullrom"
						},
						"2.75": [0, 0, 0]
					}
				},
				"rose1_end_left": {
					"rotation": {
						"0.0": [0, 0, 0],
						"0.1667": {
							"pre": [1.53, 0, 0],
							"post": [1.53, 0, 0],
							"lerp_mode": "catmullrom"
						},
						"0.3333": {
							"post": [-2.75, 0, 0],
							"lerp_mode": "catmullrom"
						},
						"0.5": {
							"post": [-5.25, 0, 0],
							"lerp_mode": "catmullrom"
						},
						"0.7083": {
							"post": [12, 0, 0],
							"lerp_mode": "catmullrom"
						},
						"0.9167": {
							"post": [-3.25, 0, 0],
							"lerp_mode": "catmullrom"
						},
						"1.5": {
							"post": [-4.5, 0, 0],
							"lerp_mode": "catmullrom"
						},
						"2.1667": {
							"post": [0, 0, 0],
							"lerp_mode": "catmullrom"
						},
						"3.0": [0, 0, 0]
					}
				},
				"rose1_end_left2": {
					"rotation": {
						"0.0": [0, 0, 0],
						"0.2083": {
							"pre": [-1.98, 0, 0],
							"post": [-1.98, 0, 0],
							"lerp_mode": "catmullrom"
						},
						"0.4167": {
							"post": [-9.78, 0, 0],
							"lerp_mode": "catmullrom"
						},
						"0.5833": {
							"post": [-5.25, 0, 0],
							"lerp_mode": "catmullrom"
						},
						"0.7917": {
							"post": [12, 0, 0],
							"lerp_mode": "catmullrom"
						},
						"1.0": {
							"post": [-3.25, 0, 0],
							"lerp_mode": "catmullrom"
						},
						"1.4583": {
							"post": [-4.5, 0, 0],
							"lerp_mode": "catmullrom"
						},
						"2.25": {
							"post": [0, 0, 0],
							"lerp_mode": "catmullrom"
						},
						"3.0": [0, 0, 0]
					}
				},
				"rose1_end_left3": {
					"rotation": {
						"0.0": [0, 0, 0],
						"0.2917": {
							"pre": [-1.92, 0, 0],
							"post": [-1.92, 0, 0],
							"lerp_mode": "catmullrom"
						},
						"0.5": {
							"post": [-9.78, 0, 0],
							"lerp_mode": "catmullrom"
						},
						"0.6667": {
							"post": [-5.25, 0, 0],
							"lerp_mode": "catmullrom"
						},
						"0.875": {
							"post": [12, 0, 0],
							"lerp_mode": "catmullrom"
						},
						"1.0833": {
							"post": [-3.25, 0, 0],
							"lerp_mode": "catmullrom"
						},
						"1.5417": {
							"post": [-4.5, 0, 0],
							"lerp_mode": "catmullrom"
						},
						"2.3333": {
							"post": [0, 0, 0],
							"lerp_mode": "catmullrom"
						},
						"3.0": [0, 0, 0]
					}
				},
				"rose1_end_left4": {
					"rotation": {
						"0.0": [0, 0, 0],
						"0.3333": {
							"pre": [11.13, 0, 0],
							"post": [11.13, 0, 0],
							"lerp_mode": "catmullrom"
						},
						"0.5833": {
							"post": [-26.03, 0, 0],
							"lerp_mode": "catmullrom"
						},
						"0.7917": {
							"post": [-5.25, 0, 0],
							"lerp_mode": "catmullrom"
						},
						"1.0": {
							"post": [12, 0, 0],
							"lerp_mode": "catmullrom"
						},
						"1.2083": {
							"post": [-3.25, 0, 0],
							"lerp_mode": "catmullrom"
						},
						"1.6667": {
							"post": [-4.5, 0, 0],
							"lerp_mode": "catmullrom"
						},
						"2.4583": {
							"post": [0, 0, 0],
							"lerp_mode": "catmullrom"
						},
						"3.0": [0, 0, 0]
					}
				},
				"rose1_end_left5": {
					"rotation": {
						"0.0": [0, 0, 0],
						"0.375": {
							"pre": [1.74, 0, 0],
							"post": [1.74, 0, 0],
							"lerp_mode": "catmullrom"
						},
						"0.6667": {
							"post": [-32.78, 0, 0],
							"lerp_mode": "catmullrom"
						},
						"0.9167": {
							"post": [-5.25, 0, 0],
							"lerp_mode": "catmullrom"
						},
						"1.125": {
							"post": [12, 0, 0],
							"lerp_mode": "catmullrom"
						},
						"1.3333": {
							"post": [-3.25, 0, 0],
							"lerp_mode": "catmullrom"
						},
						"1.7917": {
							"post": [-4.5, 0, 0],
							"lerp_mode": "catmullrom"
						},
						"2.5833": {
							"post": [0, 0, 0],
							"lerp_mode": "catmullrom"
						},
						"3.0": [0, 0, 0]
					}
				},
				"rose1_end_right": {
					"rotation": {
						"0.0": [0, 0, 0],
						"0.1667": {
							"pre": [1.53, 0, 0],
							"post": [1.53, 0, 0],
							"lerp_mode": "catmullrom"
						},
						"0.3333": {
							"post": [-2.75, 0, 0],
							"lerp_mode": "catmullrom"
						},
						"0.5": {
							"post": [-5.25, 0, 0],
							"lerp_mode": "catmullrom"
						},
						"0.7083": {
							"post": [12, 0, 0],
							"lerp_mode": "catmullrom"
						},
						"0.9167": {
							"post": [-3.25, 0, 0],
							"lerp_mode": "catmullrom"
						},
						"1.5": {
							"post": [-4.5, 0, 0],
							"lerp_mode": "catmullrom"
						},
						"2.1667": {
							"post": [0, 0, 0],
							"lerp_mode": "catmullrom"
						},
						"3.0": [0, 0, 0]
					}
				},
				"rose1_end_right2": {
					"rotation": {
						"0.0": [0, 0, 0],
						"0.2083": {
							"pre": [-1.98, 0, 0],
							"post": [-1.98, 0, 0],
							"lerp_mode": "catmullrom"
						},
						"0.4167": {
							"post": [-9.78, 0, 0],
							"lerp_mode": "catmullrom"
						},
						"0.5833": {
							"post": [-5.25, 0, 0],
							"lerp_mode": "catmullrom"
						},
						"0.7917": {
							"post": [12, 0, 0],
							"lerp_mode": "catmullrom"
						},
						"1.0": {
							"post": [-3.25, 0, 0],
							"lerp_mode": "catmullrom"
						},
						"1.4583": {
							"post": [-4.5, 0, 0],
							"lerp_mode": "catmullrom"
						},
						"2.25": {
							"post": [0, 0, 0],
							"lerp_mode": "catmullrom"
						},
						"3.0": [0, 0, 0]
					}
				},
				"rose1_end_right3": {
					"rotation": {
						"0.0": [0, 0, 0],
						"0.2917": {
							"pre": [-1.92, 0, 0],
							"post": [-1.92, 0, 0],
							"lerp_mode": "catmullrom"
						},
						"0.5": {
							"post": [-9.78, 0, 0],
							"lerp_mode": "catmullrom"
						},
						"0.6667": {
							"post": [-5.25, 0, 0],
							"lerp_mode": "catmullrom"
						},
						"0.875": {
							"post": [12, 0, 0],
							"lerp_mode": "catmullrom"
						},
						"1.0833": {
							"post": [-3.25, 0, 0],
							"lerp_mode": "catmullrom"
						},
						"1.5417": {
							"post": [-4.5, 0, 0],
							"lerp_mode": "catmullrom"
						},
						"2.3333": {
							"post": [0, 0, 0],
							"lerp_mode": "catmullrom"
						},
						"3.0": [0, 0, 0]
					}
				},
				"rose1_end_right4": {
					"rotation": {
						"0.0": [0, 0, 0],
						"0.3333": {
							"pre": [11.13, 0, 0],
							"post": [11.13, 0, 0],
							"lerp_mode": "catmullrom"
						},
						"0.5833": {
							"post": [-26.03, 0, 0],
							"lerp_mode": "catmullrom"
						},
						"0.7917": {
							"post": [-5.25, 0, 0],
							"lerp_mode": "catmullrom"
						},
						"1.0": {
							"post": [12, 0, 0],
							"lerp_mode": "catmullrom"
						},
						"1.2083": {
							"post": [-3.25, 0, 0],
							"lerp_mode": "catmullrom"
						},
						"1.6667": {
							"post": [-4.5, 0, 0],
							"lerp_mode": "catmullrom"
						},
						"2.4583": {
							"post": [0, 0, 0],
							"lerp_mode": "catmullrom"
						},
						"3.0": [0, 0, 0]
					}
				},
				"rose1_end_right5": {
					"rotation": {
						"0.0": [0, 0, 0],
						"0.375": {
							"pre": [1.74, 0, 0],
							"post": [1.74, 0, 0],
							"lerp_mode": "catmullrom"
						},
						"0.6667": {
							"post": [-32.78, 0, 0],
							"lerp_mode": "catmullrom"
						},
						"0.9167": {
							"post": [-5.25, 0, 0],
							"lerp_mode": "catmullrom"
						},
						"1.125": {
							"post": [12, 0, 0],
							"lerp_mode": "catmullrom"
						},
						"1.3333": {
							"post": [-3.25, 0, 0],
							"lerp_mode": "catmullrom"
						},
						"1.7917": {
							"post": [-4.5, 0, 0],
							"lerp_mode": "catmullrom"
						},
						"2.5833": {
							"post": [0, 0, 0],
							"lerp_mode": "catmullrom"
						},
						"3.0": [0, 0, 0]
					}
				},
				"rose2_end_left": {
					"rotation": {
						"0.0": [0, 0, 0],
						"0.25": {
							"pre": [-9.45, 0, 0],
							"post": [-9.45, 0, 0],
							"lerp_mode": "catmullrom"
						},
						"0.5833": {
							"post": [18.55, 0, 0],
							"lerp_mode": "catmullrom"
						},
						"0.7917": {
							"post": [12, 0, 0],
							"lerp_mode": "catmullrom"
						},
						"1.0": {
							"post": [-8.25, 0, 0],
							"lerp_mode": "catmullrom"
						},
						"1.5833": {
							"post": [-9.5, 0, 0],
							"lerp_mode": "catmullrom"
						},
						"2.25": {
							"post": [0, 0, 0],
							"lerp_mode": "catmullrom"
						},
						"3.0": [0, 0, 0]
					}
				},
				"rose2_end_left2": {
					"rotation": {
						"0.0": [0, 0, 0],
						"0.3333": {
							"pre": [-9.45, 0, 0],
							"post": [-9.45, 0, 0],
							"lerp_mode": "catmullrom"
						},
						"0.6667": {
							"post": [18.55, 0, 0],
							"lerp_mode": "catmullrom"
						},
						"0.875": {
							"post": [12, 0, 0],
							"lerp_mode": "catmullrom"
						},
						"1.0833": {
							"post": [-8.25, 0, 0],
							"lerp_mode": "catmullrom"
						},
						"1.6667": {
							"post": [-9.5, 0, 0],
							"lerp_mode": "catmullrom"
						},
						"2.3333": {
							"post": [0, 0, 0],
							"lerp_mode": "catmullrom"
						},
						"3.0": [0, 0, 0]
					}
				},
				"rose2_end_left3": {
					"rotation": {
						"0.0": [0, 0, 0],
						"0.4583": {
							"pre": [-9.45, 0, 0],
							"post": [-9.45, 0, 0],
							"lerp_mode": "catmullrom"
						},
						"0.75": {
							"post": [18.55, 0, 0],
							"lerp_mode": "catmullrom"
						},
						"0.9583": {
							"post": [12, 0, 0],
							"lerp_mode": "catmullrom"
						},
						"1.25": {
							"post": [-8.25, 0, 0],
							"lerp_mode": "catmullrom"
						},
						"1.8333": {
							"post": [-9.5, 0, 0],
							"lerp_mode": "catmullrom"
						},
						"2.4167": {
							"post": [0, 0, 0],
							"lerp_mode": "catmullrom"
						},
						"3.0": [0, 0, 0]
					}
				},
				"rose2_end_left4": {
					"rotation": {
						"0.0": [0, 0, 0],
						"0.5417": {
							"pre": [-9.45, 0, 0],
							"post": [-9.45, 0, 0],
							"lerp_mode": "catmullrom"
						},
						"0.8333": {
							"post": [18.55, 0, 0],
							"lerp_mode": "catmullrom"
						},
						"1.0417": {
							"post": [12, 0, 0],
							"lerp_mode": "catmullrom"
						},
						"1.5": {
							"post": [-20.25, 0, 0],
							"lerp_mode": "catmullrom"
						},
						"2.0": {
							"post": [-9.5, 0, 0],
							"lerp_mode": "catmullrom"
						},
						"2.5": {
							"post": [0, 0, 0],
							"lerp_mode": "catmullrom"
						},
						"3.0": [0, 0, 0]
					}
				},
				"rose2_end_left5": {
					"rotation": {
						"0.0": [0, 0, 0],
						"0.6667": {
							"pre": [-9.45, 0, 0],
							"post": [-9.45, 0, 0],
							"lerp_mode": "catmullrom"
						},
						"0.9167": {
							"post": [18.55, 0, 0],
							"lerp_mode": "catmullrom"
						},
						"1.125": {
							"post": [12, 0, 0],
							"lerp_mode": "catmullrom"
						},
						"1.7083": {
							"post": [-20.25, 0, 0],
							"lerp_mode": "catmullrom"
						},
						"2.2083": {
							"post": [-9.5, 0, 0],
							"lerp_mode": "catmullrom"
						},
						"2.5833": {
							"post": [0, 0, 0],
							"lerp_mode": "catmullrom"
						},
						"3.0": [0, 0, 0]
					}
				},
				"rose2_end_right3": {
					"rotation": {
						"0.0": [0, 0, 0],
						"0.3333": {
							"pre": [11.13, -9.8, 0],
							"post": [11.13, -9.8, 0],
							"lerp_mode": "catmullrom"
						},
						"0.5833": {
							"post": [-26.03, 14.7, 0],
							"lerp_mode": "catmullrom"
						},
						"0.7917": {
							"post": [-5.25, 10.9, 0],
							"lerp_mode": "catmullrom"
						},
						"1.0": {
							"post": [12, -20.8, 0],
							"lerp_mode": "catmullrom"
						},
						"1.4167": {
							"post": [-3.25, -17.9, 0],
							"lerp_mode": "catmullrom"
						},
						"1.875": {
							"post": [-4.5, 8.3, 0],
							"lerp_mode": "catmullrom"
						},
						"2.4583": {
							"post": [0, 0, 0],
							"lerp_mode": "catmullrom"
						},
						"3.0": [0, 0, 0]
					}
				},
				"rose2_end_right4": {
					"rotation": {
						"0.0": [0, 0, 0],
						"0.4167": {
							"pre": [11.13, -9.8, 0],
							"post": [11.13, -9.8, 0],
							"lerp_mode": "catmullrom"
						},
						"0.6667": {
							"post": [-26.03, 14.7, 0],
							"lerp_mode": "catmullrom"
						},
						"0.875": {
							"post": [-5.25, 10.9, 0],
							"lerp_mode": "catmullrom"
						},
						"1.0833": {
							"post": [12, -20.8, 0],
							"lerp_mode": "catmullrom"
						},
						"1.5": {
							"post": [-3.25, -17.9, 0],
							"lerp_mode": "catmullrom"
						},
						"1.9583": {
							"post": [-4.5, 8.3, 0],
							"lerp_mode": "catmullrom"
						},
						"2.5417": {
							"post": [0, 0, 0],
							"lerp_mode": "catmullrom"
						},
						"3.0": [0, 0, 0]
					}
				},
				"tail": {
					"rotation": {
						"0.0": [0, 0, 0],
						"0.375": {
							"pre": [-0.65, 0, 0],
							"post": [-0.65, 0, 0],
							"lerp_mode": "catmullrom"
						},
						"0.7083": {
							"post": [2.3, 0, 0],
							"lerp_mode": "catmullrom"
						},
						"0.9167": {
							"post": [-0.6, 0, 0],
							"lerp_mode": "catmullrom"
						},
						"1.5": {
							"post": [-1.3, 0, 0],
							"lerp_mode": "catmullrom"
						},
						"2.0417": {
							"post": [0.1, 0, 0],
							"lerp_mode": "catmullrom"
						},
						"2.5833": [0, 0, 0]
					}
				},
				"tail2": {
					"rotation": {
						"0.0": [0, 0, 0],
						"0.4583": {
							"pre": [-0.65, 0, 0],
							"post": [-0.65, 0, 0],
							"lerp_mode": "catmullrom"
						},
						"0.7917": {
							"post": [4.2, 0, 0],
							"lerp_mode": "catmullrom"
						},
						"1.0": {
							"post": [-3.3, 0, 0],
							"lerp_mode": "catmullrom"
						},
						"1.5833": {
							"post": [-4, 0, 0],
							"lerp_mode": "catmullrom"
						},
						"2.125": {
							"post": [0.1, 0, 0],
							"lerp_mode": "catmullrom"
						},
						"2.6667": [0, 0, 0]
					}
				},
				"tail3": {
					"rotation": {
						"0.0": [0, 0, 0],
						"0.5417": {
							"pre": [-0.65, 0, 0],
							"post": [-0.65, 0, 0],
							"lerp_mode": "catmullrom"
						},
						"0.875": {
							"post": [4.2, 0, 0],
							"lerp_mode": "catmullrom"
						},
						"1.0833": {
							"post": [-3.3, 0, 0],
							"lerp_mode": "catmullrom"
						},
						"1.6667": {
							"post": [-4, 0, 0],
							"lerp_mode": "catmullrom"
						},
						"2.2083": {
							"post": [0.1, 0, 0],
							"lerp_mode": "catmullrom"
						},
						"2.75": [0, 0, 0]
					}
				},
				"tail4": {
					"rotation": {
						"0.0": [0, 0, 0],
						"0.625": {
							"pre": [-0.65, 0, 0],
							"post": [-0.65, 0, 0],
							"lerp_mode": "catmullrom"
						},
						"0.9583": {
							"post": [4.2, 0, 0],
							"lerp_mode": "catmullrom"
						},
						"1.1667": {
							"post": [-3.3, 0, 0],
							"lerp_mode": "catmullrom"
						},
						"1.75": {
							"post": [-4, 0, 0],
							"lerp_mode": "catmullrom"
						},
						"2.2917": {
							"post": [0.1, 0, 0],
							"lerp_mode": "catmullrom"
						},
						"2.8333": [0, 0, 0]
					}
				},
				"tail5": {
					"rotation": {
						"0.0": [0, 0, 0],
						"0.7083": {
							"pre": [-0.65, 0, 0],
							"post": [-0.65, 0, 0],
							"lerp_mode": "catmullrom"
						},
						"1.0417": {
							"post": [4.2, 0, 0],
							"lerp_mode": "catmullrom"
						},
						"1.25": {
							"post": [-3.3, 0, 0],
							"lerp_mode": "catmullrom"
						},
						"1.8333": {
							"post": [-4, 0, 0],
							"lerp_mode": "catmullrom"
						},
						"2.375": {
							"post": [0.1, 0, 0],
							"lerp_mode": "catmullrom"
						},
						"2.9167": [0, 0, 0]
					}
				},
				"leaf_left_rotation": {
					"rotation": {
						"0.0": [0, 0, 0],
						"0.25": {
							"pre": [0, 0, 1.4],
							"post": [0, 0, 1.4],
							"lerp_mode": "catmullrom"
						},
						"0.5833": {
							"post": [0, 0, -3.35],
							"lerp_mode": "catmullrom"
						},
						"0.7917": {
							"post": [0, 0, 1.9],
							"lerp_mode": "catmullrom"
						},
						"1.375": {
							"post": [0, 0, 3],
							"lerp_mode": "catmullrom"
						},
						"1.9167": {
							"post": [0, 0, 0],
							"lerp_mode": "catmullrom"
						},
						"2.625": [0, 0, 0]
					}
				},
				"leaf_left2": {
					"rotation": {
						"0.0": [0, 0, 0],
						"0.3333": {
							"pre": [0, 0, 1.4],
							"post": [0, 0, 1.4],
							"lerp_mode": "catmullrom"
						},
						"0.6667": {
							"post": [0, 0, -3.35],
							"lerp_mode": "catmullrom"
						},
						"0.875": {
							"post": [0, 0, 1.9],
							"lerp_mode": "catmullrom"
						},
						"1.4583": {
							"post": [0, 0, 3],
							"lerp_mode": "catmullrom"
						},
						"2.0": {
							"post": [0, 0, 0],
							"lerp_mode": "catmullrom"
						},
						"2.7083": [0, 0, 0]
					}
				},
				"leaf_left3": {
					"rotation": {
						"0.0": [0, 0, 0],
						"0.4167": {
							"pre": [0, 0, 4.1],
							"post": [0, 0, 4.1],
							"lerp_mode": "catmullrom"
						},
						"0.75": {
							"post": [0, 0, -6.15],
							"lerp_mode": "catmullrom"
						},
						"0.9583": {
							"post": [0, 0, 7],
							"lerp_mode": "catmullrom"
						},
						"1.5417": {
							"post": [0, 0, 8.1],
							"lerp_mode": "catmullrom"
						},
						"2.0833": {
							"post": [0, 0, 0],
							"lerp_mode": "catmullrom"
						},
						"2.7917": [0, 0, 0]
					}
				},
				"leaf_left4": {
					"rotation": {
						"0.0": [0, 0, 0],
						"0.5": {
							"pre": [0, 0, 4.1],
							"post": [0, 0, 4.1],
							"lerp_mode": "catmullrom"
						},
						"0.8333": {
							"post": [0, 0, -6.15],
							"lerp_mode": "catmullrom"
						},
						"1.0417": {
							"post": [0, 0, 7],
							"lerp_mode": "catmullrom"
						},
						"1.625": {
							"post": [0, 0, 8.1],
							"lerp_mode": "catmullrom"
						},
						"2.1667": {
							"post": [0, 0, 0],
							"lerp_mode": "catmullrom"
						},
						"2.875": [0, 0, 0]
					}
				},
				"leaf_right_rotation": {
					"rotation": {
						"0.0": [0, 0, 0],
						"0.25": {
							"pre": [0, 0, -1.4],
							"post": [0, 0, -1.4],
							"lerp_mode": "catmullrom"
						},
						"0.5833": {
							"post": [0, 0, 3.35],
							"lerp_mode": "catmullrom"
						},
						"0.7917": {
							"post": [0, 0, -1.9],
							"lerp_mode": "catmullrom"
						},
						"1.375": {
							"post": [0, 0, -3],
							"lerp_mode": "catmullrom"
						},
						"1.9167": {
							"post": [0, 0, 0],
							"lerp_mode": "catmullrom"
						},
						"2.625": [0, 0, 0]
					}
				},
				"leaf_right2": {
					"rotation": {
						"0.0": [0, 0, 0],
						"0.3333": {
							"pre": [0, 0, -1.4],
							"post": [0, 0, -1.4],
							"lerp_mode": "catmullrom"
						},
						"0.6667": {
							"post": [0, 0, 3.35],
							"lerp_mode": "catmullrom"
						},
						"0.875": {
							"post": [0, 0, -1.9],
							"lerp_mode": "catmullrom"
						},
						"1.4583": {
							"post": [0, 0, -3],
							"lerp_mode": "catmullrom"
						},
						"2.0": {
							"post": [0, 0, 0],
							"lerp_mode": "catmullrom"
						},
						"2.7083": [0, 0, 0]
					}
				},
				"leaf_right3": {
					"rotation": {
						"0.0": [0, 0, 0],
						"0.4167": {
							"pre": [0, 0, -4.1],
							"post": [0, 0, -4.1],
							"lerp_mode": "catmullrom"
						},
						"0.75": {
							"post": [0, 0, 6.15],
							"lerp_mode": "catmullrom"
						},
						"0.9583": {
							"post": [0, 0, -7],
							"lerp_mode": "catmullrom"
						},
						"1.5417": {
							"post": [0, 0, -8.1],
							"lerp_mode": "catmullrom"
						},
						"2.0833": {
							"post": [0, 0, 0],
							"lerp_mode": "catmullrom"
						},
						"2.7917": [0, 0, 0]
					}
				},
				"leaf_right4": {
					"rotation": {
						"0.0": [0, 0, 0],
						"0.5": {
							"pre": [0, 0, -4.1],
							"post": [0, 0, -4.1],
							"lerp_mode": "catmullrom"
						},
						"0.8333": {
							"post": [0, 0, 6.15],
							"lerp_mode": "catmullrom"
						},
						"1.0417": {
							"post": [0, 0, -7],
							"lerp_mode": "catmullrom"
						},
						"1.625": {
							"post": [0, 0, -8.1],
							"lerp_mode": "catmullrom"
						},
						"2.1667": {
							"post": [0, 0, 0],
							"lerp_mode": "catmullrom"
						},
						"2.875": [0, 0, 0]
					}
				},
				"tail_end_left": {
					"rotation": {
						"0.0": [0, 0, 0],
						"0.4583": {
							"pre": [-8, 0, 0],
							"post": [-8, 0, 0],
							"lerp_mode": "catmullrom"
						},
						"0.8333": {
							"post": [10.5, 0, 0],
							"lerp_mode": "catmullrom"
						},
						"1.375": {
							"post": [-19.2, 0, 0],
							"lerp_mode": "catmullrom"
						},
						"1.9167": {
							"post": [-22, 0, 0],
							"lerp_mode": "catmullrom"
						},
						"2.4167": {
							"post": [0, 0, 0],
							"lerp_mode": "catmullrom"
						},
						"3.0": [0, 0, 0]
					}
				},
				"tail_end_right": {
					"rotation": {
						"0.0": [0, 0, 0],
						"0.4583": {
							"pre": [-8, 0, 0],
							"post": [-8, 0, 0],
							"lerp_mode": "catmullrom"
						},
						"0.8333": {
							"post": [10.5, 0, 0],
							"lerp_mode": "catmullrom"
						},
						"1.375": {
							"post": [-19.2, 0, 0],
							"lerp_mode": "catmullrom"
						},
						"1.9167": {
							"post": [-22, 0, 0],
							"lerp_mode": "catmullrom"
						},
						"2.4167": {
							"post": [0, 0, 0],
							"lerp_mode": "catmullrom"
						},
						"3.0": [0, 0, 0]
					}
				}
			},
			"sound_effects": {
				"0.0417": {
					"effect": "pokemon.florges.cry"
				}
			}
		},
		"animation.florges.recoil": {
			"animation_length": 1.5,
			"bones": {
				"body": {
					"rotation": {
						"0.0": [0, 0, 0],
						"0.0417": [-7.5, 0, 0],
						"0.625": {
							"pre": [0.325, 0, 0],
							"post": [0.325, 0, 0],
							"lerp_mode": "catmullrom"
						},
						"1.0833": {
							"post": [-0.25, 0, 0],
							"lerp_mode": "catmullrom"
						},
						"1.5": [0, 0, 0]
					},
					"position": {
						"0.0": [0, 0, 0],
						"0.0417": [0, 0, 3.5],
						"0.5833": {
							"pre": [0, 0, -0.125],
							"post": [0, 0, -0.125],
							"lerp_mode": "catmullrom"
						},
						"1.0417": {
							"post": [0, 0, 0],
							"lerp_mode": "catmullrom"
						},
						"1.5": [0, 0, 0]
					}
				},
				"waist": {
					"rotation": {
						"0.0": [0, 0, 0],
						"0.0833": [-3.05, 3.65, -1.875],
						"0.6667": {
							"pre": [2.75, 0, 0],
							"post": [2.75, 0, 0],
							"lerp_mode": "catmullrom"
						},
						"1.125": {
							"post": [0, 0, 0],
							"lerp_mode": "catmullrom"
						},
						"1.5": [0, 0, 0]
					}
				},
				"chest": {
					"rotation": {
						"0.0": [0, 0, 0],
						"0.0833": [-1.6, 1.05, 0],
						"0.7083": {
							"pre": [2.75, 0, 0],
							"post": [2.75, 0, 0],
							"lerp_mode": "catmullrom"
						},
						"1.1667": {
							"post": [0, 0, 0],
							"lerp_mode": "catmullrom"
						},
						"1.5": [0, 0, 0]
					}
				},
				"arm_left": {
					"rotation": {
						"0.0": [0, 0, 0],
						"0.0833": [0, 0, -12],
						"0.5": {
							"pre": [0, 0, -12],
							"post": [0, 0, -12],
							"lerp_mode": "catmullrom"
						},
						"0.9583": {
							"post": [0, 0, 0],
							"lerp_mode": "catmullrom"
						},
						"1.5": [0, 0, 0]
					}
				},
				"arm_left2": {
					"rotation": {
						"0.0": [0, 0, 0],
						"0.125": [0, 26.25, -12],
						"0.5833": {
							"pre": [0, 26.25, -12],
							"post": [0, 26.25, -12],
							"lerp_mode": "catmullrom"
						},
						"1.0417": {
							"post": [0, 0, 0],
							"lerp_mode": "catmullrom"
						},
						"1.5": [0, 0, 0]
					}
				},
				"hand_left": {
					"rotation": {
						"0.0": [0, 0, 0],
						"0.1667": [0, 17.75, -12],
						"0.6667": {
							"pre": [0, 17.75, -12],
							"post": [0, 17.75, -12],
							"lerp_mode": "catmullrom"
						},
						"1.125": {
							"post": [0, 0, 0],
							"lerp_mode": "catmullrom"
						},
						"1.5": [0, 0, 0]
					}
				},
				"arm_right": {
					"rotation": {
						"0.0": [0, 0, 0],
						"0.0833": [0, 0, 12],
						"0.5": {
							"pre": [0, 0, 12],
							"post": [0, 0, 12],
							"lerp_mode": "catmullrom"
						},
						"0.9583": {
							"post": [0, 0, 0],
							"lerp_mode": "catmullrom"
						},
						"1.5": [0, 0, 0]
					}
				},
				"arm_right2": {
					"rotation": {
						"0.0": [0, 0, 0],
						"0.125": [0, -26.25, 12],
						"0.5833": {
							"pre": [0, -26.25, 12],
							"post": [0, -26.25, 12],
							"lerp_mode": "catmullrom"
						},
						"1.0417": {
							"post": [0, 0, 0],
							"lerp_mode": "catmullrom"
						},
						"1.5": [0, 0, 0]
					}
				},
				"hand_right": {
					"rotation": {
						"0.0": [0, 0, 0],
						"0.1667": [0, -17.75, 12],
						"0.6667": {
							"pre": [0, -17.75, 12],
							"post": [0, -17.75, 12],
							"lerp_mode": "catmullrom"
						},
						"1.125": {
							"post": [0, 0, 0],
							"lerp_mode": "catmullrom"
						},
						"1.5": [0, 0, 0]
					}
				},
				"neck": {
					"rotation": {
						"0.0": [0, 0, 0],
						"0.125": [-0.7, 1.7, 0],
						"0.4167": {
							"pre": [-1.05977, 7.28165, 0.1568],
							"post": [-1.05977, 7.28165, 0.1568],
							"lerp_mode": "catmullrom"
						},
						"0.75": {
							"post": [-1.25, 0, 0],
							"lerp_mode": "catmullrom"
						},
						"1.2083": {
							"post": [0, 0, 0],
							"lerp_mode": "catmullrom"
						},
						"1.5": [0, 0, 0]
					}
				},
				"head": {
					"rotation": {
						"0.0": [0, 0, 0],
						"0.125": [-4.45, 4.825, 0],
						"0.5": {
							"pre": [5.72454, 7.61952, 0.15708],
							"post": [5.72454, 7.61952, 0.15708],
							"lerp_mode": "catmullrom"
						},
						"0.7917": {
							"post": [4.85, 0.825, 0],
							"lerp_mode": "catmullrom"
						},
						"1.25": {
							"post": [0, 0, 0],
							"lerp_mode": "catmullrom"
						},
						"1.5": [0, 0, 0]
					}
				},
				"eyelid_half_left": {
					"position": {
						"0.0": [-0.1, 0, 0.1],
						"0.2917": {"pre": [-0.1, 0, 0.1], "post": [0, 0, 0]},
						"0.5417": {"pre": [0, 0, 0], "post": [-0.1, 0, 0.1]},
						"0.6667": {"pre": [-0.1, 0, 0.1], "post": [0, 0, 0]},
						"0.75": {"pre": [0, 0, 0], "post": [-0.1, 0, 0.1]},
						"0.875": {"pre": [-0.1, 0, 0.1], "post": [0, 0, 0]}
					}
				},
				"eyelid_full_left": {
					"position": {
						"0.0": [0.1, 0, -0.1],
						"0.2917": {"pre": [0.1, 0, -0.1], "post": [0, 0, 0]},
						"0.5417": {"pre": [0, 0, 0], "post": [0.1, 0, -0.1]},
						"0.6667": {"pre": [0.1, 0, -0.1], "post": [0, 0, 0]},
						"0.75": {"pre": [0, 0, 0], "post": [0.1, 0, -0.1]},
						"0.875": {"pre": [0.1, 0, -0.1], "post": [0, 0, 0]}
					}
				},
				"eyelid_half_right": {
					"position": {
						"0.0": [0.1, 0, 0.1],
						"0.2917": {"pre": [0.1, 0, 0.1], "post": [0, 0, 0]},
						"0.5417": {"pre": [0, 0, 0], "post": [0.1, 0, 0.1]},
						"0.6667": {"pre": [0.1, 0, 0.1], "post": [0, 0, 0]},
						"0.75": {"pre": [0, 0, 0], "post": [0.1, 0, 0.1]},
						"0.875": {"pre": [0.1, 0, 0.1], "post": [0, 0, 0]}
					}
				},
				"eyelid_full_right": {
					"position": {
						"0.0": [-0.1, 0, -0.1],
						"0.2917": {"pre": [-0.1, 0, -0.1], "post": [0, 0, 0]},
						"0.5417": {"pre": [0, 0, 0], "post": [-0.1, 0, -0.1]},
						"0.6667": {"pre": [-0.1, 0, -0.1], "post": [0, 0, 0]},
						"0.75": {"pre": [0, 0, 0], "post": [-0.1, 0, -0.1]},
						"0.875": {"pre": [-0.1, 0, -0.1], "post": [0, 0, 0]}
					}
				},
				"ear_left": {
					"rotation": {
						"0.0": [0, 0, 0],
						"0.0833": [0, 6.075, 0],
						"0.5417": {
							"pre": [0, -3.61952, -0.15708],
							"post": [0, -3.61952, -0.15708],
							"lerp_mode": "catmullrom"
						},
						"0.9583": {
							"post": [0, 0.575, 0],
							"lerp_mode": "catmullrom"
						},
						"1.2917": {
							"post": [0, 0, 0],
							"lerp_mode": "catmullrom"
						},
						"1.5": [0, 0, 0]
					}
				},
				"ear_left2": {
					"rotation": {
						"0.0": [0, 0, 0],
						"0.0833": [0, 6.075, 0],
						"0.5833": {
							"pre": [0, -3.61952, -0.15708],
							"post": [0, -3.61952, -0.15708],
							"lerp_mode": "catmullrom"
						},
						"1.0": {
							"post": [0, 0.575, 0],
							"lerp_mode": "catmullrom"
						},
						"1.3333": {
							"post": [0, 0, 0],
							"lerp_mode": "catmullrom"
						},
						"1.5": [0, 0, 0]
					}
				},
				"ear_left3": {
					"rotation": {
						"0.0": [0, 0, 0],
						"0.0833": [0, 6.075, 0],
						"0.625": {
							"pre": [0, -3.61952, -0.15708],
							"post": [0, -3.61952, -0.15708],
							"lerp_mode": "catmullrom"
						},
						"1.0417": {
							"post": [0, 0.575, 0],
							"lerp_mode": "catmullrom"
						},
						"1.375": {
							"post": [0, 0, 0],
							"lerp_mode": "catmullrom"
						},
						"1.5": [0, 0, 0]
					}
				},
				"ear_right": {
					"rotation": {
						"0.0": [0, 0, 0],
						"0.0833": [0, -6.075, 0],
						"0.5417": {
							"pre": [0, 3.61952, 0.15708],
							"post": [0, 3.61952, 0.15708],
							"lerp_mode": "catmullrom"
						},
						"0.9583": {
							"post": [0, -0.575, 0],
							"lerp_mode": "catmullrom"
						},
						"1.2917": {
							"post": [0, 0, 0],
							"lerp_mode": "catmullrom"
						},
						"1.5": [0, 0, 0]
					}
				},
				"ear_right2": {
					"rotation": {
						"0.0": [0, 0, 0],
						"0.0833": [0, -6.075, 0],
						"0.5833": {
							"pre": [0, 3.61952, 0.15708],
							"post": [0, 3.61952, 0.15708],
							"lerp_mode": "catmullrom"
						},
						"1.0": {
							"post": [0, -0.575, 0],
							"lerp_mode": "catmullrom"
						},
						"1.3333": {
							"post": [0, 0, 0],
							"lerp_mode": "catmullrom"
						},
						"1.5": [0, 0, 0]
					}
				},
				"ear_right3": {
					"rotation": {
						"0.0": [0, 0, 0],
						"0.0833": [0, -6.075, 0],
						"0.625": {
							"pre": [0, 3.61952, 0.15708],
							"post": [0, 3.61952, 0.15708],
							"lerp_mode": "catmullrom"
						},
						"1.0417": {
							"post": [0, -0.575, 0],
							"lerp_mode": "catmullrom"
						},
						"1.375": {
							"post": [0, 0, 0],
							"lerp_mode": "catmullrom"
						},
						"1.5": [0, 0, 0]
					}
				},
				"rose1_end_left": {
					"rotation": {
						"0.0": [0, 0, 0],
						"0.125": {
							"pre": [-15.5, 0, 0],
							"post": [-15.5, 0, 0],
							"lerp_mode": "catmullrom"
						},
						"0.5417": {
							"post": [8.75, 0, 0],
							"lerp_mode": "catmullrom"
						},
						"0.8333": {
							"post": [-6.8, 0, 0],
							"lerp_mode": "catmullrom"
						},
						"1.125": {
							"post": [0.5, 0, 0],
							"lerp_mode": "catmullrom"
						},
						"1.5": [0, 0, 0]
					}
				},
				"rose1_end_left2": {
					"rotation": {
						"0.0": [0, 0, 0],
						"0.1667": {
							"pre": [-15.5, 0, 0],
							"post": [-15.5, 0, 0],
							"lerp_mode": "catmullrom"
						},
						"0.5833": {
							"post": [8.75, 0, 0],
							"lerp_mode": "catmullrom"
						},
						"0.875": {
							"post": [-6.8, 0, 0],
							"lerp_mode": "catmullrom"
						},
						"1.1667": {
							"post": [0.5, 0, 0],
							"lerp_mode": "catmullrom"
						},
						"1.5": [0, 0, 0]
					}
				},
				"rose1_end_left3": {
					"rotation": {
						"0.0": [0, 0, 0],
						"0.2083": {
							"pre": [-15.5, 0, 0],
							"post": [-15.5, 0, 0],
							"lerp_mode": "catmullrom"
						},
						"0.625": {
							"post": [8.75, 0, 0],
							"lerp_mode": "catmullrom"
						},
						"0.9167": {
							"post": [-6.8, 0, 0],
							"lerp_mode": "catmullrom"
						},
						"1.2083": {
							"post": [0.5, 0, 0],
							"lerp_mode": "catmullrom"
						},
						"1.5": [0, 0, 0]
					}
				},
				"rose1_end_left4": {
					"rotation": {
						"0.0": [0, 0, 0],
						"0.25": {
							"pre": [-15.5, 0, 0],
							"post": [-15.5, 0, 0],
							"lerp_mode": "catmullrom"
						},
						"0.6667": {
							"post": [8.75, 0, 0],
							"lerp_mode": "catmullrom"
						},
						"0.9583": {
							"post": [-6.8, 0, 0],
							"lerp_mode": "catmullrom"
						},
						"1.25": {
							"post": [0.5, 0, 0],
							"lerp_mode": "catmullrom"
						},
						"1.5": [0, 0, 0]
					}
				},
				"rose1_end_left5": {
					"rotation": {
						"0.0": [0, 0, 0],
						"0.2917": {
							"pre": [-15.5, 0, 0],
							"post": [-15.5, 0, 0],
							"lerp_mode": "catmullrom"
						},
						"0.7083": {
							"post": [8.75, 0, 0],
							"lerp_mode": "catmullrom"
						},
						"1.0": {
							"post": [-6.8, 0, 0],
							"lerp_mode": "catmullrom"
						},
						"1.2917": {
							"post": [0.5, 0, 0],
							"lerp_mode": "catmullrom"
						},
						"1.5": [0, 0, 0]
					}
				},
				"rose1_end_right": {
					"rotation": {
						"0.0": [0, 0, 0],
						"0.125": {
							"pre": [-15.5, 0, 0],
							"post": [-15.5, 0, 0],
							"lerp_mode": "catmullrom"
						},
						"0.5417": {
							"post": [8.75, 0, 0],
							"lerp_mode": "catmullrom"
						},
						"0.8333": {
							"post": [-6.8, 0, 0],
							"lerp_mode": "catmullrom"
						},
						"1.125": {
							"post": [0.5, 0, 0],
							"lerp_mode": "catmullrom"
						},
						"1.5": [0, 0, 0]
					}
				},
				"rose1_end_right2": {
					"rotation": {
						"0.0": [0, 0, 0],
						"0.1667": {
							"pre": [-15.5, 0, 0],
							"post": [-15.5, 0, 0],
							"lerp_mode": "catmullrom"
						},
						"0.5833": {
							"post": [8.75, 0, 0],
							"lerp_mode": "catmullrom"
						},
						"0.875": {
							"post": [-6.8, 0, 0],
							"lerp_mode": "catmullrom"
						},
						"1.1667": {
							"post": [0.5, 0, 0],
							"lerp_mode": "catmullrom"
						},
						"1.5": [0, 0, 0]
					}
				},
				"rose1_end_right3": {
					"rotation": {
						"0.0": [0, 0, 0],
						"0.2083": {
							"pre": [-15.5, 0, 0],
							"post": [-15.5, 0, 0],
							"lerp_mode": "catmullrom"
						},
						"0.625": {
							"post": [8.75, 0, 0],
							"lerp_mode": "catmullrom"
						},
						"0.9167": {
							"post": [-6.8, 0, 0],
							"lerp_mode": "catmullrom"
						},
						"1.2083": {
							"post": [0.5, 0, 0],
							"lerp_mode": "catmullrom"
						},
						"1.5": [0, 0, 0]
					}
				},
				"rose1_end_right4": {
					"rotation": {
						"0.0": [0, 0, 0],
						"0.25": {
							"pre": [-15.5, 0, 0],
							"post": [-15.5, 0, 0],
							"lerp_mode": "catmullrom"
						},
						"0.6667": {
							"post": [8.75, 0, 0],
							"lerp_mode": "catmullrom"
						},
						"0.9583": {
							"post": [-6.8, 0, 0],
							"lerp_mode": "catmullrom"
						},
						"1.25": {
							"post": [0.5, 0, 0],
							"lerp_mode": "catmullrom"
						},
						"1.5": [0, 0, 0]
					}
				},
				"rose1_end_right5": {
					"rotation": {
						"0.0": [0, 0, 0],
						"0.2917": {
							"pre": [-15.5, 0, 0],
							"post": [-15.5, 0, 0],
							"lerp_mode": "catmullrom"
						},
						"0.7083": {
							"post": [8.75, 0, 0],
							"lerp_mode": "catmullrom"
						},
						"1.0": {
							"post": [-6.8, 0, 0],
							"lerp_mode": "catmullrom"
						},
						"1.2917": {
							"post": [0.5, 0, 0],
							"lerp_mode": "catmullrom"
						},
						"1.5": [0, 0, 0]
					}
				},
				"rose2_end_right3": {
					"rotation": {
						"0.0": [0, 0, 0],
						"0.25": {
							"pre": [-15.5, 8.3, 0],
							"post": [-15.5, 8.3, 0],
							"lerp_mode": "catmullrom"
						},
						"0.6667": {
							"post": [8.75, -8.1, 0],
							"lerp_mode": "catmullrom"
						},
						"0.9583": {
							"post": [-6.8, 4, 0],
							"lerp_mode": "catmullrom"
						},
						"1.25": {
							"post": [0.5, 0, 0],
							"lerp_mode": "catmullrom"
						},
						"1.5": [0, 0, 0]
					}
				},
				"rose2_end_right4": {
					"rotation": {
						"0.0": [0, 0, 0],
						"0.3333": {
							"pre": [-15.5, 8.3, 0],
							"post": [-15.5, 8.3, 0],
							"lerp_mode": "catmullrom"
						},
						"0.75": {
							"post": [8.75, -8.1, 0],
							"lerp_mode": "catmullrom"
						},
						"1.0417": {
							"post": [-6.8, 4, 0],
							"lerp_mode": "catmullrom"
						},
						"1.3333": {
							"post": [0.5, 0, 0],
							"lerp_mode": "catmullrom"
						},
						"1.5": [0, 0, 0]
					}
				},
				"tail": {
					"rotation": {
						"0.0": [0, 0, 0],
						"0.0833": [-2.2, 0, 0],
						"0.75": {
							"pre": [0.325, 0, 0],
							"post": [0.325, 0, 0],
							"lerp_mode": "catmullrom"
						},
						"1.125": {
							"post": [-0.25, 0, 0],
							"lerp_mode": "catmullrom"
						},
						"1.5": [0, 0, 0]
					}
				},
				"tail2": {
					"rotation": {
						"0.0": [0, 0, 0],
						"0.125": [-5.3, 0, 0],
						"0.7917": {
							"pre": [0.325, 0, 0],
							"post": [0.325, 0, 0],
							"lerp_mode": "catmullrom"
						},
						"1.1667": {
							"post": [-0.25, 0, 0],
							"lerp_mode": "catmullrom"
						},
						"1.5": [0, 0, 0]
					}
				},
				"tail3": {
					"rotation": {
						"0.0": [0, 0, 0],
						"0.1667": [-8.05, 0, 0],
						"0.8333": {
							"pre": [0.325, 0, 0],
							"post": [0.325, 0, 0],
							"lerp_mode": "catmullrom"
						},
						"1.2083": {
							"post": [-0.25, 0, 0],
							"lerp_mode": "catmullrom"
						},
						"1.5": [0, 0, 0]
					}
				},
				"tail4": {
					"rotation": {
						"0.0": [0, 0, 0],
						"0.2083": [-7.3, 0, 0],
						"0.875": {
							"pre": [0.325, 0, 0],
							"post": [0.325, 0, 0],
							"lerp_mode": "catmullrom"
						},
						"1.25": {
							"post": [-0.25, 0, 0],
							"lerp_mode": "catmullrom"
						},
						"1.5": [0, 0, 0]
					}
				},
				"tail5": {
					"rotation": {
						"0.0": [0, 0, 0],
						"0.25": [-9.55, 0, 0],
						"0.9167": {
							"pre": [0.325, 0, 0],
							"post": [0.325, 0, 0],
							"lerp_mode": "catmullrom"
						},
						"1.2917": {
							"post": [-0.25, 0, 0],
							"lerp_mode": "catmullrom"
						},
						"1.5": [0, 0, 0]
					}
				},
				"leaf_left_rotation": {
					"rotation": {
						"0.0": [0, 0, 0],
						"0.0417": [0, 0, 6],
						"0.5833": {
							"pre": [0, 0, -1.5],
							"post": [0, 0, -1.5],
							"lerp_mode": "catmullrom"
						},
						"1.0417": {
							"post": [0, 0, 0],
							"lerp_mode": "catmullrom"
						},
						"1.5": [0, 0, 0]
					}
				},
				"leaf_left2": {
					"rotation": {
						"0.0": [0, 0, 0],
						"0.0833": [0, 0, 6],
						"0.625": {
							"pre": [0, 0, -1.5],
							"post": [0, 0, -1.5],
							"lerp_mode": "catmullrom"
						},
						"1.0833": {
							"post": [0, 0, 0],
							"lerp_mode": "catmullrom"
						},
						"1.5": [0, 0, 0]
					}
				},
				"leaf_left3": {
					"rotation": {
						"0.0": [0, 0, 0],
						"0.0417": {
							"pre": [0, 0, -7.5],
							"post": [0, 0, -7.5],
							"lerp_mode": "catmullrom"
						},
						"0.125": {
							"post": [0, 0, 6],
							"lerp_mode": "catmullrom"
						},
						"0.8333": {
							"post": [0, 0, -4.75],
							"lerp_mode": "catmullrom"
						},
						"1.125": {
							"post": [0, 0, 0],
							"lerp_mode": "catmullrom"
						},
						"1.5": [0, 0, 0]
					}
				},
				"leaf_left4": {
					"rotation": {
						"0.0": [0, 0, 0],
						"0.0833": {
							"pre": [0, 0, -20.6],
							"post": [0, 0, -20.6],
							"lerp_mode": "catmullrom"
						},
						"0.1667": {
							"post": [0, 0, 6],
							"lerp_mode": "catmullrom"
						},
						"0.9583": {
							"post": [0, 0, -15],
							"lerp_mode": "catmullrom"
						},
						"1.25": {
							"post": [0, 0, 0],
							"lerp_mode": "catmullrom"
						},
						"1.5": [0, 0, 0]
					}
				},
				"leaf_right_rotation": {
					"rotation": {
						"0.0": [0, 0, 0],
						"0.0417": [0, 0, -6],
						"0.5833": {
							"pre": [0, 0, 1.5],
							"post": [0, 0, 1.5],
							"lerp_mode": "catmullrom"
						},
						"1.0417": {
							"post": [0, 0, 0],
							"lerp_mode": "catmullrom"
						},
						"1.5": [0, 0, 0]
					}
				},
				"leaf_right2": {
					"rotation": {
						"0.0": [0, 0, 0],
						"0.0833": [0, 0, -6],
						"0.625": {
							"pre": [0, 0, 1.5],
							"post": [0, 0, 1.5],
							"lerp_mode": "catmullrom"
						},
						"1.0833": {
							"post": [0, 0, 0],
							"lerp_mode": "catmullrom"
						},
						"1.5": [0, 0, 0]
					}
				},
				"leaf_right3": {
					"rotation": {
						"0.0": [0, 0, 0],
						"0.0417": {
							"pre": [0, 0, 7.5],
							"post": [0, 0, 7.5],
							"lerp_mode": "catmullrom"
						},
						"0.125": {
							"post": [0, 0, -6],
							"lerp_mode": "catmullrom"
						},
						"0.8333": {
							"post": [0, 0, 4.75],
							"lerp_mode": "catmullrom"
						},
						"1.125": {
							"post": [0, 0, 0],
							"lerp_mode": "catmullrom"
						},
						"1.5": [0, 0, 0]
					}
				},
				"leaf_right4": {
					"rotation": {
						"0.0": [0, 0, 0],
						"0.0833": {
							"pre": [0, 0, 20.6],
							"post": [0, 0, 20.6],
							"lerp_mode": "catmullrom"
						},
						"0.1667": {
							"post": [0, 0, -6],
							"lerp_mode": "catmullrom"
						},
						"0.9583": {
							"post": [0, 0, 15],
							"lerp_mode": "catmullrom"
						},
						"1.25": {
							"post": [0, 0, 0],
							"lerp_mode": "catmullrom"
						},
						"1.5": [0, 0, 0]
					}
				},
				"tail_end_left": {
					"rotation": {
						"0.0": [0, 0, 0],
						"0.3333": [-9.6, 0, 0],
						"1.0": {
							"pre": [0.325, 0, 0],
							"post": [0.325, 0, 0],
							"lerp_mode": "catmullrom"
						},
						"1.375": {
							"post": [-0.25, 0, 0],
							"lerp_mode": "catmullrom"
						},
						"1.5": [0, 0, 0]
					}
				},
				"tail_end_right": {
					"rotation": {
						"0.0": [0, 0, 0],
						"0.3333": [-9.6, 0, 0],
						"1.0": {
							"pre": [0.325, 0, 0],
							"post": [0.325, 0, 0],
							"lerp_mode": "catmullrom"
						},
						"1.375": {
							"post": [-0.25, 0, 0],
							"lerp_mode": "catmullrom"
						},
						"1.5": [0, 0, 0]
					}
				}
			}
		},
		"animation.florges.blink": {
			"animation_length": 0.1667,
			"bones": {
				"eyelid_half_left": {
					"position": {
						"0.0": [-0.1, 0, 0.1],
						"0.125": [-0.1, 0, 0.1],
						"0.1667": {"pre": [-0.1, 0, 0.1], "post": [0, 0, 0]}
					}
				},
				"eyelid_full_left": {
					"position": {
						"0.0": [0.1, 0, -0.1],
						"0.125": [0.1, 0, -0.1],
						"0.1667": {"pre": [0.1, 0, -0.1], "post": [0, 0, 0]}
					}
				},
				"eyelid_half_right": {
					"position": {
						"0.0": [0.1, 0, 0.1],
						"0.125": [0.1, 0, 0.1],
						"0.1667": {"pre": [0.1, 0, 0.1], "post": [0, 0, 0]}
					}
				},
				"eyelid_full_right": {
					"position": {
						"0.0": [-0.1, 0, -0.1],
						"0.125": [-0.1, 0, -0.1],
						"0.1667": {"pre": [-0.1, 0, -0.1], "post": [0, 0, 0]}
					}
				}
			}
		}
	}
}