{
	"format_version": "1.8.0",
	"animations": {
		"animation.wurmple.groundidle": {
			"loop": true
		},
		"animation.wurmple.groundwalk": {
			"loop": true
		},
		"animation.wurmple.faint": {
			"loop": "hold_on_last_frame",
			"animation_length": 2,
			"bones": {
				"head": {
					"rotation": {
						"0.0": {
							"post": [40, 0, 0],
							"lerp_mode": "catmullrom"
						},
						"1.4583": {
							"post": [-42.5, 0, 0],
							"lerp_mode": "catmullrom"
						},
						"2.0": [40, 0, 0]
					}
				},
				"rear": {
					"rotation": {
						"0.0": {
							"post": [-15, 0, 0],
							"lerp_mode": "catmullrom"
						},
						"1.4583": {
							"post": [37.5, 0, 0],
							"lerp_mode": "catmullrom"
						},
						"2.0": [-15, 0, 0]
					}
				},
				"body": {
					"rotation": {
						"0.25": {
							"pre": [0, 32.5, 0],
							"post": [0, 32.5, 0],
							"lerp_mode": "catmullrom"
						},
						"1.4167": {
							"post": [0, -30, 0],
							"lerp_mode": "catmullrom"
						},
						"2.0": [0, 0, 0]
					}
				}
			},
			"sound_effects": {
				"1.5": {
					"effect": "pokemon.wurmple.cry"
				}
			}
		},
		"animation.wurmple.ground_idle": {
			"loop": true,
			"animation_length": 9,
			"bones": {
				"head": {
					"rotation": {
						"0.0": {
							"post": [0, 0, 0],
							"lerp_mode": "catmullrom"
						},
						"0.4167": {
							"post": [0, 0, 1],
							"lerp_mode": "catmullrom"
						},
						"0.75": {
							"post": [0, 0, 6],
							"lerp_mode": "catmullrom"
						},
						"1.0833": {
							"post": [0, 0, 1],
							"lerp_mode": "catmullrom"
						},
						"1.375": {
							"post": [0, 0, -6.5],
							"lerp_mode": "catmullrom"
						},
						"1.7917": {
							"post": [0, 0, 1],
							"lerp_mode": "catmullrom"
						},
						"2.1667": {
							"post": [0, 0, 6],
							"lerp_mode": "catmullrom"
						},
						"2.625": {
							"post": [0, 0, 1],
							"lerp_mode": "catmullrom"
						},
						"3.0": {
							"post": [0, 0, 0],
							"lerp_mode": "catmullrom"
						},
						"3.4167": {
							"post": [0, 0, 1],
							"lerp_mode": "catmullrom"
						},
						"3.75": {
							"post": [0, 0, 6],
							"lerp_mode": "catmullrom"
						},
						"4.0833": {
							"post": [0, 0, 1],
							"lerp_mode": "catmullrom"
						},
						"4.375": {
							"post": [0, 0, -6.5],
							"lerp_mode": "catmullrom"
						},
						"4.7917": {
							"post": [0, 0, 1],
							"lerp_mode": "catmullrom"
						},
						"5.1667": {
							"post": [0, 0, 6],
							"lerp_mode": "catmullrom"
						},
						"5.625": {
							"post": [0, 0, 1],
							"lerp_mode": "catmullrom"
						},
						"6.0": {
							"post": [0, 0, 0],
							"lerp_mode": "catmullrom"
						},
						"6.4167": {
							"post": [0, 0, 1],
							"lerp_mode": "catmullrom"
						},
						"6.75": {
							"post": [0, 0, 6],
							"lerp_mode": "catmullrom"
						},
						"7.0833": {
							"post": [0, 0, 1],
							"lerp_mode": "catmullrom"
						},
						"7.375": {
							"post": [0, 0, -6.5],
							"lerp_mode": "catmullrom"
						},
						"7.7917": {
							"post": [0, 0, 1],
							"lerp_mode": "catmullrom"
						},
						"8.1667": {
							"post": [0, 0, 6],
							"lerp_mode": "catmullrom"
						},
						"8.625": {
							"post": [0, 0, 1],
							"lerp_mode": "catmullrom"
						},
						"9.0": {
							"post": [0, 0, 0],
							"lerp_mode": "catmullrom"
						}
					}
				},
				"mid_seg": {
					"rotation": {
						"0.0": {
							"post": [0, 0, 7.5],
							"lerp_mode": "catmullrom"
						},
						"0.5": {
							"post": [0, 0, 0],
							"lerp_mode": "catmullrom"
						},
						"0.9583": {
							"post": [0, 0, -10],
							"lerp_mode": "catmullrom"
						},
						"1.3333": {
							"post": [0, 0, 0],
							"lerp_mode": "catmullrom"
						},
						"1.6667": {
							"post": [0, 0, 7.5],
							"lerp_mode": "catmullrom"
						},
						"2.0417": {
							"post": [0, 0, 0],
							"lerp_mode": "catmullrom"
						},
						"2.5417": {
							"post": [0, 0, -10],
							"lerp_mode": "catmullrom"
						},
						"3.0": {
							"post": [0, 0, 7.5],
							"lerp_mode": "catmullrom"
						},
						"3.5": {
							"post": [0, 0, 0],
							"lerp_mode": "catmullrom"
						},
						"3.9583": {
							"post": [0, 0, -10],
							"lerp_mode": "catmullrom"
						},
						"4.3333": {
							"post": [0, 0, 0],
							"lerp_mode": "catmullrom"
						},
						"4.6667": {
							"post": [0, 0, 7.5],
							"lerp_mode": "catmullrom"
						},
						"5.0417": {
							"post": [0, 0, 0],
							"lerp_mode": "catmullrom"
						},
						"5.5417": {
							"post": [0, 0, -10],
							"lerp_mode": "catmullrom"
						},
						"6.0": {
							"post": [0, 0, 7.5],
							"lerp_mode": "catmullrom"
						},
						"6.5": {
							"post": [0, 0, 0],
							"lerp_mode": "catmullrom"
						},
						"6.9583": {
							"post": [0, 0, -10],
							"lerp_mode": "catmullrom"
						},
						"7.3333": {
							"post": [0, 0, 0],
							"lerp_mode": "catmullrom"
						},
						"7.6667": {
							"post": [0, 0, 7.5],
							"lerp_mode": "catmullrom"
						},
						"8.0417": {
							"post": [0, 0, 0],
							"lerp_mode": "catmullrom"
						},
						"8.5417": {
							"post": [0, 0, -10],
							"lerp_mode": "catmullrom"
						},
						"9.0": {
							"post": [0, 0, 7.5],
							"lerp_mode": "catmullrom"
						}
					}
				},
				"rear": {
					"rotation": {
						"0.0": {
							"post": [7.5, 0, 0],
							"lerp_mode": "catmullrom"
						},
						"0.625": {
							"post": [7.5, 0, 0],
							"lerp_mode": "catmullrom"
						},
						"1.2917": {
							"post": [0, 0, 0],
							"lerp_mode": "catmullrom"
						},
						"1.9583": {
							"post": [7.5, 0, 0],
							"lerp_mode": "catmullrom"
						},
						"2.5": {
							"post": [0, 0, 0],
							"lerp_mode": "catmullrom"
						},
						"3.0": {
							"post": [7.5, 0, 0],
							"lerp_mode": "catmullrom"
						},
						"3.625": {
							"post": [7.5, 0, 0],
							"lerp_mode": "catmullrom"
						},
						"4.2917": {
							"post": [0, 0, 0],
							"lerp_mode": "catmullrom"
						},
						"4.9583": {
							"post": [7.5, 0, 0],
							"lerp_mode": "catmullrom"
						},
						"5.5": {
							"post": [0, 0, 0],
							"lerp_mode": "catmullrom"
						},
						"6.0": {
							"post": [7.5, 0, 0],
							"lerp_mode": "catmullrom"
						},
						"6.625": {
							"post": [7.5, 0, 0],
							"lerp_mode": "catmullrom"
						},
						"7.2917": {
							"post": [0, 0, 0],
							"lerp_mode": "catmullrom"
						},
						"7.9583": {
							"post": [7.5, 0, 0],
							"lerp_mode": "catmullrom"
						},
						"8.5": {
							"post": [0, 0, 0],
							"lerp_mode": "catmullrom"
						},
						"9.0": {
							"post": [7.5, 0, 0],
							"lerp_mode": "catmullrom"
						}
					}
				}
			}
		},
		"animation.wurmple.ground_walk": {
			"loop": true,
			"animation_length": 2,
			"bones": {
				"head": {
					"rotation": {
						"0.0": [2.5, 0, 0],
						"0.25": [10, 0, 0],
						"0.75": [-15, 0, 0],
						"1.0": [-12.5, 0, 0],
						"1.25": [0, 0, 0],
						"2.0": [2.5, 0, 0]
					}
				},
				"mid_seg": {
					"position": {
						"0.0": {
							"post": [0, 0, -1],
							"lerp_mode": "catmullrom"
						},
						"0.4167": {
							"post": [0, 0, 0],
							"lerp_mode": "catmullrom"
						},
						"0.9583": {
							"post": [0, 0, -1],
							"lerp_mode": "catmullrom"
						},
						"1.4583": {
							"post": [0, 0, 0],
							"lerp_mode": "catmullrom"
						},
						"2.0": {
							"post": [0, 0, -1],
							"lerp_mode": "catmullrom"
						}
					}
				},
				"rear": {
					"position": {
						"0.0": {
							"post": [0, 0, -1],
							"lerp_mode": "catmullrom"
						},
						"0.375": {
							"post": [0, 0, -1],
							"lerp_mode": "catmullrom"
						},
						"0.8333": {
							"post": [0, 0, -1],
							"lerp_mode": "catmullrom"
						},
						"1.4167": {
							"post": [0, 0, -1],
							"lerp_mode": "catmullrom"
						},
						"2.0": {
							"post": [0, 0, -1],
							"lerp_mode": "catmullrom"
						}
					}
				},
				"body": {
					"position": {
						"0.25": {
							"pre": [0, 0, -1],
							"post": [0, 0, -1],
							"lerp_mode": "catmullrom"
						},
						"1.0833": {
							"post": [0, 0, -2],
							"lerp_mode": "catmullrom"
						},
						"2.0": {
							"post": [0, 0, -1],
							"lerp_mode": "catmullrom"
						}
					}
				}
			}
		}
	}
}