{
	"format_version": "1.8.0",
	"animations": {
		"animation.venusaur.ground_idle": {
			"loop": true,
			"bones": {
				"jaw": {
					"rotation": ["2.5-math.cos(q.anim_time*90*1-120)*1", 0, 0]
				},
				"body": {
					"position": [0, "-1.25-math.sin(q.anim_time*90*1)*0.2", -2]
				},
				"torso": {
					"rotation": [-7.5, "0+math.cos(q.anim_time*90*1/2-60)*1/2", "0-math.cos(q.anim_time*90*1/2)*1/2"],
					"position": [0, 0.25, 0]
				},
				"neck_flap": {
					"rotation": ["22.5-math.cos(q.anim_time*90*1-60)*1", 0, 0]
				},
				"leg_front_left": {
					"rotation": ["3.6747+math.sin(q.anim_time*90*1-45)*2", 5.90763, -6.21957],
					"position": ["0+math.sin(q.anim_time*90*1-45)*0.05", -1.35, "-1-math.sin(q.anim_time*90*1-55)*0.2"]
				},
				"leg_front_left2": {
					"rotation": ["-22.5+math.sin(q.anim_time*90*1-45)*-5/2", 0, 0]
				},
				"foot_front_left": {
					"rotation": [17.5, 0, 6],
					"position": [-0.01087, 1.15564, 0.03126]
				},
				"torso2": {
					"rotation": ["7.5-math.cos(q.anim_time*90*1-30)*1/2", 0, 0]
				},
				"leg_front_right": {
					"rotation": ["3.6747+math.sin(q.anim_time*90*1-45)*2", -5.90763, 6.21957],
					"position": ["0-math.sin(q.anim_time*90*1-45)*0.05", -1.45, "-1-math.sin(q.anim_time*90*1-55)*0.2"]
				},
				"leg_front_right2": {
					"rotation": ["-22.5+math.sin(q.anim_time*90*1-45)*-5/2", 0, 0]
				},
				"foot_front_right": {
					"rotation": [17.5, 0, -6],
					"position": [0.01087, 1.15564, 0.03126]
				},
				"leg_left": {
					"rotation": ["7.5-math.sin(q.anim_time*90*1)*1", -45, 0],
					"position": ["0-math.sin(q.anim_time*90*1)*0.1", "0+math.sin(q.anim_time*90*1)*0.01", "0+math.sin(q.anim_time*90*1)*0.1"]
				},
				"knee_left": {
					"rotation": ["14.25-math.sin(q.anim_time*90*1)*-1", 0, 0]
				},
				"foot_back_left": {
					"rotation": ["-21+math.sin(q.anim_time*90*1)*-0.25", 0, 0],
					"position": [0, 0.3, 0]
				},
				"leg_right": {
					"rotation": ["7.5-math.sin(q.anim_time*90*1)*1", 45, 0],
					"position": ["0+math.sin(q.anim_time*90*1)*0.1", "0+math.sin(q.anim_time*90*1)*0.01", "0+math.sin(q.anim_time*90*1)*0.075"]
				},
				"knee_right": {
					"rotation": ["14.25-math.sin(q.anim_time*90*1)*-1", 0, 0]
				},
				"foot_back_right": {
					"rotation": ["-21+math.sin(q.anim_time*90*1)*-0.25", 0, 0],
					"position": [0, 0.3, 0]
				},
				"head": {
					"rotation": ["7.5+math.cos(q.anim_time*90*1-60)*3/2", "0-math.cos(q.anim_time*90*1/2-120)*1", 0],
					"position": [0, -0.30071, -0.95372]
				},
				"vines": {
					"scale": [0.3, 1, 0.9]
				},
				"vine_right": {
					"rotation": [0, 202.5, 0]
				},
				"vine_right2": {
					"rotation": [0, -77.5, 0]
				},
				"vine_right3": {
					"rotation": [0, -135, 0]
				},
				"vine_right4": {
					"rotation": [0, 152.5, 0]
				},
				"vine_right5": {
					"rotation": [0, -160, 0]
				},
				"vine_right6": {
					"rotation": [0, 122.5, 0]
				},
				"vine_right7": {
					"rotation": [0, -162.5, 0]
				},
				"vine_right8": {
					"rotation": [0, 142.5, 0]
				},
				"vine_right9": {
					"rotation": [0, -97.5, 0]
				},
				"vine_right10": {
					"rotation": [0, -100, 0]
				},
				"vine_right11": {
					"rotation": [0, -67.5, 0]
				},
				"vine_right12": {
					"rotation": [0, -107.5, 0]
				},
				"vine_right_end": {
					"rotation": [0, -80, 0]
				},
				"leaf_front": {
					"rotation": ["5-math.cos(q.anim_time*90*1-60)*1", "0+math.cos(q.anim_time*90*1/2-90)*1", "0+math.cos(q.anim_time*90*1/2-60)*1"]
				},
				"leaf_front2": {
					"rotation": ["20-math.cos(q.anim_time*90*1-120)*1", 0, 0]
				},
				"leaf_front3": {
					"rotation": ["7.5-math.cos(q.anim_time*90*1-180)*4", 0, 0]
				},
				"leaf_front4": {
					"rotation": ["7.5-math.cos(q.anim_time*90*1-240)*3", 0, 0]
				},
				"leaf_back": {
					"rotation": ["10+math.cos(q.anim_time*90*1-60)*1", "0+math.cos(q.anim_time*90*1/2-180)*3", 0]
				},
				"leaf_back2": {
					"rotation": ["-15+math.cos(q.anim_time*90*1-120)*1", 0, 0]
				},
				"leaf_back3": {
					"rotation": ["-15+math.cos(q.anim_time*90*1-180)*4", 0, 0]
				},
				"leaf_back4": {
					"rotation": ["-32.5+math.cos(q.anim_time*90*1-240)*3", 0, 0]
				},
				"leaf_right": {
					"rotation": [5.9771, "6.8211+math.cos(q.anim_time*90*1/2-150)*2", "8.1218+math.cos(q.anim_time*90*1-60)*1"]
				},
				"leaf_right2": {
					"rotation": [0, 0, "-12.5+math.cos(q.anim_time*90*1-120)*1"]
				},
				"leaf_right3": {
					"rotation": [0, 0, "-15+math.cos(q.anim_time*90*1-180)*4"]
				},
				"leaf_right4": {
					"rotation": [0, 0, "-27.5+math.cos(q.anim_time*90*1-240)*3"]
				},
				"leaf_left": {
					"rotation": [5.9771, "-6.8211+math.cos(q.anim_time*90*1/2-150)*2", "-8.1218-math.cos(q.anim_time*90*1-60)*1"]
				},
				"leaf_left2": {
					"rotation": [0, 0, "12.5-math.cos(q.anim_time*90*1-120)*1"]
				},
				"leaf_left3": {
					"rotation": [0, 0, "15-math.cos(q.anim_time*90*1-180)*4"]
				},
				"tree": {
					"rotation": ["2.5-math.cos(q.anim_time*90*1-60)*1", 0, "0-math.cos(q.anim_time*90*1/2-60)*1"]
				},
				"tree2": {
					"rotation": ["2.5+math.cos(q.anim_time*90*1-120)*1/2", 0, "0-math.cos(q.anim_time*90*1/2-120)*1/2"]
				},
				"tree3": {
					"rotation": ["2.5-math.cos(q.anim_time*90*1-170)*1", 0, "0-math.cos(q.anim_time*90*1/2-170)*1"]
				},
				"flower_top": {
					"position": [0, 0.25, 0]
				},
				"petal_left_front": {
					"rotation": ["-2.5+math.cos(q.anim_time*90*1-180)*3/2", 0, 0]
				},
				"petal_left_front2": {
					"rotation": ["12.5+math.cos(q.anim_time*90*1-240)*2", 0, 0]
				},
				"petal_left_front3": {
					"rotation": ["35+math.cos(q.anim_time*90*1-300)*3", 0, 0]
				},
				"petal_left_front4": {
					"rotation": ["22.5+math.cos(q.anim_time*90*1)*9", 0, 0]
				},
				"petal_left_mid": {
					"rotation": ["-2.5+math.cos(q.anim_time*90*1-200)*3/2", 0, 0]
				},
				"petal_left_mid2": {
					"rotation": ["12.5+math.cos(q.anim_time*90*1-260)*2", 0, 0]
				},
				"petal_left_mid3": {
					"rotation": ["35+math.cos(q.anim_time*90*1-320)*3", 0, 0]
				},
				"petal_left_back": {
					"rotation": ["2.5-math.cos(q.anim_time*90*1-220)*3/2", 0, 0]
				},
				"petal_left_back2": {
					"rotation": ["-12.5-math.cos(q.anim_time*90*1-280)*2", 0, 0]
				},
				"petal_left_back3": {
					"rotation": ["-35-math.cos(q.anim_time*90*1-380)*4", 0, 0]
				},
				"petal_left_back4": {
					"rotation": ["-22.5-math.cos(q.anim_time*90*1-60)*9", 0, 0]
				},
				"petal_right_front": {
					"rotation": ["-2.5+math.cos(q.anim_time*90*1-180)*3/2", 0, 0]
				},
				"petal_right_front2": {
					"rotation": ["12.5+math.cos(q.anim_time*90*1-240)*2", 0, 0]
				},
				"petal_right_front3": {
					"rotation": ["35+math.cos(q.anim_time*90*1-300)*3", 0, 0]
				},
				"petal_right_front4": {
					"rotation": ["22.5+math.cos(q.anim_time*90*1)*9", 0, 0]
				},
				"petal_right_mid": {
					"rotation": ["-2.5+math.cos(q.anim_time*90*1-200)*3/2", 0, 0]
				},
				"petal_right_mid2": {
					"rotation": ["12.5+math.cos(q.anim_time*90*1-260)*2", 0, 0]
				},
				"petal_right_mid3": {
					"rotation": ["35+math.cos(q.anim_time*90*1-320)*3", 0, 0]
				},
				"petal_right_mid4": {
					"rotation": ["20+math.cos(q.anim_time*90*1-20)*9", 0, 0]
				},
				"petal_right_back": {
					"rotation": ["2.5-math.cos(q.anim_time*90*1-220)*3/2", 0, 0]
				},
				"petal_right_back2": {
					"rotation": ["-12.5-math.cos(q.anim_time*90*1-280)*2", 0, 0]
				},
				"petal_right_back3": {
					"rotation": ["-35-math.cos(q.anim_time*90*1-380)*4", 0, 0]
				},
				"petal_right_back4": {
					"rotation": ["-22.5-math.cos(q.anim_time*90*1-60)*9", 0, 0]
				},
				"waist": {
					"rotation": ["0-math.cos(q.anim_time*90*1)*1/2", 0, 0]
				},
				"ear_left": {
					"rotation": ["0-math.cos(q.anim_time*90*1-140)*5", 0, "0-math.cos(q.anim_time*90*1-60)*1"]
				},
				"ear_right": {
					"rotation": ["0-math.cos(q.anim_time*90*1-140)*5", 0, "0+math.cos(q.anim_time*90*1-60)*1"]
				},
				"tree_crown": {
					"rotation": [0, 0, 0]
				},
				"petal_left_mid4": {
					"rotation": ["20+math.cos(q.anim_time*90*1-20)*9", 0, 0]
				},
				"petals": {
					"rotation": ["0+math.cos(q.anim_time*90*1-60)*1", "0-math.cos(q.anim_time*90*1/2-170)*1", "0-math.cos(q.anim_time*90*1/2-200)*1/2"],
					"position": [0, -0.075, 0]
				},
				"leaf_front5": {
					"rotation": ["0-math.cos(q.anim_time*90*1-300)*8", 0, 0]
				},
				"leaf_left4": {
					"rotation": [0, 0, "27.5-math.cos(q.anim_time*90*1-240)*3"]
				},
				"vine_left": {
					"rotation": [0, -202.5, 0]
				},
				"vine_left2": {
					"rotation": [0, 77.5, 0]
				},
				"vine_left3": {
					"rotation": [0, 135, 0]
				},
				"vine_left4": {
					"rotation": [0, -152.5, 0]
				},
				"vine_left5": {
					"rotation": [0, 160, 0]
				},
				"vine_left6": {
					"rotation": [0, -122.5, 0]
				},
				"vine_left7": {
					"rotation": [0, 162.5, 0]
				},
				"vine_left8": {
					"rotation": [0, -142.5, 0]
				},
				"vine_left9": {
					"rotation": [0, 97.5, 0]
				},
				"vine_left10": {
					"rotation": [0, 100, 0]
				},
				"vine_left11": {
					"rotation": [0, 67.5, 0]
				},
				"vine_left12": {
					"rotation": [0, 107.5, 0]
				},
				"vine_left_end": {
					"rotation": [0, 80, 0]
				},
				"front_legs": {
					"position": [0, -0.00436, -0.49998]
				}
			}
		},
		"animation.venusaur.battle_idle": {
			"loop": true,
			"bones": {
				"body": {
					"position": [0, "-1.25-math.sin(q.anim_time*90*1)*0.2", -2]
				},
				"torso": {
					"rotation": [-5.99999, "0.0213+math.cos(q.anim_time*90*1/2-60)*1", "0.0223-math.cos(q.anim_time*90*1/2)*1/2"],
					"position": [0, 0.25, 0]
				},
				"neck_flap": {
					"rotation": ["17.5-math.cos(q.anim_time*90*1-60)*1", 0, 0]
				},
				"leg_front_left": {
					"rotation": ["6.1916+math.sin(q.anim_time*90*1-45)*2", -16.45329, -6.6543],
					"position": ["0.0842+math.sin(q.anim_time*90*1-45)*0.05", -1.78, "-0.9724-math.sin(q.anim_time*90*1-55)*0.2"]
				},
				"leg_front_left2": {
					"rotation": ["-25+math.sin(q.anim_time*90*1-45)*-5/2", 0, 0]
				},
				"foot_front_left": {
					"rotation": [19.5, 0, 6],
					"position": [0.01629, 1.37933, -0.07702]
				},
				"torso2": {
					"rotation": ["12.5-math.cos(q.anim_time*90*1-30)*1/2", 0, 0]
				},
				"leg_front_right": {
					"rotation": ["6.1916+math.sin(q.anim_time*90*1-45)*2", 16.45329, 6.6543],
					"position": ["-0.0842-math.sin(q.anim_time*90*1-45)*0.05", -1.78, "-0.9724-math.sin(q.anim_time*90*1-55)*0.2"]
				},
				"leg_front_right2": {
					"rotation": ["-25+math.sin(q.anim_time*90*1-45)*-5/2", 0, 0]
				},
				"foot_front_right": {
					"rotation": [19.5, 0, -6],
					"position": [-0.01629, 1.37933, -0.07702]
				},
				"leg_left": {
					"rotation": ["14.6911-math.sin(q.anim_time*90*1)*1", -43.55182, -10.28573],
					"position": ["0-math.sin(q.anim_time*90*1)*0.1", "0+math.sin(q.anim_time*90*1)*0.01", "0+math.sin(q.anim_time*90*1)*0.075"]
				},
				"knee_left": {
					"rotation": ["14.25-math.sin(q.anim_time*90*1)*-1", 0, 0]
				},
				"foot_back_left": {
					"rotation": ["-20.8359+math.sin(q.anim_time*90*1)*-0.25", 2.68107, 7.00698],
					"position": [0.23492, 0.17748, -0.04854]
				},
				"leg_right": {
					"rotation": ["14.6911-math.sin(q.anim_time*90*1)*1", 43.55182, 10.28573],
					"position": ["0+math.sin(q.anim_time*90*1)*0.1", "0+math.sin(q.anim_time*90*1)*0.01", "0+math.sin(q.anim_time*90*1)*0.075"]
				},
				"knee_right": {
					"rotation": ["14.25-math.sin(q.anim_time*90*1)*-1", 0, 0]
				},
				"foot_back_right": {
					"rotation": ["-20.8359+math.sin(q.anim_time*90*1)*-0.25", -2.68107, -7.00698],
					"position": [-0.23492, 0.17748, -0.04854]
				},
				"head": {
					"rotation": ["2.5001+math.cos(q.anim_time*90*1-60)*3/2", "-0.0244-math.cos(q.anim_time*90*1/2-120)*1", -0.0413],
					"position": [0, -0.30071, -0.95372]
				},
				"vine_right": {
					"rotation": [1.38178, "42.6623-math.cos(q.anim_time*90*1)*3", "20.0351-math.cos(q.anim_time*90*1-60)*2"]
				},
				"vine_right2": {
					"rotation": [6.07409, "-26.9681-math.cos(q.anim_time*90*1-60)*8", "-11.6842-math.cos(q.anim_time*90*1-120)*3"]
				},
				"vine_right3": {
					"rotation": [3.56464, "47.4222-math.cos(q.anim_time*90*1-120)*15", "4.353-math.cos(q.anim_time*90*1-180)*3"]
				},
				"vine_right4": {
					"rotation": [-16.64586, "26.6664-math.cos(q.anim_time*90*1-180)*15", "-27.7285-math.cos(q.anim_time*90*1-240)*8"]
				},
				"vine_right5": {
					"rotation": [15.86118, "-38.5985-math.cos(q.anim_time*90*1-240)*15", "-18.4398-math.cos(q.anim_time*90*1-300)*8"]
				},
				"vine_right6": {
					"rotation": [-2.53112, "-2.7057-math.cos(q.anim_time*90*1-300)*5", "-3.241-math.cos(q.anim_time*90*1-360)*8"]
				},
				"vine_right7": {
					"rotation": [15.42568, "-29.012-math.cos(q.anim_time*90*1-360)*25", "-21.4812+math.cos(q.anim_time*90*1)*5"]
				},
				"vine_right8": {
					"rotation": [2.04276, "-37.4432+math.cos(q.anim_time*90*1)*20", "-4.4494+math.cos(q.anim_time*90*1-60)*5"]
				},
				"vine_right9": {
					"rotation": [3.45309, "-16.177+math.cos(q.anim_time*90*1-60)*12", "7.5966+math.cos(q.anim_time*90*1-120)*25"]
				},
				"vine_right10": {
					"rotation": [16.50377, "-14.2705+math.cos(q.anim_time*90*1-120)*8", "-7.1079+math.cos(q.anim_time*90*1-180)*5"]
				},
				"vine_right11": {
					"rotation": [11.85343, "-1.0107+math.cos(q.anim_time*90*1-180)*35", "9.0186+math.cos(q.anim_time*90*1-240)*25"]
				},
				"vine_right12": {
					"rotation": [11.93893, "-23.824+math.cos(q.anim_time*90*1-240)*45", "-8.4389+math.cos(q.anim_time*90*1-300)*10"]
				},
				"vine_right_end": {
					"rotation": [-3.48303, "12.2717+math.cos(q.anim_time*90*1-300)*25", "-8.2651+math.cos(q.anim_time*90*1-360)*15"]
				},
				"leaf_front": {
					"rotation": ["5-math.cos(q.anim_time*90*1-60)*1", "0+math.cos(q.anim_time*90*1/2-90)*1", "0+math.cos(q.anim_time*90*1/2-60)*1"]
				},
				"leaf_front2": {
					"rotation": ["17.5-math.cos(q.anim_time*90*1-120)*1", 0, 0]
				},
				"leaf_front3": {
					"rotation": ["7.5-math.cos(q.anim_time*90*1-180)*4", 0, 0]
				},
				"leaf_front4": {
					"rotation": ["7.5-math.cos(q.anim_time*90*1-240)*3", 0, 0]
				},
				"leaf_back": {
					"rotation": ["10+math.cos(q.anim_time*90*1-60)*1", "0+math.cos(q.anim_time*90*1/2-180)*3", 0]
				},
				"leaf_back2": {
					"rotation": ["-15+math.cos(q.anim_time*90*1-120)*1", 0, 0]
				},
				"leaf_back3": {
					"rotation": ["-15+math.cos(q.anim_time*90*1-180)*4", 0, 0]
				},
				"leaf_back4": {
					"rotation": ["-32.5+math.cos(q.anim_time*90*1-240)*3", 0, 0]
				},
				"leaf_right": {
					"rotation": [5.9771, "6.8211+math.cos(q.anim_time*90*1/2-150)*2", "8.1218+math.cos(q.anim_time*90*1-60)*1"]
				},
				"leaf_right2": {
					"rotation": [0, 0, "-12.5+math.cos(q.anim_time*90*1-120)*1"]
				},
				"leaf_right3": {
					"rotation": [0, 0, "-15+math.cos(q.anim_time*90*1-180)*4"]
				},
				"leaf_right4": {
					"rotation": [0, 0, "-27.5+math.cos(q.anim_time*90*1-240)*3"]
				},
				"leaf_left": {
					"rotation": [5.9771, "-6.8211+math.cos(q.anim_time*90*1/2-150)*2", "-8.1218-math.cos(q.anim_time*90*1-60)*1"]
				},
				"leaf_left2": {
					"rotation": [0, 0, "12.5-math.cos(q.anim_time*90*1-120)*1"]
				},
				"leaf_left3": {
					"rotation": [0, 0, "15-math.cos(q.anim_time*90*1-180)*4"]
				},
				"tree": {
					"rotation": ["2.5-math.cos(q.anim_time*90*1-60)*1", 0, "0-math.cos(q.anim_time*90*1/2-60)*1"]
				},
				"tree2": {
					"rotation": ["2.5+math.cos(q.anim_time*90*1-120)*1/2", 0, "0-math.cos(q.anim_time*90*1/2-120)*1/2"]
				},
				"tree3": {
					"rotation": ["2.5-math.cos(q.anim_time*90*1-170)*1", 0, "0-math.cos(q.anim_time*90*1/2-170)*1"]
				},
				"flower_top": {
					"position": [0, 0.25, 0]
				},
				"petal_left_front": {
					"rotation": ["-2.5+math.cos(q.anim_time*90*1-180)*3/2", 0, 0]
				},
				"petal_left_front2": {
					"rotation": ["12.5+math.cos(q.anim_time*90*1-240)*2", 0, 0]
				},
				"petal_left_front3": {
					"rotation": ["35+math.cos(q.anim_time*90*1-300)*3", 0, 0]
				},
				"petal_left_front4": {
					"rotation": ["22.5+math.cos(q.anim_time*90*1)*9", 0, 0]
				},
				"petal_left_mid": {
					"rotation": ["-2.5+math.cos(q.anim_time*90*1-200)*3/2", 0, 0]
				},
				"petal_left_mid2": {
					"rotation": ["12.5+math.cos(q.anim_time*90*1-260)*2", 0, 0]
				},
				"petal_left_mid3": {
					"rotation": ["35+math.cos(q.anim_time*90*1-320)*3", 0, 0]
				},
				"petal_left_back": {
					"rotation": ["2.5-math.cos(q.anim_time*90*1-220)*3/2", 0, 0]
				},
				"petal_left_back2": {
					"rotation": ["-12.5-math.cos(q.anim_time*90*1-280)*2", 0, 0]
				},
				"petal_left_back3": {
					"rotation": ["-35-math.cos(q.anim_time*90*1-380)*4", 0, 0]
				},
				"petal_left_back4": {
					"rotation": ["-22.5-math.cos(q.anim_time*90*1-60)*9", 0, 0]
				},
				"petal_right_front": {
					"rotation": ["-2.5+math.cos(q.anim_time*90*1-180)*3/2", 0, 0]
				},
				"petal_right_front2": {
					"rotation": ["12.5+math.cos(q.anim_time*90*1-240)*2", 0, 0]
				},
				"petal_right_front3": {
					"rotation": ["35+math.cos(q.anim_time*90*1-300)*3", 0, 0]
				},
				"petal_right_front4": {
					"rotation": ["22.5+math.cos(q.anim_time*90*1)*9", 0, 0]
				},
				"petal_right_mid": {
					"rotation": ["-2.5+math.cos(q.anim_time*90*1-200)*3/2", 0, 0]
				},
				"petal_right_mid2": {
					"rotation": ["12.5+math.cos(q.anim_time*90*1-260)*2", 0, 0]
				},
				"petal_right_mid3": {
					"rotation": ["35+math.cos(q.anim_time*90*1-320)*3", 0, 0]
				},
				"petal_right_mid4": {
					"rotation": ["20+math.cos(q.anim_time*90*1-20)*9", 0, 0]
				},
				"petal_right_back": {
					"rotation": ["2.5-math.cos(q.anim_time*90*1-220)*3/2", 0, 0]
				},
				"petal_right_back2": {
					"rotation": ["-12.5-math.cos(q.anim_time*90*1-280)*2", 0, 0]
				},
				"petal_right_back3": {
					"rotation": ["-35-math.cos(q.anim_time*90*1-380)*4", 0, 0]
				},
				"petal_right_back4": {
					"rotation": ["-22.5-math.cos(q.anim_time*90*1-60)*9", 0, 0]
				},
				"waist": {
					"rotation": ["0-math.cos(q.anim_time*90*1)*1/2", 0, 0]
				},
				"ear_left": {
					"rotation": ["0-math.cos(q.anim_time*90*1-140)*5", 0, "0-math.cos(q.anim_time*90*1-60)*1"]
				},
				"ear_right": {
					"rotation": ["0-math.cos(q.anim_time*90*1-140)*5", 0, "0+math.cos(q.anim_time*90*1-60)*1"]
				},
				"tree_crown": {
					"rotation": [0, 0, 0]
				},
				"petal_left_mid4": {
					"rotation": ["20+math.cos(q.anim_time*90*1-20)*9", 0, 0]
				},
				"petals": {
					"rotation": ["0+math.cos(q.anim_time*90*1-60)*1", "0-math.cos(q.anim_time*90*1/2-170)*1", "0-math.cos(q.anim_time*90*1/2-200)*1/2"],
					"position": [0, -0.075, 0]
				},
				"leaf_front5": {
					"rotation": ["0-math.cos(q.anim_time*90*1-300)*8", 0, 0]
				},
				"leaf_left4": {
					"rotation": [0, 0, "27.5-math.cos(q.anim_time*90*1-240)*3"]
				},
				"eyebrow_left": {
					"rotation": [7.5, 0, 0],
					"position": [0.08596, -0.31002, -0.13784]
				},
				"eyebrow_right": {
					"rotation": [7.5, 0, 0],
					"position": [-0.08596, -0.31002, -0.13784]
				},
				"foliage": {
					"rotation": [5, 0, 0]
				},
				"vine_left": {
					"rotation": [1.38178, "-42.6623+math.cos(q.anim_time*90*1)*3", "-20.0351+math.cos(q.anim_time*90*1-60)*2"]
				},
				"vine_left2": {
					"rotation": [6.07409, "26.9681+math.cos(q.anim_time*90*1-60)*8", "11.6842+math.cos(q.anim_time*90*1-120)*3"]
				},
				"vine_left3": {
					"rotation": [3.56464, "-47.4222+math.cos(q.anim_time*90*1-120)*15", "-4.353+math.cos(q.anim_time*90*1-180)*3"]
				},
				"vine_left4": {
					"rotation": [-16.64586, "-26.6664+math.cos(q.anim_time*90*1-180)*15", "27.7285+math.cos(q.anim_time*90*1-240)*8"]
				},
				"vine_left5": {
					"rotation": [15.86118, "38.5985+math.cos(q.anim_time*90*1-240)*15", "18.4398+math.cos(q.anim_time*90*1-300)*8"]
				},
				"vine_left6": {
					"rotation": [-2.53112, "2.7057+math.cos(q.anim_time*90*1-300)*5", "3.241+math.cos(q.anim_time*90*1-360)*8"]
				},
				"vine_left7": {
					"rotation": [15.42568, "29.012+math.cos(q.anim_time*90*1-360)*25", "21.4812-math.cos(q.anim_time*90*1)*5"]
				},
				"vine_left8": {
					"rotation": [2.04276, "37.4432-math.cos(q.anim_time*90*1)*20", "4.4494-math.cos(q.anim_time*90*1-60)*5"]
				},
				"vine_left9": {
					"rotation": [3.45309, "16.177-math.cos(q.anim_time*90*1-60)*12", "-7.5966-math.cos(q.anim_time*90*1-120)*25"]
				},
				"vine_left10": {
					"rotation": [16.50377, "14.2705-math.cos(q.anim_time*90*1-120)*8", "7.1079-math.cos(q.anim_time*90*1-180)*5"]
				},
				"vine_left11": {
					"rotation": [11.85343, "1.0107-math.cos(q.anim_time*90*1-180)*35", "-9.0186-math.cos(q.anim_time*90*1-240)*25"]
				},
				"vine_left12": {
					"rotation": [11.93893, "23.824-math.cos(q.anim_time*90*1-240)*45", "8.4389-math.cos(q.anim_time*90*1-300)*10"]
				},
				"vine_left_end": {
					"rotation": [-3.48303, "-12.2717-math.cos(q.anim_time*90*1-300)*25", "8.2651-math.cos(q.anim_time*90*1-360)*15"]
				},
				"jaw": {
					"rotation": ["5-math.cos(q.anim_time*90*1-120)*2", 0, 0]
				}
			}
		},
		"animation.venusaur.ground_walk": {
			"loop": true,
			"animation_length": 2,
			"bones": {
				"jaw": {
					"rotation": ["2.5-math.cos(q.anim_time*90*2*2-120)*1", 0, 0]
				},
				"body": {
					"rotation": [0, "0+math.cos(q.anim_time*90*2-60)*1", 0],
					"position": [0, -0.75, "-2-math.sin(q.anim_time*90*2*2)*0.45"]
				},
				"torso": {
					"rotation": [-6.37, "0+math.cos(q.anim_time*90*2-60)*1", "0+math.cos(q.anim_time*90*2-30)*5/2"],
					"position": {
						"0.0": [0, "0.25-math.sin(q.anim_time*90*2*2)*0.4", 0],
						"0.3": [0, "0.25-math.sin(q.anim_time*90*2*2)*0.4", 0],
						"0.4": [0, "0.25-math.sin(q.anim_time*90*2*15)*0.1", 0],
						"1.0": [0, "0.25-math.sin(q.anim_time*90*2*2)*0.4", 0],
						"1.3": [0, "0.25-math.sin(q.anim_time*90*2*2)*0.4", 0],
						"1.4": [0, "0.25-math.sin(q.anim_time*90*2*15)*0.1", 0],
						"2.0": [0, "0.25-math.sin(q.anim_time*90*2*2)*0.4", 0]
					}
				},
				"neck_flap": {
					"rotation": ["20-math.cos(q.anim_time*90*2*2+90)*6", 0, 0]
				},
				"leg_front_left": {
					"rotation": {
						"0.0": [-6.05, "9+math.sin(q.anim_time*90*2+20)*5", 0],
						"0.2": [-14.95, "9+math.sin(q.anim_time*90*2+20)*5", 0],
						"0.4": ["-6-math.sin(q.anim_time*90*2+20)*12", "9+math.sin(q.anim_time*90*2+20)*5", 0],
						"1.0": ["1-math.sin(q.anim_time*90*2+20)*12", "9+math.sin(q.anim_time*90*2+20)*5", 0],
						"1.4": ["1.5-math.sin(q.anim_time*90*2+20)*12", "9+math.sin(q.anim_time*90*2+20)*5", 0],
						"1.9": ["1.5-math.sin(q.anim_time*90*2+20)*12", "9+math.sin(q.anim_time*90*2+20)*5", 0],
						"2.0": [-6.05, "9+math.sin(q.anim_time*90*2+20)*5", 0]
					},
					"position": {
						"0.0": [-0.5, 0.5, "0-math.sin(q.anim_time*90*2+20)*1"],
						"0.2": [-0.5, 1.19, "0-math.sin(q.anim_time*90*2+20)*1"],
						"0.4": [-0.5, "0.7496+math.clamp(math.cos(q.anim_time*90*2+20)*3/2,0,10)", "0-math.sin(q.anim_time*90*2+20)*1"],
						"1.0": [-0.5, "-1.2496+math.clamp(math.cos(q.anim_time*90*2+20)*3/2,0,10)", "0-math.sin(q.anim_time*90*2+20)*1"],
						"1.4": [-0.5, "-1.2496+math.clamp(math.cos(q.anim_time*90*2+20)*3/2,0,10)", "0-math.sin(q.anim_time*90*2+20)*1"],
						"1.9": [-0.5, "-1.2496+math.clamp(math.cos(q.anim_time*90*2+20)*3/2,0,10)", "0-math.sin(q.anim_time*90*2+20)*1"],
						"2.0": [-0.5, 0.5, "0-math.sin(q.anim_time*90*2+20)*1"]
					}
				},
				"leg_front_left2": {
					"rotation": {
						"0.0": [-11.16, 0, 0],
						"0.1": [-14.83, 0, 0],
						"0.2": [-18, 0, 0],
						"0.3": [-16, 0, 0],
						"0.4": [-2, 0, 0],
						"0.5": [-5.58, 0, 0],
						"0.8": [-11.73, 0, 0],
						"0.9": [-12.11, 0, 0],
						"1.0": [-17.5, 0, 0],
						"1.2": [-18.75, 0, 0],
						"1.4": [-25, 0, 0],
						"1.6": [-19, 0, 0],
						"1.8": [-11.83, 0, 0],
						"1.9": [-8.5, 0, 0],
						"2.0": [-11.16, 0, 0]
					}
				},
				"foot_front_left": {
					"rotation": {
						"0.0": [23.95, 0.43, -0.92],
						"0.1": [17.98, 0.49, -1.04],
						"0.2": [14.75, 0.54, -1.16],
						"0.4": [17.79035, 0.44336, -0.64054],
						"0.5": [19.79414, 0.10584, 0.30349],
						"0.6": [18.5073, 0.28263, -0.32167],
						"0.7": [18.38, 0.21, -0.24],
						"0.8": [16.75, 0.14, -0.16],
						"0.9": [12.875, 0.07, -0.08],
						"1.0": [14, 0, 0],
						"1.1": [11, 0, 0],
						"1.2": [8, 0, 0],
						"1.3": [7.75, 0, 0],
						"1.4": [9.5, 0, 0],
						"1.6": [9.43, 0.15, -0.32],
						"1.9": [19.92718, 0.37453, -0.79712],
						"2.0": [23.95, 0.43, -0.92]
					},
					"position": {
						"0.0": [-0.03838, 1.07612, -0.16212],
						"0.2": [-0.04, 0.97158, -0.25788],
						"0.3": [-0.04, 0.83, -0.13],
						"0.4": [-0.04, 0.6849, -0.00152],
						"0.5": [-0.04, 1, -0.09],
						"0.6": [-0.04, 1.05483, -0.12174],
						"0.8": [-0.04, 0.7, -0.03],
						"1.0": [-0.03, 0.42, 0.06],
						"1.1": [-0.03, 0.32179, 0.08883],
						"1.2": [-0.03, 0.42, 0.07],
						"1.3": [-0.03, 0.5, 0.06],
						"1.4": [-0.03, 0.47, 0.06283],
						"1.5": [-0.03, 0.48, 0.06],
						"1.7": [-0.03, 0.51, 0.06],
						"1.9": [-0.04, 0.77754, 0.01505],
						"2.0": [-0.03838, 1.07612, -0.16212]
					}
				},
				"torso2": {
					"rotation": ["7.5-math.cos(q.anim_time*90*2*2-90)*2", "0-math.cos(q.anim_time*90*2+60)*2", "0-math.cos(q.anim_time*90*2-60)*3"]
				},
				"leg_front_right": {
					"rotation": {
						"0.0": ["1.5+math.sin(q.anim_time*90*2+20)*12", "-9+math.sin(q.anim_time*90*2+20)*5", 0],
						"0.4": ["1.5+math.sin(q.anim_time*90*2+20)*12", "-9+math.sin(q.anim_time*90*2+20)*5", 0],
						"0.9": ["1.5+math.sin(q.anim_time*90*2+20)*12", "-9+math.sin(q.anim_time*90*2+20)*5", 0],
						"1.2": [-12.95, "-9+math.sin(q.anim_time*90*2+20)*5", 0],
						"1.4": ["-6+math.sin(q.anim_time*90*2+20)*12", "-9+math.sin(q.anim_time*90*2+20)*5", 0],
						"2.0": ["1.5+math.sin(q.anim_time*90*2+20)*12", "-9+math.sin(q.anim_time*90*2+20)*5", 0]
					},
					"position": {
						"0.0": [0.5, "-1.2496+math.clamp(math.cos(q.anim_time*90*2-160)*3/2,0,10)", "0+math.sin(q.anim_time*90*2+20)*1"],
						"0.4": [0.5, "-1.2496+math.clamp(math.cos(q.anim_time*90*2-160)*3/2,0,10)", "0+math.sin(q.anim_time*90*2+20)*1"],
						"0.9": [0.5, "-1.2496+math.clamp(math.cos(q.anim_time*90*2-160)*3/2,0,10)", "0+math.sin(q.anim_time*90*2+20)*1"],
						"1.2": [0.5, 1.19, "0+math.sin(q.anim_time*90*2+20)*1"],
						"1.4": [0.5, "0.7496+math.clamp(math.cos(q.anim_time*90*2-160)*3/2,0,10)", "0+math.sin(q.anim_time*90*2+20)*1"],
						"2.0": [0.5, "-1.2496+math.clamp(math.cos(q.anim_time*90*2-160)*3/2,0,10)", "0+math.sin(q.anim_time*90*2+20)*1"]
					}
				},
				"leg_front_right2": {
					"rotation": {
						"0.0": [-17.5, 0, 0],
						"0.2": [-18.75, 0, 0],
						"0.4": [-25, 0, 0],
						"0.6": [-19, 0, 0],
						"0.8": [-11.83, 0, 0],
						"0.9": [-8.5, 0, 0],
						"1.0": [-11.16, 0, 0],
						"1.1": [-14.83, 0, 0],
						"1.3": [-16, 0, 0],
						"1.4": [-2, 0, 0],
						"1.5": [-5.58, 0, 0],
						"1.8": [-11.73, 0, 0],
						"1.9": [-12.11, 0, 0],
						"2.0": [-17.5, 0, 0]
					}
				},
				"foot_front_right": {
					"rotation": {
						"0.0": [14, 0, 0],
						"0.1": [11, 0, 0],
						"0.2": [8, 0, 0],
						"0.3": [7.75, 0, 0],
						"0.4": [9.5, 0, 0],
						"0.6": [9.43, -0.15, 0.32],
						"0.9": [19.92718, -0.37453, 0.79712],
						"1.0": [23.95, -0.43, 0.92],
						"1.1": [17.98, -0.49, 1.04],
						"1.2": [14.75, -0.54, 1.16],
						"1.3": [11.02436, -0.59905, 1.27424],
						"1.4": [17.79035, -0.44336, 0.64054],
						"1.5": [19.79414, -0.10584, -0.30349],
						"1.6": [18.5073, -0.28263, 0.32167],
						"1.7": [18.38, -0.21, 0.24],
						"1.8": [16.75, -0.14, 0.16],
						"1.9": [12.875, -0.07, 0.08],
						"2.0": [14, 0, 0]
					},
					"position": {
						"0.0": [0.03, 0.42, 0.06],
						"0.1": [0.03, 0.32179, 0.08883],
						"0.2": [0.03, 0.42, 0.07],
						"0.3": [0.03, 0.5, 0.06],
						"0.4": [0.03, 0.47, 0.06283],
						"0.5": [0.03, 0.48, 0.06],
						"0.7": [0.03, 0.51, 0.06],
						"0.9": [0.04, 0.77754, 0.01505],
						"1.0": [0.03838, 1.07612, -0.16212],
						"1.2": [0.04, 0.97158, -0.25788],
						"1.3": [0.04, 0.83, -0.13],
						"1.4": [0.04, 0.6849, -0.00152],
						"1.5": [0.04, 1, -0.09],
						"1.6": [0.04, 1.05483, -0.12174],
						"1.8": [0.04, 0.7, -0.03],
						"2.0": [0.03, 0.42, 0.06]
					}
				},
				"leg_left": {
					"rotation": {
						"0.0": ["3.5+math.sin(q.anim_time*90*2)*8", "-35-math.sin(q.anim_time*90*2)*8", 0],
						"0.5": ["3.5+math.sin(q.anim_time*90*2)*8", "-35-math.sin(q.anim_time*90*2)*8", 0],
						"1.1": ["-13.5+math.sin(q.anim_time*90*2)*8", "-35-math.sin(q.anim_time*90*2)*8", 0],
						"1.3": [-15.57, "-35-math.sin(q.anim_time*90*2)*8", 0],
						"1.4": [-6.04, "-35-math.sin(q.anim_time*90*2)*8", 0],
						"1.5": ["9.5+math.sin(q.anim_time*90*2)*8", "-35-math.sin(q.anim_time*90*2)*8", 0],
						"2.0": ["3.5+math.sin(q.anim_time*90*2)*8", "-35-math.sin(q.anim_time*90*2)*8", 0]
					},
					"position": {
						"0.0": [0.75, "0+math.clamp(math.cos(q.anim_time*90*2-180)*1,0,10)", "0+math.sin(q.anim_time*90*2)*3/2"],
						"1.3": [0.75, "0+math.clamp(math.cos(q.anim_time*90*2-180)*1,0,10)", "0+math.sin(q.anim_time*90*2)*3/2"],
						"1.5": [0.67017, "-0.9903+math.clamp(math.cos(q.anim_time*90*2-180)*1,0,10)", "0+math.sin(q.anim_time*90*2)*3/2"],
						"1.7": [0.7, -0.89, "0+math.sin(q.anim_time*90*2)*3/2"],
						"1.9": [0.73, -0.5, "0+math.sin(q.anim_time*90*2)*3/2"],
						"2.0": [0.75, "0+math.clamp(math.cos(q.anim_time*90*2-180)*1,0,10)", "0+math.sin(q.anim_time*90*2)*3/2"]
					}
				},
				"foot_back_left": {
					"rotation": {
						"0.0": [-13.5, 0, 0],
						"0.2": [-21.3, 0, 0],
						"0.5": [-25.5, 0, 0],
						"0.7": [-11.4, 0, 0],
						"0.9": [2.03, 0, 0],
						"1.0": [5, 0, 0],
						"1.2": [-0.43, 0, 0],
						"1.3": [-12.86, 0, 0],
						"1.4": [-26.29276, 0, 0],
						"1.5": [-18.15, 0, 0],
						"1.6": [-16.5, 0, 0],
						"1.7": [-16.2, 0, 0],
						"1.8": [-14.28, 0, 0],
						"1.9": [-13.57, 0, 0],
						"2.0": [-13.5, 0, 0]
					},
					"position": {
						"0.0": [0, -0.04703, 0],
						"0.2": [0, -0.15317, -0.05633],
						"0.4": [0, -0.01872, -0.00917],
						"0.5": [0, -0.09026, -0.04305],
						"1.0": [0, 0, 0],
						"1.3": [0, -0.14035, -0.09981],
						"1.4": [0, -0.20073, -0.43644],
						"1.5": [0, -0.03361, -0.13958],
						"1.6": [0, 0.05603, -0.0821],
						"1.8": [0, 0.15691, 0.01],
						"1.9": [0, 0.24442, 0.05693],
						"2.0": [0, -0.04703, 0]
					}
				},
				"leg_right": {
					"rotation": {
						"0.0": [-10.67, "35-math.sin(q.anim_time*90*2)*8", 0],
						"0.1": ["-13.5-math.sin(q.anim_time*90*2)*8", "35-math.sin(q.anim_time*90*2)*8", 0],
						"0.3": [-15.57, "35-math.sin(q.anim_time*90*2)*8", 0],
						"0.4": [-6.04, "35-math.sin(q.anim_time*90*2)*8", 0],
						"0.5": ["9.5-math.sin(q.anim_time*90*2)*8", "35-math.sin(q.anim_time*90*2)*8", 0],
						"1.0": ["3.5-math.sin(q.anim_time*90*2)*8", "35-math.sin(q.anim_time*90*2)*8", 0],
						"1.5": ["3.5-math.sin(q.anim_time*90*2)*8", "35-math.sin(q.anim_time*90*2)*8", 0],
						"2.0": [-10.67, "35-math.sin(q.anim_time*90*2)*8", 0]
					},
					"position": {
						"0.0": [-0.75, "0+math.clamp(math.cos(q.anim_time*90*2)*1,0,10)", "0-math.sin(q.anim_time*90*2)*3/2"],
						"0.3": [-0.75, "0+math.clamp(math.cos(q.anim_time*90*2)*1,0,10)", "0-math.sin(q.anim_time*90*2)*3/2"],
						"0.5": [-0.67017, "-0.9903+math.clamp(math.cos(q.anim_time*90*2)*1,0,10)", "0-math.sin(q.anim_time*90*2)*3/2"],
						"0.7": [-0.7, -0.89, "0-math.sin(q.anim_time*90*2)*3/2"],
						"0.9": [-0.73, -0.5, "0-math.sin(q.anim_time*90*2)*3/2"],
						"1.0": [-0.75, "0+math.clamp(math.cos(q.anim_time*90*2)*1,0,10)", "0-math.sin(q.anim_time*90*2)*3/2"],
						"2.0": [-0.75, "0+math.clamp(math.cos(q.anim_time*90*2)*1,0,10)", "0-math.sin(q.anim_time*90*2)*3/2"]
					}
				},
				"knee_right": {
					"rotation": {
						"0.0": [26.69, 0, 0],
						"0.1": [28.38, 0, 0],
						"0.3": [26.75, 0, 0],
						"0.4": [17.88, 0, 0],
						"0.5": [17.5, 0, 0],
						"0.6": [16.1, 0, 0],
						"0.8": [13.3, 0, 0],
						"1.0": [10.5, 0, 0],
						"1.2": [13.4, 0, 0],
						"1.5": [14, 0, 0],
						"1.9": [23, 0, 0],
						"2.0": [26.69, 0, 0]
					}
				},
				"foot_back_right": {
					"rotation": {
						"0.0": [5, 0, 0],
						"0.2": [-0.43, 0, 0],
						"0.3": [-12.86, 0, 0],
						"0.4": [-26.29276, 0, 0],
						"0.5": [-18.15, 0, 0],
						"0.6": [-16.5, 0, 0],
						"0.7": [-16.2, 0, 0],
						"0.8": [-14.28, 0, 0],
						"0.9": [-13.57, 0, 0],
						"1.0": [-13.5, 0, 0],
						"1.2": [-21.3, 0, 0],
						"1.5": [-25.5, 0, 0],
						"1.7": [-11.4, 0, 0],
						"1.9": [2.03, 0, 0],
						"2.0": [5, 0, 0]
					},
					"position": {
						"0.0": [0, 0, 0],
						"0.3": [0, -0.14035, -0.09981],
						"0.4": [0, -0.20073, -0.43644],
						"0.5": [0, -0.03361, -0.13958],
						"0.6": [0, 0.05603, -0.0821],
						"0.8": [0, 0.15691, 0.01],
						"0.9": [0, 0.24442, 0.05693],
						"1.0": [0, -0.04703, 0],
						"1.2": [0, -0.15317, -0.05633],
						"1.4": [0, -0.01872, -0.00917],
						"1.5": [0, -0.09026, -0.04305],
						"2.0": [0, 0, 0]
					}
				},
				"head": {
					"rotation": ["7.5-math.cos(q.anim_time*90*2*2+120)*4", "0+math.cos(q.anim_time*90*2+60)*4", "0+math.cos(q.anim_time*90*2-90)*2"],
					"position": [0, -0.30071, -0.95372]
				},
				"vines": {
					"scale": [0.3, 1, 0.9]
				},
				"vine_right": {
					"rotation": [0, 202.5, 0]
				},
				"vine_right2": {
					"rotation": [0, -77.5, 0]
				},
				"vine_right3": {
					"rotation": [0, -135, 0]
				},
				"vine_right4": {
					"rotation": [0, 152.5, 0]
				},
				"vine_right5": {
					"rotation": [0, -160, 0]
				},
				"vine_right6": {
					"rotation": [0, 122.5, 0]
				},
				"vine_right7": {
					"rotation": [0, -162.5, 0]
				},
				"vine_right8": {
					"rotation": [0, 142.5, 0]
				},
				"vine_right9": {
					"rotation": [0, -97.5, 0]
				},
				"vine_right10": {
					"rotation": [0, -100, 0]
				},
				"vine_right11": {
					"rotation": [0, -67.5, 0]
				},
				"vine_right12": {
					"rotation": [0, -107.5, 0]
				},
				"vine_right_end": {
					"rotation": [0, -80, 0]
				},
				"leaf_front": {
					"rotation": ["5-math.cos(q.anim_time*90*2*2-60)*1", "0+math.cos(q.anim_time*90*2-90)*1", "0+math.cos(q.anim_time*90*2-60)*1"]
				},
				"leaf_front2": {
					"rotation": ["20-math.cos(q.anim_time*90*2*2-120)*1", 0, 0]
				},
				"leaf_front3": {
					"rotation": ["7.5-math.cos(q.anim_time*90*2*2-180)*4", 0, 0]
				},
				"leaf_front4": {
					"rotation": ["7.5-math.cos(q.anim_time*90*2*2-240)*5", 0, 0]
				},
				"leaf_back": {
					"rotation": ["10+math.cos(q.anim_time*90*2*2-60)*1", "0+math.cos(q.anim_time*90*2-180)*3", 0]
				},
				"leaf_back2": {
					"rotation": ["-15+math.cos(q.anim_time*90*2*2-120)*1", 0, 0]
				},
				"leaf_back3": {
					"rotation": ["-15+math.cos(q.anim_time*90*2*2-180)*4", 0, 0]
				},
				"leaf_back4": {
					"rotation": ["-32.5+math.cos(q.anim_time*90*2*2-240)*3", 0, 0]
				},
				"leaf_right": {
					"rotation": [6.19272, "6.5561+math.cos(q.anim_time*90*2-150)*2", "10.617+math.cos(q.anim_time*90*2*2-60)*1"]
				},
				"leaf_right2": {
					"rotation": [0, 0, "-10+math.cos(q.anim_time*90*2*2-120)*1"]
				},
				"leaf_right3": {
					"rotation": [0, 0, "-12.5+math.cos(q.anim_time*90*2*2-180)*4"]
				},
				"leaf_right4": {
					"rotation": {
						"0.0": [0, 0, "-27.5+math.cos(q.anim_time*90*2*2-240)*3"],
						"0.2": [0, 0, "-25+math.cos(q.anim_time*90*2*2-240)*3"]
					}
				},
				"leaf_left": {
					"rotation": [6.34504, "-6.5527+math.cos(q.anim_time*90*2-150)*2", "-10.6344-math.cos(q.anim_time*90*2*2-60)*1"]
				},
				"leaf_left2": {
					"rotation": [0, 0, "10-math.cos(q.anim_time*90*2*2-120)*1"]
				},
				"leaf_left3": {
					"rotation": {
						"0.0": [0, 0, "15-math.cos(q.anim_time*90*2*2-180)*4"],
						"0.2": [0, 0, "12.5-math.cos(q.anim_time*90*2*2-180)*4"]
					}
				},
				"tree": {
					"rotation": ["2.5-math.cos(q.anim_time*90*2*2-60)*1", 0, "0+math.cos(q.anim_time*90*2-60)*3"]
				},
				"tree2": {
					"rotation": ["2.5+math.cos(q.anim_time*90*2*2-120)*1/2", 0, "0+math.cos(q.anim_time*90*2-120)*1"]
				},
				"tree3": {
					"rotation": ["2.5-math.cos(q.anim_time*90*2*2-170)*1", 0, "0+math.cos(q.anim_time*90*2-170)*2"]
				},
				"flower_top": {
					"position": [0, 0.25, 0]
				},
				"petal_left_front": {
					"rotation": ["-2.5+math.cos(q.anim_time*90*2*2-180)*3/2", 0, 0]
				},
				"petal_left_front2": {
					"rotation": ["12.5+math.cos(q.anim_time*90*2*2-240)*2", 0, 0]
				},
				"petal_left_front3": {
					"rotation": ["35+math.cos(q.anim_time*90*2*2-300)*3", 0, 0]
				},
				"petal_left_front4": {
					"rotation": ["22.5+math.cos(q.anim_time*90*2*2)*9", 0, 0]
				},
				"petal_left_mid": {
					"rotation": ["-2.5+math.cos(q.anim_time*90*2*2-200)*3/2", 0, 0]
				},
				"petal_left_mid2": {
					"rotation": ["12.5+math.cos(q.anim_time*90*2*2-260)*2", 0, 0]
				},
				"petal_left_mid3": {
					"rotation": ["35+math.cos(q.anim_time*90*2*2-320)*3", 0, 0]
				},
				"petal_left_back": {
					"rotation": ["1.5-math.cos(q.anim_time*90*2*2-220)*3/2", 0, 0]
				},
				"petal_left_back2": {
					"rotation": ["-12.5-math.cos(q.anim_time*90*2*2-280)*2", 0, 0]
				},
				"petal_left_back3": {
					"rotation": ["-35-math.cos(q.anim_time*90*2*2-380)*4", 0, 0]
				},
				"petal_left_back4": {
					"rotation": ["-22.5-math.cos(q.anim_time*90*2*2-60)*9", 0, 0]
				},
				"petal_right_front": {
					"rotation": ["-2.5+math.cos(q.anim_time*90*2*2-180)*3/2", 0, 0]
				},
				"petal_right_front2": {
					"rotation": ["12.5+math.cos(q.anim_time*90*2*2-240)*2", 0, 0]
				},
				"petal_right_front3": {
					"rotation": ["35+math.cos(q.anim_time*90*2*2-300)*3", 0, 0]
				},
				"petal_right_front4": {
					"rotation": ["22.5+math.cos(q.anim_time*90*2*2)*9", 0, 0]
				},
				"petal_right_mid": {
					"rotation": ["-2.5+math.cos(q.anim_time*90*2*2-200)*3/2", 0, 0]
				},
				"petal_right_mid2": {
					"rotation": ["12.5+math.cos(q.anim_time*90*2*2-260)*2", 0, 0]
				},
				"petal_right_mid3": {
					"rotation": ["35+math.cos(q.anim_time*90*2*2-320)*3", 0, 0]
				},
				"petal_right_mid4": {
					"rotation": ["20+math.cos(q.anim_time*90*2*2-20)*9", 0, 0]
				},
				"petal_right_back": {
					"rotation": ["1.5-math.cos(q.anim_time*90*2*2-220)*3/2", 0, 0]
				},
				"petal_right_back2": {
					"rotation": ["-12.5-math.cos(q.anim_time*90*2*2-280)*2", 0, 0]
				},
				"petal_right_back3": {
					"rotation": ["-35-math.cos(q.anim_time*90*2*2-380)*4", 0, 0]
				},
				"petal_right_back4": {
					"rotation": ["-22.5-math.cos(q.anim_time*90*2*2-60)*9", 0, 0]
				},
				"waist": {
					"rotation": ["0-math.cos(q.anim_time*90*2*2)*2", "0-math.cos(q.anim_time*90*2)*1", 0],
					"position": ["0-math.sin(q.anim_time*90*2)*0.3", 0, 0]
				},
				"ear_left": {
					"rotation": ["0-math.cos(q.anim_time*90*2*2-140)*5", 0, "0+math.cos(q.anim_time*90*2-60)*1"]
				},
				"ear_right": {
					"rotation": ["0-math.cos(q.anim_time*90*2*2-140)*5", 0, "0+math.cos(q.anim_time*90*2-60)*1"]
				},
				"tree_crown": {
					"rotation": [0, 0, 0]
				},
				"petal_left_mid4": {
					"rotation": ["20+math.cos(q.anim_time*90*2*2-20)*9", 0, 0]
				},
				"petals": {
					"rotation": ["0+math.cos(q.anim_time*90*2*2-60)*3", "0-math.cos(q.anim_time*90*2-170)*6", "0-math.cos(q.anim_time*90*2-200)*1/2"],
					"position": [0, -0.075, 0]
				},
				"leaf_front5": {
					"rotation": ["2.5+math.cos(q.anim_time*90*2*2-300)*6", 0, 0]
				},
				"leaf_left4": {
					"rotation": {
						"0.0": [0, 0, "27.5-math.cos(q.anim_time*90*2*2-240)*3"],
						"0.2": [0, 0, "25-math.cos(q.anim_time*90*2*2-240)*3"]
					}
				},
				"foliage": {
					"rotation": ["0-math.cos(q.anim_time*90*2*2-90)*2", "0-math.cos(q.anim_time*90*2+60)*2", "0-math.cos(q.anim_time*90*2-60)*3"]
				},
				"vine_left": {
					"rotation": [0, -202.5, 0]
				},
				"vine_left2": {
					"rotation": [0, 77.5, 0]
				},
				"vine_left3": {
					"rotation": [0, 135, 0]
				},
				"vine_left4": {
					"rotation": [0, -152.5, 0]
				},
				"vine_left5": {
					"rotation": [0, 160, 0]
				},
				"vine_left6": {
					"rotation": [0, -122.5, 0]
				},
				"vine_left7": {
					"rotation": [0, 162.5, 0]
				},
				"vine_left8": {
					"rotation": [0, -142.5, 0]
				},
				"vine_left9": {
					"rotation": [0, 97.5, 0]
				},
				"vine_left10": {
					"rotation": [0, 100, 0]
				},
				"vine_left11": {
					"rotation": [0, 67.5, 0]
				},
				"vine_left12": {
					"rotation": [0, 107.5, 0]
				},
				"vine_left_end": {
					"rotation": [0, 80, 0]
				},
				"leaves": {
					"rotation": [0, "0+math.cos(q.anim_time*90*2)*3", "0-math.cos(q.anim_time*90*2-60)*3"]
				},
				"egg": {
					"rotation": [0, 0, "0+math.cos(q.anim_time*90*2-200)*3/2"]
				},
				"front_legs": {
					"position": [0, 0, -1.5]
				},
				"knee_left": {
					"rotation": {
						"0.0": [10.5, 0, 0],
						"0.2": [13.4, 0, 0],
						"0.5": [14, 0, 0],
						"0.9": [23, 0, 0],
						"1.0": [26.69, 0, 0],
						"1.1": [28.38, 0, 0],
						"1.3": [26.75, 0, 0],
						"1.4": [17.88, 0, 0],
						"1.5": [17.5, 0, 0],
						"1.6": [16.1, 0, 0],
						"1.8": [13.3, 0, 0],
						"2.0": [10.5, 0, 0]
					}
				},
				"left_toe_out_back": {
					"rotation": {
						"0.0": [0, 0, 0],
						"1.0": [-5.59979, -0.42485, 3.10351]
					}
				},
				"back_legs": {
					"position": [0, 0, 0]
				}
			}
		},
		"animation.venusaur.sleep": {
			"loop": true,
			"bones": {
				"body": {
					"position": [0, -6.25, -2]
				},
				"torso": {
					"rotation": [-7.5, 0.25, -0.5],
					"position": [0, 0.25, 0]
				},
				"neck_flap": {
					"rotation": ["22.5-math.cos(q.anim_time*90*1-60)*1", 0, 0]
				},
				"leg_front_left": {
					"rotation": ["-64.7208+math.sin(q.anim_time*90*1-45)*2", 8.99927, -13.11188],
					"position": ["NaN-math.sin(q.anim_time*90*1-45)*0.05", -2.34996, "-0.9913-math.sin(q.anim_time*90*1-55)*0.2"]
				},
				"leg_front_left2": {
					"rotation": ["-25+math.sin(q.anim_time*90*1-45)*-5/2", 0, 0],
					"position": [0, 0, 0]
				},
				"foot_front_left": {
					"rotation": [27.5, 0, 6],
					"position": [0.06728, 0.68185, -0.13789]
				},
				"torso2": {
					"rotation": [7.5, 0, 0]
				},
				"leg_front_right": {
					"rotation": ["-64.7208+math.sin(q.anim_time*90*1-45)*2", -8.99927, 13.11188],
					"position": ["-math.sin(q.anim_time*90*1-45)*0.05", -2.34996, "-0.9913-math.sin(q.anim_time*90*1-55)*0.2"]
				},
				"leg_front_right2": {
					"rotation": ["-25+math.sin(q.anim_time*90*1-45)*-5/2", 0, 0],
					"position": [0, 0, 0]
				},
				"foot_front_right": {
					"rotation": [27.5, 0, -6],
					"position": [-0.06728, 0.68185, -0.13789]
				},
				"leg_left": {
					"rotation": [-20, -45, 0],
					"position": [0, 0, 0]
				},
				"knee_left": {
					"rotation": [36.75, 0, 0]
				},
				"foot_back_left": {
					"rotation": [-17, 0, 0],
					"position": [0, 0.3, 0]
				},
				"leg_right": {
					"rotation": [-20, 45, 0],
					"position": [0, 0, 0]
				},
				"knee_right": {
					"rotation": [36.75, 0, 0]
				},
				"foot_back_right": {
					"rotation": [-17, 0, 0],
					"position": [0, 0.3, 0]
				},
				"head": {
					"rotation": ["9.6863+math.cos(q.anim_time*90*1-60)*1", "7.9061-math.cos(q.anim_time*90*1/2-120)*1/2", 13.91521],
					"position": [0, -0.30071, -0.95372]
				},
				"vines": {
					"scale": [0.3, 1, 0.9]
				},
				"vine_right": {
					"rotation": [0, 202.5, 0]
				},
				"vine_right2": {
					"rotation": [0, -77.5, 0]
				},
				"vine_right3": {
					"rotation": [0, -135, 0]
				},
				"vine_right4": {
					"rotation": [0, 152.5, 0]
				},
				"vine_right5": {
					"rotation": [0, -160, 0]
				},
				"vine_right6": {
					"rotation": [0, 122.5, 0]
				},
				"vine_right7": {
					"rotation": [0, -162.5, 0]
				},
				"vine_right8": {
					"rotation": [0, 142.5, 0]
				},
				"vine_right9": {
					"rotation": [0, -97.5, 0]
				},
				"vine_right10": {
					"rotation": [0, -100, 0]
				},
				"vine_right11": {
					"rotation": [0, -67.5, 0]
				},
				"vine_right12": {
					"rotation": [0, -107.5, 0]
				},
				"vine_right_end": {
					"rotation": [0, -80, 0]
				},
				"leaf_front": {
					"rotation": ["12.5265-math.cos(q.anim_time*90*1-60)*1", "-4.9627+math.cos(q.anim_time*90*1/2-90)*1", "-0.6109+math.cos(q.anim_time*90*1/2-60)*1"]
				},
				"leaf_front2": {
					"rotation": ["15-math.cos(q.anim_time*90*1-120)*1", 0, 0]
				},
				"leaf_front3": {
					"rotation": ["2.5-math.cos(q.anim_time*90*1-180)*4", 0, 0]
				},
				"leaf_front4": {
					"rotation": ["7.5-math.cos(q.anim_time*90*1-240)*3", 0, 0]
				},
				"leaf_back": {
					"rotation": ["10+math.cos(q.anim_time*90*1-60)*1", "0+math.cos(q.anim_time*90*1/2-180)*3", 0]
				},
				"leaf_back2": {
					"rotation": ["-15+math.cos(q.anim_time*90*1-120)*1", 0, 0]
				},
				"leaf_back3": {
					"rotation": ["-15+math.cos(q.anim_time*90*1-180)*4", 0, 0]
				},
				"leaf_back4": {
					"rotation": ["-32.5+math.cos(q.anim_time*90*1-240)*3", 0, 0]
				},
				"leaf_right": {
					"rotation": [5.9771, "6.8211+math.cos(q.anim_time*90*1/2-150)*2", "8.1218+math.cos(q.anim_time*90*1-60)*1"]
				},
				"leaf_right2": {
					"rotation": [0, 0, "-12.5+math.cos(q.anim_time*90*1-120)*1"]
				},
				"leaf_right3": {
					"rotation": [0, 0, "-15+math.cos(q.anim_time*90*1-180)*4"]
				},
				"leaf_right4": {
					"rotation": [0, 0, "-27.5+math.cos(q.anim_time*90*1-240)*3"]
				},
				"leaf_left": {
					"rotation": [5.9771, "-6.8211+math.cos(q.anim_time*90*1/2-150)*2", "-8.1218-math.cos(q.anim_time*90*1-60)*1"]
				},
				"leaf_left2": {
					"rotation": [0, 0, "12.5-math.cos(q.anim_time*90*1-120)*1"]
				},
				"leaf_left3": {
					"rotation": [0, 0, "15-math.cos(q.anim_time*90*1-180)*4"]
				},
				"tree": {
					"rotation": ["2.5-math.cos(q.anim_time*90*1-60)*1", 0, "0-math.cos(q.anim_time*90*1/2-60)*1"]
				},
				"tree2": {
					"rotation": ["2.5+math.cos(q.anim_time*90*1-120)*1/2", 0, "0-math.cos(q.anim_time*90*1/2-120)*1/2"]
				},
				"tree3": {
					"rotation": ["2.5-math.cos(q.anim_time*90*1-170)*1", 0, "0-math.cos(q.anim_time*90*1/2-170)*1"]
				},
				"flower_top": {
					"position": [0, 0.25, 0]
				},
				"petal_left_front": {
					"rotation": ["-2.5+math.cos(q.anim_time*90*1-180)*3/2", 0, 0]
				},
				"petal_left_front2": {
					"rotation": ["12.5+math.cos(q.anim_time*90*1-240)*2", 0, 0]
				},
				"petal_left_front3": {
					"rotation": ["35+math.cos(q.anim_time*90*1-300)*3", 0, 0]
				},
				"petal_left_front4": {
					"rotation": ["22.5+math.cos(q.anim_time*90*1)*9", 0, 0]
				},
				"petal_left_mid": {
					"rotation": ["-2.5+math.cos(q.anim_time*90*1-200)*3/2", 0, 0]
				},
				"petal_left_mid2": {
					"rotation": ["12.5+math.cos(q.anim_time*90*1-260)*2", 0, 0]
				},
				"petal_left_mid3": {
					"rotation": ["35+math.cos(q.anim_time*90*1-320)*3", 0, 0]
				},
				"petal_left_back": {
					"rotation": ["2.5-math.cos(q.anim_time*90*1-220)*3/2", 0, 0]
				},
				"petal_left_back2": {
					"rotation": ["-12.5-math.cos(q.anim_time*90*1-280)*2", 0, 0]
				},
				"petal_left_back3": {
					"rotation": ["-35-math.cos(q.anim_time*90*1-380)*4", 0, 0]
				},
				"petal_left_back4": {
					"rotation": ["-22.5-math.cos(q.anim_time*90*1-60)*9", 0, 0]
				},
				"petal_right_front": {
					"rotation": ["-2.5+math.cos(q.anim_time*90*1-180)*3/2", 0, 0]
				},
				"petal_right_front2": {
					"rotation": ["12.5+math.cos(q.anim_time*90*1-240)*2", 0, 0]
				},
				"petal_right_front3": {
					"rotation": ["35+math.cos(q.anim_time*90*1-300)*3", 0, 0]
				},
				"petal_right_front4": {
					"rotation": ["22.5+math.cos(q.anim_time*90*1)*9", 0, 0]
				},
				"petal_right_mid": {
					"rotation": ["-2.5+math.cos(q.anim_time*90*1-200)*3/2", 0, 0]
				},
				"petal_right_mid2": {
					"rotation": ["12.5+math.cos(q.anim_time*90*1-260)*2", 0, 0]
				},
				"petal_right_mid3": {
					"rotation": ["35+math.cos(q.anim_time*90*1-320)*3", 0, 0]
				},
				"petal_right_mid4": {
					"rotation": ["20+math.cos(q.anim_time*90*1-20)*9", 0, 0]
				},
				"petal_right_back": {
					"rotation": ["2.5-math.cos(q.anim_time*90*1-220)*3/2", 0, 0]
				},
				"petal_right_back2": {
					"rotation": ["-12.5-math.cos(q.anim_time*90*1-280)*2", 0, 0]
				},
				"petal_right_back3": {
					"rotation": ["-35-math.cos(q.anim_time*90*1-380)*4", 0, 0]
				},
				"petal_right_back4": {
					"rotation": ["-22.5-math.cos(q.anim_time*90*1-60)*9", 0, 0]
				},
				"waist": {
					"rotation": [0, 0, 0]
				},
				"ear_left": {
					"rotation": ["25-math.cos(q.anim_time*90*1-140)*5", 0, "-math.cos(q.anim_time*90*1-60)*1"]
				},
				"ear_right": {
					"rotation": ["15-math.cos(q.anim_time*90*1-140)*5", 0, "math.cos(q.anim_time*90*1-60)*1"]
				},
				"tree_crown": {
					"rotation": [0, 0, 0]
				},
				"petal_left_mid4": {
					"rotation": ["20+math.cos(q.anim_time*90*1-20)*9", 0, 0]
				},
				"petals": {
					"rotation": ["0+math.cos(q.anim_time*90*1-60)*1", "0-math.cos(q.anim_time*90*1/2-170)*1", "0-math.cos(q.anim_time*90*1/2-200)*1/2"],
					"position": [0, -0.075, 0]
				},
				"leaf_front5": {
					"rotation": ["0-math.cos(q.anim_time*90*1-300)*8", 0, 0]
				},
				"leaf_left4": {
					"rotation": [0, 0, "27.5-math.cos(q.anim_time*90*1-240)*3"]
				},
				"vine_left": {
					"rotation": [0, -202.5, 0]
				},
				"vine_left2": {
					"rotation": [0, 77.5, 0]
				},
				"vine_left3": {
					"rotation": [0, 135, 0]
				},
				"vine_left4": {
					"rotation": [0, -152.5, 0]
				},
				"vine_left5": {
					"rotation": [0, 160, 0]
				},
				"vine_left6": {
					"rotation": [0, -122.5, 0]
				},
				"vine_left7": {
					"rotation": [0, 162.5, 0]
				},
				"vine_left8": {
					"rotation": [0, -142.5, 0]
				},
				"vine_left9": {
					"rotation": [0, 97.5, 0]
				},
				"vine_left10": {
					"rotation": [0, 100, 0]
				},
				"vine_left11": {
					"rotation": [0, 67.5, 0]
				},
				"vine_left12": {
					"rotation": [0, 107.5, 0]
				},
				"vine_left_end": {
					"rotation": [0, 80, 0]
				},
				"front_legs": {
					"position": [0, -0.00436, -0.49998]
				},
				"eyelid_recoil_left": {
					"position": [0.1, 0, 0]
				},
				"eyebrow_left": {
					"position": [0, -1, 0]
				},
				"eyelid_recoil_right": {
					"position": [-0.1, 0, 0]
				},
				"eyebrow_right": {
					"position": [0, -1, 0]
				}
			}
		},
		"animation.venusaur.blink": {
			"animation_length": 0.1667,
			"bones": {
				"eyebrow_left": {
					"position": {
						"0.0": [0, -0.75, 0],
						"0.125": [0, -0.75, 0],
						"0.1667": {
							"pre": [0, -0.75, 0],
							"post": [0, 0, 0]
						}
					}
				},
				"eyebrow_right": {
					"position": {
						"0.0": [0, -0.75, 0],
						"0.125": [0, -0.75, 0],
						"0.1667": {
							"pre": [0, -0.75, 0],
							"post": [0, 0, 0]
						}
					}
				},
				"eyelid_recoil_left": {
					"position": {
						"0.0": [0.1, 0, 0],
						"0.125": [0.1, 0, 0],
						"0.1667": {
							"pre": [0.1, 0, 0],
							"post": [0, 0, 0]
						}
					}
				},
				"eyelid_recoil_right": {
					"position": {
						"0.0": [-0.1, 0, 0],
						"0.125": [-0.1, 0, 0],
						"0.1667": {
							"pre": [-0.1, 0, 0],
							"post": [0, 0, 0]
						}
					}
				}
			}
		},
		"animation.venusaur.cry": {
			"animation_length": 1.5,
			"bones": {
				"torso": {
					"rotation": {
						"0.0": [0, 0, 0],
						"0.0833": {
							"pre": [-1.1, 0, 0],
							"post": [-1.1, 0, 0],
							"lerp_mode": "catmullrom"
						},
						"0.2917": {
							"post": [-1.8, 0, 0],
							"lerp_mode": "catmullrom"
						},
						"0.5": [0.2, 0, 0],
						"0.625": [-0.51, 0, "0-math.cos(q.anim_time*90*18)*1/2"],
						"0.8333": [-2.29, 0, "0-math.cos(q.anim_time*90*18-60)*1"],
						"1.0833": [-0.76, 0, "0-math.cos(q.anim_time*90*18-120)*1/2"],
						"1.2917": [-0.07, 0, 0.06],
						"1.3333": {
							"pre": [0, 0, 0],
							"post": [0, 0, 0],
							"lerp_mode": "catmullrom"
						},
						"1.5": {
							"post": [0, 0, 0],
							"lerp_mode": "catmullrom"
						}
					}
				},
				"torso2": {
					"rotation": {
						"0.0": [0, 0, 0],
						"0.0833": {
							"pre": [1.5, 0, 0],
							"post": [1.5, 0, 0],
							"lerp_mode": "catmullrom"
						},
						"0.2917": {
							"post": [2.4, 0, 0],
							"lerp_mode": "catmullrom"
						},
						"0.4167": {
							"post": [2.2, 0, 0],
							"lerp_mode": "catmullrom"
						},
						"0.5": {
							"post": [1.4, 0, 0],
							"lerp_mode": "catmullrom"
						},
						"0.625": {
							"post": [1.5, 0, 0],
							"lerp_mode": "catmullrom"
						},
						"0.7917": {
							"post": [2.4, 0, 0],
							"lerp_mode": "catmullrom"
						},
						"0.9583": {
							"post": [0.85, 0, 0],
							"lerp_mode": "catmullrom"
						},
						"1.2083": {
							"post": [0, 0, 0],
							"lerp_mode": "catmullrom"
						},
						"1.5": [0, 0, 0]
					}
				},
				"neck_flap": {
					"rotation": {
						"0.0": [0, 0, 0],
						"0.0833": {
							"pre": [-1, 0, 0],
							"post": [-1, 0, 0],
							"lerp_mode": "catmullrom"
						},
						"0.1667": {
							"post": [2.5, 0, 0],
							"lerp_mode": "catmullrom"
						},
						"0.2917": {
							"post": [7.5, 0, 0],
							"lerp_mode": "catmullrom"
						},
						"0.5833": {
							"post": [10, 0, 0],
							"lerp_mode": "catmullrom"
						},
						"0.8333": {
							"post": [0, 0, 0],
							"lerp_mode": "catmullrom"
						},
						"1.0417": {
							"post": [-2.5, 0, 0],
							"lerp_mode": "catmullrom"
						},
						"1.2917": {
							"post": [0, 0, 0],
							"lerp_mode": "catmullrom"
						},
						"1.5": [0, 0, 0]
					}
				},
				"head": {
					"rotation": {
						"0.0": [0, 0, 0],
						"0.0833": {
							"pre": [5, 0, 0],
							"post": [5, 0, 0],
							"lerp_mode": "catmullrom"
						},
						"0.2083": {
							"post": [-3, 0, 0],
							"lerp_mode": "catmullrom"
						},
						"0.3333": {
							"post": [-5.2, 0, 0],
							"lerp_mode": "catmullrom"
						},
						"0.5417": {
							"post": [-5, 0, 0],
							"lerp_mode": "catmullrom"
						},
						"0.7083": {
							"post": [-11, 0, 0],
							"lerp_mode": "catmullrom"
						},
						"0.875": {
							"post": [-12.74, 0, 0],
							"lerp_mode": "catmullrom"
						},
						"1.0833": {
							"post": [-7.58, 0, 0],
							"lerp_mode": "catmullrom"
						},
						"1.25": {
							"post": [0, 0, 0],
							"lerp_mode": "catmullrom"
						},
						"1.5": [0, 0, 0]
					}
				},
				"jaw": {
					"rotation": {
						"0.0": [0, 0, 0],
						"0.0833": [0, 0, 0],
						"0.1667": {
							"pre": [17.5, 0, 0],
							"post": [17.5, 0, 0],
							"lerp_mode": "catmullrom"
						},
						"0.4583": {
							"post": [10, 0, 0],
							"lerp_mode": "catmullrom"
						},
						"0.5833": {
							"post": [13.57, 0, 0],
							"lerp_mode": "catmullrom"
						},
						"0.7083": {
							"post": [22, 0, 0],
							"lerp_mode": "catmullrom"
						},
						"0.875": {
							"post": [18, 0, 0],
							"lerp_mode": "catmullrom"
						},
						"1.0417": {
							"post": [7.67, 0, 0],
							"lerp_mode": "catmullrom"
						},
						"1.375": {
							"post": [0, 0, 0],
							"lerp_mode": "catmullrom"
						},
						"1.5": [0, 0, 0]
					}
				},
				"foliage": {
					"rotation": {
						"0.0": [0, 0, 0],
						"0.5417": [0, 0, 0],
						"0.6667": [0, 0, "0-math.cos(q.anim_time*90*18-60)*1/2"],
						"0.875": [0, 0, "0-math.cos(q.anim_time*90*18-120)*2/2"],
						"1.125": [0, 0, "0-math.cos(q.anim_time*90*18-180)*1/2/2"],
						"1.3333": [0, 0, 0.03],
						"1.375": {
							"pre": [0, 0, 0],
							"post": [0, 0, 0],
							"lerp_mode": "catmullrom"
						},
						"1.5": {
							"post": [0, 0, 0],
							"lerp_mode": "catmullrom"
						}
					}
				},
				"tree": {
					"rotation": {
						"0.0": [0, 0, 0],
						"0.625": [0, 0, 0],
						"0.75": [0, 0, "0-math.cos(q.anim_time*90*18-120)*1"],
						"0.9583": [0, 0, "0-math.cos(q.anim_time*90*18-180)*3/2/2"],
						"1.2083": [0, 0, "0-math.cos(q.anim_time*90*18-240)*1/2/2"],
						"1.375": [0, 0, 0.04],
						"1.4167": {
							"pre": [0, 0, 0],
							"post": [0, 0, 0],
							"lerp_mode": "catmullrom"
						},
						"1.5": {
							"post": [0, 0, 0],
							"lerp_mode": "catmullrom"
						}
					}
				},
				"tree3": {
					"rotation": {
						"0.0": [0, 0, 0],
						"0.7083": [0, 0, 0],
						"0.8333": [0, 0, "0-math.cos(q.anim_time*90*18-180)*3/2"],
						"1.0417": [0, 0, "0-math.cos(q.anim_time*90*18-240)*3/2"],
						"1.25": [0, 0, "0.3-math.cos(q.anim_time*90*18-300)*1/2"],
						"1.3333": [0, 0, 0.15],
						"1.4167": {
							"pre": [0, 0, 0],
							"post": [0, 0, 0],
							"lerp_mode": "catmullrom"
						},
						"1.5": {
							"post": [0, 0, 0],
							"lerp_mode": "catmullrom"
						}
					}
				},
				"leg_front_right": {
					"position": {
						"0.0": [0, 0, 0],
						"0.6667": [0, 0, 0],
						"1.3333": [0, 0, 0],
						"1.5": [0, 0, 0]
					}
				},
				"leaves": {
					"rotation": {
						"0.0": [0, 0, 0],
						"0.5833": [0, 0, 0],
						"0.7083": [0, "0-math.cos(q.anim_time*90*18-60)*1", "0-math.sin(q.anim_time*90*18-60)*1"],
						"0.9167": [0, "0-math.cos(q.anim_time*90*18-120)*2", "0-math.sin(q.anim_time*90*18-120)*2"],
						"1.1667": [0, "0-math.cos(q.anim_time*90*18-180)*1/2", "0-math.sin(q.anim_time*90*18-180)*1/2"],
						"1.3333": [0, 0.07, -0.03],
						"1.375": {
							"pre": [0, 0, 0],
							"post": [0, 0, 0],
							"lerp_mode": "catmullrom"
						},
						"1.5": [0, 0, 0]
					}
				},
				"leaf_front": {
					"rotation": {
						"0.0": [0, 0, 0],
						"0.125": {
							"pre": [3, 0, 0],
							"post": [3, 0, 0],
							"lerp_mode": "catmullrom"
						},
						"0.25": {
							"post": [-3, 0, 0],
							"lerp_mode": "catmullrom"
						},
						"0.375": {
							"post": [-5.2, 0, 0],
							"lerp_mode": "catmullrom"
						},
						"0.5833": {
							"post": [2.5, 0, 0],
							"lerp_mode": "catmullrom"
						},
						"0.7083": {
							"post": [-4.5, 0, 0],
							"lerp_mode": "catmullrom"
						},
						"0.9167": {
							"post": [-5.74, 0, 0],
							"lerp_mode": "catmullrom"
						},
						"1.1667": {
							"post": [-1.88, 0, 0],
							"lerp_mode": "catmullrom"
						},
						"1.3333": {
							"post": [-0.3, 0, 0],
							"lerp_mode": "catmullrom"
						},
						"1.5": [0, 0, 0]
					}
				},
				"leaf_front2": {
					"rotation": {
						"0.0": [0, 0, 0],
						"0.1667": {
							"pre": [3.5, 0, 0],
							"post": [3.5, 0, 0],
							"lerp_mode": "catmullrom"
						},
						"0.2917": {
							"post": [-2, 0, 0],
							"lerp_mode": "catmullrom"
						},
						"0.4167": {
							"post": [-3.2, 0, 0],
							"lerp_mode": "catmullrom"
						},
						"0.5833": {
							"post": [1.5, 0, 0],
							"lerp_mode": "catmullrom"
						},
						"0.7083": {
							"post": [1, 0, 0],
							"lerp_mode": "catmullrom"
						},
						"0.8333": {
							"post": [-2.04, 0, 0],
							"lerp_mode": "catmullrom"
						},
						"0.9583": {
							"post": [-5.34, 0, 0],
							"lerp_mode": "catmullrom"
						},
						"1.0833": {
							"post": [-6.18, 0, 0],
							"lerp_mode": "catmullrom"
						},
						"1.2083": {
							"post": [-2.58, 0, 0],
							"lerp_mode": "catmullrom"
						},
						"1.3333": {
							"post": [-0.4, 0, 0],
							"lerp_mode": "catmullrom"
						},
						"1.5": [0, 0, 0]
					}
				},
				"leaf_front3": {
					"rotation": {
						"0.0": [0, 0, 0],
						"0.125": [-0.84, 0, 0],
						"0.25": [-5.35, 0, 0],
						"0.375": {
							"pre": [-10.3, 0, 0],
							"post": [-10.3, 0, 0],
							"lerp_mode": "catmullrom"
						},
						"0.4583": {
							"post": [-13, 0, 0],
							"lerp_mode": "catmullrom"
						},
						"0.5833": {
							"post": [-9.5, 0, 0],
							"lerp_mode": "catmullrom"
						},
						"0.6667": {
							"post": [-5.83, 0, 0],
							"lerp_mode": "catmullrom"
						},
						"0.7083": {
							"post": [1.5, 0, 0],
							"lerp_mode": "catmullrom"
						},
						"0.8333": {
							"post": [2.5, 0, 0],
							"lerp_mode": "catmullrom"
						},
						"0.9167": {
							"post": [-2.5, 0, 0],
							"lerp_mode": "catmullrom"
						},
						"1.0417": {
							"post": [-3.5, 0, 0],
							"lerp_mode": "catmullrom"
						},
						"1.125": {
							"post": [-2.5, 0, 0],
							"lerp_mode": "catmullrom"
						},
						"1.3333": {
							"post": [-1, 0, 0],
							"lerp_mode": "catmullrom"
						},
						"1.5": {
							"post": [0, 0, 0],
							"lerp_mode": "catmullrom"
						}
					}
				},
				"petals": {
					"rotation": {
						"0.0": [0, 0, 0],
						"0.7917": [0, 0, 0],
						"0.9167": [0, 0, "0-math.cos(q.anim_time*90*18-250)*3/2"],
						"1.125": [0, 0, "0-math.cos(q.anim_time*90*18-300)*3/2/2"],
						"1.3333": [0, 0, "0.1-math.cos(q.anim_time*90*18-360)*1/2/2"],
						"1.375": [0, 0, -0.03],
						"1.4167": {
							"pre": [0, 0, 0],
							"post": [0, 0, 0],
							"lerp_mode": "catmullrom"
						},
						"1.5": [0, 0, 0]
					}
				},
				"eyelid_recoil_left": {
					"position": {
						"0.0": [0, 0, 0],
						"0.0417": {
							"pre": [0, 0, 0],
							"post": [0.1, 0, 0]
						},
						"0.1667": {
							"pre": [0.1, 0, 0],
							"post": [0.1, 0, 0]
						},
						"0.2083": {
							"pre": [0.1, 0, 0],
							"post": [0, 0, 0]
						}
					}
				},
				"eyebrow_left": {
					"position": {
						"0.0": [0, 0, 0],
						"0.0417": {
							"pre": [0, 0, 0],
							"post": [0, -0.75, 0]
						},
						"0.1667": {
							"pre": [0, -0.75, 0],
							"post": [0, -0.75, 0]
						},
						"0.2083": {
							"pre": [0, -0.75, 0],
							"post": [0, 0, 0]
						}
					}
				},
				"eyelid_recoil_right": {
					"position": {
						"0.0": [0, 0, 0],
						"0.0417": {
							"pre": [0, 0, 0],
							"post": [-0.1, 0, 0]
						},
						"0.1667": {
							"pre": [-0.1, 0, 0],
							"post": [-0.1, 0, 0]
						},
						"0.2083": {
							"pre": [-0.1, 0, 0],
							"post": [0, 0, 0]
						}
					}
				},
				"eyebrow_right": {
					"position": {
						"0.0": [0, 0, 0],
						"0.0417": {
							"pre": [0, 0, 0],
							"post": [0, -0.75, 0]
						},
						"0.1667": {
							"pre": [0, -0.75, 0],
							"post": [0, -0.75, 0]
						},
						"0.2083": {
							"pre": [0, -0.75, 0],
							"post": [0, 0, 0]
						}
					}
				}
			},
			"sound_effects": {
				"0.1667": {
					"effect": "pokemon.venusaur.cry"
				}
			}
		},
		"animation.venusaur.recoil": {
			"animation_length": 1,
			"bones": {
				"torso": {
					"rotation": {
						"0.0": [0, 0, 0],
						"0.0417": {
							"pre": [-2.5, 0, 0],
							"post": [-2.5, 0, 0],
							"lerp_mode": "catmullrom"
						},
						"0.2083": {
							"post": [-3.3, 0, 0],
							"lerp_mode": "catmullrom"
						},
						"0.3333": {
							"post": [-2.24, 0, 0],
							"lerp_mode": "catmullrom"
						},
						"0.625": {
							"post": [-0.4, 0, 0],
							"lerp_mode": "catmullrom"
						},
						"0.9167": {
							"post": [0, 0, 0],
							"lerp_mode": "catmullrom"
						},
						"1.0": [0, 0, 0]
					}
				},
				"torso2": {
					"rotation": {
						"0.0": [0, 0, 0],
						"0.0417": {
							"pre": [2.5, 0, 0],
							"post": [2.5, 0, 0],
							"lerp_mode": "catmullrom"
						},
						"0.2917": {
							"post": [3.5, 0, 0],
							"lerp_mode": "catmullrom"
						},
						"0.5": {
							"post": [1.5, 0, 0],
							"lerp_mode": "catmullrom"
						},
						"0.7917": {
							"post": [0.26, 0, 0],
							"lerp_mode": "catmullrom"
						},
						"0.9167": {
							"post": [0, 0, 0],
							"lerp_mode": "catmullrom"
						},
						"1.0": [0, 0, 0]
					}
				},
				"head": {
					"rotation": {
						"0.0": [0, 0, 0],
						"0.0833": {
							"pre": [6.2, 0, 0],
							"post": [6.2, 0, 0],
							"lerp_mode": "catmullrom"
						},
						"0.2917": {
							"post": [6.2, 0, 0],
							"lerp_mode": "catmullrom"
						},
						"0.5": {
							"post": [3.1, 0, 0],
							"lerp_mode": "catmullrom"
						},
						"0.7083": {
							"post": [0.6, 0, 0],
							"lerp_mode": "catmullrom"
						},
						"0.9167": {
							"post": [0, 0, 0],
							"lerp_mode": "catmullrom"
						},
						"1.0": [0, 0, 0]
					}
				},
				"eyelid_recoil_left": {
					"position": {
						"0.0": [0, 0, 0],
						"0.0417": {
							"pre": [0, 0, 0],
							"post": [0.1, 0, 0]
						},
						"0.375": {
							"pre": [0.1, 0, 0],
							"post": [0, 0, 0]
						}
					}
				},
				"eyebrow_left": {
					"position": {
						"0.0": [0, 0, 0],
						"0.0417": {
							"pre": [0, 0, 0],
							"post": [0, -0.75, 0]
						},
						"0.375": {
							"pre": [0, -0.75, 0],
							"post": [0, 0, 0]
						}
					}
				},
				"eyelid_recoil_right": {
					"position": {
						"0.0": [0, 0, 0],
						"0.0417": {
							"pre": [0, 0, 0],
							"post": [-0.1, 0, 0]
						},
						"0.375": {
							"pre": [-0.1, 0, 0],
							"post": [0, 0, 0]
						}
					}
				},
				"eyebrow_right": {
					"position": {
						"0.0": [0, 0, 0],
						"0.0417": {
							"pre": [0, 0, 0],
							"post": [0, -0.75, 0]
						},
						"0.375": {
							"pre": [0, -0.75, 0],
							"post": [0, 0, 0]
						}
					}
				},
				"jaw": {
					"rotation": {
						"0.0": [0, 0, 0],
						"0.0417": {
							"pre": [2.2, 0, 0],
							"post": [2.2, 0, 0],
							"lerp_mode": "catmullrom"
						},
						"0.375": {
							"post": [3.2, 0, 0],
							"lerp_mode": "catmullrom"
						},
						"0.7083": {
							"post": [0.5, 0, 0],
							"lerp_mode": "catmullrom"
						},
						"0.9167": {
							"post": [0, 0, 0],
							"lerp_mode": "catmullrom"
						},
						"1.0": [0, 0, 0]
					}
				},
				"leaves": {
					"rotation": {
						"0.0": [0, 0, 0],
						"0.0417": {
							"pre": [5, 0, 0],
							"post": [5, 0, 0],
							"lerp_mode": "catmullrom"
						},
						"0.2083": {
							"post": [1.1, 0, 0],
							"lerp_mode": "catmullrom"
						},
						"0.3333": {
							"post": [0.16, 0, 0],
							"lerp_mode": "catmullrom"
						},
						"0.5": {
							"post": [1.03, 0, 0],
							"lerp_mode": "catmullrom"
						},
						"0.6667": {
							"post": [-0.3, 0, 0],
							"lerp_mode": "catmullrom"
						},
						"0.9167": {
							"post": [0, 0, 0],
							"lerp_mode": "catmullrom"
						},
						"1.0": [0, 0, 0]
					}
				},
				"tree": {
					"rotation": {
						"0.0": [0, 0, 0],
						"0.0417": {
							"pre": [3.6, 0, 0],
							"post": [3.6, 0, 0],
							"lerp_mode": "catmullrom"
						},
						"0.125": {
							"post": [2.98, 0, 0],
							"lerp_mode": "catmullrom"
						},
						"0.3333": {
							"post": [-1.04, 0, 0],
							"lerp_mode": "catmullrom"
						},
						"0.5": {
							"post": [1.96, 0, 0],
							"lerp_mode": "catmullrom"
						},
						"0.6667": {
							"post": [0.5, 0, 0],
							"lerp_mode": "catmullrom"
						},
						"0.9167": {
							"post": [0, 0, 0],
							"lerp_mode": "catmullrom"
						},
						"1.0": [0, 0, 0]
					}
				}
			}
		},
		"animation.venusaur.look_quirk": {
			"animation_length": 4,
			"bones": {
				"torso": {
					"rotation": {
						"0.0": [0, 0, 0],
						"0.25": {
							"pre": [0, 0, 1.25],
							"post": [0, 0, 1.25],
							"lerp_mode": "catmullrom"
						},
						"0.5": {
							"post": [0, 0, 1.7],
							"lerp_mode": "catmullrom"
						},
						"0.75": {
							"post": [0, 0, 2.1],
							"lerp_mode": "catmullrom"
						},
						"1.0417": {
							"post": [0, 0, 2.1],
							"lerp_mode": "catmullrom"
						},
						"1.25": {
							"post": [0, 0, 1.8],
							"lerp_mode": "catmullrom"
						},
						"1.5": {
							"post": [0, 0, 0.67],
							"lerp_mode": "catmullrom"
						},
						"1.75": {
							"post": [0, 0, -1.76],
							"lerp_mode": "catmullrom"
						},
						"2.0833": {
							"post": [0, 0, -4.34],
							"lerp_mode": "catmullrom"
						},
						"2.375": {
							"post": [0, 0, -4.83],
							"lerp_mode": "catmullrom"
						},
						"3.0": {
							"post": [0, 0, -3],
							"lerp_mode": "catmullrom"
						},
						"3.2083": {
							"post": [0, 0, -1.7],
							"lerp_mode": "catmullrom"
						},
						"3.5833": {
							"post": [0, 0, -0.21],
							"lerp_mode": "catmullrom"
						},
						"3.875": {
							"post": [0, 0, 0],
							"lerp_mode": "catmullrom"
						},
						"4.0": [0, 0, 0]
					}
				},
				"torso2": {
					"rotation": {
						"0.0": [0, 0, 0],
						"0.25": {
							"pre": [0, 1.15, 0],
							"post": [0, 1.15, 0],
							"lerp_mode": "catmullrom"
						},
						"0.5": {
							"post": [0, 2.1, 0],
							"lerp_mode": "catmullrom"
						},
						"1.0": {
							"post": [0, 3.1, 0],
							"lerp_mode": "catmullrom"
						},
						"1.375": {
							"post": [0, 3.1, 0],
							"lerp_mode": "catmullrom"
						},
						"1.75": {
							"post": [0, 2.11, 0],
							"lerp_mode": "catmullrom"
						},
						"1.9583": {
							"post": [0, 0.81, 0],
							"lerp_mode": "catmullrom"
						},
						"2.2083": {
							"post": [0, -1.41, 0],
							"lerp_mode": "catmullrom"
						},
						"2.4167": {
							"post": [0, -2.94, 0],
							"lerp_mode": "catmullrom"
						},
						"3.0": {
							"post": [0, -2.1, 0],
							"lerp_mode": "catmullrom"
						},
						"3.2917": {
							"post": [0, -1.19, 0],
							"lerp_mode": "catmullrom"
						},
						"3.6667": {
							"post": [0, -0.16, 0],
							"lerp_mode": "catmullrom"
						},
						"3.875": {
							"post": [0, 0, 0],
							"lerp_mode": "catmullrom"
						},
						"4.0": [0, 0, 0]
					}
				},
				"neck_flap": {
					"rotation": {
						"0.0": [0, 0, 0],
						"0.75": [0, 0, 0],
						"0.875": {
							"pre": [-1.3, 0, 0],
							"post": [-1.3, 0, 0],
							"lerp_mode": "catmullrom"
						},
						"1.0": {
							"post": [-4, 0, 0],
							"lerp_mode": "catmullrom"
						},
						"1.1667": {
							"post": [-1.9, 0, 0],
							"lerp_mode": "catmullrom"
						},
						"1.3333": {
							"post": [-1, 0, 0],
							"lerp_mode": "catmullrom"
						},
						"1.4167": {
							"post": [-1.48, 0, 0],
							"lerp_mode": "catmullrom"
						},
						"1.5833": {
							"post": [-3.95, 0, 0],
							"lerp_mode": "catmullrom"
						},
						"1.7917": {
							"post": [-3, 0, 0],
							"lerp_mode": "catmullrom"
						},
						"2.0833": {
							"post": [0, 0, 0],
							"lerp_mode": "catmullrom"
						},
						"2.25": {
							"post": [-3.9, 0, 0],
							"lerp_mode": "catmullrom"
						},
						"2.4583": {
							"post": [-9, 0, 0],
							"lerp_mode": "catmullrom"
						},
						"2.6667": {
							"post": [-11, 0, 0],
							"lerp_mode": "catmullrom"
						},
						"2.9167": {
							"post": [-10.36, 0, 0],
							"lerp_mode": "catmullrom"
						},
						"3.25": {
							"post": [-8.2, 0, 0],
							"lerp_mode": "catmullrom"
						},
						"3.5": {
							"post": [-1.93, 0, 0],
							"lerp_mode": "catmullrom"
						},
						"3.7083": {
							"post": [0, 0, 0],
							"lerp_mode": "catmullrom"
						},
						"4.0": [0, 0, 0]
					}
				},
				"head": {
					"rotation": {
						"0.0": [0, 0, 0],
						"0.25": {
							"pre": [0.41, 6.05, 3.09],
							"post": [0.41, 6.05, 3.09],
							"lerp_mode": "catmullrom"
						},
						"0.5": {
							"post": [0.82768, 9.09564, 4.98671],
							"lerp_mode": "catmullrom"
						},
						"0.7917": {
							"post": [-0.90297, 11.06417, 5.37283],
							"lerp_mode": "catmullrom"
						},
						"0.9583": {
							"post": [-4.80297, 11.06417, 5.37283],
							"lerp_mode": "catmullrom"
						},
						"1.2917": {
							"post": [-5.50297, 11.06417, 5.37283],
							"lerp_mode": "catmullrom"
						},
						"1.625": {
							"post": [-4.1, 5.96, 5.37],
							"lerp_mode": "catmullrom"
						},
						"1.875": {
							"post": [0.9, -1.65, 4.18],
							"lerp_mode": "catmullrom"
						},
						"2.0417": [0.9, -5.6, 1.15],
						"2.25": {
							"pre": [0.1, -7.8, 0.59],
							"post": [0.1, -7.8, 0.59],
							"lerp_mode": "catmullrom"
						},
						"2.5": {
							"post": [-1.78121, -8.70527, 1.33787],
							"lerp_mode": "catmullrom"
						},
						"2.6667": {
							"post": [-3.2, -8.36, 0.82],
							"lerp_mode": "catmullrom"
						},
						"3.1667": {
							"post": [-3.19, -5.96, -0.25],
							"lerp_mode": "catmullrom"
						},
						"3.3333": {
							"post": [-1.9, -3.56, -0.94],
							"lerp_mode": "catmullrom"
						},
						"3.625": {
							"post": [-0.6, -0.49, -0.84],
							"lerp_mode": "catmullrom"
						},
						"3.875": {
							"post": [0, 0, 0],
							"lerp_mode": "catmullrom"
						},
						"4.0": [0, 0, 0]
					}
				},
				"pupil_left": {
					"position": {
						"0.0": [0, 0, 0],
						"0.1667": [0, 0, 0],
						"0.2917": {
							"pre": [0, 0, 0],
							"post": [0, -0.25, -0.5]
						},
						"0.9583": [0, -0.25, -0.5],
						"1.0": {
							"pre": [0, -0.25, -0.5],
							"post": [0, 0.5, 0.25]
						},
						"1.5833": {
							"pre": [0, 0.5, 0.25],
							"post": [0, 0.5, 0]
						},
						"1.9583": {
							"pre": [0, 0.5, 0],
							"post": [0, -0.25, 1]
						},
						"2.5": {
							"pre": [0, -0.25, 1],
							"post": [0, 0, 1]
						},
						"3.25": {
							"pre": [0, 0, 1],
							"post": [0, 0, 0.5]
						},
						"3.625": {
							"pre": [0, 0, 0.5],
							"post": [0, 0, 0]
						}
					}
				},
				"eyelid_recoil_left": {
					"position": {
						"0.0": [0, 0, 0],
						"0.125": [0, 0, 0],
						"0.1667": {
							"pre": [0, 0, 0],
							"post": [0.1, 0, 0]
						},
						"0.2917": [0.1, 0, 0],
						"0.3333": {
							"pre": [0.1, 0, 0],
							"post": [0, 0, 0]
						},
						"1.625": [0, 0, 0],
						"1.75": [0, 0, 0],
						"1.7917": {
							"pre": [0, 0, 0],
							"post": [0.1, 0, 0]
						},
						"2.0": [0.1, 0, 0],
						"2.0417": {
							"pre": [0.1, 0, 0],
							"post": [0, 0, 0]
						},
						"3.4583": [0, 0, 0],
						"3.5833": [0, 0, 0],
						"3.625": {
							"pre": [0, 0, 0],
							"post": [0.1, 0, 0]
						},
						"3.75": [0.1, 0, 0],
						"3.7917": {
							"pre": [0.1, 0, 0],
							"post": [0, 0, 0]
						}
					}
				},
				"eyebrow_left": {
					"position": {
						"0.0": [0, 0, 0],
						"0.125": [0, 0, 0],
						"0.1667": {
							"pre": [0, 0, 0],
							"post": [0, -0.75, 0]
						},
						"0.2917": [0, -0.75, 0],
						"0.3333": {
							"pre": [0, -0.75, 0],
							"post": [0, 0, 0]
						},
						"1.625": [0, 0, 0],
						"1.75": [0, 0, 0],
						"1.7917": {
							"pre": [0, 0, 0],
							"post": [0, -0.75, 0]
						},
						"2.0": [0, -0.75, 0],
						"2.0417": {
							"pre": [0, -0.75, 0],
							"post": [0, 0, 0]
						},
						"3.4583": [0, 0, 0],
						"3.5833": [0, 0, 0],
						"3.625": {
							"pre": [0, 0, 0],
							"post": [0, -0.75, 0]
						},
						"3.75": [0, -0.75, 0],
						"3.7917": {
							"pre": [0, -0.75, 0],
							"post": [0, 0, 0]
						}
					}
				},
				"pupil_right": {
					"position": {
						"0.0": [0, 0, 0],
						"0.2917": {
							"pre": [0, 0, 0],
							"post": [0, -0.25, 1]
						},
						"1.0": {
							"pre": [0, -0.25, 1],
							"post": [0, 0.25, 1]
						},
						"1.5833": {
							"pre": [0, 0.25, 1],
							"post": [0, 0.25, 0.5]
						},
						"1.7917": {
							"pre": [0, 0.25, 0.5],
							"post": [0, 0, 0]
						},
						"2.0": {
							"pre": [0, 0, 0],
							"post": [0, -0.25, -0.75]
						},
						"2.5": {
							"pre": [0, -0.25, -0.75],
							"post": [0, 0.25, -0.75]
						},
						"3.25": {
							"pre": [0, 0.25, -0.75],
							"post": [0, 0, -0.5]
						},
						"3.625": {
							"pre": [0, 0, -0.5],
							"post": [0, 0, 0]
						}
					}
				},
				"eyelid_recoil_right": {
					"position": {
						"0.0": [0, 0, 0],
						"0.125": [0, 0, 0],
						"0.1667": {
							"pre": [0, 0, 0],
							"post": [-0.1, 0, 0]
						},
						"0.2917": [-0.1, 0, 0],
						"0.3333": {
							"pre": [-0.1, 0, 0],
							"post": [0, 0, 0]
						},
						"1.625": [0, 0, 0],
						"1.75": [0, 0, 0],
						"1.7917": {
							"pre": [0, 0, 0],
							"post": [-0.1, 0, 0]
						},
						"2.0": [-0.1, 0, 0],
						"2.0417": {
							"pre": [-0.1, 0, 0],
							"post": [0, 0, 0]
						},
						"3.4583": [0, 0, 0],
						"3.5833": [0, 0, 0],
						"3.625": {
							"pre": [0, 0, 0],
							"post": [-0.1, 0, 0]
						},
						"3.75": [-0.1, 0, 0],
						"3.7917": {
							"pre": [-0.1, 0, 0],
							"post": [0, 0, 0]
						}
					}
				},
				"eyebrow_right": {
					"position": {
						"0.0": [0, 0, 0],
						"0.125": [0, 0, 0],
						"0.1667": {
							"pre": [0, 0, 0],
							"post": [0, -0.75, 0]
						},
						"0.2917": [0, -0.75, 0],
						"0.3333": {
							"pre": [0, -0.75, 0],
							"post": [0, 0, 0]
						},
						"1.625": [0, 0, 0],
						"1.75": [0, 0, 0],
						"1.7917": {
							"pre": [0, 0, 0],
							"post": [0, -0.75, 0]
						},
						"2.0": [0, -0.75, 0],
						"2.0417": {
							"pre": [0, -0.75, 0],
							"post": [0, 0, 0]
						},
						"3.4583": [0, 0, 0],
						"3.5833": [0, 0, 0],
						"3.625": {
							"pre": [0, 0, 0],
							"post": [0, -0.75, 0]
						},
						"3.75": [0, -0.75, 0],
						"3.7917": {
							"pre": [0, -0.75, 0],
							"post": [0, 0, 0]
						}
					}
				},
				"ear_right": {
					"rotation": [0, 0, 0]
				},
				"jaw": {
					"rotation": {
						"0.0": [0, 0, 0],
						"0.25": [0, 0, 0],
						"0.7917": [0, 0, 0],
						"0.9583": {
							"pre": [1.53, 0, 0],
							"post": [1.53, 0, 0],
							"lerp_mode": "catmullrom"
						},
						"1.0833": {
							"post": [4.5, 0, 0],
							"lerp_mode": "catmullrom"
						},
						"1.2917": {
							"post": [6.24, 0, 0],
							"lerp_mode": "catmullrom"
						},
						"1.75": {
							"post": [4.5, 0, 0],
							"lerp_mode": "catmullrom"
						},
						"1.875": {
							"post": [1.53, 0, 0],
							"lerp_mode": "catmullrom"
						},
						"2.2083": {
							"post": [-0.13, 0, 0],
							"lerp_mode": "catmullrom"
						},
						"2.5417": {
							"post": [1.4, 0, 0],
							"lerp_mode": "catmullrom"
						},
						"2.7083": {
							"post": [3.7, 0, 0],
							"lerp_mode": "catmullrom"
						},
						"2.8333": {
							"post": [4.8, 0, 0],
							"lerp_mode": "catmullrom"
						},
						"3.0833": {
							"post": [4.9, 0, 0],
							"lerp_mode": "catmullrom"
						},
						"3.3333": {
							"post": [2.32, 0, 0],
							"lerp_mode": "catmullrom"
						},
						"3.5": {
							"post": [0.63, 0, 0],
							"lerp_mode": "catmullrom"
						},
						"3.6667": [0, 0, 0],
						"4.0": [0, 0, 0]
					}
				},
				"foliage": {
					"rotation": {
						"0.0": [0, 0, 0],
						"0.0833": {
							"pre": [0, 0, 1],
							"post": [0, 0, 1],
							"lerp_mode": "catmullrom"
						},
						"0.2917": {
							"post": [0, 0, 3.1],
							"lerp_mode": "catmullrom"
						},
						"0.5": {
							"post": [0, 0, 4.4],
							"lerp_mode": "catmullrom"
						},
						"1.1667": {
							"post": [0, 0, 6.2],
							"lerp_mode": "catmullrom"
						},
						"1.5417": {
							"post": [0, 0, 5.79],
							"lerp_mode": "catmullrom"
						},
						"1.7917": {
							"post": [0, 0, 4.7],
							"lerp_mode": "catmullrom"
						},
						"2.1667": {
							"post": [0, 0, 1],
							"lerp_mode": "catmullrom"
						},
						"2.4583": {
							"post": [0, 0, -1],
							"lerp_mode": "catmullrom"
						},
						"2.8333": {
							"post": [0, 0, -0.8],
							"lerp_mode": "catmullrom"
						},
						"3.25": {
							"post": [0, 0, 1.2],
							"lerp_mode": "catmullrom"
						},
						"3.7917": {
							"post": [0, 0, 0],
							"lerp_mode": "catmullrom"
						},
						"4.0": [0, 0, 0]
					}
				},
				"leaves": {
					"rotation": {
						"0.0": [0, 0, 0],
						"0.1667": {
							"pre": [0, 0, -1.06],
							"post": [0, 0, -1.06],
							"lerp_mode": "catmullrom"
						},
						"0.375": {
							"post": [0, 0, -2.6],
							"lerp_mode": "catmullrom"
						},
						"0.625": {
							"post": [0, 0, -2.12],
							"lerp_mode": "catmullrom"
						},
						"1.0417": {
							"post": [0, 0, -1.57],
							"lerp_mode": "catmullrom"
						},
						"1.5417": {
							"post": [0, 0, -1.2],
							"lerp_mode": "catmullrom"
						},
						"1.875": {
							"post": [0, 0, -0.61],
							"lerp_mode": "catmullrom"
						},
						"2.2083": {
							"post": [0, 0, 0.19],
							"lerp_mode": "catmullrom"
						},
						"2.5417": {
							"post": [0, 0, 1.27],
							"lerp_mode": "catmullrom"
						},
						"3.0": {
							"post": [0, 0, 1.62],
							"lerp_mode": "catmullrom"
						},
						"3.2083": {
							"post": [0, 0, -0.2],
							"lerp_mode": "catmullrom"
						},
						"3.4167": {
							"post": [0, 0, -1.49],
							"lerp_mode": "catmullrom"
						},
						"3.75": {
							"post": [0, 0, -0.05],
							"lerp_mode": "catmullrom"
						},
						"4.0": [0, 0, 0]
					}
				},
				"leaf_front": {
					"rotation": {
						"0.0": [0, 0, 0],
						"0.1667": [0, 2, 0],
						"0.625": {
							"pre": [0, 6.3, 0],
							"post": [0, 6.3, 0],
							"lerp_mode": "catmullrom"
						},
						"0.8333": {
							"post": [-0.38, 8.21, 0.12],
							"lerp_mode": "catmullrom"
						},
						"1.0833": {
							"post": [-3.08323, 8.29693, 0.21545],
							"lerp_mode": "catmullrom"
						},
						"1.4583": {
							"post": [-1.52, 5.4, 0.22],
							"lerp_mode": "catmullrom"
						},
						"1.75": {
							"post": [0.02, 0.6, 0.22],
							"lerp_mode": "catmullrom"
						},
						"1.9167": {
							"post": [1.61, -2.72, -0.12],
							"lerp_mode": "catmullrom"
						},
						"2.125": {
							"post": [4.27573, -8.57178, -1.5802],
							"lerp_mode": "catmullrom"
						},
						"2.375": {
							"post": [2.48, -12.15, -2.24],
							"lerp_mode": "catmullrom"
						},
						"2.6667": {
							"post": [0.38, -13.35, -2.24],
							"lerp_mode": "catmullrom"
						},
						"2.875": {
							"post": [-1.62, -13.35, -2.24],
							"lerp_mode": "catmullrom"
						},
						"3.1667": {
							"post": [-1.72, -10.65, -2.24],
							"lerp_mode": "catmullrom"
						},
						"3.375": {
							"post": [-1.62, -5.85, -2.24],
							"lerp_mode": "catmullrom"
						},
						"3.625": {
							"post": [-1, -0.9, -1.4],
							"lerp_mode": "catmullrom"
						},
						"3.8333": {
							"post": [0, 0, 0],
							"lerp_mode": "catmullrom"
						},
						"4.0": {
							"post": [0, 0, 0],
							"lerp_mode": "catmullrom"
						}
					}
				},
				"tree2": {
					"rotation": {
						"0.0": [0, 0, 0],
						"0.3333": {
							"pre": [0, 0, 0.4],
							"post": [0, 0, 0.4],
							"lerp_mode": "catmullrom"
						},
						"0.7083": {
							"post": [0, 0, 2],
							"lerp_mode": "catmullrom"
						},
						"1.4167": {
							"post": [0, 0, 3.1],
							"lerp_mode": "catmullrom"
						},
						"1.7917": {
							"post": [0, 0, 2.55],
							"lerp_mode": "catmullrom"
						},
						"2.0833": {
							"post": [0, 0, 1.1],
							"lerp_mode": "catmullrom"
						},
						"2.3333": {
							"post": [0, 0, 0],
							"lerp_mode": "catmullrom"
						},
						"2.7083": {
							"post": [0, 0, -0.7],
							"lerp_mode": "catmullrom"
						},
						"3.1667": {
							"post": [0, 0, -0.8],
							"lerp_mode": "catmullrom"
						},
						"3.5833": {
							"post": [0, 0, 0.1],
							"lerp_mode": "catmullrom"
						},
						"3.875": {
							"post": [0, 0, 0],
							"lerp_mode": "catmullrom"
						},
						"4.0": [0, 0, 0]
					}
				},
				"tree3": {
					"rotation": {
						"0.0": [0, 0, 0],
						"0.2917": {
							"pre": [0, 0, 2.5],
							"post": [0, 0, 2.5],
							"lerp_mode": "catmullrom"
						},
						"0.7083": {
							"post": [0, 0, 5],
							"lerp_mode": "catmullrom"
						},
						"1.4167": {
							"post": [0, 0, 5.7],
							"lerp_mode": "catmullrom"
						},
						"1.9167": {
							"post": [0, 0, 4.7],
							"lerp_mode": "catmullrom"
						},
						"2.4583": {
							"post": [0, 0, -0.3],
							"lerp_mode": "catmullrom"
						},
						"2.8333": {
							"post": [0, 0, -1.7],
							"lerp_mode": "catmullrom"
						},
						"3.0833": {
							"post": [0, 0, -1.07],
							"lerp_mode": "catmullrom"
						},
						"3.4167": {
							"post": [0, 0, 0.27],
							"lerp_mode": "catmullrom"
						},
						"3.75": {
							"post": [0, 0, 0],
							"lerp_mode": "catmullrom"
						},
						"4.0": [0, 0, 0]
					}
				},
				"leaf_right": {
					"rotation": {
						"0.0": [0, 0, 0],
						"0.25": {
							"pre": [0, 0, -3],
							"post": [0, 0, -3],
							"lerp_mode": "catmullrom"
						},
						"0.5": {
							"post": [0, 0, -7.37],
							"lerp_mode": "catmullrom"
						},
						"0.875": {
							"post": [0, 0, -10],
							"lerp_mode": "catmullrom"
						},
						"1.4583": {
							"post": [0, 0, -10],
							"lerp_mode": "catmullrom"
						},
						"1.8333": {
							"post": [0, 0, -5],
							"lerp_mode": "catmullrom"
						},
						"2.4167": {
							"post": [0, 0, -2],
							"lerp_mode": "catmullrom"
						},
						"3.2083": {
							"post": [0, 0, 0],
							"lerp_mode": "catmullrom"
						},
						"4.0": [0, 0, 0]
					}
				},
				"leaf_left": {
					"rotation": {
						"0.0": [0, 0, 0],
						"0.2083": {
							"pre": [0, 0, -0.8],
							"post": [0, 0, -0.8],
							"lerp_mode": "catmullrom"
						},
						"0.5": {
							"post": [0, 0, -1.93],
							"lerp_mode": "catmullrom"
						},
						"0.875": {
							"post": [0, 0, -2.5],
							"lerp_mode": "catmullrom"
						},
						"1.75": {
							"post": [0, 0, -2.5],
							"lerp_mode": "catmullrom"
						},
						"2.1667": {
							"post": [0, 0, -0.56],
							"lerp_mode": "catmullrom"
						},
						"2.4583": {
							"post": [0, 0, 2.5],
							"lerp_mode": "catmullrom"
						},
						"2.75": {
							"post": [0, 0, 2.5],
							"lerp_mode": "catmullrom"
						},
						"3.0": {
							"post": [0, 0, 1.33],
							"lerp_mode": "catmullrom"
						},
						"3.25": {
							"post": [0, 0, 0.3],
							"lerp_mode": "catmullrom"
						},
						"3.6667": {
							"post": [0, 0, 0],
							"lerp_mode": "catmullrom"
						},
						"4.0": {
							"post": [0, 0, 0],
							"lerp_mode": "catmullrom"
						}
					}
				},
				"leaf_left3": {
					"rotation": {
						"0.0": [0, 0, 0],
						"0.7917": [0, 0, 0],
						"1.2917": {
							"pre": [0, 0, 7.5],
							"post": [0, 0, 7.5],
							"lerp_mode": "catmullrom"
						},
						"1.5833": {
							"post": [0, 0, 17.5],
							"lerp_mode": "catmullrom"
						},
						"2.0": {
							"post": [0, 0, 15],
							"lerp_mode": "catmullrom"
						},
						"2.25": {
							"post": [0, 0, 10],
							"lerp_mode": "catmullrom"
						},
						"2.5": {
							"post": [0, 0, 0],
							"lerp_mode": "catmullrom"
						},
						"2.7083": {
							"post": [0, 0, -4.9],
							"lerp_mode": "catmullrom"
						},
						"2.875": {
							"post": [0, 0, -5.1],
							"lerp_mode": "catmullrom"
						},
						"3.0417": {
							"post": [0, 0, -4.4],
							"lerp_mode": "catmullrom"
						},
						"3.3333": {
							"post": [0, 0, -1.8],
							"lerp_mode": "catmullrom"
						},
						"3.875": {
							"post": [0, 0, 0],
							"lerp_mode": "catmullrom"
						},
						"4.0": [0, 0, 0]
					}
				},
				"petals_left": {
					"rotation": {
						"0.0": [0, 0, 0],
						"0.3333": {
							"pre": [0, 0, 0.86],
							"post": [0, 0, 0.86],
							"lerp_mode": "catmullrom"
						},
						"0.8333": {
							"post": [0, 0, 1.9],
							"lerp_mode": "catmullrom"
						},
						"1.125": {
							"post": [0, 0, 2.3],
							"lerp_mode": "catmullrom"
						},
						"1.5417": {
							"post": [0, 0, 2.28],
							"lerp_mode": "catmullrom"
						},
						"2.0417": {
							"post": [0, 0, 0.92],
							"lerp_mode": "catmullrom"
						},
						"2.2917": {
							"post": [0, 0, -0.19],
							"lerp_mode": "catmullrom"
						},
						"2.5833": {
							"post": [0, 0, -0.68],
							"lerp_mode": "catmullrom"
						},
						"2.9167": {
							"post": [0, 0, -0.4],
							"lerp_mode": "catmullrom"
						},
						"3.2917": {
							"post": [0, 0, 0],
							"lerp_mode": "catmullrom"
						},
						"4.0": {
							"post": [0, 0, 0],
							"lerp_mode": "catmullrom"
						}
					}
				},
				"petals_right": {
					"rotation": {
						"0.0": [0, 0, 0],
						"0.3333": {
							"pre": [0, 0, 0.86],
							"post": [0, 0, 0.86],
							"lerp_mode": "catmullrom"
						},
						"0.8333": {
							"post": [0, 0, 1.9],
							"lerp_mode": "catmullrom"
						},
						"1.125": {
							"post": [0, 0, 2.3],
							"lerp_mode": "catmullrom"
						},
						"1.5417": {
							"post": [0, 0, 2.28],
							"lerp_mode": "catmullrom"
						},
						"2.0417": {
							"post": [0, 0, 0.92],
							"lerp_mode": "catmullrom"
						},
						"2.2917": {
							"post": [0, 0, -0.19],
							"lerp_mode": "catmullrom"
						},
						"2.5833": {
							"post": [0, 0, -0.68],
							"lerp_mode": "catmullrom"
						},
						"2.9167": {
							"post": [0, 0, -0.4],
							"lerp_mode": "catmullrom"
						},
						"3.2917": {
							"post": [0, 0, 0],
							"lerp_mode": "catmullrom"
						},
						"4.0": {
							"post": [0, 0, 0],
							"lerp_mode": "catmullrom"
						}
					}
				}
			}
		}
	}
}