{
	"format_version": "1.12.0",
	"minecraft:geometry": [
		{
			"description": {
				"identifier": "geometry.slaking",
				"texture_width": 256,
				"texture_height": 256,
				"visible_bounds_width": 8,
				"visible_bounds_height": 4.5,
				"visible_bounds_offset": [0, 1.75, 0]
			},
			"bones": [
				{
					"name": "slaking",
					"pivot": [0, 0, 0]
				},
				{
					"name": "body",
					"parent": "slaking",
					"pivot": [0, 20.75, 0]
				},
				{
					"name": "torso",
					"parent": "body",
					"pivot": [0, 11.75, 0],
					"cubes": [
						{"origin": [-9, 8.75, -8], "size": [18, 13, 15], "uv": [0, 0]}
					]
				},
				{
					"name": "upper_torso",
					"parent": "torso",
					"pivot": [0, 21.75, 7.5],
					"rotation": [5, 0, 0],
					"cubes": [
						{"origin": [-8.5, 21.75, -7.5], "size": [17, 12, 14], "uv": [0, 28]},
						{"origin": [-8.5, 21.75, -7.5], "size": [17, 12, 3], "inflate": 0.25, "uv": [42, 94]}
					]
				},
				{
					"name": "arm_left",
					"parent": "upper_torso",
					"pivot": [8.5, 32.25, 0],
					"cubes": [
						{"origin": [7.5, 25.25, -4], "size": [15, 7, 8], "uv": [61, 79]}
					]
				},
				{
					"name": "arm_left2",
					"parent": "arm_left",
					"pivot": [22.5, 28.75, 4],
					"cubes": [
						{"origin": [22.5, 24.75, -4.5], "size": [14, 8, 9], "inflate": 0.01, "uv": [23, 70]},
						{"origin": [36.25, 24.75, -4.5], "size": [2, 8, 0], "pivot": [36.5, 28.75, -4.5], "rotation": [0, 67.5, 0], "uv": [80, 44]},
						{"origin": [36.25, 24.75, 4.5], "size": [2, 8, 0], "pivot": [36.5, 28.75, 4.5], "rotation": [0, -67.5, 0], "uv": [76, 44]},
						{"origin": [36.25, 32.75, -4.5], "size": [2, 0, 9], "pivot": [36.5, 32.75, 1], "rotation": [0, 0, -67.5], "uv": [42, 0]},
						{"origin": [36.25, 24.75, -4.5], "size": [2, 0, 9], "pivot": [36.5, 24.75, 1], "rotation": [0, 0, 67.5], "uv": [39, 28]}
					]
				},
				{
					"name": "hand_left",
					"parent": "arm_left2",
					"pivot": [36.5, 28.75, 0],
					"cubes": [
						{"origin": [36.5, 26.75, -4.5], "size": [6, 4, 9], "uv": [105, 103]}
					]
				},
				{
					"name": "left_index_finger",
					"parent": "hand_left",
					"pivot": [42.5, 30.75, -3],
					"cubes": [
						{"origin": [42.5, 28.75, -4], "size": [4, 2, 2], "uv": [36, 109]}
					]
				},
				{
					"name": "left_index_finger_tip",
					"parent": "left_index_finger",
					"pivot": [46.5, 30.75, -3],
					"cubes": [
						{"origin": [46.5, 28.75, -4], "size": [4, 2, 2], "inflate": 0.01, "uv": [24, 109]}
					]
				},
				{
					"name": "left_middle_finger",
					"parent": "hand_left",
					"pivot": [42.5, 30.75, -1],
					"cubes": [
						{"origin": [42.5, 28.75, -2], "size": [4, 2, 2], "uv": [24, 105]}
					]
				},
				{
					"name": "left_middle_finger_tip",
					"parent": "left_middle_finger",
					"pivot": [46.5, 30.75, -1],
					"cubes": [
						{"origin": [46.5, 28.75, -2], "size": [4, 2, 2], "inflate": 0.01, "uv": [102, 7]}
					]
				},
				{
					"name": "left_ring_finger",
					"parent": "hand_left",
					"pivot": [42.5, 30.75, 1],
					"cubes": [
						{"origin": [42.5, 28.75, 0], "size": [4, 2, 2], "uv": [99, 83]}
					]
				},
				{
					"name": "left_ring_finger_tip",
					"parent": "left_ring_finger",
					"pivot": [46.5, 30.75, 1],
					"cubes": [
						{"origin": [46.5, 28.75, 0], "size": [4, 2, 2], "inflate": 0.01, "uv": [98, 40]}
					]
				},
				{
					"name": "left_pinky_finger",
					"parent": "hand_left",
					"pivot": [42.5, 30.75, 3],
					"cubes": [
						{"origin": [42.5, 28.75, 2], "size": [4, 2, 2], "uv": [32, 93]}
					]
				},
				{
					"name": "left_pinky_finger_tip",
					"parent": "left_pinky_finger",
					"pivot": [46.5, 30.75, 3],
					"cubes": [
						{"origin": [46.5, 28.75, 2], "size": [3, 2, 2], "inflate": 0.01, "uv": [48, 109]}
					]
				},
				{
					"name": "left_thumb",
					"parent": "hand_left",
					"pivot": [39.5, 28.75, -4.5],
					"cubes": [
						{"origin": [38.5, 27.75, -5.5], "size": [4, 2, 2], "uv": [92, 9]}
					]
				},
				{
					"name": "left_thumb_tip",
					"parent": "left_thumb",
					"pivot": [42.5, 28.75, -5.5],
					"cubes": [
						{"origin": [42.5, 27.75, -5.5], "size": [3, 2, 2], "inflate": 0.01, "uv": [0, 93]}
					]
				},
				{
					"name": "arm_right",
					"parent": "upper_torso",
					"pivot": [-8.5, 32.25, 0],
					"cubes": [
						{"origin": [-22.5, 25.25, -4], "size": [15, 7, 8], "uv": [76, 44]}
					]
				},
				{
					"name": "arm_right2",
					"parent": "arm_right",
					"pivot": [-22.5, 28.75, 4],
					"cubes": [
						{"origin": [-36.5, 24.75, -4.5], "size": [14, 8, 9], "inflate": 0.01, "uv": [65, 62]},
						{"origin": [-38.25, 24.75, -4.5], "size": [2, 8, 0], "pivot": [-36.5, 28.75, -4.5], "rotation": [0, -67.5, 0], "uv": [60, 70]},
						{"origin": [-38.25, 24.75, 4.5], "size": [2, 8, 0], "pivot": [-36.5, 28.75, 4.5], "rotation": [0, 67.5, 0], "uv": [12, 64]},
						{"origin": [-38.25, 32.75, -4.5], "size": [2, 0, 9], "pivot": [-36.5, 32.75, 1], "rotation": [0, 0, 67.5], "uv": [0, 28]},
						{"origin": [-38.25, 24.75, -4.5], "size": [2, 0, 9], "pivot": [-36.5, 24.75, 1], "rotation": [0, 0, -67.5], "uv": [0, 0]}
					]
				},
				{
					"name": "hand_right",
					"parent": "arm_right2",
					"pivot": [-36.5, 28.75, 0],
					"cubes": [
						{"origin": [-42.5, 26.75, -4.5], "size": [6, 4, 9], "uv": [102, 70]}
					]
				},
				{
					"name": "right_index_finger",
					"parent": "hand_right",
					"pivot": [-42.5, 30.75, -3],
					"cubes": [
						{"origin": [-46.5, 28.75, -4], "size": [4, 2, 2], "uv": [92, 5]}
					]
				},
				{
					"name": "right_index_finger_tip",
					"parent": "right_index_finger",
					"pivot": [-46.5, 30.75, -3],
					"cubes": [
						{"origin": [-50.5, 28.75, -4], "size": [4, 2, 2], "inflate": 0.01, "uv": [0, 80]}
					]
				},
				{
					"name": "right_middle_finger",
					"parent": "hand_right",
					"pivot": [-42.5, 30.75, -1],
					"cubes": [
						{"origin": [-46.5, 28.75, -2], "size": [4, 2, 2], "uv": [0, 76]}
					]
				},
				{
					"name": "right_middle_finger_tip",
					"parent": "right_middle_finger",
					"pivot": [-46.5, 30.75, -1],
					"cubes": [
						{"origin": [-50.5, 28.75, -2], "size": [4, 2, 2], "inflate": 0.01, "uv": [0, 72]}
					]
				},
				{
					"name": "right_ring_finger",
					"parent": "hand_right",
					"pivot": [-42.5, 30.75, 1],
					"cubes": [
						{"origin": [-46.5, 28.75, 0], "size": [4, 2, 2], "uv": [0, 68]}
					]
				},
				{
					"name": "right_ring_finger_tip",
					"parent": "right_ring_finger",
					"pivot": [-46.5, 30.75, 1],
					"cubes": [
						{"origin": [-50.5, 28.75, 0], "size": [4, 2, 2], "inflate": 0.01, "uv": [0, 64]}
					]
				},
				{
					"name": "right_pinky_finger",
					"parent": "hand_right",
					"pivot": [-42.5, 30.75, 3],
					"cubes": [
						{"origin": [-46.5, 28.75, 2], "size": [4, 2, 2], "uv": [51, 9]}
					]
				},
				{
					"name": "right_pinky_finger_tip",
					"parent": "right_pinky_finger",
					"pivot": [-46.5, 30.75, 3],
					"cubes": [
						{"origin": [-49.5, 28.75, 2], "size": [3, 2, 2], "inflate": 0.01, "uv": [0, 89]}
					]
				},
				{
					"name": "right_thumb",
					"parent": "hand_right",
					"pivot": [-39.5, 28.75, -4.5],
					"cubes": [
						{"origin": [-42.5, 27.75, -5.5], "size": [4, 2, 2], "uv": [48, 37]}
					]
				},
				{
					"name": "right_thumb_tip",
					"parent": "right_thumb",
					"pivot": [-42.5, 28.75, -5.5],
					"cubes": [
						{"origin": [-45.5, 27.75, -5.5], "size": [3, 2, 2], "inflate": 0.01, "uv": [52, 33]}
					]
				},
				{
					"name": "neck",
					"parent": "upper_torso",
					"pivot": [0, 20.85, 7.5],
					"cubes": [
						{"origin": [-9, 33.85, -8.25], "size": [18, 0, 16], "uv": [46, 28]},
						{"origin": [-7, 33.85, -7.25], "size": [14, 1, 13], "uv": [51, 0]}
					]
				},
				{
					"name": "head",
					"parent": "neck",
					"pivot": [0, 36.07569, -2.00761],
					"rotation": [-5, 0, 0],
					"cubes": [
						{"origin": [-5.5, 37.0833, -6.8333], "size": [11, 8, 10], "inflate": 0.005, "uv": [0, 87]},
						{"origin": [-5.5, 39.98561, -7.71673], "size": [11, 5, 1], "inflate": -0.01, "pivot": [0, 39.98561, -6.71673], "rotation": [-10, 0, 0], "uv": [32, 87]},
						{"origin": [-5.5, 34.0833, -3.8333], "size": [11, 3, 7], "uv": [99, 30]},
						{"origin": [5.5, 34.0833, -4.8333], "size": [0, 3, 1], "uv": [13, 3]},
						{"origin": [-5.5, 34.0833, -4.8333], "size": [0, 3, 1], "uv": [13, 0]},
						{"origin": [1.2, 38.3333, -6.8333], "size": [4, 3, 0], "inflate": 0.01, "pivot": [3.35, 40.0833, -6.8333], "rotation": [0, 0, 2.5], "uv": [23, 72]},
						{"origin": [-5.2, 38.3333, -6.8333], "size": [4, 3, 0], "inflate": 0.01, "pivot": [-3.35, 40.0833, -6.8333], "rotation": [0, 0, -2.5], "uv": [55, 0]},
						{"origin": [3.9, 36.8333, -6.7833], "size": [1, 1, 0], "inflate": 0.01, "pivot": [3.75, 35.0833, -7.8133], "rotation": [0, 0, -45], "uv": [13, 0]},
						{"origin": [-4.9, 36.8333, -6.7833], "size": [1, 1, 0], "inflate": 0.01, "pivot": [-3.75, 35.0833, -7.8133], "rotation": [0, 0, 45], "uv": [6, 0]}
					]
				},
				{
					"name": "jaw",
					"parent": "head",
					"pivot": [0, 37.0833, -3.8333],
					"cubes": [
						{"origin": [-5.5, 34.0833, -7.8333], "size": [11, 3, 4], "inflate": 0.01, "uv": [32, 54]},
						{"origin": [5.5, 37.0833, -6.8333], "size": [0, 3, 3], "uv": [55, 3]},
						{"origin": [-5.5, 37.0833, -6.8333], "size": [0, 3, 3], "uv": [55, 0]},
						{"origin": [2.65, 35.5833, -7.3333], "size": [2, 2, 0], "inflate": 0.01, "pivot": [3.75, 37.0833, -7.8133], "rotation": [0, 0, -45], "uv": [13, 54]},
						{"origin": [-4.65, 35.5833, -7.3333], "size": [2, 2, 0], "inflate": 0.01, "pivot": [-3.75, 37.0833, -7.8133], "rotation": [0, 0, 45], "uv": [10, 39]}
					]
				},
				{
					"name": "nose",
					"parent": "head",
					"pivot": [0, 38.0833, -6.8333],
					"cubes": [
						{"origin": [-2, 36.5833, -7.8333], "size": [4, 3, 1], "inflate": 0.02, "uv": [58, 109]},
						{"origin": [-2, 36.5833, -7.8333], "size": [4, 3, 1], "inflate": 0.02, "uv": [58, 109]},
						{"origin": [-1.5, 37.5833, -7.8333], "size": [3, 1, 0], "inflate": 0.025, "uv": [48, 41]}
					]
				},
				{
					"name": "left_head_tuft",
					"parent": "head",
					"pivot": [0, 44.8333, -2.3333],
					"rotation": [0, 0, -20],
					"cubes": [
						{"origin": [0, 44.8333, -2.3233], "size": [4, 2, 0], "uv": [0, 40]}
					]
				},
				{
					"name": "right_head_tuft",
					"parent": "head",
					"pivot": [0, 44.8333, -2.3333],
					"rotation": [0, 0, 20],
					"cubes": [
						{"origin": [-4, 44.8333, -2.3233], "size": [4, 2, 0], "uv": [0, 40], "mirror": true}
					]
				},
				{
					"name": "eyes",
					"parent": "head",
					"pivot": [0, 20.0833, 6.1667]
				},
				{
					"name": "left_eye",
					"parent": "eyes",
					"pivot": [3.125, 39.9333, -6.8333],
					"cubes": [
						{"origin": [1.75, 39.1333, -6.8333], "size": [3, 2, 0], "inflate": 0.015, "pivot": [3.25, 40.1333, -6.8333], "rotation": [0, 0, 5], "uv": [23, 77]},
						{"origin": [2.5, 39.5333, -6.8333], "size": [1, 1, 0], "inflate": 0.02, "uv": [13, 7]}
					]
				},
				{
					"name": "right_eye",
					"parent": "eyes",
					"pivot": [-3.125, 39.9333, -6.8333],
					"cubes": [
						{"origin": [-4.75, 39.1333, -6.8333], "size": [3, 2, 0], "inflate": 0.015, "pivot": [-3.25, 40.1333, -6.8333], "rotation": [0, 0, -5], "uv": [0, 35]},
						{"origin": [-3.5, 39.5333, -6.8333], "size": [1, 1, 0], "inflate": 0.02, "uv": [6, 1]}
					]
				},
				{
					"name": "closed",
					"parent": "eyes",
					"pivot": [0, 20.0833, 6.2667],
					"cubes": [
						{"origin": [1.75, 38.9333, -6.7333], "size": [3, 2, 0], "inflate": 0.03, "pivot": [3.25, 39.9333, -6.7333], "rotation": [0, 0, 5], "uv": [23, 75]},
						{"origin": [-4.75, 38.9333, -6.7333], "size": [3, 2, 0], "inflate": 0.03, "pivot": [-3.25, 39.9333, -6.7333], "rotation": [0, 0, -5], "uv": [0, 0]}
					]
				},
				{
					"name": "front_neck_fluff_lower",
					"parent": "neck",
					"pivot": [0, 33.85, -8.25],
					"cubes": [
						{"origin": [-10.5, 33.85, -16.25], "size": [21, 0, 8], "pivot": [0, 33.85, -8.25], "rotation": [75, 0, 0], "uv": [58, 14]}
					]
				},
				{
					"name": "front_neck_fluff_upper",
					"parent": "neck",
					"pivot": [0, 34.85, -7.5],
					"cubes": [
						{"origin": [-8, 34.85, -12.25], "size": [16, 0, 5], "pivot": [0, 34.85, -7.25], "rotation": [45, 0, 0], "uv": [87, 0]}
					]
				},
				{
					"name": "back_neck_fluff_lower",
					"parent": "neck",
					"pivot": [0, 33.85, 7.75],
					"cubes": [
						{"origin": [-10.5, 33.85, 7.75], "size": [21, 0, 8], "pivot": [0, 33.85, 7.75], "rotation": [-75, 0, 0], "uv": [24, 62]}
					]
				},
				{
					"name": "back_neck_fluff_upper",
					"parent": "neck",
					"pivot": [0, 34.85, 5.75],
					"cubes": [
						{"origin": [-8, 34.85, 5.75], "size": [16, 0, 5], "pivot": [0, 34.85, 5.75], "rotation": [-25, 0, 0], "uv": [61, 22]}
					]
				},
				{
					"name": "left_neck_fluff_lower",
					"parent": "neck",
					"pivot": [9, 33.85, 0],
					"cubes": [
						{"origin": [9, 33.85, -9.25], "size": [7, 0, 18], "pivot": [9, 33.85, 0.5], "rotation": [0, 0, 45], "uv": [0, 54]}
					]
				},
				{
					"name": "left_neck_fluff_upper",
					"parent": "neck",
					"pivot": [7, 34.85, -0.75],
					"cubes": [
						{"origin": [7, 34.85, -8.25], "size": [4, 0, 15], "pivot": [7, 34.85, -0.75], "rotation": [0, 0, 25], "uv": [83, 22]}
					]
				},
				{
					"name": "right_neck_fluff_lower",
					"parent": "neck",
					"pivot": [-9, 33.85, -0.25],
					"cubes": [
						{"origin": [-16, 33.85, -9.25], "size": [7, 0, 18], "pivot": [-9, 33.85, 0.5], "rotation": [0, 0, -45], "uv": [44, 44]}
					]
				},
				{
					"name": "right_neck_fluff_upper",
					"parent": "neck",
					"pivot": [-7, 34.85, -0.75],
					"cubes": [
						{"origin": [-11, 34.85, -8.25], "size": [4, 0, 15], "pivot": [-7, 34.85, -0.75], "rotation": [0, 0, -25], "uv": [0, 72]}
					]
				},
				{
					"name": "leg_left",
					"parent": "body",
					"pivot": [6.5, 11.25, -0.5],
					"rotation": [0, -60, 0],
					"cubes": [
						{"origin": [4, 4.25, -5], "size": [8, 10, 8], "pivot": [6.5, 11.25, -0.5], "rotation": [-45, 0, 0], "uv": [0, 105]}
					]
				},
				{
					"name": "leg_left2",
					"parent": "leg_left",
					"pivot": [8, 9.5, -8.8],
					"rotation": [7.5, 0, 0],
					"cubes": [
						{"origin": [4.5, 2.48223, -8.63173], "size": [7, 7, 7], "inflate": 0.01, "uv": [106, 87]},
						{"origin": [4.5, 0.73223, -8.63173], "size": [0, 2, 7], "pivot": [4.5, 2.73223, -5.63173], "rotation": [0, 0, 67.5], "uv": [0, 30]},
						{"origin": [11.5, 2.73223, -8.63173], "size": [0, 2, 7], "pivot": [11.5, 2.73223, -5.63173], "rotation": [0, 0, 112.5], "uv": [0, 6]},
						{"origin": [7.5, -0.26777, -10.63173], "size": [0, 7, 2], "pivot": [7.5, 2.73223, -8.63173], "rotation": [0, -22.5, 90], "uv": [4, 26]},
						{"origin": [7.5, -0.26777, -1.63173], "size": [0, 7, 2], "pivot": [7.5, 2.73223, -1.63173], "rotation": [0, 22.5, 90], "uv": [0, 26]}
					]
				},
				{
					"name": "foot_left",
					"parent": "leg_left2",
					"pivot": [8, 2.5, -5.25],
					"rotation": [-7.5, 0, 0],
					"cubes": [
						{"origin": [4.5, -0.51777, -8.63173], "size": [7, 3, 7], "uv": [108, 5]}
					]
				},
				{
					"name": "big_toe_left",
					"parent": "foot_left",
					"pivot": [5.5, 1.5, -8.65],
					"cubes": [
						{"origin": [4.5, -0.51777, -11.63173], "size": [2, 2, 3], "pivot": [6.5, 0.48223, -8.63173], "rotation": [0, 2.5, 0], "uv": [0, 84]}
					]
				},
				{
					"name": "toes_left",
					"parent": "foot_left",
					"pivot": [9, 1.5, -8.65],
					"cubes": [
						{"origin": [6.5, -0.51777, -11.63173], "size": [5, 2, 3], "pivot": [6.5, 0.48223, -8.63173], "rotation": [0, -5, 0], "uv": [0, 59]}
					]
				},
				{
					"name": "leg_right",
					"parent": "body",
					"pivot": [-6.5, 11.25, -0.5],
					"rotation": [0, 60, 0],
					"cubes": [
						{"origin": [-12, 4.25, -5], "size": [8, 10, 8], "pivot": [-6.5, 11.25, -0.5], "rotation": [-45, 0, 0], "uv": [82, 94]}
					]
				},
				{
					"name": "leg_right2",
					"parent": "leg_right",
					"pivot": [-8, 9.5, -8.8],
					"rotation": [7.5, 0, 0],
					"cubes": [
						{"origin": [-11.5, 2.48223, -8.63173], "size": [7, 7, 7], "inflate": 0.01, "uv": [106, 15]},
						{"origin": [-4.5, 0.73223, -8.63173], "size": [0, 2, 7], "pivot": [-4.5, 2.73223, -5.63173], "rotation": [0, 0, -67.5], "uv": [0, 4]},
						{"origin": [-11.5, 2.73223, -8.63173], "size": [0, 2, 7], "pivot": [-11.5, 2.73223, -5.63173], "rotation": [0, 0, -112.5], "uv": [0, 2]},
						{"origin": [-7.5, -0.26777, -10.63173], "size": [0, 7, 2], "pivot": [-7.5, 2.73223, -8.63173], "rotation": [0, 22.5, -90], "uv": [4, 0]},
						{"origin": [-7.5, -0.26777, -1.63173], "size": [0, 7, 2], "pivot": [-7.5, 2.73223, -1.63173], "rotation": [0, -22.5, -90], "uv": [0, 0]}
					]
				},
				{
					"name": "foot_right",
					"parent": "leg_right2",
					"pivot": [-8, 2.5, -5.25],
					"rotation": [-7.5, 0, 0],
					"cubes": [
						{"origin": [-11.5, -0.51777, -8.63173], "size": [7, 3, 7], "uv": [102, 59]}
					]
				},
				{
					"name": "big_toe_right",
					"parent": "foot_right",
					"pivot": [-5.5, 1.5, -8.65],
					"cubes": [
						{"origin": [-6.5, -0.51777, -11.63173], "size": [2, 2, 3], "pivot": [-6.5, 0.48223, -8.63173], "rotation": [0, -2.5, 0], "uv": [52, 28]}
					]
				},
				{
					"name": "toes_right",
					"parent": "foot_right",
					"pivot": [-9, 1.5, -8.65],
					"cubes": [
						{"origin": [-11.5, -0.51777, -11.63173], "size": [5, 2, 3], "pivot": [-6.5, 0.48223, -8.63173], "rotation": [0, 5, 0], "uv": [0, 54]}
					]
				}
			]
		}
	]
}