{
    "format_version": "1.10.0",
    "particle_effect": {
        "description": {
            "identifier": "cobblemon:krabby_bubbles",
            "basic_render_parameters": {
                "material": "particles_alpha",
                "texture": "textures/particles/bubble"
            }
        },
        "events": {
            "event_pop": {
                "particle_effect": {
                    "effect": "cobblemon:krabby_bubble_pop",
                    "type": "particle"
                }
            }
        },
        "components": {
            "minecraft:emitter_rate_steady": {
                "spawn_rate": 2,
                "max_particles": 20
            },
            "minecraft:emitter_lifetime_once": {
                "active_time": 10
            },
            "minecraft:emitter_shape_point": {
                "direction": [
                    "math.random(-0.4,0.4)",
                    0,
                    -1
                ]
            },
            "minecraft:particle_lifetime_expression": {
                "max_lifetime": 10
            },
            "minecraft:particle_lifetime_events": {
                "expiration_event": "event_pop"
            },
            "minecraft:particle_initial_speed": 1.5,
            "minecraft:particle_motion_dynamic": {
                "linear_acceleration": [
                    "math.random(-1,1)",
                    "math.clamp(v.particle_random_4*0.2, 0.1,1)",
                    "math.random(-1,1)"
                ],
                "linear_drag_coefficient": 0.5
            },
            "minecraft:particle_appearance_billboard": {
                "size": [
                    "math.clamp(v.particle_random_3*0.1, 0.1,0.2)",
                    "math.clamp(v.particle_random_3*0.1, 0.1,0.2)"
                ],
                "facing_camera_mode": "rotate_xyz",
                "uv": {
                    "texture_width": 16,
                    "texture_height": 48,
                    "flipbook": {
                        "base_UV": [
                            0,
                            0
                        ],
                        "size_UV": [
                            16,
                            16
                        ],
                        "step_UV": [
                            0,
                            16
                        ],
                        "frames_per_second": 3,
                        "max_frame": 3,
                        "loop": true
                    }
                }
            },
            "minecraft:particle_motion_collision": {
                "expire_on_contact": true
            },
            "cobblemon:emitter_space": {
                "scaling": "entity"
            }
        }
    }
}