{
    "format_version": "1.10.0",
    "particle_effect": {
        "description": {
            "identifier": "cobblemon:krabby_bubble_handler",
            "basic_render_parameters": {
                "material": "particles_alpha",
                "texture": "textures/particles/invisible"
            }
        },
        "events": {
            "event_bubbles": {
                "particle_effect": {
                    "effect": "cobblemon:krabby_bubbles",
                    "type": "emitter_bound"
                }
            },
            "event_big_bubbles": {
                "particle_effect": {
                    "effect": "cobblemon:krabby_big_bubbles",
                    "type": "emitter_bound"
                }
            }
        },
        "components": {
            "minecraft:emitter_rate_instant": {
                "num_particles": 1
            },
            "minecraft:emitter_lifetime_once": {
                "active_time": 25
            },
            "minecraft:emitter_lifetime_events": {
                "creation_event": [
                    "event_bubbles",
                    "event_big_bubbles"
                ]
            },
            "minecraft:emitter_shape_point": {},
            "minecraft:particle_lifetime_expression": {
                "max_lifetime": 1,
                "expiration_expression": 1
            },
            "minecraft:particle_initial_speed": 0,
            "minecraft:particle_motion_dynamic": {},
            "minecraft:particle_appearance_billboard": {
                "size": [
                    0.2,
                    0.2
                ],
                "facing_camera_mode": "rotate_xyz",
                "uv": {
                    "texture_width": 8,
                    "texture_height": 8,
                    "uv": [
                        0,
                        0
                    ],
                    "uv_size": [
                        8,
                        8
                    ]
                }
            },
            "cobblemon:emitter_space": {
                "scaling": "entity"
            }
        }
    }
}