{
	"format_version": "1.8.0",
	"animations": {
		"animation.munchlax.ground_idle": {
			"loop": true,
			"animation_length": 4,
			"bones": {
				"arm_right": {
					"rotation": ["4.0978-math.sin(q.anim_time*90*2-180)*2", 4.6475, "-39.6689+math.sin(q.anim_time*90*2-120)*1"]
				},
				"arm_left": {
					"rotation": ["4.0978-math.sin(q.anim_time*90*2-180)*2", -4.6475, "39.6689-math.sin(q.anim_time*90*2-120)*1"]
				},
				"torso": {
					"rotation": ["-math.sin(q.anim_time*90*2-60)*1", "math.sin(q.anim_time*90*1)*0.5", 0],
					"position": [0, "-0.2+math.sin(q.anim_time*90*2)*0.05", 0]
				},
				"fur_front": {
					"rotation": [13, 0, 0]
				},
				"fur_right": {
					"rotation": [0, 0, -8]
				},
				"fur_left": {
					"rotation": [0, 0, 8]
				},
				"fur_back": {
					"rotation": [-9, 0, 0]
				},
				"head": {
					"rotation": ["-math.sin(q.anim_time*90*2-200)*0.5", "-math.sin(q.anim_time*90*1-30)*0.5", "math.sin(q.anim_time*90*1-120)*1"]
				},
				"ear_right": {
					"rotation": [0, 0, "math.sin(q.anim_time*90*2-120)*1"]
				},
				"ear_left": {
					"rotation": [0, 0, "-math.sin(q.anim_time*90*2-120)*1"]
				},
				"arm_right2": {
					"rotation": [0, -10, 0]
				},
				"finger_pinkie_right": {
					"rotation": [0, 0, -19]
				},
				"finger_ring_right": {
					"rotation": [0, 0, -19]
				},
				"finger_middle_right": {
					"rotation": [0, 0, -19]
				},
				"finger_index_right": {
					"rotation": [0, 0, -19]
				},
				"finger_thumb_right": {
					"rotation": [0, 22, 0]
				},
				"arm_left2": {
					"rotation": [0, 10, 0]
				},
				"finger_pinkie_left": {
					"rotation": [0, 0, 19]
				},
				"finger_ring_left": {
					"rotation": [0, 0, 19]
				},
				"finger_middle_left": {
					"rotation": [0, 0, 19]
				},
				"finger_index_left": {
					"rotation": [0, 0, 19]
				},
				"finger_thumb_left": {
					"rotation": [0, -22, 0]
				},
				"foot_right": {
					"rotation": [0, 4, 0]
				},
				"foot_left": {
					"rotation": [0, -4, 0]
				},
				"torso2": {
					"rotation": ["0.5-math.sin(q.anim_time*90*2-120)*0.5", 0, 0],
					"position": [0, -0.1, 0]
				}
			}
		},
		"animation.munchlax.battle_idle": {
			"loop": true,
			"animation_length": 4,
			"bones": {
				"arm_right": {
					"rotation": ["5.1597-math.sin(q.anim_time*90*4-180)*2", "3.43+math.sin(q.anim_time*90*2-60)*4", "-24.6809+math.sin(q.anim_time*90*4-120)*1"],
					"position": [0, 0.3, 0]
				},
				"arm_left": {
					"rotation": ["5.1597-math.sin(q.anim_time*90*4-180)*2", "-3.43+math.sin(q.anim_time*90*2-60)*4", "24.6809-math.sin(q.anim_time*90*4-120)*1"],
					"position": [0, 0.3, 0]
				},
				"torso": {
					"rotation": ["2-math.sin(q.anim_time*90*4-60)*1", "math.sin(q.anim_time*90*1)*0.5", 0],
					"position": [0, "0.1+math.sin(q.anim_time*90*4)*0.05", 0]
				},
				"head": {
					"rotation": [
						"-4-math.sin(q.anim_time*90*4-200)*0.5",
						"-math.sin(q.anim_time*90*1-30)*0.5+math.sin(q.anim_time*90*2-260)*1",
						"math.sin(q.anim_time*90*2-120)*1"
					],
					"position": [0, 0, -0.3]
				},
				"ear_right": {
					"rotation": [0, 0, "-5+math.sin(q.anim_time*90*4-160)*2"],
					"position": [0, -0.2, 0]
				},
				"ear_left": {
					"rotation": [0, 0, "5-math.sin(q.anim_time*90*4-160)*2"],
					"position": [0, -0.2, 0]
				},
				"arm_right2": {
					"rotation": [0, "-10+math.sin(q.anim_time*90*4-220)*3", 0]
				},
				"arm_left2": {
					"rotation": [0, "10-math.sin(q.anim_time*90*4-220)*3", 0]
				},
				"foot_right": {
					"rotation": [0, 5, 0],
					"position": [0, 0, 0.6]
				},
				"foot_left": {
					"rotation": [0, -5, 0],
					"position": [0, 0, -0.5]
				},
				"torso2": {
					"rotation": ["0.5-math.sin(q.anim_time*90*4-120)*0.5", "-math.sin(q.anim_time*90*2-200)*1", 0],
					"position": [0, -0.1, 0]
				},
				"jaw": {
					"rotation": ["10-math.sin(q.anim_time*90*4-240)*3", 0, 0]
				},
				"finger_pinkie_right": {
					"rotation": [0, 9, 0]
				},
				"finger_ring_right": {
					"rotation": [0, 4, 0]
				},
				"finger_index_right": {
					"rotation": [0, -7, 0]
				},
				"finger_thumb_right": {
					"rotation": [0, -15, 0]
				},
				"finger_pinkie_left": {
					"rotation": [0, -9, 0]
				},
				"finger_ring_left": {
					"rotation": [0, -4, 0]
				},
				"finger_index_left": {
					"rotation": [0, 7, 0]
				},
				"finger_thumb_left": {
					"rotation": [0, 15, 0]
				}
			}
		},
		"animation.munchlax.ground_walk": {
			"loop": true,
			"animation_length": 1,
			"bones": {
				"arm_right": {
					"rotation": ["4.0978+math.cos(q.anim_time*90*4)*6", "-6.3525-math.cos(q.anim_time*90*4)*12", "-29.5349-math.cos(q.anim_time*90*8-60)*3"],
					"position": [0, "math.cos(q.anim_time*90*4)*0.2", "-math.cos(q.anim_time*90*4)*1"]
				},
				"arm_left": {
					"rotation": ["4.0978-math.cos(q.anim_time*90*4)*6", "6.3525-math.cos(q.anim_time*90*4)*12", "29.5349+math.cos(q.anim_time*90*8-60)*3"],
					"position": [0, "-math.cos(q.anim_time*90*4)*0.2", "math.cos(q.anim_time*90*4)*1"]
				},
				"torso": {
					"rotation": ["math.cos(q.anim_time*90*8-60)*0.5", "math.cos(q.anim_time*90*4-60)*1", "math.cos(q.anim_time*90*4-120)*2"],
					"position": [0, "-0.2-math.cos(q.anim_time*90*8)*0.1", 0]
				},
				"fur_front": {
					"rotation": ["13-math.cos(q.anim_time*90*8)*5", 0, 0]
				},
				"fur_right": {
					"rotation": [0, 0, "-8+math.cos(q.anim_time*90*8)*5"]
				},
				"fur_left": {
					"rotation": [0, 0, "8-math.cos(q.anim_time*90*8)*5"]
				},
				"fur_back": {
					"rotation": ["-9+math.cos(q.anim_time*90*8)*5", 0, 0]
				},
				"head": {
					"rotation": ["-math.cos(q.anim_time*90*8-180)*1", "0.25-math.cos(q.anim_time*90*4-160)*2", "-math.cos(q.anim_time*90*4-180)*3"]
				},
				"ear_right": {
					"rotation": [0, 0, -0.86603]
				},
				"ear_left": {
					"rotation": [0, 0, 0.86603]
				},
				"arm_right2": {
					"rotation": [0, "-10-math.cos(q.anim_time*90*4-80)*10", 0]
				},
				"finger_pinkie_right": {
					"rotation": [0, 0, -19]
				},
				"finger_ring_right": {
					"rotation": [0, 0, -19]
				},
				"finger_middle_right": {
					"rotation": [0, 0, -19]
				},
				"finger_index_right": {
					"rotation": [0, 0, -19]
				},
				"finger_thumb_right": {
					"rotation": [0, 22, 0]
				},
				"arm_left2": {
					"rotation": [0, "10-math.cos(q.anim_time*90*4-80)*10", 0]
				},
				"finger_pinkie_left": {
					"rotation": [0, 0, 19]
				},
				"finger_ring_left": {
					"rotation": [0, 0, 19]
				},
				"finger_middle_left": {
					"rotation": [0, 0, 19]
				},
				"finger_index_left": {
					"rotation": [0, 0, 19]
				},
				"finger_thumb_left": {
					"rotation": [0, -22, 0]
				},
				"foot_right": {
					"rotation": {
						"0.0": [0, 4, 0],
						"0.125": [11, 4, 0],
						"0.2917": {
							"pre": [1.25, 1, 11],
							"post": [1.25, 1, 11],
							"lerp_mode": "catmullrom"
						},
						"0.4583": {
							"post": [-8.78, 4, 0],
							"lerp_mode": "catmullrom"
						},
						"0.5": [0, 4, 0],
						"1.0": [0, 4, 0]
					},
					"position": {
						"0.0": [0, 0, 0.575],
						"0.125": [0, 0.5, 0.55],
						"0.2917": [0, 0.8, 0],
						"0.4583": [0, 0.3, -1],
						"0.5": [0, 0, -1],
						"1.0": [0, 0, 0.575]
					}
				},
				"foot_left": {
					"rotation": {
						"0.0": [0, -4, 0],
						"0.5": [0, -4, 0],
						"0.625": [11, -4, 0],
						"0.7917": {
							"pre": [1.25, -1, -11],
							"post": [1.25, -1, -11],
							"lerp_mode": "catmullrom"
						},
						"0.9583": {
							"post": [-8.78, -4, 0],
							"lerp_mode": "catmullrom"
						},
						"1.0": [0, -4, 0]
					},
					"position": {
						"0.0": [0, 0, -1],
						"0.5": [0, 0, 0.575],
						"0.625": [0, 0.5, 0.55],
						"0.7917": [0, 0.8, 0],
						"0.9583": [0, 0.3, -1],
						"1.0": [0, 0, -1]
					}
				},
				"torso2": {
					"rotation": ["3+math.cos(q.anim_time*90*8-120)*0.5", "-math.cos(q.anim_time*90*4-60)*2", "math.cos(q.anim_time*90*4-120)*2"],
					"position": [0, -0.1, 0]
				},
				"toes_right": {
					"rotation": {
						"0.0": [0, 0, 0],
						"0.125": [-12.5, 0, 0],
						"0.2917": [0, 0, 0],
						"0.5": [0, 0, 0],
						"1.0": [0, 0, 0]
					}
				},
				"toes_left": {
					"rotation": {
						"0.0": [0, 0, 0],
						"0.5": [0, 0, 0],
						"0.625": [-12.5, 0, 0],
						"0.7917": [0, 0, 0],
						"1.0": [0, 0, 0]
					}
				}
			}
		},
		"animation.munchlax.recoil": {
			"animation_length": 2.7083,
			"bones": {
				"torso": {
					"rotation": {
						"0.0": [0, 0, 0],
						"0.0833": {
							"pre": [-8, 3, 0],
							"post": [-8, 3, 0],
							"lerp_mode": "catmullrom"
						},
						"0.7917": {
							"post": [2, 0, 0],
							"lerp_mode": "catmullrom"
						},
						"1.2917": {
							"post": [1, 0, 0],
							"lerp_mode": "catmullrom"
						},
						"1.7083": {
							"post": [0, 0, 0],
							"lerp_mode": "catmullrom"
						},
						"2.5": [0, 0, 0]
					}
				},
				"fur_front": {
					"rotation": {
						"0.0": [0, 0, 0],
						"0.125": {
							"pre": [11, 0, 0],
							"post": [11, 0, 0],
							"lerp_mode": "catmullrom"
						},
						"0.4167": {
							"post": [-6, 0, 0],
							"lerp_mode": "catmullrom"
						},
						"0.9583": {
							"post": [0, 0, 0],
							"lerp_mode": "catmullrom"
						},
						"1.625": [0, 0, 0]
					}
				},
				"fur_right": {
					"rotation": {
						"0.0": [0, 0, 0],
						"0.125": {
							"pre": [0, 0, -9],
							"post": [0, 0, -9],
							"lerp_mode": "catmullrom"
						},
						"0.4167": {
							"post": [0, 0, 6],
							"lerp_mode": "catmullrom"
						},
						"0.9583": {
							"post": [0, 0, 0],
							"lerp_mode": "catmullrom"
						},
						"1.625": [0, 0, 0]
					}
				},
				"fur_left": {
					"rotation": {
						"0.0": [0, 0, 0],
						"0.125": {
							"pre": [0, 0, 9],
							"post": [0, 0, 9],
							"lerp_mode": "catmullrom"
						},
						"0.4167": {
							"post": [0, 0, -6],
							"lerp_mode": "catmullrom"
						},
						"0.9583": {
							"post": [0, 0, 0],
							"lerp_mode": "catmullrom"
						},
						"1.625": [0, 0, 0]
					}
				},
				"fur_back": {
					"rotation": {
						"0.0": [0, 0, 0],
						"0.125": {
							"pre": [11, 0, 0],
							"post": [11, 0, 0],
							"lerp_mode": "catmullrom"
						},
						"0.4167": {
							"post": [-6, 0, 0],
							"lerp_mode": "catmullrom"
						},
						"0.9583": {
							"post": [0, 0, 0],
							"lerp_mode": "catmullrom"
						},
						"1.625": [0, 0, 0]
					}
				},
				"head": {
					"rotation": {
						"0.0": [0, 0, 0],
						"0.0417": {
							"pre": [9.13, 0, 1.13],
							"post": [9.13, 0, 1.13],
							"lerp_mode": "catmullrom"
						},
						"0.0833": {
							"post": [-8, 0, 2],
							"lerp_mode": "catmullrom"
						},
						"0.5833": {
							"post": [0, 0, 0],
							"lerp_mode": "catmullrom"
						},
						"1.125": {
							"post": [-1.99, 0, -0.14],
							"lerp_mode": "catmullrom"
						},
						"2.0": {
							"post": [0, 0, 0],
							"lerp_mode": "catmullrom"
						},
						"2.7083": [0, 0, 0]
					}
				},
				"jaw": {
					"rotation": {
						"0.0833": [0, 0, 0],
						"0.2917": {
							"pre": [10, 0, 0],
							"post": [10, 0, 0],
							"lerp_mode": "catmullrom"
						},
						"0.7083": {
							"post": [10, 0, 0],
							"lerp_mode": "catmullrom"
						},
						"1.2083": {
							"post": [0, 0, 0],
							"lerp_mode": "catmullrom"
						},
						"2.0": [0, 0, 0]
					}
				},
				"eyelid_clench_right": {
					"position": {
						"0.0": [0, 0, 0],
						"0.0417": {"pre": [0, 0, 0], "post": [0, 0, -0.1]},
						"1.0": {"pre": [0, 0, -0.1], "post": [0, 0, 0]}
					}
				},
				"eyelid_clench_left": {
					"position": {
						"0.0": [0, 0, 0],
						"0.0417": {"pre": [0, 0, 0], "post": [0, 0, -0.1]},
						"1.0": {"pre": [0, 0, -0.1], "post": [0, 0, 0]}
					}
				},
				"ear_right": {
					"rotation": {
						"0.0": [0, 0, 0],
						"0.0833": {
							"pre": [13, 0, 0],
							"post": [13, 0, 0],
							"lerp_mode": "catmullrom"
						},
						"0.2917": {
							"post": [-6, 0, 0],
							"lerp_mode": "catmullrom"
						},
						"0.75": {
							"post": [0, 0, 0],
							"lerp_mode": "catmullrom"
						},
						"1.5417": [0, 0, 0]
					}
				},
				"ear_left": {
					"rotation": {
						"0.0": [0, 0, 0],
						"0.0833": {
							"pre": [13, 0, 0],
							"post": [13, 0, 0],
							"lerp_mode": "catmullrom"
						},
						"0.2917": {
							"post": [-6, 0, 0],
							"lerp_mode": "catmullrom"
						},
						"0.75": {
							"post": [0, 0, 0],
							"lerp_mode": "catmullrom"
						},
						"1.5417": [0, 0, 0]
					}
				},
				"arm_right": {
					"rotation": {
						"0.0": [0, 0, 0],
						"0.2083": {
							"pre": [8, -25, 13],
							"post": [8, -25, 13],
							"lerp_mode": "catmullrom"
						},
						"0.5833": {
							"post": [8, -25, 15],
							"lerp_mode": "catmullrom"
						},
						"1.125": {
							"post": [8, 1, 0],
							"lerp_mode": "catmullrom"
						},
						"1.5417": {
							"post": [0, 0, 0],
							"lerp_mode": "catmullrom"
						},
						"2.1667": [0, 0, 0]
					}
				},
				"arm_right2": {
					"rotation": {
						"0.0": [0, 0, 0],
						"0.6667": {
							"pre": [0, -9, 0],
							"post": [0, -9, 0],
							"lerp_mode": "catmullrom"
						},
						"1.125": {
							"post": [0, -9, 0],
							"lerp_mode": "catmullrom"
						},
						"1.9167": {
							"post": [0, 0, 0],
							"lerp_mode": "catmullrom"
						},
						"2.7083": [0, 0, 0]
					}
				},
				"arm_left": {
					"rotation": {
						"0.0": [0, 0, 0],
						"0.2083": {
							"pre": [8, 25, -13],
							"post": [8, 25, -13],
							"lerp_mode": "catmullrom"
						},
						"0.5833": {
							"post": [8, 25, -15],
							"lerp_mode": "catmullrom"
						},
						"1.125": {
							"post": [8, -1, 0],
							"lerp_mode": "catmullrom"
						},
						"1.5417": {
							"post": [0, 0, 0],
							"lerp_mode": "catmullrom"
						},
						"2.1667": [0, 0, 0]
					}
				},
				"arm_left2": {
					"rotation": {
						"0.0": [0, 0, 0],
						"0.6667": {
							"pre": [0, 9, 0],
							"post": [0, 9, 0],
							"lerp_mode": "catmullrom"
						},
						"1.125": {
							"post": [0, 9, 0],
							"lerp_mode": "catmullrom"
						},
						"1.9167": {
							"post": [0, 0, 0],
							"lerp_mode": "catmullrom"
						},
						"2.7083": [0, 0, 0]
					}
				},
				"torso2": {
					"rotation": {
						"0.0": [0, 0, 0],
						"0.2083": {
							"pre": [1, 0, 0],
							"post": [1, 0, 0],
							"lerp_mode": "catmullrom"
						},
						"0.4583": {
							"post": [4, 0, 0],
							"lerp_mode": "catmullrom"
						},
						"0.9167": {
							"post": [0, 0, 0],
							"lerp_mode": "catmullrom"
						},
						"2.125": [0, 0, 0]
					}
				}
			}
		},
		"animation.munchlax.cry": {
			"animation_length": 2.375,
			"bones": {
				"torso": {
					"rotation": {
						"0.0": [0, 0, 0],
						"0.25": {
							"pre": [-4, 0, 0],
							"post": [-4, 0, 0],
							"lerp_mode": "catmullrom"
						},
						"0.3333": {
							"post": [3, 0, 0],
							"lerp_mode": "catmullrom"
						},
						"0.5": {
							"post": [3, 0, 0],
							"lerp_mode": "catmullrom"
						},
						"0.6667": {
							"post": [3, 0, 0],
							"lerp_mode": "catmullrom"
						},
						"1.0833": {
							"post": [0, 0, 0],
							"lerp_mode": "catmullrom"
						},
						"1.4167": [0, 0, 0]
					}
				},
				"torso2": {
					"rotation": {
						"0.0": [0, 0, 0],
						"0.2917": {
							"pre": [6, 0, 0],
							"post": [6, 0, 0],
							"lerp_mode": "catmullrom"
						},
						"0.4583": {
							"post": [-2, 0, 0],
							"lerp_mode": "catmullrom"
						},
						"0.75": {
							"post": [-2, 0, 0],
							"lerp_mode": "catmullrom"
						},
						"1.2083": {
							"post": [0, 0, 0],
							"lerp_mode": "catmullrom"
						},
						"1.75": [0, 0, 0]
					}
				},
				"arm_right": {
					"rotation": {
						"0.0": [0, 0, 0],
						"0.25": {
							"pre": [8, -15, 0],
							"post": [8, -15, 0],
							"lerp_mode": "catmullrom"
						},
						"0.625": {
							"post": [8, 21, 23],
							"lerp_mode": "catmullrom"
						},
						"1.5": {
							"post": [0, 0, 0],
							"lerp_mode": "catmullrom"
						},
						"2.3333": [0, 0, 0]
					}
				},
				"arm_right2": {
					"rotation": {
						"0.2083": [0, 0, 0],
						"0.5": {
							"pre": [0, -18, 0],
							"post": [0, -18, 0],
							"lerp_mode": "catmullrom"
						},
						"0.875": {
							"post": [0, 9, 0],
							"lerp_mode": "catmullrom"
						},
						"1.4583": {
							"post": [0, 0, 0],
							"lerp_mode": "catmullrom"
						},
						"2.0": [0, 0, 0]
					}
				},
				"arm_left": {
					"rotation": {
						"0.0": [0, 0, 0],
						"0.25": {
							"pre": [8, 15, 0],
							"post": [8, 15, 0],
							"lerp_mode": "catmullrom"
						},
						"0.625": {
							"post": [8, -21, -23],
							"lerp_mode": "catmullrom"
						},
						"1.5": {
							"post": [0, 0, 0],
							"lerp_mode": "catmullrom"
						},
						"2.3333": [0, 0, 0]
					}
				},
				"arm_left2": {
					"rotation": {
						"0.2083": [0, 0, 0],
						"0.5": {
							"pre": [0, 18, 0],
							"post": [0, 18, 0],
							"lerp_mode": "catmullrom"
						},
						"0.875": {
							"post": [0, -9, 0],
							"lerp_mode": "catmullrom"
						},
						"1.4583": {
							"post": [0, 0, 0],
							"lerp_mode": "catmullrom"
						},
						"2.0": [0, 0, 0]
					}
				},
				"head": {
					"rotation": {
						"0.0": [0, 0, 0],
						"0.3333": {
							"pre": [6, 0, 0],
							"post": [6, 0, 0],
							"lerp_mode": "catmullrom"
						},
						"0.4167": {
							"post": [-7, 0, 0],
							"lerp_mode": "catmullrom"
						},
						"0.75": {
							"post": [-7, 0, 0],
							"lerp_mode": "catmullrom"
						},
						"1.0417": {
							"post": [3.17, 0, 0],
							"lerp_mode": "catmullrom"
						},
						"1.6667": {
							"post": [0, 0, 0],
							"lerp_mode": "catmullrom"
						},
						"2.375": [0, 0, 0]
					}
				},
				"jaw": {
					"rotation": {
						"0.1667": [0, 0, 0],
						"0.25": {
							"pre": [0.1, 0, 0],
							"post": [0.1, 0, 0],
							"lerp_mode": "catmullrom"
						},
						"0.375": {
							"post": [18, 0, 0],
							"lerp_mode": "catmullrom"
						},
						"0.4583": {
							"post": [18, 0, 0],
							"lerp_mode": "catmullrom"
						},
						"0.5833": {
							"post": [17, 0, 0],
							"lerp_mode": "catmullrom"
						},
						"0.8333": {
							"post": [17, 0, 0],
							"lerp_mode": "catmullrom"
						},
						"0.9167": [0, 0, 0]
					}
				},
				"eyelid_right": {
					"position": {
						"0.0": [0, 0, 0],
						"0.125": {"pre": [0, 0, 0], "post": [0, 0, -0.1]},
						"0.2917": {"pre": [0, 0, -0.1], "post": [0, 0, 0]}
					}
				},
				"eyelid_left": {
					"position": {
						"0.0": [0, 0, 0],
						"0.125": {"pre": [0, 0, 0], "post": [0, 0, -0.1]},
						"0.2917": {"pre": [0, 0, -0.1], "post": [0, 0, 0]}
					}
				},
				"ear_right": {
					"rotation": {
						"0.3333": [0, 0, 0],
						"0.4583": {
							"pre": [-4, 0, -3],
							"post": [-4, 0, -3],
							"lerp_mode": "catmullrom"
						},
						"0.8333": {
							"post": [-4, 0, -3],
							"lerp_mode": "catmullrom"
						},
						"1.2917": {
							"post": [0, 0, 0],
							"lerp_mode": "catmullrom"
						},
						"1.875": [0, 0, 0]
					}
				},
				"ear_left": {
					"rotation": {
						"0.3333": [0, 0, 0],
						"0.4583": {
							"pre": [-4, 0, 3],
							"post": [-4, 0, 3],
							"lerp_mode": "catmullrom"
						},
						"0.8333": {
							"post": [-4, 0, 3],
							"lerp_mode": "catmullrom"
						},
						"1.2917": {
							"post": [0, 0, 0],
							"lerp_mode": "catmullrom"
						},
						"1.875": [0, 0, 0]
					}
				}
			},
			"sound_effects": {
				"0.3333": {
					"effect": "pokemon.munchlax.cry"
				}
			}
		},
		"animation.munchlax.sleep": {
			"loop": true,
			"animation_length": 4,
			"bones": {
				"arm_right": {
					"rotation": ["43.09580+math.sin(q.anim_time*90*1-120)*0.5", 27.19826, 11.2419],
					"position": [0, 0.7, 0.7]
				},
				"arm_left": {
					"rotation": ["43.09580+math.sin(q.anim_time*90*1-120)*0.5", -27.19826, -11.2419],
					"position": [0, 0.7, 0.7]
				},
				"torso": {
					"rotation": [5, 0, 0],
					"position": [0, 0, 0.3]
				},
				"fur_front": {
					"rotation": [73, 0, 0]
				},
				"fur_right": {
					"rotation": [0, 0, -8],
					"position": [0, 0, 0.4]
				},
				"fur_left": {
					"rotation": [0, 0, 8],
					"position": [0, 0, 0.4]
				},
				"fur_back": {
					"rotation": [-9, 0, 0]
				},
				"head": {
					"rotation": ["-3-math.sin(q.anim_time*90*1-250)*0.5", 0, 0]
				},
				"ear_right": {
					"rotation": ["-9.5721+math.sin(q.anim_time*90*1-120)*1", "3.0065+math.sin(q.anim_time*90*1-120)*1", -17.7537],
					"position": [0, -0.6, 0]
				},
				"ear_left": {
					"rotation": ["-9+math.sin(q.anim_time*90*1-120)*1", "-math.sin(q.anim_time*90*1-120)*1", 0]
				},
				"arm_right2": {
					"rotation": [0, -10, 0]
				},
				"finger_pinkie_right": {
					"rotation": [0, 0, -19]
				},
				"finger_ring_right": {
					"rotation": [0, 0, -19]
				},
				"finger_middle_right": {
					"rotation": [0, 0, -19]
				},
				"finger_index_right": {
					"rotation": [0, 0, -19]
				},
				"finger_thumb_right": {
					"rotation": [0, 22, 0]
				},
				"arm_left2": {
					"rotation": [0, 22, 0]
				},
				"finger_pinkie_left": {
					"rotation": [0, 0, 19]
				},
				"finger_ring_left": {
					"rotation": [0, 0, 19]
				},
				"finger_middle_left": {
					"rotation": [0, 0, 19]
				},
				"finger_index_left": {
					"rotation": [0, 0, 19]
				},
				"finger_thumb_left": {
					"rotation": [0, -22, 0]
				},
				"foot_right": {
					"rotation": [15.29304, 11.10308, 3.01426],
					"position": [0.3, 0, 1.7]
				},
				"foot_left": {
					"rotation": [15.29304, -11.10308, -3.01426],
					"position": [-0.3, 0, 1.7]
				},
				"torso2": {
					"rotation": ["-4.5-math.sin(q.anim_time*90*1-120)*0.5", 0, 0],
					"position": [0, -0.3, 0]
				},
				"body": {
					"rotation": [-92, 0, 0],
					"position": [0, -2.9, 1.5]
				},
				"jaw": {
					"rotation": ["13-math.sin(q.anim_time*90*1-250)*0.5", 0, 0]
				},
				"eyelid_right": {
					"position": [0, 0, -0.1]
				},
				"eyelid_left": {
					"position": [0, 0, -0.1]
				}
			}
		},
		"animation.munchlax.blink": {
			"animation_length": 0.1667,
			"bones": {
				"eyelid_left": {
					"position": {
						"0.0": [0, 0, -0.1],
						"0.125": {"pre": [0, 0, -0.1], "post": [0, 0, -0.1]},
						"0.1667": {"pre": [0, 0, -0.1], "post": [0, 0, 0]}
					}
				},
				"eyelid_right": {
					"position": {
						"0.0": [0, 0, -0.1],
						"0.125": {"pre": [0, 0, -0.1], "post": [0, 0, -0.1]},
						"0.1667": {"pre": [0, 0, -0.1], "post": [0, 0, 0]}
					}
				}
			}
		},
		"animation.munchlax.eat_food": {
			"animation_length": 4,
			"bones": {
				"torso": {
					"rotation": {
						"0.0": [0, 0, 0],
						"0.125": {
							"pre": [1, 0, 0],
							"post": [1, 0, 0],
							"lerp_mode": "catmullrom"
						},
						"0.5": {
							"post": [1, 0, 0],
							"lerp_mode": "catmullrom"
						},
						"0.8333": {
							"post": [-2, 0, 0],
							"lerp_mode": "catmullrom"
						},
						"1.0417": {
							"post": [4.84, 0, 0],
							"lerp_mode": "catmullrom"
						},
						"1.5833": {
							"post": [4.84, 0, 0],
							"lerp_mode": "catmullrom"
						},
						"2.125": {
							"post": [-2, 0, 0],
							"lerp_mode": "catmullrom"
						},
						"3.0833": {
							"post": [0, 0, 0],
							"lerp_mode": "catmullrom"
						},
						"3.5417": [0, 0, 0]
					}
				},
				"fur_front": {
					"rotation": {
						"0.0": [0, 0, 0],
						"0.5": {
							"pre": [0, 0, 0],
							"post": [0, 0, 0],
							"lerp_mode": "catmullrom"
						},
						"0.8333": {
							"post": [16, 0, 0],
							"lerp_mode": "catmullrom"
						},
						"1.2083": {
							"post": [-22, 0, 0],
							"lerp_mode": "catmullrom"
						},
						"1.5833": {
							"post": [-22, 0, 0],
							"lerp_mode": "catmullrom"
						},
						"2.25": {
							"post": [0, 0, 0],
							"lerp_mode": "catmullrom"
						},
						"3.5": [0, 0, 0]
					}
				},
				"fur_right": {
					"rotation": {
						"0.0": [0, 0, 0],
						"0.4583": {
							"pre": [0, 0, 0],
							"post": [0, 0, 0],
							"lerp_mode": "catmullrom"
						},
						"0.8333": {
							"post": [0, 0, -10],
							"lerp_mode": "catmullrom"
						},
						"1.1667": {
							"post": [0, 0, 0],
							"lerp_mode": "catmullrom"
						},
						"1.7917": [0, 0, 0]
					}
				},
				"fur_left": {
					"rotation": {
						"0.0": [0, 0, 0],
						"0.4583": {
							"pre": [0, 0, 0],
							"post": [0, 0, 0],
							"lerp_mode": "catmullrom"
						},
						"0.8333": {
							"post": [0, 0, 10],
							"lerp_mode": "catmullrom"
						},
						"1.1667": {
							"post": [0, 0, 0],
							"lerp_mode": "catmullrom"
						},
						"1.7917": [0, 0, 0]
					}
				},
				"head": {
					"rotation": {
						"0.0": [0, 0, 0],
						"0.125": {
							"pre": [11, 0, 0],
							"post": [11, 0, 0],
							"lerp_mode": "catmullrom"
						},
						"0.5417": {
							"post": [11, 0, 0],
							"lerp_mode": "catmullrom"
						},
						"0.75": {
							"post": [-1, 0, 0],
							"lerp_mode": "catmullrom"
						},
						"0.9167": {
							"post": [5, 0, 0],
							"lerp_mode": "catmullrom"
						},
						"1.0833": {
							"post": [-1.54, 0, 0],
							"lerp_mode": "catmullrom"
						},
						"1.25": {
							"post": [4.57, 0, 0],
							"lerp_mode": "catmullrom"
						},
						"1.4583": {
							"post": [0.36, 0, 0],
							"lerp_mode": "catmullrom"
						},
						"1.7083": {
							"post": [3.33, 0, 0],
							"lerp_mode": "catmullrom"
						},
						"1.9167": {
							"post": [1.85, 0, 0],
							"lerp_mode": "catmullrom"
						},
						"2.1667": {
							"post": [8, 0, 0],
							"lerp_mode": "catmullrom"
						},
						"2.4167": {
							"post": [-1.9, 0, 0],
							"lerp_mode": "catmullrom"
						},
						"2.6667": {
							"post": [-1.9, 0, 0],
							"lerp_mode": "catmullrom"
						},
						"2.9583": {
							"post": [1, 0, 0],
							"lerp_mode": "catmullrom"
						},
						"3.2083": {
							"post": [-0.3, 0, 0],
							"lerp_mode": "catmullrom"
						},
						"3.5833": {
							"post": [0, 0, 0],
							"lerp_mode": "catmullrom"
						},
						"3.9167": [0, 0, 0]
					}
				},
				"jaw": {
					"rotation": {
						"0.0": [0, 0, 0],
						"0.125": [15, 0, 0],
						"0.3333": [15, 0, 0],
						"0.5833": [0, 0, 0],
						"0.75": {
							"pre": [27, 0, 0],
							"post": [27, 0, 0],
							"lerp_mode": "catmullrom"
						},
						"0.875": {
							"post": [27, 0, 0],
							"lerp_mode": "catmullrom"
						},
						"1.0": {
							"post": [0, 0, 0],
							"lerp_mode": "catmullrom"
						},
						"1.1667": {
							"post": [14.6, 0, 0],
							"lerp_mode": "catmullrom"
						},
						"1.2917": {
							"post": [0, 0, 0],
							"lerp_mode": "catmullrom"
						},
						"1.5": {
							"post": [13, 0, 0],
							"lerp_mode": "catmullrom"
						},
						"1.6667": {
							"post": [0, 0, 0],
							"lerp_mode": "catmullrom"
						},
						"1.9167": {
							"post": [16, 0, 0],
							"lerp_mode": "catmullrom"
						},
						"2.125": [0, 0, 0],
						"2.9167": [0, 0, 0],
						"3.125": {
							"pre": [5, 0, 0],
							"post": [5, 0, 0],
							"lerp_mode": "catmullrom"
						},
						"3.25": {
							"post": [5, 0, 0],
							"lerp_mode": "catmullrom"
						},
						"3.3333": [0, 0, 0]
					}
				},
				"pupil_right": {
					"position": {
						"0.0": [0, 0, 0],
						"0.1667": {"pre": [0, 0, 0], "post": [0, -0.5, 0]},
						"2.2083": {"pre": [0, -0.5, 0], "post": [0, 0, 0]}
					},
					"scale": {
						"0.0": [1, 1, 1],
						"0.1667": {"pre": [1, 1, 1], "post": [0.7, 0.7, 0.7]},
						"2.2083": {"pre": [0.7, 0.7, 0.7], "post": [1, 1, 1]}
					}
				},
				"eyelid_right": {
					"position": {
						"0.0": [0, 0, 0],
						"0.0417": {"pre": [0, 0, 0], "post": [0, 0, -0.1]},
						"0.1667": {"pre": [0, 0, -0.1], "post": [0, 0, 0]},
						"0.8333": {"pre": [0, 0, 0], "post": [0, 0, -0.1]},
						"2.2083": {"pre": [0, 0, -0.1], "post": [0, 0, 0]}
					}
				},
				"pupil_left": {
					"position": {
						"0.0": [0, 0, 0],
						"0.1667": {"pre": [0, 0, 0], "post": [0, -0.5, 0]},
						"2.2083": {"pre": [0, -0.5, 0], "post": [0, 0, 0]}
					},
					"scale": {
						"0.0": [1, 1, 1],
						"0.1667": {"pre": [1, 1, 1], "post": [0.7, 0.7, 0.7]},
						"2.2083": {"pre": [0.7, 0.7, 0.7], "post": [1, 1, 1]}
					}
				},
				"eyelid_left": {
					"position": {
						"0.0": [0, 0, 0],
						"0.0417": {"pre": [0, 0, 0], "post": [0, 0, -0.1]},
						"0.1667": {"pre": [0, 0, -0.1], "post": [0, 0, 0]},
						"0.8333": {"pre": [0, 0, 0], "post": [0, 0, -0.1]},
						"2.2083": {"pre": [0, 0, -0.1], "post": [0, 0, 0]}
					}
				},
				"ear_right": {
					"rotation": {
						"0.0": [0, 0, 0],
						"0.0833": {
							"pre": [0, 0, 8],
							"post": [0, 0, 8],
							"lerp_mode": "catmullrom"
						},
						"0.1667": {
							"post": [-12, 0, -15],
							"lerp_mode": "catmullrom"
						},
						"0.625": {
							"post": [-12, 0, -15],
							"lerp_mode": "catmullrom"
						},
						"1.0": [0, 0, 0]
					},
					"position": {
						"0.0": [0, 0, 0],
						"0.1667": {
							"pre": [0, -0.6, 0],
							"post": [0, -0.6, 0],
							"lerp_mode": "catmullrom"
						},
						"0.625": {
							"post": [0, -0.6, 0],
							"lerp_mode": "catmullrom"
						},
						"1.0": [0, 0, 0]
					}
				},
				"ear_left": {
					"rotation": {
						"0.0": [0, 0, 0],
						"0.0833": {
							"pre": [0, 0, -8],
							"post": [0, 0, -8],
							"lerp_mode": "catmullrom"
						},
						"0.1667": {
							"post": [-12, 0, 15],
							"lerp_mode": "catmullrom"
						},
						"0.625": {
							"post": [-12, 0, 15],
							"lerp_mode": "catmullrom"
						},
						"1.0": [0, 0, 0]
					},
					"position": {
						"0.0": [0, 0, 0],
						"0.1667": {
							"pre": [0, -0.6, 0],
							"post": [0, -0.6, 0],
							"lerp_mode": "catmullrom"
						},
						"0.625": {
							"post": [0, -0.6, 0],
							"lerp_mode": "catmullrom"
						},
						"1.0": [0, 0, 0]
					}
				},
				"arm_right": {
					"rotation": {
						"0.0": [0, 0, 0],
						"0.0833": [18.67, -32.67, -9.17],
						"0.125": {
							"pre": [28, -56, -31],
							"post": [28, -56, -31],
							"lerp_mode": "catmullrom"
						},
						"0.6667": {
							"post": [28, -56, -31],
							"lerp_mode": "catmullrom"
						},
						"0.75": {
							"post": [49, -84.76, -35.31],
							"lerp_mode": "catmullrom"
						},
						"0.8333": {
							"post": [47, -100, -40],
							"lerp_mode": "catmullrom"
						},
						"1.4583": {
							"post": [47, -100, -40],
							"lerp_mode": "catmullrom"
						},
						"2.0417": {
							"post": [47, -100, -40],
							"lerp_mode": "catmullrom"
						},
						"2.3333": {
							"post": [14, -45.5, -2.5],
							"lerp_mode": "catmullrom"
						},
						"2.625": {
							"post": [0, 0, 0],
							"lerp_mode": "catmullrom"
						},
						"3.2917": [0, 0, 0]
					},
					"position": {
						"0.0": [0, 0, 0],
						"0.125": {
							"pre": [-0.5, 0, -1.8],
							"post": [-0.5, 0, -1.8],
							"lerp_mode": "catmullrom"
						},
						"0.6667": {
							"post": [-0.5, 0, -1.8],
							"lerp_mode": "catmullrom"
						},
						"0.9583": {
							"post": [-1.2, 0, -1.8],
							"lerp_mode": "catmullrom"
						},
						"1.4583": {
							"post": [-1.2, 0, -1.8],
							"lerp_mode": "catmullrom"
						},
						"2.0417": {
							"post": [-1.2, 0, -1.8],
							"lerp_mode": "catmullrom"
						},
						"2.625": {
							"post": [0, 0, 0],
							"lerp_mode": "catmullrom"
						},
						"3.2917": [0, 0, 0]
					}
				},
				"arm_right2": {
					"rotation": {
						"0.0": [0, 0, 0],
						"0.125": {
							"pre": [0, -31, 0],
							"post": [0, -31, 0],
							"lerp_mode": "catmullrom"
						},
						"0.6667": {
							"post": [0, -31, 0],
							"lerp_mode": "catmullrom"
						},
						"1.0": {
							"post": [0, -40.65, 0],
							"lerp_mode": "catmullrom"
						},
						"1.4583": {
							"post": [0, -40, 0],
							"lerp_mode": "catmullrom"
						},
						"2.0417": {
							"post": [0, -40, 0],
							"lerp_mode": "catmullrom"
						},
						"2.625": {
							"post": [0, 0, 0],
							"lerp_mode": "catmullrom"
						},
						"3.2917": [0, 0, 0]
					},
					"position": {
						"0.0": [0, 0, 0],
						"2.625": {
							"pre": [0, 0, 0],
							"post": [0, 0, 0],
							"lerp_mode": "catmullrom"
						},
						"3.2917": [0, 0, 0]
					}
				},
				"arm_left": {
					"rotation": {
						"0.0": [0, 0, 0],
						"0.0833": [18.67, 32.67, 9.17],
						"0.125": {
							"pre": [28, 56, 31],
							"post": [28, 56, 31],
							"lerp_mode": "catmullrom"
						},
						"0.6667": {
							"post": [28, 56, 31],
							"lerp_mode": "catmullrom"
						},
						"0.75": {
							"post": [49, 84.76, 35.31],
							"lerp_mode": "catmullrom"
						},
						"0.8333": {
							"post": [47, 100, 40],
							"lerp_mode": "catmullrom"
						},
						"1.4583": {
							"post": [47, 100, 40],
							"lerp_mode": "catmullrom"
						},
						"2.0417": {
							"post": [47, 100, 40],
							"lerp_mode": "catmullrom"
						},
						"2.3333": {
							"post": [14, 45.5, 2.5],
							"lerp_mode": "catmullrom"
						},
						"2.625": {
							"post": [0, 0, 0],
							"lerp_mode": "catmullrom"
						},
						"3.2917": [0, 0, 0]
					},
					"position": {
						"0.0": [0, 0, 0],
						"0.125": {
							"pre": [0.5, 0, -1.8],
							"post": [0.5, 0, -1.8],
							"lerp_mode": "catmullrom"
						},
						"0.6667": {
							"post": [0.5, 0, -1.8],
							"lerp_mode": "catmullrom"
						},
						"0.9583": {
							"post": [1.2, 0, -1.8],
							"lerp_mode": "catmullrom"
						},
						"1.4583": {
							"post": [1.2, 0, -1.8],
							"lerp_mode": "catmullrom"
						},
						"2.0417": {
							"post": [1.2, 0, -1.8],
							"lerp_mode": "catmullrom"
						},
						"2.625": {
							"post": [0, 0, 0],
							"lerp_mode": "catmullrom"
						},
						"3.2917": [0, 0, 0]
					}
				},
				"arm_left2": {
					"rotation": {
						"0.0": [0, 0, 0],
						"0.125": {
							"pre": [0, 31, 0],
							"post": [0, 31, 0],
							"lerp_mode": "catmullrom"
						},
						"0.6667": {
							"post": [0, 31, 0],
							"lerp_mode": "catmullrom"
						},
						"1.0": {
							"post": [0, 40.65, 0],
							"lerp_mode": "catmullrom"
						},
						"1.4583": {
							"post": [0, 40, 0],
							"lerp_mode": "catmullrom"
						},
						"2.0417": {
							"post": [0, 40, 0],
							"lerp_mode": "catmullrom"
						},
						"2.625": {
							"post": [0, 0, 0],
							"lerp_mode": "catmullrom"
						},
						"3.2917": [0, 0, 0]
					},
					"position": {
						"0.0": [0, 0, 0],
						"2.625": {
							"pre": [0, 0, 0],
							"post": [0, 0, 0],
							"lerp_mode": "catmullrom"
						},
						"3.2917": [0, 0, 0]
					}
				},
				"torso2": {
					"rotation": {
						"0.0": [0, 0, 0],
						"0.125": {
							"pre": [-4, 0, 0],
							"post": [-4, 0, 0],
							"lerp_mode": "catmullrom"
						},
						"0.4583": {
							"post": [-4, 0, 0],
							"lerp_mode": "catmullrom"
						},
						"0.75": {
							"post": [-10, 0, 0],
							"lerp_mode": "catmullrom"
						},
						"1.0417": {
							"post": [0, 0, 0],
							"lerp_mode": "catmullrom"
						},
						"2.0": {
							"post": [0, 0, 0],
							"lerp_mode": "catmullrom"
						},
						"2.7083": [0, 0, 0],
						"3.5417": [0, 0, 0]
					},
					"position": {
						"0.0": [0, 0, 0],
						"0.125": {
							"pre": [0, -0.2, 0],
							"post": [0, -0.2, 0],
							"lerp_mode": "catmullrom"
						},
						"0.4583": {
							"post": [0, -0.2, 0],
							"lerp_mode": "catmullrom"
						},
						"0.75": {
							"post": [0, -0.7, 0],
							"lerp_mode": "catmullrom"
						},
						"1.0417": [0, 0, 0]
					}
				}
			}
		},
		"animation.munchlax.quirk_idle": {
			"animation_length": 5,
			"bones": {
				"torso": {
					"rotation": {
						"0.0": [0, 0, 0],
						"1.0": {
							"pre": [0, 0, 1],
							"post": [0, 0, 1],
							"lerp_mode": "catmullrom"
						},
						"1.9167": {
							"post": [0, 0, -1],
							"lerp_mode": "catmullrom"
						},
						"2.5417": {
							"post": [0, 0, 0],
							"lerp_mode": "catmullrom"
						},
						"4.7083": [0, 0, 0]
					},
					"position": {
						"2.2917": [0, 0, 0],
						"2.9583": [0, "math.sin(q.anim_time*90*10)*0.05", 0],
						"3.6667": [0, 0, 0]
					}
				},
				"torso2": {
					"rotation": {
						"0.0": [0, 0, 0],
						"0.625": {
							"pre": [0, -5, 0],
							"post": [0, -5, 0],
							"lerp_mode": "catmullrom"
						},
						"1.7083": {
							"post": [0, 5, 0],
							"lerp_mode": "catmullrom"
						},
						"3.1667": {
							"post": [0, 0, 0],
							"lerp_mode": "catmullrom"
						},
						"4.25": [0, 0, 0]
					}
				},
				"arm_right": {
					"rotation": {
						"2.2917": [0, 0, 0],
						"2.8333": [0, "math.sin(q.anim_time*90*5)*6", 0],
						"3.6667": [0, 0, 0]
					}
				},
				"arm_left": {
					"rotation": {
						"2.2917": [0, 0, 0],
						"2.8333": [0, "math.sin(q.anim_time*90*5)*6", 0],
						"3.6667": [0, 0, 0]
					}
				},
				"head": {
					"rotation": {
						"0.0": [0, 0, 0],
						"0.2917": {
							"pre": [-2.33377, -20.656, -2.13498],
							"post": [-2.33377, -20.656, -2.13498],
							"lerp_mode": "catmullrom"
						},
						"0.9583": {
							"post": [-2.33377, -20.656, -2.13498],
							"lerp_mode": "catmullrom"
						},
						"1.0833": {
							"post": [-1.2963, -7.25926, 0],
							"lerp_mode": "catmullrom"
						},
						"1.3333": {
							"post": [-3.17062, 23.13628, 2.16084],
							"lerp_mode": "catmullrom"
						},
						"2.0": {
							"post": [-3.17062, 23.13628, 2.16084],
							"lerp_mode": "catmullrom"
						},
						"2.3333": {
							"post": [-6, 0, 0],
							"lerp_mode": "catmullrom"
						},
						"2.7083": {
							"post": [-7.95774, -0.5303, -4.96811],
							"lerp_mode": "catmullrom"
						},
						"3.0417": {
							"post": [-5.97913, 0.05547, 0.99941],
							"lerp_mode": "catmullrom"
						},
						"3.625": {
							"post": [0, 0, 0],
							"lerp_mode": "catmullrom"
						},
						"4.125": [0, 0, 0]
					}
				},
				"jaw": {
					"rotation": {
						"0.0": [0, 0, 0],
						"0.5": {
							"pre": [7, 0, 0],
							"post": [7, 0, 0],
							"lerp_mode": "catmullrom"
						},
						"1.2083": {
							"post": [3.9, 0, 0],
							"lerp_mode": "catmullrom"
						},
						"1.5417": {
							"post": [11, 0, 0],
							"lerp_mode": "catmullrom"
						},
						"2.3333": {
							"post": [2, 0, 0],
							"lerp_mode": "catmullrom"
						},
						"2.5833": {
							"post": [7, 0, 0],
							"lerp_mode": "catmullrom"
						},
						"2.7917": {
							"post": [1, 0, 0],
							"lerp_mode": "catmullrom"
						},
						"3.0": {
							"post": [7, 0, 0],
							"lerp_mode": "catmullrom"
						},
						"3.2083": {
							"post": [1, 0, 0],
							"lerp_mode": "catmullrom"
						},
						"3.4167": {
							"post": [7, 0, 0],
							"lerp_mode": "catmullrom"
						},
						"3.6667": {
							"post": [0, 0, 0],
							"lerp_mode": "catmullrom"
						},
						"4.7083": [0, 0, 0]
					}
				},
				"pupil_right": {
					"position": {
						"0.0": [0, 0, 0],
						"1.25": {"pre": [0, 0, 0], "post": [-1, 0, 0]},
						"2.4167": {"pre": [-1, 0, 0], "post": [0, 0.5, 0]},
						"3.5417": {"pre": [0, 0.5, 0], "post": [0, 0, 0]}
					}
				},
				"eyelid_right": {
					"position": {
						"0.0": [0, 0, 0],
						"0.0417": {"pre": [0, 0, 0], "post": [0, 0, -0.1]},
						"0.25": {"pre": [0, 0, -0.1], "post": [0, 0, 0]},
						"1.0417": {"pre": [0, 0, 0], "post": [0, 0, -0.1]},
						"1.25": {"pre": [0, 0, -0.1], "post": [0, 0, 0]},
						"2.2083": {"pre": [0, 0, 0], "post": [0, 0, -0.1]},
						"3.5417": {"pre": [0, 0, -0.1], "post": [0, 0, 0]}
					}
				},
				"pupil_left": {
					"position": {
						"0.0": [0, 0, 0],
						"0.25": {"pre": [0, 0, 0], "post": [1, 0, 0]},
						"1.25": {"pre": [1, 0, 0], "post": [0, 0, 0]},
						"2.4167": {"pre": [0, 0, 0], "post": [0, 0.5, 0]},
						"3.5417": {"pre": [0, 0.5, 0], "post": [0, 0, 0]}
					}
				},
				"eyelid_left": {
					"position": {
						"0.0": [0, 0, 0],
						"0.0417": {"pre": [0, 0, 0], "post": [0, 0, -0.1]},
						"0.25": {"pre": [0, 0, -0.1], "post": [0, 0, 0]},
						"1.0417": {"pre": [0, 0, 0], "post": [0, 0, -0.1]},
						"1.25": {"pre": [0, 0, -0.1], "post": [0, 0, 0]},
						"2.2083": {"pre": [0, 0, 0], "post": [0, 0, -0.1]},
						"3.5417": {"pre": [0, 0, -0.1], "post": [0, 0, 0]}
					}
				},
				"ear_right": {
					"rotation": {
						"2.2917": [0, 0, 0],
						"2.8333": [0, 0, "-math.sin(q.anim_time*90*5)*3"],
						"3.6667": [0, 0, 0]
					}
				},
				"ear_left": {
					"rotation": {
						"2.2917": [0, 0, 0],
						"2.8333": [0, 0, "math.sin(q.anim_time*90*5)*3"],
						"3.6667": [0, 0, 0]
					}
				},
				"eyelid_happy_right": {
					"position": {
						"0.0": [0, 0, 0],
						"2.2083": {"pre": [0, 0, 0], "post": [0, -0.5, -0.11]},
						"3.5417": {"pre": [0, -0.5, -0.11], "post": [0, 0, 0]}
					}
				},
				"eyelid_happy_left": {
					"position": {
						"0.0": [0, 0, 0],
						"2.2083": {"pre": [0, 0, 0], "post": [0, -0.5, -0.11]},
						"3.5417": {"pre": [0, -0.5, -0.11], "post": [0, 0, 0]}
					}
				}
			}
		}
	}
}