{
	"format_version": "1.8.0",
	"animations": {
		"animation.octillery.ground_idle": {
			"loop": true,
			"bones": {
				"tentacle_front_left": {
					"rotation": [7.5, 0, 0]
				},
				"tentacle_front_left2": {
					"rotation": [-5, 0, 0]
				},
				"tentacle_front_left3": {
					"rotation": [-2.5, 0, 0]
				},
				"tentacle_front_left4": {
					"rotation": [-2.5, 0, 0]
				},
				"tentacle_front_left5": {
					"rotation": [-5, 0, 0]
				},
				"tentacle_front_right": {
					"rotation": [7.5, 0, 0]
				},
				"tentacle_front_right2": {
					"rotation": [-5, 0, 0]
				},
				"tentacle_front_right3": {
					"rotation": [-2.5, 0, 0]
				},
				"tentacle_front_right4": {
					"rotation": [-2.5, 0, 0]
				},
				"tentacle_front_right5": {
					"rotation": [-5, 0, 0]
				},
				"tentacle_inner_back_left": {
					"rotation": [-12.5, 0, 0]
				},
				"tentacle_inner_back_left2": {
					"rotation": [12.5, 0, 0]
				},
				"tentacle_middle_back_left": {
					"rotation": [-12.5, 0, 0]
				},
				"tentacle_middle_back_left2": {
					"rotation": [12.5, 0, 0]
				},
				"tentacle_outer_back_left": {
					"rotation": [-12.5, 0, 0]
				},
				"tentacle_outer_back_left2": {
					"rotation": [12.5, 0, 0]
				},
				"tentacle_inner_back_right": {
					"rotation": [-12.5, 0, 0]
				},
				"tentacle_inner_back_right2": {
					"rotation": [12.5, 0, 0]
				},
				"tentacle_middle_back_right": {
					"rotation": [-12.5, 0, 0]
				},
				"tentacle_middle_back_right2": {
					"rotation": [12.5, 0, 0]
				},
				"tentacle_outer_back_right": {
					"rotation": [-12.5, 0, 0]
				},
				"tentacle_outer_back_right2": {
					"rotation": [12.5, 0, 0]
				}
			}
		},
		"animation.octillery.blink": {
			"animation_length": 0.1667,
			"bones": {
				"eyelid_right": {
					"position": {
						"0.0": [-0.1, 0, -0.1],
						"0.125": {"pre": [-0.1, 0, -0.1], "post": [-0.1, 0, -0.1]},
						"0.1667": {"pre": [-0.1, 0, -0.1], "post": [0, 0, 0]}
					}
				},
				"pupil_right": {
					"position": {
						"0.0": [0.1, 0, 0.1],
						"0.125": {"pre": [0.1, 0, 0.1], "post": [0.1, 0, 0.1]},
						"0.1667": {"pre": [0.1, 0, 0.1], "post": [0, 0, 0]}
					}
				},
				"pupil_left": {
					"position": {
						"0.0": [-0.1, 0, 0.1],
						"0.125": {"pre": [-0.1, 0, 0.1], "post": [-0.1, 0, 0.1]},
						"0.1667": {"pre": [-0.1, 0, 0.1], "post": [0, 0, 0]}
					}
				},
				"eyelid_left": {
					"position": {
						"0.0": [0.1, 0, -0.1],
						"0.125": {"pre": [0.1, 0, -0.1], "post": [0.1, 0, -0.1]},
						"0.1667": {"pre": [0.1, 0, -0.1], "post": [0, 0, 0]}
					}
				}
			}
		},
		"animation.octillery.pose": {
			"loop": true,
			"bones": {
				"tentacle_front_left": {
					"rotation": [7.5, 10, 0]
				},
				"tentacle_front_left3": {
					"rotation": [-35, 0, 0]
				},
				"tentacle_front_left5": {
					"rotation": [-30, 0, 0]
				},
				"tentacle_front_left2": {
					"rotation": [-20, 0, 0]
				},
				"tentacle_front_left4": {
					"rotation": [-30, 0, 0]
				},
				"tentacle_front_right": {
					"rotation": [7.5, -10, 0]
				},
				"tentacle_front_right2": {
					"rotation": [-15, 0, 0]
				},
				"tentacle_front_right3": {
					"rotation": [-35, 0, 0]
				},
				"tentacle_front_right4": {
					"rotation": [-30, 0, 0]
				},
				"tentacle_front_right5": {
					"rotation": [-37.5, 0, 0]
				},
				"tentacle_inner_back_left": {
					"rotation": [-10, 0, 0]
				},
				"tentacle_inner_back_left2": {
					"rotation": [5, 0, 0]
				},
				"tentacle_inner_back_left3": {
					"rotation": [5, 0, 0]
				},
				"tentacle_inner_back_right": {
					"rotation": [-7.5, 0, 0]
				},
				"tentacle_inner_back_right2": {
					"rotation": [10, 0, 0]
				},
				"tentacle_inner_back_right3": {
					"rotation": [15, 0, 0]
				},
				"tentacle_middle_back_left": {
					"rotation": [-2.5, 0, 0]
				},
				"tentacle_middle_back_left2": {
					"rotation": [12.5, 0, 0]
				},
				"tentacle_middle_back_left3": {
					"rotation": [15, 0, 0]
				},
				"tentacle_outer_back_left": {
					"rotation": [-5, 0, 0]
				},
				"tentacle_outer_back_left2": {
					"rotation": [-10, 0, 0]
				},
				"tentacle_outer_back_left3": {
					"rotation": [-10, 0, 0]
				},
				"tentacle_middle_back_right": {
					"rotation": [-5, 0, 0]
				},
				"tentacle_middle_back_right2": {
					"rotation": [-5, 0, 0]
				},
				"tentacle_middle_back_right3": {
					"rotation": [-10, 0, 0]
				},
				"tentacle_outer_back_right": {
					"rotation": [-12.5, 0, 0]
				},
				"tentacle_outer_back_right2": {
					"rotation": [15, 0, 0]
				},
				"tentacle_outer_back_right3": {
					"rotation": [-10, 0, 0]
				}
			}
		},
		"animation.octillery.calm": {
			"loop": true,
			"bones": {
				"pupil_right": {
					"position": [0.1, 0, 0.1]
				},
				"eyelid_right": {
					"position": [-0.1, 0, -0.1]
				},
				"eyelid_emote_right2": {
					"position": [0, -1, 0]
				},
				"pupil_left": {
					"position": [-0.1, 0, 0.1]
				},
				"eyelid_left": {
					"position": [0.1, 0, -0.1]
				},
				"eyelid_emote_left2": {
					"position": [0, -1, 0]
				}
			}
		},
		"animation.octillery.happy": {
			"loop": true,
			"bones": {
				"mouth2": {
					"rotation": [-15, 0, 0]
				},
				"pupil_right": {
					"position": [0.1, 0, 0.1]
				},
				"eyelid_right": {
					"position": [-0.1, 0, -0.1]
				},
				"eyelid_emote_right2": {
					"position": [0, 1, 0]
				},
				"pupil_left": {
					"position": [-0.1, 0, 0.1]
				},
				"eyelid_left": {
					"position": [0.1, 0, -0.1]
				},
				"eyelid_emote_left2": {
					"position": [0, 1, 0]
				}
			}
		},
		"animation.octillery.sad": {
			"loop": true,
			"bones": {
				"mouth2": {
					"rotation": [15, 0, 0]
				},
				"eye_emote_right2": {
					"position": [0.9, 0, -0.1]
				},
				"eye_emote_left2": {
					"position": [-0.9, 0, -0.1]
				}
			}
		},
		"animation.octillery.angry": {
			"loop": true,
			"bones": {
				"eye_emote_right": {
					"position": [-0.5, 0, 0],
					"scale": [0.5, 1, 1]
				},
				"eye_emote_right2": {
					"position": [-0.1, 0, 0.9],
					"scale": [1, 1, 0.34]
				},
				"eye_emote_left": {
					"position": [0.5, 0, 0],
					"scale": [0.5, 1, 1]
				},
				"eye_emote_left2": {
					"position": [0.1, 0, 0.9],
					"scale": [1, 1, 0.34]
				}
			}
		},
		"animation.octillery.bored": {
			"loop": true,
			"bones": {
				"mouth2": {
					"rotation": [15, 0, 0]
				},
				"eye_emote_right": {
					"position": [0, -1, 0]
				},
				"pupil_right": {
					"position": [0, -0.5, 0],
					"scale": [1, 0.5, 1]
				},
				"eye_emote_left": {
					"position": [0, -1, 0]
				},
				"pupil_left": {
					"position": [0, -0.5, 0],
					"scale": [1, 0.5, 1]
				}
			}
		},
		"animation.octillery.surprised": {
			"loop": true,
			"bones": {
				"mouth_hole": {
					"scale": [1.2, 1.2, 1]
				},
				"eye_emote_right2": {
					"position": [-0.1, 0, -0.1]
				},
				"pupil_right": {
					"scale": [1, 0.6, 1]
				},
				"eye_emote_left2": {
					"position": [0.1, 0, -0.1]
				},
				"pupil_left": {
					"scale": [1, 0.6, 1]
				}
			}
		},
		"animation.octillery.shifty": {
			"loop": true,
			"bones": {
				"pupil_right": {
					"position": [-0.28, 0, 0],
					"scale": [0.5, 1, 1]
				},
				"eye_emote_left": {
					"position": [0, -1, 0]
				},
				"pupil_left": {
					"position": [-1, -0.5, 0],
					"scale": [1, 0.5, 1]
				}
			}
		},
		"animation.octillery.cry": {
			"animation_length": 1.2,
			"sound_effects": {
				"0.04": {
					"effect": "pokemon.octillery.cry"
				}
			}
		}
	}
}