{
  "portraitScale": 2.54,
  "portraitTranslation": [-0.5, -1.9, 0],
  "profileScale": 0.84,
  "profileTranslation": [0.05, 0.48, 0],
  "rootBone": "sandile",
  "animations": {
    "faint": "q.bedrock_primary('sandile', 'faint', q.curve('one'))",
    "cry": "q.bedrock_stateful('sandile', 'cry')",
    "recoil": "q.bedrock_stateful('sandile', 'recoil')",
    "physical": "q.bedrock_primary('sandile', 'physical', q.curve('symmetrical_wide'))",
    "special": "q.bedrock_primary('sandile', 'special', q.curve('symmetrical_wide'))",
    "status": "q.bedrock_primary('sandile', 'status', q.curve('symmetrical_wide'))"
  },
  "poses": {
    "Portrait": {
      "poseName": "standing",
      "poseTypes": ["PORTRAIT", "PROFILE"],
      "animations": [
        "q.look('head')",
        "q.bedrock('sandile', 'ground_idle')"
      ],
      "quirks": [
        "q.bedrock_quirk('sandile', 'blink')",
        "q.bedrock_quirk('sandile', 'bite_quirk')"
      ]
    },
    "battle-standing": {
      "poseName": "battle-standing",
      "poseTypes": ["STAND"],

      "isBattle": true,
      "namedAnimations": {
        "cry": "q.bedrock_primary('sandile', 'battle_cry', q.curve('symmetrical_wide'))"
      },
      "animations": [
        "q.look('head')",
        "q.bedrock('sandile', 'battle_idle')"
      ],
      "quirks": [
        "q.bedrock_quirk('sandile', 'blink')",
        "q.bedrock_quirk('sandile', 'bite_quirk')"
      ]
    },
    "sand-battle-standing": {
      "poseName": "battle-standing",
      "poseTypes": ["STAND"],
      
      "isBattle": true,
      "namedAnimations": {
        "cry": "q.bedrock_stateful('sandile', 'sand_cry', q.curve('symmetrical_wide'))",
        "recoil": "q.bedrock_stateful('sandile', 'sand_recoil', q.curve('symmetrical_wide'))"
      },
      "animations": [
        "q.look('head')",
        "q.bedrock('sandile', 'sand_battle_idle')"
      ],
      "quirks": [
        "q.bedrock_quirk('sandile', 'blink')",
        "q.bedrock_quirk('sandile', 'bite_quirk')"
      ]
    },
    "standing": {
      "poseName": "standing",
      "poseTypes": ["STAND", "NONE", "FLOAT"],

      "isBattle": false,
      "animations": [
        "q.look('head')",
        "q.bedrock('sandile', 'ground_idle')"
      ],
      "quirks": [
        "q.bedrock_quirk('sandile', 'blink')",
        "q.bedrock_quirk('sandile', 'bite_quirk')"
      ]
    },
    "sand-standing": {
      "poseName": "standing",
      "poseTypes": ["STAND", "NONE"],
      
      "isBattle": false,
      "namedAnimations": {
        "cry": "q.bedrock_stateful('sandile', 'sand_cry', q.curve('symmetrical_wide'))"
      },
      "animations": [
        "q.bedrock('sandile', 'sand_idle')"
      ],
      "quirks": [
        "q.bedrock_quirk('sandile', 'blink')"
      ]
    },
    "walking": {
      "poseName": "walking",
      "poseTypes": ["WALK", "SWIM"],

      "animations": [
        "q.look('head')",
        "q.bedrock('sandile', 'ground_walk')"
      ],
      "quirks": ["q.bedrock_quirk('sandile', 'blink')"]
    },
    "sand-walking": {
      "poseName": "walking",
      "poseTypes": ["WALK", "SWIM"],
      
      "namedAnimations": {
        "cry": "q.bedrock_stateful('sandile', 'sand_cry', q.curve('symmetrical_wide'))"
      },
      "animations": [
        "q.bedrock('sandile', 'sand_swim')"
      ],
      "quirks": ["q.bedrock_quirk('sandile', 'blink')"]
    },
    "sleeping": {
      "poseName": "sleeping",
      "poseTypes": ["SLEEP"],

      "namedAnimations": {
        "cry": "q.bedrock_stateful('dummy', 'cry')"
      },
      "isBattle": false,
      "animations": ["q.bedrock('sandile', 'sleep')"]
    },
    "sand-sleeping": {
      "poseName": "sleeping",
      "poseTypes": ["SLEEP"],
      
      "namedAnimations": {
        "cry": "q.bedrock_stateful('dummy', 'cry')"
      },
      "isBattle": false,
      "animations": ["q.bedrock('sandile', 'sand_sleep')"]
    },
    "battle-sleeping": {
      "poseName": "sleeping",
      "poseTypes": ["SLEEP"],

      "namedAnimations": {
        "cry": "q.bedrock_stateful('dummy', 'cry')"
      },
      "isBattle": true,
      "animations": ["q.bedrock('sandile', 'battle_sleep')"]
    },
    "sand-battle-sleeping": {
      "poseName": "sleeping",
      "poseTypes": ["SLEEP"],
      
      "namedAnimations": {
        "cry": "q.bedrock_stateful('dummy', 'cry')"
      },
      "isBattle": true,
      "animations": ["q.bedrock('sandile', 'sand_battle_sleep')"]
    }
  }
}
