{
	"format_version": "1.12.0",
	"minecraft:geometry": [
		{
			"description": {
				"identifier": "geometry.cascoon",
				"texture_width": 64,
				"texture_height": 64,
				"visible_bounds_width": 2,
				"visible_bounds_height": 2.5,
				"visible_bounds_offset": [0, 0.75, 0]
			},
			"bones": [
				{
					"name": "silcoon",
					"pivot": [0, 0, 0]
				},
				{
					"name": "body",
					"parent": "silcoon",
					"pivot": [0, 0, 0],
					"cubes": [
						{"origin": [-4.5, 0, -3.79289], "size": [9, 7, 9], "pivot": [0, 3.5, 0.70711], "rotation": [0, -45, 0], "uv": [0, 0]},
						{"origin": [-1.7, 0, -12], "size": [1, 2, 9], "pivot": [-8, 5, -8], "rotation": [0, -45, 0], "uv": [22, 27]},
						{"origin": [0.7, 0, -12], "size": [1, 2, 9], "pivot": [8, 5, -8], "rotation": [0, 45, 0], "uv": [22, 16]},
						{"origin": [0.7, 4, -12], "size": [1, 3, 9], "pivot": [8, 5, -8], "rotation": [0, 45, 0], "uv": [11, 19]},
						{"origin": [-1.7, 4, -12], "size": [1, 3, 9], "pivot": [-8, 5, -8], "rotation": [0, -45, 0], "uv": [0, 16]},
						{"origin": [-1.7, 2, -12], "size": [1, 2, 3], "pivot": [-8, 5, -8], "rotation": [0, -45, 0], "uv": [0, 16]},
						{"origin": [0.7, 2, -12], "size": [1, 2, 3], "pivot": [8, 5, -8], "rotation": [0, 45, 0], "uv": [0, 0]},
						{"origin": [0.7, 2, -7], "size": [1, 2, 4], "pivot": [8, 5, -8], "rotation": [0, 45, 0], "uv": [0, 28]},
						{"origin": [-1.7, 2, -7], "size": [1, 2, 4], "pivot": [-8, 5, -8], "rotation": [0, -45, 0], "uv": [27, 0]}
					]
				},
				{
					"name": "eyes",
					"parent": "body",
					"pivot": [0, 0, 0],
					"cubes": [
						{"origin": [-3, 2, -4], "size": [2, 2, 2], "pivot": [-3, 3.5, -3], "rotation": [0, -45, 0], "uv": [0, 21]},
						{"origin": [1, 2, -4], "size": [2, 2, 2], "pivot": [3, 3.5, -3], "rotation": [0, 45, 0], "uv": [11, 19]},
						{"origin": [-5.2, 3, -2], "size": [0, 3, 3], "pivot": [0, 1, 0], "rotation": [0, -45, 0], "uv": [11, 13]},
						{"origin": [5.2, 3, -2], "size": [0, 3, 3], "pivot": [0, 1, 0], "rotation": [0, 45, 0], "uv": [0, 2]}
					]
				}
			]
		}
	]
}