{
	"format_version": "1.12.0",
	"minecraft:geometry": [
		{
			"description": {
				"identifier": "geometry.shelmet",
				"texture_width": 64,
				"texture_height": 64,
				"visible_bounds_width": 3,
				"visible_bounds_height": 2.5,
				"visible_bounds_offset": [0, 0.75, 0]
			},
			"bones": [
				{
					"name": "shelmet",
					"pivot": [0, 0, 0]
				},
				{
					"name": "body",
					"parent": "shelmet",
					"pivot": [0, 2.2, 1]
				},
				{
					"name": "torso",
					"parent": "body",
					"pivot": [0, 5.25, -1]
				},
				{
					"name": "head",
					"parent": "torso",
					"pivot": [0, 5.25, -1.2]
				},
				{
					"name": "head_ai",
					"parent": "head",
					"pivot": [0, 5.25, -1.2]
				},
				{
					"name": "head_angle",
					"parent": "head_ai",
					"pivot": [0, 5.25, -1.2],
					"cubes": [
						{"origin": [-3, 3.25, -4.25], "size": [6, 6, 5], "uv": [0, 0]}
					]
				},
				{
					"name": "eyes",
					"parent": "head_angle",
					"pivot": [0, 5.25, -2.75]
				},
				{
					"name": "eye_left",
					"parent": "eyes",
					"pivot": [3.01, 5.25, -2.75],
					"cubes": [
						{"origin": [3.01, 4.25, -4.25], "size": [0, 2, 3], "uv": [28, -2]}
					]
				},
				{
					"name": "eye_angry_left",
					"parent": "eye_left",
					"pivot": [2.92, 5.75, -3.65],
					"cubes": [
						{"origin": [2.92, 5.25, -4.15], "size": [0, 1, 1], "inflate": 0.01, "uv": [23, 5]},
						{"origin": [2.92, 5.75, -3.15], "size": [0, 1, 1], "inflate": 0.01, "uv": [25, 5]}
					]
				},
				{
					"name": "eye_sad_left",
					"parent": "eye_left",
					"pivot": [2.92, 6.25, -1.75],
					"cubes": [
						{"origin": [2.92, 5.75, -2.75], "size": [0, 1, 2], "inflate": 0.01, "uv": [23, 6]}
					]
				},
				{
					"name": "pupil_left",
					"parent": "eye_left",
					"pivot": [3.02, 5.75, -3.5],
					"cubes": [
						{"origin": [3.02, 5.25, -4], "size": [0, 1, 1], "uv": [0, -1]}
					]
				},
				{
					"name": "eyelid_left",
					"parent": "eye_left",
					"pivot": [2.42, 5.25, -2.65],
					"cubes": [
						{"origin": [1.92, 4.25, -4.15], "size": [1, 2, 3], "inflate": 0.01, "uv": [1, 16]}
					]
				},
				{
					"name": "eyelid_happy_left",
					"parent": "eye_left",
					"pivot": [2.42, 5.25, -2.65],
					"cubes": [
						{"origin": [1.92, 4.25, -4.15], "size": [1, 2, 3], "inflate": 0.01, "uv": [1, 21]}
					]
				},
				{
					"name": "eyelid_recoil_left",
					"parent": "eye_left",
					"pivot": [2.42, 5.25, -2.65],
					"cubes": [
						{"origin": [1.92, 4.25, -4.15], "size": [1, 2, 3], "inflate": 0.01, "uv": [9, 21]}
					]
				},
				{
					"name": "eye_right",
					"parent": "eyes",
					"pivot": [-3.01, 5.25, -2.75],
					"cubes": [
						{"origin": [-3.01, 4.25, -4.25], "size": [0, 2, 3], "uv": [28, 0], "mirror": true}
					]
				},
				{
					"name": "eye_angry_right",
					"parent": "eye_right",
					"pivot": [-2.92, 5.75, -3.65],
					"cubes": [
						{"origin": [-2.92, 5.25, -4.15], "size": [0, 1, 1], "inflate": 0.01, "uv": [23, 6], "mirror": true},
						{"origin": [-2.92, 5.75, -3.15], "size": [0, 1, 1], "inflate": 0.01, "uv": [25, 6], "mirror": true}
					]
				},
				{
					"name": "eye_sad_right",
					"parent": "eye_right",
					"pivot": [-2.92, 6.25, -1.75],
					"cubes": [
						{"origin": [-2.92, 5.75, -2.75], "size": [0, 1, 2], "inflate": 0.01, "uv": [23, 7], "mirror": true}
					]
				},
				{
					"name": "pupil_right",
					"parent": "eye_right",
					"pivot": [-3.02, 5.75, -3.5],
					"cubes": [
						{"origin": [-3.02, 5.25, -4], "size": [0, 1, 1], "uv": [2, -1], "mirror": true}
					]
				},
				{
					"name": "eyelid_right",
					"parent": "eye_right",
					"pivot": [-2.42, 5.25, -2.65],
					"cubes": [
						{"origin": [-2.92, 4.25, -4.15], "size": [1, 2, 3], "inflate": 0.01, "uv": [9, 16], "mirror": true}
					]
				},
				{
					"name": "eyelid_happy_right",
					"parent": "eye_right",
					"pivot": [-2.42, 5.25, -2.65],
					"cubes": [
						{"origin": [-2.92, 4.25, -4.15], "size": [1, 2, 3], "inflate": 0.01, "uv": [9, 26], "mirror": true}
					]
				},
				{
					"name": "eyelid_recoil_right",
					"parent": "eye_right",
					"pivot": [-2.42, 5.25, -2.65],
					"cubes": [
						{"origin": [-2.92, 4.25, -4.15], "size": [1, 2, 3], "inflate": 0.01, "uv": [1, 26], "mirror": true}
					]
				},
				{
					"name": "mouth",
					"parent": "head_angle",
					"pivot": [0, 3.25, -4.25],
					"rotation": [-5, 0, 0],
					"cubes": [
						{"origin": [-1.5, 3.25, -6.25], "size": [3, 3, 2], "uv": [17, 0]}
					]
				},
				{
					"name": "mouth2",
					"parent": "mouth",
					"pivot": [0, 4.25, -6.25],
					"rotation": [-5, 0, 0],
					"cubes": [
						{"origin": [-1, 4.25, -8.25], "size": [2, 2, 2], "uv": [0, 11]}
					]
				},
				{
					"name": "lip_upper",
					"parent": "mouth2",
					"pivot": [-0.5, 5.65, -8.25],
					"rotation": [-5, 0, 0],
					"cubes": [
						{"origin": [-1, 5.65, -10.25], "size": [2, 2, 2], "inflate": 0.02, "uv": [16, 11]}
					]
				},
				{
					"name": "lip_lower",
					"parent": "mouth2",
					"pivot": [0, 5.95, -8.25],
					"rotation": [15, 0, 0],
					"cubes": [
						{"origin": [-1, 3.95, -10.25], "size": [2, 2, 2], "inflate": 0.01, "uv": [8, 11]}
					]
				},
				{
					"name": "shell_top",
					"parent": "torso",
					"pivot": [0, 5, 0.5],
					"rotation": [-10, 0, 0],
					"cubes": [
						{"origin": [-4.5, 5, -1.5], "size": [9, 5, 5], "inflate": 0.02, "uv": [36, 0]},
						{"origin": [3, 5, -1.53], "size": [1, 2, 0], "uv": [0, 1]},
						{"origin": [-4, 5, -1.53], "size": [1, 2, 0], "uv": [2, 1], "mirror": true}
					]
				},
				{
					"name": "shell_top2",
					"parent": "shell_top",
					"pivot": [0, 5, -1.5],
					"rotation": [-5, 0, 0],
					"cubes": [
						{"origin": [-4, 6, -6.5], "size": [8, 1, 0], "uv": [7, 61]},
						{"origin": [4, 5, -6.5], "size": [0, 2, 5], "uv": [41, 55]},
						{"origin": [-4, 7, -6.5], "size": [8, 3, 5], "uv": [38, 20]},
						{"origin": [-4, 5, -6.5], "size": [0, 2, 5], "uv": [53, 55], "mirror": true}
					]
				},
				{
					"name": "shell_top3",
					"parent": "shell_top2",
					"pivot": [0, 6, -6.5],
					"rotation": [-5, 0, 0],
					"cubes": [
						{"origin": [-3, 8, -10.5], "size": [6, 2, 4], "uv": [44, 28]},
						{"origin": [3, 6, -9.5], "size": [0, 2, 3], "uv": [25, 57]},
						{"origin": [-3, 6, -9.5], "size": [0, 2, 3], "uv": [33, 57], "mirror": true}
					]
				},
				{
					"name": "shell_bottom",
					"parent": "torso",
					"pivot": [0.5, 5, 0.5],
					"rotation": [15, 0, 0],
					"cubes": [
						{"origin": [-4, 2, -4.5], "size": [8, 3, 7], "inflate": 0.01, "uv": [34, 10]}
					]
				},
				{
					"name": "tail",
					"parent": "shell_bottom",
					"pivot": [0, 2, 2.5],
					"rotation": [25, 0, 0],
					"cubes": [
						{"origin": [-2.5, 2, 2.5], "size": [5, 9, 9], "uv": [35, 40]}
					]
				},
				{
					"name": "shell_bottom2",
					"parent": "shell_bottom",
					"pivot": [0.5, 3, -4.5],
					"rotation": [-5, 0, 0],
					"cubes": [
						{"origin": [-3.5, 3, -8.5], "size": [7, 2, 4], "uv": [42, 34]}
					]
				},
				{
					"name": "legs",
					"parent": "body",
					"pivot": [0, 2.2, 0.7],
					"rotation": [10, 0, 0]
				},
				{
					"name": "leg_left",
					"parent": "legs",
					"pivot": [3, 2.2, 0.2],
					"cubes": [
						{"origin": [2, 0.7, -1.3], "size": [2, 3, 3], "pivot": [3, 2.2, 0.2], "rotation": [45, 0, 0], "uv": [34, 43]}
					]
				},
				{
					"name": "leg_right",
					"parent": "legs",
					"pivot": [-3, 2.2, 0.2],
					"cubes": [
						{"origin": [-4, 0.7, -1.3], "size": [2, 3, 3], "pivot": [-3, 2.2, 0.2], "rotation": [45, 0, 0], "uv": [54, 43], "mirror": true}
					]
				}
			]
		}
	]
}