{
	"format_version": "1.12.0",
	"minecraft:geometry": [
		{
			"description": {
				"identifier": "geometry.galvantula",
				"texture_width": 128,
				"texture_height": 64,
				"visible_bounds_width": 4,
				"visible_bounds_height": 2.5,
				"visible_bounds_offset": [0, 0.75, 0]
			},
			"bones": [
				{
					"name": "galvantula",
					"pivot": [0, 0, 0]
				},
				{
					"name": "body",
					"parent": "galvantula",
					"pivot": [0, 7, 0]
				},
				{
					"name": "torso",
					"parent": "body",
					"pivot": [0, 6, 0],
					"cubes": [
						{"origin": [-4.5, 4, -8], "size": [9, 7, 9], "uv": [0, 22]}
					]
				},
				{
					"name": "torso_fluff",
					"parent": "torso",
					"pivot": [0, 9.5, -3]
				},
				{
					"name": "torso_fluff_right",
					"parent": "torso_fluff",
					"pivot": [0.5, 9.5, -3.15],
					"cubes": [
						{"origin": [-7.5, 5.5, -3.15], "size": [8, 10, 0], "uv": [56, 24]}
					]
				},
				{
					"name": "torso_fluff_left",
					"parent": "torso_fluff",
					"pivot": [-0.5, 9.5, -3.15],
					"cubes": [
						{"origin": [-0.5, 5.5, -3.15], "size": [8, 10, 0], "uv": [56, 14]}
					]
				},
				{
					"name": "eyes",
					"parent": "torso",
					"pivot": [0, 7, -8]
				},
				{
					"name": "forehead_eyes",
					"parent": "eyes",
					"pivot": [0, 9.5, -7.5],
					"cubes": [
						{"origin": [-1.5, 8, -8], "size": [3, 3, 1], "inflate": 0.01, "uv": [23, 60]}
					]
				},
				{
					"name": "forehead_eyelids",
					"parent": "forehead_eyes",
					"pivot": [0, 9.4, -7.4]
				},
				{
					"name": "forehead_eyelid_bottom_right",
					"parent": "forehead_eyelids",
					"pivot": [-1, 8.4, -7.4],
					"cubes": [
						{"origin": [-1.5, 7.9, -7.9], "size": [1, 1, 1], "inflate": 0.02, "uv": [20, 61]}
					]
				},
				{
					"name": "forehead_eyelid_bottom_left",
					"parent": "forehead_eyelids",
					"pivot": [1, 8.4, -7.4],
					"cubes": [
						{"origin": [0.5, 7.9, -7.9], "size": [1, 1, 1], "inflate": 0.02, "uv": [16, 61]}
					]
				},
				{
					"name": "forehead_eyelid_top_right",
					"parent": "forehead_eyelids",
					"pivot": [-1, 10.4, -7.4],
					"cubes": [
						{"origin": [-1.5, 9.9, -7.9], "size": [1, 1, 1], "inflate": 0.02, "uv": [8, 61]}
					]
				},
				{
					"name": "forehead_eyelid_top_left",
					"parent": "forehead_eyelids",
					"pivot": [1, 10.4, -7.4],
					"cubes": [
						{"origin": [0.5, 9.9, -7.9], "size": [1, 1, 1], "inflate": 0.02, "uv": [12, 61]}
					]
				},
				{
					"name": "eye_right",
					"parent": "eyes",
					"pivot": [-4.05, 7.5, -6.55],
					"cubes": [
						{"origin": [-4.55, 6, -8.05], "size": [1, 3, 3], "uv": [89, 58]}
					]
				},
				{
					"name": "pupil_right",
					"parent": "eye_right",
					"pivot": [-4.56, 7.5, -7],
					"cubes": [
						{"origin": [-4.56, 6.5, -8], "size": [0, 2, 2], "uv": [31, 26]}
					]
				},
				{
					"name": "eye_shine_right",
					"parent": "eye_right",
					"pivot": [-4.57, 8.25, -7.1],
					"cubes": [
						{"origin": [-4.57, 7.75, -7.6], "size": [0, 1, 1], "uv": [0, 1]}
					]
				},
				{
					"name": "eyelid_right",
					"parent": "eye_right",
					"pivot": [0.1, 2, -2.9],
					"cubes": [
						{"origin": [-4.45, 6, -7.95], "size": [1, 3, 3], "inflate": 0.03, "uv": [27, 22]}
					]
				},
				{
					"name": "eye_left",
					"parent": "eyes",
					"pivot": [4.05, 7.5, -6.55],
					"cubes": [
						{"origin": [3.55, 6, -8.05], "size": [1, 3, 3], "uv": [0, 57]}
					]
				},
				{
					"name": "pupil_left",
					"parent": "eye_left",
					"pivot": [4.56, 7.5, -7],
					"cubes": [
						{"origin": [4.56, 6.5, -8], "size": [0, 2, 2], "uv": [27, 26]}
					]
				},
				{
					"name": "eye_shine_left",
					"parent": "eye_left",
					"pivot": [4.57, 8.25, -7.1],
					"cubes": [
						{"origin": [4.57, 7.75, -7.6], "size": [0, 1, 1], "uv": [0, 0]}
					]
				},
				{
					"name": "eyelid_left",
					"parent": "eye_left",
					"pivot": [3.95, 7.5, -6.45],
					"cubes": [
						{"origin": [3.45, 6, -7.95], "size": [1, 3, 3], "inflate": 0.03, "uv": [0, 22]}
					]
				},
				{
					"name": "front_arms",
					"parent": "torso",
					"pivot": [0, 5.25, -8]
				},
				{
					"name": "front_arm_right",
					"parent": "front_arms",
					"pivot": [-2.5, 5.25, -7],
					"cubes": [
						{"origin": [-3, 4.25, -10], "size": [1, 2, 3], "uv": [52, 9]}
					]
				},
				{
					"name": "front_arm_right2",
					"parent": "front_arm_right",
					"pivot": [-2.5, 4.25, -10],
					"cubes": [
						{"origin": [-3, 4.25, -13], "size": [1, 2, 3], "inflate": 0.01, "uv": [74, 8]}
					]
				},
				{
					"name": "front_forearm_right",
					"parent": "front_arm_right2",
					"pivot": [-2.5, 6.25, -13],
					"cubes": [
						{"origin": [-3.5, 4, -19], "size": [2, 3, 6], "inflate": 0.01, "uv": [72, 18]},
						{"origin": [-2.5, 2.75, -19], "size": [0, 2, 6], "uv": [20, 32]}
					]
				},
				{
					"name": "front_forehair_right",
					"parent": "front_forearm_right",
					"pivot": [-2.5, 7, -19],
					"cubes": [
						{"origin": [-3.5, 7, -22], "size": [2, 0, 3], "uv": [69, 21]}
					]
				},
				{
					"name": "front_arm_left",
					"parent": "front_arms",
					"pivot": [2.5, 5.25, -7],
					"cubes": [
						{"origin": [2, 4.25, -10], "size": [1, 2, 3], "uv": [74, 3]}
					]
				},
				{
					"name": "front_arm_left2",
					"parent": "front_arm_left",
					"pivot": [2.5, 4.25, -10],
					"cubes": [
						{"origin": [2, 4.25, -13], "size": [1, 2, 3], "inflate": 0.01, "uv": [74, 13]}
					]
				},
				{
					"name": "front_forearm_left",
					"parent": "front_arm_left2",
					"pivot": [2.5, 6.25, -13],
					"cubes": [
						{"origin": [1.5, 4, -19], "size": [2, 3, 6], "inflate": 0.01, "uv": [54, 54]},
						{"origin": [2.5, 2.75, -19], "size": [0, 2, 6], "uv": [20, 32]}
					]
				},
				{
					"name": "front_forehair_left",
					"parent": "front_forearm_left",
					"pivot": [2.5, 7, -19],
					"cubes": [
						{"origin": [1.5, 7, -22], "size": [2, 0, 3], "uv": [2, 22]}
					]
				},
				{
					"name": "abdomen",
					"parent": "torso",
					"pivot": [0, 4, 0],
					"rotation": [-7.5, 0, 0],
					"cubes": [
						{"origin": [-6.5, 4, 0], "size": [13, 10, 12], "uv": [0, 0]}
					]
				},
				{
					"name": "abdomen_fluff_right",
					"parent": "abdomen",
					"pivot": [-6.5, 4, 6],
					"cubes": [
						{"origin": [-6.5, 4, 3], "size": [0, 9, 9], "uv": [38, 32]}
					]
				},
				{
					"name": "abdomen_fluff_left",
					"parent": "abdomen",
					"pivot": [6.5, 4, 6],
					"cubes": [
						{"origin": [6.5, 4, 3], "size": [0, 9, 9], "uv": [20, 32]}
					]
				},
				{
					"name": "abdomen_fluff_back",
					"parent": "abdomen",
					"pivot": [0, 4, 12]
				},
				{
					"name": "abdomen_back_fluff_right",
					"parent": "abdomen_fluff_back",
					"pivot": [0, 4, 12],
					"cubes": [
						{"origin": [-9.5, 4, 12], "size": [10, 19, 0], "uv": [36, 22]}
					]
				},
				{
					"name": "abdomen_back_fluff_left",
					"parent": "abdomen_fluff_back",
					"pivot": [0, 4, 12],
					"cubes": [
						{"origin": [-0.5, 4, 12], "size": [10, 19, 0], "uv": [0, 38]}
					]
				},
				{
					"name": "front_legs",
					"parent": "body",
					"pivot": [0, 6, -3.5]
				},
				{
					"name": "front_leg_left",
					"parent": "front_legs",
					"pivot": [4.5, 5, -3.5],
					"cubes": [
						{"origin": [4.5, 5, -4.5], "size": [8, 2, 2], "uv": [57, 46]}
					]
				},
				{
					"name": "front_leg_left2",
					"parent": "front_leg_left",
					"pivot": [10.5, 7, -3.5],
					"cubes": [
						{"origin": [10.5, 0, -5], "size": [3, 8, 3], "uv": [56, 34]}
					]
				},
				{
					"name": "front_leghair_left",
					"parent": "front_leg_left2",
					"pivot": [12, 8, -3.5],
					"cubes": [
						{"origin": [12, 7, -5.5], "size": [0, 3, 4], "uv": [72, 23]}
					]
				},
				{
					"name": "front_leg_left3",
					"parent": "front_leg_left2",
					"pivot": [13.5, 2, -3.5],
					"cubes": [
						{"origin": [9.5, -3, -6], "size": [5, 5, 5], "inflate": 0.01, "uv": [40, 50]}
					]
				},
				{
					"name": "front_leghair_left2",
					"parent": "front_leg_left3",
					"pivot": [12, -3, -3.5],
					"cubes": [
						{"origin": [8.5, -3, -7], "size": [7, 0, 7], "uv": [53, 7]}
					]
				},
				{
					"name": "front_toe_left",
					"parent": "front_leg_left3",
					"pivot": [13, -3, -3.5],
					"cubes": [
						{"origin": [11, -5, -4.5], "size": [2, 2, 2], "uv": [8, 57]}
					]
				},
				{
					"name": "front_leg_right",
					"parent": "front_legs",
					"pivot": [-4.5, 5, -3.5],
					"cubes": [
						{"origin": [-12.5, 5, -4.5], "size": [8, 2, 2], "uv": [57, 50]}
					]
				},
				{
					"name": "front_leg_right2",
					"parent": "front_leg_right",
					"pivot": [-10.5, 7, -3.5],
					"cubes": [
						{"origin": [-13.5, 0, -5], "size": [3, 8, 3], "uv": [68, 34]}
					]
				},
				{
					"name": "front_leghair_right",
					"parent": "front_leg_right2",
					"pivot": [-12, 8, -3.5],
					"cubes": [
						{"origin": [-12, 7, -5.5], "size": [0, 3, 4], "uv": [72, 26]}
					]
				},
				{
					"name": "front_leg_right3",
					"parent": "front_leg_right2",
					"pivot": [-13.5, 2, -3.5],
					"cubes": [
						{"origin": [-14.5, -3, -6], "size": [5, 5, 5], "inflate": 0.01, "uv": [72, 50]}
					]
				},
				{
					"name": "front_leghair_right2",
					"parent": "front_leg_right3",
					"pivot": [-12, -3, -3.5],
					"cubes": [
						{"origin": [-15.5, -3, -7], "size": [7, 0, 7], "uv": [81, 21]}
					]
				},
				{
					"name": "front_toe_right",
					"parent": "front_leg_right3",
					"pivot": [-13, -3, -3.5],
					"cubes": [
						{"origin": [-13, -5, -4.5], "size": [2, 2, 2], "uv": [76, 60]}
					]
				},
				{
					"name": "back_legs",
					"parent": "body",
					"pivot": [4.5, 5, -1.25]
				},
				{
					"name": "back_leg_left",
					"parent": "back_legs",
					"pivot": [4.5, 5, -1.25],
					"cubes": [
						{"origin": [4.5, 5, -2.25], "size": [9, 2, 2], "uv": [52, 0]}
					]
				},
				{
					"name": "back_leg_left2",
					"parent": "back_leg_left",
					"pivot": [12.5, 7, -1.25],
					"cubes": [
						{"origin": [12.5, 0, -2.75], "size": [3, 9, 3], "uv": [0, 0]}
					]
				},
				{
					"name": "back_leghair_left",
					"parent": "back_leg_left2",
					"pivot": [14, 9, -1.25],
					"cubes": [
						{"origin": [14, 8, -3.25], "size": [0, 3, 4], "uv": [80, 26]}
					]
				},
				{
					"name": "back_leg_left3",
					"parent": "back_leg_left2",
					"pivot": [15.5, 2, -1.25],
					"cubes": [
						{"origin": [11.5, -3, -3.75], "size": [5, 5, 5], "inflate": 0.01, "uv": [20, 50]}
					]
				},
				{
					"name": "back_leghair_left2",
					"parent": "back_leg_left3",
					"pivot": [14, -3, -1.25],
					"cubes": [
						{"origin": [10.5, -3, -4.75], "size": [7, 0, 7], "uv": [31, 0]}
					]
				},
				{
					"name": "back_toe_left",
					"parent": "back_leg_left3",
					"pivot": [15, -3, -1.25],
					"cubes": [
						{"origin": [13, -5, -2.25], "size": [2, 2, 2], "uv": [35, 50]}
					]
				},
				{
					"name": "back_leg_right",
					"parent": "back_legs",
					"pivot": [-4.5, 5, -1.25],
					"cubes": [
						{"origin": [-13.5, 5, -2.25], "size": [9, 2, 2], "uv": [79, 0]}
					]
				},
				{
					"name": "back_leg_right2",
					"parent": "back_leg_right",
					"pivot": [-12.5, 7, -1.25],
					"cubes": [
						{"origin": [-15.5, 0, -2.75], "size": [3, 9, 3], "uv": [82, 4]}
					]
				},
				{
					"name": "back_leghair_right",
					"parent": "back_leg_right2",
					"pivot": [-14, 9, -1.25],
					"cubes": [
						{"origin": [-14, 8, -3.25], "size": [0, 3, 4], "uv": [80, 23]}
					]
				},
				{
					"name": "back_leg_right3",
					"parent": "back_leg_right2",
					"pivot": [-15.5, 2, -1.25],
					"cubes": [
						{"origin": [-16.5, -3, -3.75], "size": [5, 5, 5], "inflate": 0.01, "uv": [89, 11]}
					]
				},
				{
					"name": "back_leghair_right2",
					"parent": "back_leg_right3",
					"pivot": [-14, -3, -1.25],
					"cubes": [
						{"origin": [-17.5, -3, -4.75], "size": [7, 0, 7], "uv": [87, 4]}
					]
				},
				{
					"name": "back_toe_right",
					"parent": "back_leg_right3",
					"pivot": [-15, -3, -1.25],
					"cubes": [
						{"origin": [-15, -5, -2.25], "size": [2, 2, 2], "uv": [31, 60]}
					]
				}
			]
		}
	]
}