{
	"format_version": "1.12.0",
	"minecraft:geometry": [
		{
			"description": {
				"identifier": "geometry.dreepy",
				"texture_width": 32,
				"texture_height": 32,
				"visible_bounds_width": 2,
				"visible_bounds_height": 3,
				"visible_bounds_offset": [0, 0.5, 0]
			},
			"bones": [
				{
					"name": "dreepy",
					"pivot": [0, 0, 0]
				},
				{
					"name": "body",
					"parent": "dreepy",
					"pivot": [0, 4, -0.5]
				},
				{
					"name": "torso",
					"parent": "body",
					"pivot": [0, 3, -0.5],
					"cubes": [
						{"origin": [-1.5, 0.5, -2], "size": [3, 4, 3], "uv": [0, 13]}
					]
				},
				{
					"name": "neck",
					"parent": "torso",
					"pivot": [0, 4, -0.5],
					"cubes": [
						{"origin": [-1, 4, -1.5], "size": [2, 4, 2], "uv": [0, 26]}
					]
				},
				{
					"name": "head",
					"parent": "neck",
					"pivot": [0, 7.75, -0.75],
					"cubes": [
						{"origin": [-3, 7, -4.5], "size": [5, 2, 5], "inflate": 0.01, "pivot": [0, 7, -2.5], "rotation": [0, 45, 0], "uv": [0, 0]},
						{"origin": [-7.5, 7.5, -1.75], "size": [7, 0, 4], "pivot": [-3.5, 7.5, -1.75], "rotation": [12.5, 15, 0], "uv": [11, 7]},
						{"origin": [0.5, 7.5, -1.75], "size": [7, 0, 4], "pivot": [3.5, 7.5, -1.75], "rotation": [12.5, -15, 0], "uv": [5, 28]}
					]
				},
				{
					"name": "feathers_left",
					"parent": "head",
					"pivot": [1.5, 6.75, 0],
					"rotation": [0, -20, 0],
					"cubes": [
						{"origin": [1, 6, 0], "size": [2, 1, 0], "pivot": [1.5, 7, 0], "rotation": [0, 0, 12.5], "uv": [15, 4]},
						{"origin": [1.5, 6.5, 0], "size": [2, 1, 0], "inflate": 0.01, "pivot": [1.5, 6.5, 0], "rotation": [0, 0, -10], "uv": [15, 11]}
					]
				},
				{
					"name": "feathers_right",
					"parent": "head",
					"pivot": [-1.5, 6.75, 0],
					"rotation": [0, 20, 0],
					"cubes": [
						{"origin": [-3, 6, 0], "size": [2, 1, 0], "pivot": [-1.5, 7, 0], "rotation": [0, 0, -12.5], "uv": [0, 11]},
						{"origin": [-3.5, 6.5, 0], "size": [2, 1, 0], "inflate": 0.01, "pivot": [-1.5, 6.5, 0], "rotation": [0, 0, 10], "uv": [0, 4]}
					]
				},
				{
					"name": "eye_left",
					"parent": "head",
					"pivot": [1.25, 9, -1.5],
					"rotation": [-10, -17.5, 0],
					"cubes": [
						{"origin": [0.25, 7, -4.5], "size": [2, 2, 3], "uv": [9, 18]},
						{"origin": [0.5, 7.5, -4.51], "size": [1, 1, 0], "uv": [0, 13]}
					]
				},
				{
					"name": "eyelid_left",
					"parent": "eye_left",
					"pivot": [1.25, 8, -4.1],
					"cubes": [
						{"origin": [0.25, 7, -4.48], "size": [2, 2, 1], "inflate": 0.01, "uv": [14, 25], "mirror": true}
					]
				},
				{
					"name": "eye_right",
					"parent": "head",
					"pivot": [-1.25, 9, -1.5],
					"rotation": [-10, 17.5, 0],
					"cubes": [
						{"origin": [-2.25, 7, -4.5], "size": [2, 2, 3], "uv": [12, 13]},
						{"origin": [-1.5, 7.5, -4.51], "size": [1, 1, 0], "uv": [0, 0]}
					]
				},
				{
					"name": "eyelid_right",
					"parent": "eye_right",
					"pivot": [-1.25, 8, -4.1],
					"cubes": [
						{"origin": [-2.25, 7, -4.48], "size": [2, 2, 1], "inflate": 0.01, "uv": [14, 25]}
					]
				},
				{
					"name": "jaw",
					"parent": "head",
					"pivot": [0, 6.75, -1.75],
					"rotation": [0, 0, 0],
					"cubes": [
						{"origin": [-2.5, 6.25, -4.25], "size": [5, 1, 5], "pivot": [0, 6.75, -1.75], "rotation": [0, -45, 0], "uv": [0, 7]}
					]
				},
				{
					"name": "tail",
					"parent": "torso",
					"pivot": [0, 1, -0.5],
					"cubes": [
						{"origin": [-1, -3.5, -1.5], "size": [2, 5, 2], "inflate": 0.01, "uv": [19, 18]}
					]
				},
				{
					"name": "tail2",
					"parent": "tail",
					"pivot": [0, -3.5, -1.5],
					"cubes": [
						{"origin": [-1, -7.5, -1.5], "size": [2, 4, 2], "uv": [24, 25]},
						{"origin": [0, -6.5, -2.5], "size": [0, 1, 1], "uv": [0, 2]},
						{"origin": [0.75, -6.5, 0.5], "size": [0, 1, 1], "pivot": [0.75, -6, 0.5], "rotation": [0, 25, 0], "uv": [0, 1]},
						{"origin": [-0.75, -6.5, 0.5], "size": [0, 1, 1], "pivot": [-0.75, -6, 0.5], "rotation": [0, -25, 0], "uv": [0, 0]}
					]
				},
				{
					"name": "tail3",
					"parent": "tail2",
					"pivot": [0, -7.5, 0.5],
					"cubes": [
						{"origin": [0, -12.5, -1.5], "size": [0, 5, 2], "uv": [28, -2]}
					]
				},
				{
					"name": "arm_right",
					"parent": "torso",
					"pivot": [-0.75, 3, -1.5],
					"rotation": [0, 25, 0],
					"cubes": [
						{"origin": [-1.25, 3, -3.5], "size": [1, 0, 2], "uv": [0, 2]}
					]
				},
				{
					"name": "arm_right2",
					"parent": "arm_right",
					"pivot": [-0.75, 3, -3.5],
					"cubes": [
						{"origin": [-1.75, 3, -6.5], "size": [2, 0, 3], "uv": [16, 13]}
					]
				},
				{
					"name": "arm_left",
					"parent": "torso",
					"pivot": [0.75, 3, -1.5],
					"rotation": [0, -25, 0],
					"cubes": [
						{"origin": [0.25, 3, -3.5], "size": [1, 0, 2], "uv": [0, 0]}
					]
				},
				{
					"name": "arm_left2",
					"parent": "arm_left",
					"pivot": [0.75, 3, -3.5],
					"cubes": [
						{"origin": [-0.25, 3, -6.5], "size": [2, 0, 3], "uv": [6, 13]}
					]
				}
			]
		}
	]
}