{
	"format_version": "1.8.0",
	"animations": {
		"animation.sealeo.ground_idle1": {
			"loop": true,
			"bones": {
				"body": {
					"position": [0, 1, 0]
				},
				"torso": {
					"rotation": [-10, 0, 0]
				},
				"lower_body": {
					"rotation": [7.5, 0, 0]
				},
				"tail": {
					"rotation": [17.5, 0, 0]
				},
				"tail_fins": {
					"rotation": [30, 0, 0]
				},
				"flipper_left": {
					"rotation": [31.40011, 28.99949, 38.56442],
					"position": [-0.73122, -0.17733, -1.07775]
				},
				"flipper_left2": {
					"rotation": [0, 0, -25]
				},
				"flipper_right": {
					"rotation": [31.40011, -28.99949, -38.56442],
					"position": [0.73122, -0.17733, -1.07775]
				},
				"flipper_right2": {
					"rotation": [0, 0, 25]
				},
				"neck": {
					"rotation": [-7.5, 0, 0]
				},
				"head": {
					"rotation": [20, 0, 0]
				},
				"whiskers_left2": {
					"rotation": [0, 0, 17.5]
				},
				"whiskers_right2": {
					"rotation": [0, 0, -17.5]
				}
			}
		},
		"animation.sealeo.ground_idle2": {
			"loop": true,
			"bones": {
				"body": {
					"position": [0, 1, 0]
				},
				"torso": {
					"rotation": [-10, 0, 0]
				},
				"lower_body": {
					"rotation": [7.5, 0, 0]
				},
				"tail": {
					"rotation": [17.5, 0, 0]
				},
				"tail_fins": {
					"rotation": [30, 0, 0]
				},
				"flipper_left": {
					"rotation": [31.40011, 28.99949, 38.56442],
					"position": [-0.73122, -0.17733, -1.07775]
				},
				"flipper_left2": {
					"rotation": [0, 0, -25]
				},
				"flipper_right": {
					"rotation": [31.40011, -28.99949, -38.56442],
					"position": [0.73122, -0.17733, -1.07775]
				},
				"flipper_right2": {
					"rotation": [0, 0, 25]
				},
				"neck": {
					"rotation": [-50, 0, 0]
				},
				"head": {
					"rotation": [65, 0, 0],
					"position": [0, 0, -2]
				},
				"whiskers_left2": {
					"rotation": [0, 0, 17.5]
				},
				"whiskers_right2": {
					"rotation": [0, 0, -17.5]
				},
				"face": {
					"position": [0, 0, 0.5]
				},
				"mouth_open": {
					"position": [0, 0.12, -0.5]
				},
				"whiskers_left": {
					"position": [0, 0.02, 0]
				},
				"whiskers_right": {
					"position": [0, 0.02, 0]
				}
			}
		},
		"animation.sealeo.blink": {
			"animation_length": 0.16,
			"bones": {
				"eyelid_left": {
					"position": {
						"0.0": [0, 0.1, 0],
						"0.12": [0, 0.1, 0],
						"0.16": [0, 0, 0]
					}
				},
				"eyelid_right": {
					"position": {
						"0.0": [0, 0.1, 0],
						"0.12": [0, 0.1, 0],
						"0.16": [0, 0, 0]
					}
				}
			}
		},
		"animation.sealeo.cry": {
			"animation_length": 1.2,
			"sound_effects": {
				"0.04": {
					"effect": "pokemon.sealeo.cry"
				}
			}
		}
	}
}