{
	"format_version": "1.8.0",
	"animations": {
		"animation.rotom_wash.ground_idle": {
			"loop": true,
			"bones": {
				"body": {
					"rotation": [0, 0, 2.5]
				},
				"mouth_closed": {
					"position": [0, 0, 0.1]
				},
				"mouth_smile": {
					"position": [0, 0, -0.1]
				},
				"arm_left": {
					"rotation": [1.38453, 8.40962, 26.27225]
				},
				"arm_right": {
					"rotation": [-22.5, 0, 20]
				},
				"door_outline": {
					"position": [2, 0, 0],
					"scale": 0.5
				},
				"tail": {
					"rotation": [0, -25, 2.5]
				},
				"tail2": {
					"rotation": [-3.82943, -12.26069, 7.31883]
				},
				"tail3": {
					"rotation": [2.75333, -24.88023, -5.492]
				},
				"tail4": {
					"rotation": [0, -27.5, 0]
				}
			}
		},
		"animation.rotom_wash.blink": {
			"animation_length": 0.1667,
			"bones": {
				"eyelid_left": {
					"position": {
						"0.0": [0, 0, -0.1],
						"0.125": [0, 0, -0.1],
						"0.1667": [0, 0, 0]
					}
				},
				"eyelid_right": {
					"position": {
						"0.0": [0, 0, -0.1],
						"0.125": [0, 0, -0.1],
						"0.1667": [0, 0, 0]
					}
				}
			}
		},
		"animation.rotom_wash.open_example": {
			"animation_length": 1.5,
			"bones": {
				"door": {
					"rotation": {
						"0.0": [0, 157.5, 0],
						"1.0": [0, 0, 0]
					}
				},
				"door_outline": {
					"position": {
						"0.9583": [0, 0, 0],
						"1.0": [1, 0, 0]
					},
					"scale": {
						"0.9583": [1, 1, 1],
						"1.0": [0.5, 0.5, 0.5]
					}
				}
			}
		}
	}
}