{
  "portraitScale": 1.3,
  "portraitTranslation": [-0.79, 0.97, 0],
  "profileScale": 0.52,
  "profileTranslation": [-0.11, 0.87, 0],
  "rootBone": "walrein",
  "animations": {
    "cry": "q.bedrock_stateful('walrein', 'cry')"
  },
  "poses": {
    "standing": {
      "poseTypes": [
        "STAND",
        "WALK",
        "SWIM",
        "FLOAT",
        "PORTRAIT",
        "PROFILE",
        "NONE"
      ],
      "animations": ["q.bedrock('walrein', 'ground_idle')"],
      "quirks": ["q.bedrock_quirk('walrein', 'blink')"]
    }
  }
}