{
  "portraitScale": 1.37,
  "portraitTranslation": [-0.41, 2.04, 0],
  "profileScale": 0.51,
  "profileTranslation": [-0.26, 0.9, 0],
  "rootBone": "slaking",
  "animations": {
    "cry": "q.bedrock_stateful('slaking', 'cry')"
  },
  "poses": {
    "portrait": {
      "poseTypes": ["PORTRAIT"],
      "isBattle": false,
      "animations": ["q.look('head')", "q.bedrock('slaking', 'ground_idle')"],
      "quirks": ["q.bedrock_quirk('slaking', 'blink')"]
    },
    "battle-standing": {
      "poseTypes": ["STAND"],
      "isBattle": true,
      "animations": ["q.look('head')", "q.bedrock('slaking', 'ground_idle')"],
      "quirks": ["q.bedrock_quirk('slaking', 'blink')"]
    },
    "standing": {
      "poseTypes": ["STAND", "NONE", "PROFILE"],
      "isBattle": false,
      "animations": ["q.bedrock('slaking', 'lying')"],
      "quirks": ["q.bedrock_quirk('slaking', 'blink')"]
    },
    "walking": {
      "poseTypes": ["WALK", "FLOAT", "SWIM"],
      "animations": [
        "q.look('head')",
        "q.biped_walk(0.66, 0.6, 'leg_left', 'leg_right')",
        "q.bimanual_swing(0.66, 0.6, 'arm_left', 'arm_right')",
        "q.bedrock('slaking', 'ground_idle')"
      ],
      "quirks": ["q.bedrock_quirk('slaking', 'blink')"]
    },
    "sleep": {
      "poseTypes": ["SLEEP"],
      "animations": ["q.bedrock('slaking', 'sleep')"]
    }
  }
}
