{
  "portraitScale": 1.83,
  "portraitTranslation": [-0.5, 0.89, 0],
  "profileScale": 0.64,
  "profileTranslation": [-0.14, 0.73, 0],
  "rootBone": "vigoroth",
  "animations": {
    "cry": "q.bedrock_stateful('vigoroth', 'cry')"
  },
  "poses": {
    "battle-standing": {
      "poseTypes": ["STAND"],
      "isBattle": true,
      "animations": ["q.look('head')", "q.bedrock('vigoroth', 'pose')"],
      "quirks": ["q.bedrock_quirk('vigoroth', 'blink')"]
    },
    "standing": {
      "poseTypes": ["STAND", "FLOAT", "NONE", "PORTRAIT", "PROFILE"],
      "animations": ["q.look('head')", "q.bedrock('vigoroth', 'ground_idle')"],
      "quirks": ["q.bedrock_quirk('vigoroth', 'blink')"]
    },
    "walking": {
      "poseTypes": ["WALK"],
      "animations": [
        "q.look('head')",
        "q.biped_walk(0.66, 0.6, 'left_upper_leg', 'right_upper_leg')",
        "q.bimanual_swing(0.66, 0.6, 'left_upper_arm', 'right_upper_arm')",
        "q.bedrock('vigoroth', 'ground_idle')"
      ],
      "quirks": ["q.bedrock_quirk('vigoroth', 'blink')"]
    }
  }
}
