{
	"format_version": "1.8.0",
	"animations": {
		"animation.kecleon.ground_idle": {
			"loop": true,
			"bones": {
				"torso": {
					"rotation": ["2.5+math.sin(q.anim_time*90*1.5+90)*1", 0, "0+math.sin(q.anim_time*90*1+0)*1"],
					"position": ["0+math.sin(q.anim_time*90*1+150)*0.05", "0+math.sin(q.anim_time*90*1.5+300)*0.15", 0]
				},
				"upper_torso": {
					"rotation": ["5+math.sin(q.anim_time*90*1.5+60)*0.75", 0, "0+math.sin(q.anim_time*90*1-30)*0.5"]
				},
				"neck": {
					"rotation": ["2.5+math.sin(q.anim_time*90*1.5+30)*0.5", 0, "0+math.sin(q.anim_time*90*1+120)*0.75"]
				},
				"head_angle": {
					"rotation": ["-7.5+math.sin(q.anim_time*90*1.5+0)*0.75", 0, "0+math.sin(q.anim_time*90*1+90)*0.75"]
				},
				"jaw": {
					"rotation": ["7.5+math.sin(q.anim_time*90*1.5-30)*1", 0, 0]
				},
				"left_upper_arm": {
					"rotation": ["15.8938+math.sin(q.anim_time*90*1.5+30)*1.5", 18.02194, "41.0755+math.sin(q.anim_time*90*1.5-60)*1"]
				},
				"left_lower_arm": {
					"rotation": [0, "55+math.sin(q.anim_time*90*1.5+0)*1", 0]
				},
				"left_hand": {
					"rotation": [26.01349, -20.20435, "35.2866+math.sin(q.anim_time*90*1.5-30)*2"],
					"position": [0, -0.25, -0.25]
				},
				"right_upper_arm": {
					"rotation": ["15.8938+math.sin(q.anim_time*90*1.5+30)*1.5", -18.02194, "-41.0755+math.sin(q.anim_time*90*1.5+120)*1"]
				},
				"right_lower_arm": {
					"rotation": [0, "-55+math.sin(q.anim_time*90*1.5+180)*1", 0]
				},
				"right_hand": {
					"rotation": [26.01349, 20.20435, "-35.2866+math.sin(q.anim_time*90*1.5-210)*2"],
					"position": [0, -0.25, -0.25]
				},
				"tail": {
					"rotation": [-22.5, 0, 0],
					"scale": 0
				},
				"tail2": {
					"rotation": [90, 0, 0],
					"position": [0, 2, 0]
				},
				"tail3": {
					"rotation": [90, 0, 0],
					"position": [0, 2, 0]
				},
				"tail4": {
					"rotation": [90, 0, 0],
					"position": [0, 0, 0]
				},
				"tail5": {
					"rotation": [90, 0, 0],
					"position": [0, 0, 0]
				},
				"tail_full": {
					"rotation": ["-25+math.sin(q.anim_time*90*1.5+60)*0.75", "0+math.sin(q.anim_time*90*1-210)*1", 0]
				},
				"tail_full2": {
					"rotation": ["10+math.sin(q.anim_time*90*1.5+30)*1", "0+math.sin(q.anim_time*90*1-240)*1.5", 0]
				},
				"tongue_long2": {
					"position": [0, 0, 3]
				},
				"tongue_long3": {
					"position": [0, 0, 4]
				},
				"tongue_long4": {
					"position": [0, 0, 4]
				},
				"tongue_long5": {
					"position": [0, 0, 2]
				},
				"tongue_long6": {
					"position": [0, 0, 2]
				},
				"tail6": {
					"rotation": [90, 0, 0]
				},
				"tongue_long": {
					"scale": 0
				},
				"body": {
					"position": [0, 0, "0+math.sin(q.anim_time*90*1.5+300)*0.05"]
				},
				"right_crest": {
					"rotation": ["0+math.sin(q.anim_time*90*1.5-35)*0.5", 0, 0]
				},
				"left_crest": {
					"rotation": ["0+math.sin(q.anim_time*90*1.5-25)*0.5", 0, 0]
				},
				"right_wing": {
					"rotation": ["0+math.sin(q.anim_time*90*1.5+25)*0.5", 0, 0]
				},
				"left_wing": {
					"rotation": ["0+math.sin(q.anim_time*90*1.5+35)*0.5", 0, 0]
				},
				"right_upper_leg": {
					"rotation": ["0.0008+math.sin(q.anim_time*90*1.5+120)*1", 2.49971, 0.03781],
					"position": [0, "0.045+math.sin(q.anim_time*90*1.5+300)*0.0525", "0.01*math.sin(q.anim_time*90*1.5+300)*2"]
				},
				"right_foot": {
					"rotation": ["-0.061+math.sin(q.anim_time*90*1.5+300)*1", 3.52877, -0.2095]
				},
				"left_upper_leg": {
					"rotation": ["0.0008+math.sin(q.anim_time*90*1.5+120)*1", -2.49971, -0.03781],
					"position": [0, "0.045+math.sin(q.anim_time*90*1.5+300)*0.0525", "0.01*math.sin(q.anim_time*90*1.5+300)*2"]
				},
				"left_foot": {
					"rotation": ["-0.061+math.sin(q.anim_time*90*1.5+300)*1", -3.52877, 0.2095]
				}
			}
		},
		"animation.kecleon.ground_walk": {
			"loop": true,
			"animation_length": 1.25,
			"bones": {
				"torso": {
					"rotation": ["20+math.sin(q.anim_time*90*6.4+90)*1", "math.sin(q.anim_time*90*3.2+90)*5", "math.sin(q.anim_time*90*3.2+0)*7.5"],
					"position": [0, "0.2+math.sin(q.anim_time*90*6.4-60)*0.35", -0.25]
				},
				"upper_torso": {
					"rotation": ["-5+math.sin(q.anim_time*90*6.4+60)*1", "math.sin(q.anim_time*90*3.2+240)*3", "math.sin(q.anim_time*90*3.2+150)*3"]
				},
				"neck": {
					"rotation": ["-2.5+math.sin(q.anim_time*90*6.4+30)*0.5", "0+math.sin(q.anim_time*90*3.2+210)*1", "0+math.sin(q.anim_time*90*3.2+120)*1"]
				},
				"head_angle": {
					"rotation": ["-7.5+math.sin(q.anim_time*90*6.4+0)*1", "0+math.sin(q.anim_time*90*3.2+180)*2", "0+math.sin(q.anim_time*90*3.2+90)*1"]
				},
				"jaw": {
					"rotation": ["7.5+math.sin(q.anim_time*90*6.4-30)*1", 0, 0]
				},
				"left_upper_arm": {
					"rotation": ["15.8938+math.sin(q.anim_time*90*6.4+30)*2", "18.0219+math.sin(q.anim_time*90*3.2+35)*3", "41.0755+math.sin(q.anim_time*90*3.2-60)*2"]
				},
				"left_lower_arm": {
					"rotation": [0, "55+math.sin(q.anim_time*90*3.2+5)*2", 0]
				},
				"left_hand": {
					"rotation": [26.0135, "-20.2044+math.sin(q.anim_time*90*3.2-25)*3", "35.2866+math.sin(q.anim_time*90*6.4-30)*2"],
					"position": [0, -0.25, -0.25]
				},
				"right_upper_arm": {
					"rotation": ["15.8938+math.sin(q.anim_time*90*6.4+30)*2", "-18.0219+math.sin(q.anim_time*90*3.2+25)*3", "-41.0755+math.sin(q.anim_time*90*3.2-60)*2"]
				},
				"right_lower_arm": {
					"rotation": [0, "-55+math.sin(q.anim_time*90*3.2-5)*2", 0]
				},
				"right_hand": {
					"rotation": [26.0135, "20.2044+math.sin(q.anim_time*90*3.2-35)*3", "-35.2866+math.sin(q.anim_time*90*6.4-30)*2"],
					"position": [0, -0.25, -0.25]
				},
				"tail": {
					"rotation": [-22.5, 0, 0],
					"scale": 0
				},
				"tail2": {
					"rotation": [90, 0, 0],
					"position": [0, 2, 0]
				},
				"tail3": {
					"rotation": [90, 0, 0],
					"position": [0, 2, 0]
				},
				"tail4": {
					"rotation": [90, 0, 0],
					"position": [0, 0, 0]
				},
				"tail5": {
					"rotation": [90, 0, 0],
					"position": [0, 0, 0]
				},
				"tail_full": {
					"rotation": ["-27.5+math.sin(q.anim_time*90*6.4+60)*1", "math.sin(q.anim_time*90*3.2+60)*1.5", 0]
				},
				"tail_full2": {
					"rotation": ["10+math.sin(q.anim_time*90*6.4+30)*1.5", "math.sin(q.anim_time*90*3.2+30)*2.5", 0]
				},
				"tongue_long2": {
					"position": [0, 0, 3]
				},
				"tongue_long3": {
					"position": [0, 0, 4]
				},
				"tongue_long4": {
					"position": [0, 0, 4]
				},
				"tongue_long5": {
					"position": [0, 0, 2]
				},
				"tongue_long6": {
					"position": [0, 0, 2]
				},
				"tail6": {
					"rotation": [90, 0, 0]
				},
				"right_crest": {
					"rotation": ["0+math.sin(q.anim_time*90*6.4-35)*0.5", 0, "0+math.sin(q.anim_time*90*3.2+65)*0.5"]
				},
				"left_crest": {
					"rotation": ["0+math.sin(q.anim_time*90*6.4-25)*0.5", 0, "0+math.sin(q.anim_time*90*3.2+55)*0.5"]
				},
				"right_wing": {
					"rotation": ["0+math.sin(q.anim_time*90*6.4+25)*0.5", "-(math.sin(q.anim_time*90*3.2+210)*1)", 0]
				},
				"left_wing": {
					"rotation": ["0+math.sin(q.anim_time*90*6.4+35)*0.5", "math.sin(q.anim_time*90*3.2+210)*1", 0]
				},
				"right_upper_leg": {
					"rotation": {
						"0.0": [27.5, 0, 0],
						"0.625": [-37.5, 0, 0],
						"0.9583": [-2.25, 0, 0],
						"1.125": [15.13, 0, 0],
						"1.25": [27.5, 0, 0]
					},
					"position": {
						"0.0": [0, 0, 1.225],
						"0.1667": {
							"pre": [0, 0.94, 0.74],
							"post": [0, 0.94, 0.74],
							"lerp_mode": "catmullrom"
						},
						"0.4583": {
							"post": [0, 1.06, -0.65],
							"lerp_mode": "catmullrom"
						},
						"0.625": [0, 0, -1.4],
						"0.7083": [0, 0.465, -0.9],
						"0.7917": [0, 0.8, -0.525],
						"0.875": [0, 0.99, -0.2],
						"0.9583": [0, 1.05, 0.1],
						"1.0417": [0, 0.935, 0.385],
						"1.125": [0, 0.65, 0.66],
						"1.25": [0, 0, 1.225]
					}
				},
				"right_foot": {
					"rotation": {
						"0.0": [22.5, 0, 0],
						"0.25": {
							"pre": [29.1, 0, 0],
							"post": [29.1, 0, 0],
							"lerp_mode": "catmullrom"
						},
						"0.4583": {
							"post": [4.84, 0, 0],
							"lerp_mode": "catmullrom"
						},
						"0.625": [14, 0, 0],
						"1.25": [22.5, 0, 0]
					},
					"position": {
						"0.0": [0, 0.2, 0],
						"0.2083": {
							"pre": [0, 1.15, 0],
							"post": [0, 1.15, 0],
							"lerp_mode": "catmullrom"
						},
						"0.4167": {
							"post": [0, 0.62, 0],
							"lerp_mode": "catmullrom"
						},
						"0.625": [0, 0, 0],
						"1.25": [0, 0.2, 0]
					}
				},
				"right_toes": {
					"rotation": {
						"0.0": [-51, 0, 0],
						"0.0417": [-48.89, 0, 0],
						"0.125": {
							"pre": [-29.77, 0, 0],
							"post": [-29.77, 0, 0],
							"lerp_mode": "catmullrom"
						},
						"0.4167": {
							"post": [10.61, 0, 0],
							"lerp_mode": "catmullrom"
						},
						"0.5417": {
							"post": [4.11, 0, 0],
							"lerp_mode": "catmullrom"
						},
						"0.625": [23.5, 0, 0],
						"1.25": [-51, 0, 0]
					},
					"position": {
						"0.0": [0, -1, 0],
						"0.625": [0, 0, 0],
						"1.25": [0, -1, 0]
					}
				},
				"left_upper_leg": {
					"rotation": {
						"0.0": [-37.5, 0, 0],
						"0.3333": [-2.25, 0, 0],
						"0.5": [15.13, 0, 0],
						"0.625": [27.5, 0, 0],
						"1.25": [-37.5, 0, 0]
					},
					"position": {
						"0.0": [0, 0, -1.4],
						"0.0833": [0, 0.465, -0.9],
						"0.1667": [0, 0.8, -0.525],
						"0.25": [0, 0.99, -0.2],
						"0.3333": [0, 1.05, 0.1],
						"0.4167": [0, 0.935, 0.385],
						"0.5": [0, 0.65, 0.66],
						"0.625": [0, 0, 1.225],
						"0.7917": {
							"pre": [0, 0.94, 0.74],
							"post": [0, 0.94, 0.74],
							"lerp_mode": "catmullrom"
						},
						"1.0833": {
							"post": [0, 1.06, -0.65],
							"lerp_mode": "catmullrom"
						},
						"1.25": [0, 0, -1.4]
					}
				},
				"left_foot": {
					"rotation": {
						"0.0": [14, 0, 0],
						"0.625": [22.5, 0, 0],
						"0.875": {
							"pre": [29.1, 0, 0],
							"post": [29.1, 0, 0],
							"lerp_mode": "catmullrom"
						},
						"1.0833": {
							"post": [4.84, 0, 0],
							"lerp_mode": "catmullrom"
						},
						"1.25": [14, 0, 0]
					},
					"position": {
						"0.0": [0, 0, 0],
						"0.625": [0, 0.2, 0],
						"0.8333": {
							"pre": [0, 1.15, 0],
							"post": [0, 1.15, 0],
							"lerp_mode": "catmullrom"
						},
						"1.0417": {
							"post": [0, 0.62, 0],
							"lerp_mode": "catmullrom"
						},
						"1.25": [0, 0, 0]
					}
				},
				"left_toes": {
					"rotation": {
						"0.0": [23.5, 0, 0],
						"0.625": [-51, 0, 0],
						"0.6667": [-48.89, 0, 0],
						"0.75": {
							"pre": [-29.77, 0, 0],
							"post": [-29.77, 0, 0],
							"lerp_mode": "catmullrom"
						},
						"1.0417": {
							"post": [10.61, 0, 0],
							"lerp_mode": "catmullrom"
						},
						"1.1667": {
							"post": [4.11, 0, 0],
							"lerp_mode": "catmullrom"
						},
						"1.25": [23.5, 0, 0]
					},
					"position": {
						"0.0": [0, 0, 0],
						"0.625": [0, -1, 0],
						"1.25": [0, 0, 0]
					}
				},
				"tongue_long": {
					"scale": [0, 0, 0]
				}
			}
		},
		"animation.kecleon.sleep": {
			"loop": true,
			"bones": {
				"body": {
					"rotation": [0, 0, 0],
					"position": [0, -4, 0]
				},
				"torso": {
					"rotation": ["-5+math.sin(q.anim_time*90*0.75+0)*1", 0, "0+math.sin(q.anim_time*90*0.5+90)*1"]
				},
				"upper_torso": {
					"rotation": ["10+math.sin(q.anim_time*90*0.75-30)*1", 0, 0]
				},
				"neck": {
					"rotation": ["15+math.sin(q.anim_time*90*0.75-60)*0.5", 0, 0]
				},
				"head_angle": {
					"rotation": ["5+math.sin(q.anim_time*90*0.75-90)*1", 0, "0+math.sin(q.anim_time*90*0.5+45)*1"],
					"position": [0, 0, 0]
				},
				"jaw": {
					"rotation": ["7.5+math.sin(q.anim_time*90*0.75-120-90)*5", 0, 0]
				},
				"tongue_long": {
					"scale": [0, 0, 0]
				},
				"tongue_long2": {
					"position": [0, 0, 3]
				},
				"tongue_long3": {
					"position": [0, 0, 4]
				},
				"tongue_long4": {
					"position": [0, 0, 4]
				},
				"tongue_long5": {
					"position": [0, 0, 2]
				},
				"tongue_long6": {
					"position": [0, 0, 2]
				},
				"left_eye": {
					"position": [-0.1, 0, 0]
				},
				"right_eye": {
					"position": [0.1, 0, 0]
				},
				"left_eye_closed_sleepy": {
					"position": [0.1, 0, 0]
				},
				"right_eye_closed_sleepy": {
					"position": [-0.1, 0, 0]
				},
				"left_upper_arm": {
					"rotation": ["29.4854+math.sin(q.anim_time*90*0.75-15+180)*2", 42.4622, "38.3675+math.sin(q.anim_time*90*0.75-15+180)*1"],
					"position": [0, 0, -0.5]
				},
				"left_lower_arm": {
					"rotation": [0, "72.5+math.sin(q.anim_time*90*0.75-45)*2", 0]
				},
				"left_hand": {
					"rotation": [0, -10, 47.5]
				},
				"right_upper_arm": {
					"rotation": ["29.4854+math.sin(q.anim_time*90*0.75-15+180)*2", -42.4622, "-38.3675+math.sin(q.anim_time*90*0.75-15)*1"],
					"position": [0, 0, -0.5]
				},
				"right_lower_arm": {
					"rotation": [0, "-72.5+math.sin(q.anim_time*90*0.75-45+180)*2", 0]
				},
				"right_hand": {
					"rotation": [0, 10, -47.5]
				},
				"right_wing": {
					"rotation": [0, 0, 0]
				},
				"left_wing": {
					"rotation": [0, 0, 0]
				},
				"tail_full": {
					"rotation": ["-2.5+math.sin(q.anim_time*90*0.75-30+180)*1", 0, 0],
					"position": [0, 0, 0]
				},
				"tail_full2": {
					"rotation": ["5+math.sin(q.anim_time*90*0.75-60+180)*0.5", 0, 0]
				},
				"right_upper_leg": {
					"rotation": [-90, 30, 0],
					"position": [0.25, 0, 0]
				},
				"right_foot": {
					"rotation": [37.58385, -1.29876, -7.38733],
					"position": [0, 0.5, -0.5]
				},
				"right_toes": {
					"rotation": [0, 0, 0],
					"position": [0, 0, 0]
				},
				"left_upper_leg": {
					"rotation": [-90, -30, 0],
					"position": [-0.25, 0, 0]
				},
				"left_foot": {
					"rotation": [37.58385, 1.29876, 7.38733],
					"position": [0, 0.5, -0.5]
				},
				"left_toes": {
					"rotation": [0, 0, 0],
					"position": [0, 0, 0]
				},
				"tail": {
					"scale": 0
				}
			}
		},
		"animation.kecleon.pose": {
			"loop": true,
			"bones": {
				"torso": {
					"rotation": [10, -5, 0]
				},
				"upper_torso": {
					"rotation": [7.27605, 5.32152, -2.48933]
				},
				"head_angle": {
					"rotation": [-10, -10, 2.5]
				},
				"jaw": {
					"rotation": [27.5, 0, 0],
					"position": [0, -0.1, 0]
				},
				"neck": {
					"rotation": [-5, 0, 2.5]
				},
				"left_upper_arm": {
					"rotation": [1.56414, 52.29958, 23.71841]
				},
				"left_lower_arm": {
					"rotation": [-11.17023, 28.02432, -22.79588]
				},
				"left_hand": {
					"rotation": [12.5, 0, 40]
				},
				"left_fingers": {
					"rotation": [0, 0, 12.5]
				},
				"right_foot": {
					"rotation": [0.84924, 1.00208, 2.0539]
				},
				"right_upper_leg": {
					"rotation": [-19.97618, 2.69112, 0.08509],
					"position": [0, 0, -0.25]
				},
				"right_toes": {
					"rotation": [19, 0, 0]
				},
				"tail": {
					"rotation": [-45, 0, 0],
					"scale": 0
				},
				"tail2": {
					"rotation": [90, 0, 0]
				},
				"tail3": {
					"rotation": [90, 0, 0],
					"position": [0, 0, 2]
				},
				"tail4": {
					"rotation": [90, 0, 0]
				},
				"tail5": {
					"rotation": [90, 0, 0],
					"position": [0, 0, 0]
				},
				"right_upper_arm": {
					"rotation": [1.56414, -52.29958, -23.71841]
				},
				"right_lower_arm": {
					"rotation": [-11.17023, -28.02432, 22.79588]
				},
				"right_hand": {
					"rotation": [12.5, 0, -40]
				},
				"right_fingers": {
					"rotation": [0, 0, -12.5]
				},
				"tongue": {
					"position": [0, 0, 0]
				},
				"left_upper_leg": {
					"rotation": [24.9817, -2.68829, -0.14995],
					"position": [0, 0, 0.25]
				},
				"left_foot": {
					"rotation": [7.44792, -4.47207, 2.45158]
				},
				"left_toes": {
					"rotation": [-32.5, 0, 0],
					"position": [0, -0.75, 0]
				},
				"tail_full": {
					"rotation": [-45, -5, 0]
				},
				"tail_full2": {
					"rotation": [17.5, -7.5, -2.5]
				},
				"tail1": {
					"rotation": [17.5, 0, 0]
				},
				"tail6": {
					"rotation": [90, 0, 0],
					"position": [0, 0, -2]
				},
				"tongue_long": {
					"scale": [0, 0, 0]
				},
				"tongue_long2": {
					"position": [0, 0, 3]
				},
				"tongue_long3": {
					"position": [0, 0, 4]
				},
				"tongue_long4": {
					"position": [0, 0, 4]
				},
				"tongue_long5": {
					"position": [0, 0, 2]
				},
				"tongue_long6": {
					"position": [0, 0, 2]
				}
			}
		},
		"animation.kecleon.sleep_test": {
			"loop": true,
			"bones": {
				"body": {
					"rotation": [90, 0, 0],
					"position": [0, 3.25, 11]
				},
				"torso": {
					"rotation": ["7.5+math.sin(q.anim_time*90*0.5+0)*1", 0, 0]
				},
				"upper_torso": {
					"rotation": ["-2.5+math.sin(q.anim_time*90*0.5-210)*1", 0, 0]
				},
				"neck": {
					"rotation": ["-2.5+math.sin(q.anim_time*90*0.5+30)*3", 0, 0]
				},
				"head_angle": {
					"rotation": ["-96.5+math.sin(q.anim_time*90*0.5+0)*3", 0, 0],
					"position": [0, 0.5, 0.5]
				},
				"jaw": {
					"rotation": ["10+math.sin(q.anim_time*90*0.5-165)*10", 0, 0]
				},
				"tongue_long": {
					"scale": [0, 0, 0]
				},
				"tongue_long2": {
					"position": [0, 0, 3]
				},
				"tongue_long3": {
					"position": [0, 0, 4]
				},
				"tongue_long4": {
					"position": [0, 0, 4]
				},
				"tongue_long5": {
					"position": [0, 0, 2]
				},
				"tongue_long6": {
					"position": [0, 0, 2]
				},
				"left_eye": {
					"position": [-0.1, 0, 0]
				},
				"right_eye": {
					"position": [0.1, 0, 0]
				},
				"left_eye_closed_sleepy": {
					"position": [0.1, 0, 0]
				},
				"right_eye_closed_sleepy": {
					"position": [-0.1, 0, 0]
				},
				"left_upper_arm": {
					"rotation": [80.47586, 13.0193, 47.47198],
					"position": [0, -0.5, -1.75]
				},
				"left_lower_arm": {
					"rotation": [0, 17.5, 0]
				},
				"left_hand": {
					"rotation": [0, 0, 25]
				},
				"right_upper_arm": {
					"rotation": [80.47586, -13.0193, -47.47198],
					"position": [0, -0.5, -1.75]
				},
				"right_lower_arm": {
					"rotation": [0, -17.5, 0]
				},
				"right_hand": {
					"rotation": [0, 0, -25]
				},
				"right_wing": {
					"rotation": [0, 15, 0]
				},
				"left_wing": {
					"rotation": [0, -15, 0]
				},
				"tail_full": {
					"rotation": [-57.5, 0, 0],
					"position": [0, -0.5, 0]
				},
				"tail_full2": {
					"rotation": [22.5, 0, 0]
				},
				"right_upper_leg": {
					"rotation": [-27.24953, -0.98938, 8.95188]
				},
				"right_foot": {
					"rotation": [5, 0, 0]
				},
				"right_toes": {
					"rotation": [95, 0, 0],
					"position": [0, 0.5, -0.75]
				},
				"left_upper_leg": {
					"rotation": [-27.24953, 0.98938, -8.95188]
				},
				"left_foot": {
					"rotation": [5, 0, 0]
				},
				"left_toes": {
					"rotation": [95, 0, 0],
					"position": [0, 0.5, -0.75]
				},
				"tail": {
					"scale": 0
				}
			}
		},
		"animation.kecleon.tongue_n_tail": {
			"loop": true,
			"bones": {
				"torso": {
					"rotation": [37.5, -5, 0]
				},
				"upper_torso": {
					"rotation": [-10.19156, 3.60736, -4.14477]
				},
				"head_angle": {
					"rotation": [-32.5, 0, 0]
				},
				"jaw": {
					"rotation": [62.5, 0, 0],
					"position": [0, -0.1, 0]
				},
				"neck": {
					"rotation": [-5, 0, 2.5]
				},
				"left_upper_arm": {
					"rotation": [32.5, 37.5, 55]
				},
				"left_lower_arm": {
					"rotation": [-11.17023, 28.02432, -22.79588]
				},
				"left_hand": {
					"rotation": [12.5, 0, 40]
				},
				"left_fingers": {
					"rotation": [0, 0, 12.5]
				},
				"right_foot": {
					"rotation": [0.84924, 1.00208, 2.0539]
				},
				"right_upper_leg": {
					"rotation": [-19.97618, 2.69112, 0.08509],
					"position": [0, 0, -0.25]
				},
				"right_toes": {
					"rotation": [19, 0, 0]
				},
				"tail": {
					"rotation": [-60, 0, 0]
				},
				"tail2": {
					"rotation": [35, 0, 0]
				},
				"tail3": {
					"rotation": [27.5, 0, 0]
				},
				"tail4": {
					"rotation": [67.5, 0, 0]
				},
				"tail5": {
					"rotation": [72.5, 0, 0]
				},
				"right_upper_arm": {
					"rotation": [32.5, -37.5, -55]
				},
				"right_lower_arm": {
					"rotation": [-11.17023, -28.02432, 22.79588]
				},
				"right_hand": {
					"rotation": [12.5, 0, -40]
				},
				"right_fingers": {
					"rotation": [0, 0, -12.5]
				},
				"left_upper_leg": {
					"rotation": [24.9817, -2.68829, -0.14995],
					"position": [0, 0, 0.25]
				},
				"left_foot": {
					"rotation": [7.44792, -4.47207, 2.45158]
				},
				"left_toes": {
					"rotation": [-32.5, 0, 0],
					"position": [0, -0.75, 0]
				},
				"tail_full": {
					"rotation": [-62.5, 0, 0],
					"scale": 0
				},
				"tail_full2": {
					"rotation": [20, 0, 0]
				},
				"tail1": {
					"rotation": [12.5, 0, 0]
				},
				"tongue_long": {
					"rotation": [-30, 0, 0]
				},
				"tongue_long2": {
					"rotation": [-15, 0, 0]
				},
				"tongue_long3": {
					"rotation": [-7.5, 0, 0]
				},
				"tongue_long4": {
					"rotation": [-7.5, 0, 0]
				},
				"tongue_long5": {
					"rotation": [-12.5, 0, 0]
				},
				"tongue_long6": {
					"rotation": [10, 0, 0]
				},
				"tail6": {
					"rotation": [85, 0, 0]
				}
			}
		},
		"animation.kecleon.expressions": {
			"animation_length": 1.75,
			"bones": {
				"head_angle": {
					"rotation": {
						"0.0": [-7.5, 0, 0],
						"0.5": {
							"pre": [-7.5, 0, 0],
							"post": [0, 0, 0]
						}
					}
				},
				"jaw": {
					"rotation": {
						"0.0": [45, 0, 0],
						"0.5": {
							"pre": [45, 0, 0],
							"post": [0, 0, 0]
						}
					}
				},
				"left_eye": {
					"position": {
						"0.0": [-0.1, 0, 0],
						"0.25": {
							"pre": [-0.1, 0, 0],
							"post": [0, 0, 0]
						},
						"1.0": {
							"pre": [0, 0, 0],
							"post": [-0.1, 0, 0]
						},
						"1.5": {
							"pre": [-0.1, 0, 0],
							"post": [0, 0, 0]
						}
					}
				},
				"right_eye": {
					"position": {
						"0.0": [0.1, 0, 0],
						"0.25": {
							"pre": [0.1, 0, 0],
							"post": [0, 0, 0]
						},
						"1.0": {
							"pre": [0, 0, 0],
							"post": [0.1, 0, 0]
						},
						"1.5": {
							"pre": [0.1, 0, 0],
							"post": [0, 0, 0]
						}
					}
				},
				"left_eye_closed": {
					"position": {
						"0.0": [0, 0, 0],
						"1.0": {
							"pre": [0, 0, 0],
							"post": [0.1, 0, 0]
						},
						"1.25": {
							"pre": [0.1, 0, 0],
							"post": [0, 0, 0]
						}
					}
				},
				"left_eyelid_angry": {
					"position": {
						"0.0": [0, 0, 0],
						"0.5": {
							"pre": [0, 0, 0],
							"post": [0.1, 0, 0]
						},
						"0.75": {
							"pre": [0.1, 0, 0],
							"post": [0, 0, 0]
						},
						"1.0": {
							"pre": [0, 0, 0],
							"post": [0, 0, 0]
						}
					}
				},
				"left_eyelid_sad": {
					"position": {
						"0.0": [0, 0, 0],
						"0.75": {
							"pre": [0, 0, 0],
							"post": [0.1, 0, 0]
						},
						"1.0": {
							"pre": [0.1, 0, 0],
							"post": [0, 0, 0]
						}
					}
				},
				"left_eyelid_annoyed": {
					"position": {
						"0.0": [0, 0, 0],
						"1.5": {
							"pre": [0, 0, 0],
							"post": [0.1, 0, 0]
						}
					}
				},
				"left_eye_closed_happy": {
					"position": {
						"0.0": [0.1, 0, 0],
						"0.25": {
							"pre": [0.1, 0, 0],
							"post": [0, 0, 0]
						}
					}
				},
				"left_eye_closed_sleepy": {
					"position": {
						"0.0": [0, 0, 0],
						"1.25": {
							"pre": [0, 0, 0],
							"post": [0.1, 0, 0]
						},
						"1.5": {
							"pre": [0.1, 0, 0],
							"post": [0, 0, 0]
						}
					}
				},
				"right_eye_closed": {
					"position": {
						"0.0": [0, 0, 0],
						"1.0": {
							"pre": [0, 0, 0],
							"post": [-0.1, 0, 0]
						},
						"1.25": {
							"pre": [-0.1, 0, 0],
							"post": [0, 0, 0]
						}
					}
				},
				"right_eye_closed_happy": {
					"position": {
						"0.0": [-0.1, 0, 0],
						"0.25": {
							"pre": [-0.1, 0, 0],
							"post": [0, 0, 0]
						}
					}
				},
				"right_eye_closed_sleepy": {
					"position": {
						"0.0": [0, 0, 0],
						"1.25": {
							"pre": [0, 0, 0],
							"post": [-0.1, 0, 0]
						},
						"1.5": {
							"pre": [-0.1, 0, 0],
							"post": [0, 0, 0]
						}
					}
				},
				"right_eyelid_angry": {
					"position": {
						"0.5": [-0.1, 0, 0],
						"0.75": {
							"pre": [-0.1, 0, 0],
							"post": [0, 0, 0]
						}
					}
				},
				"right_eyelid_sad": {
					"position": {
						"0.75": [-0.1, 0, 0],
						"1.0": {
							"pre": [-0.1, 0, 0],
							"post": [0, 0, 0]
						}
					}
				},
				"right_eyelid_annoyed": {
					"position": {
						"0.0": [0, 0, 0],
						"1.5": {
							"pre": [0, 0, 0],
							"post": [-0.1, 0, 0]
						}
					}
				},
				"right_pupil": {
					"scale": {
						"0.25": [0.7, 0.7, 0.7],
						"0.5": {
							"pre": [0.7, 0.7, 0.7],
							"post": [1, 1, 1]
						}
					}
				},
				"left_pupil": {
					"scale": {
						"0.25": [0.7, 0.7, 0.7],
						"0.5": {
							"pre": [0.7, 0.7, 0.7],
							"post": [1, 1, 1]
						}
					}
				}
			}
		},
		"animation.kecleon.walk_speed": {
			"loop": true,
			"bones": {
				"body": {
					"position": [0, 0, "-query.anim_time *90 *0.25"]
				}
			}
		}
	}
}