{
	"format_version": "1.12.0",
	"minecraft:geometry": [
		{
			"description": {
				"identifier": "geometry.bellsprout",
				"texture_width": 32,
				"texture_height": 32,
				"visible_bounds_width": 3,
				"visible_bounds_height": 3.5,
				"visible_bounds_offset": [0, 1.25, 0]
			},
			"bones": [
				{
					"name": "bellsprout",
					"pivot": [0, 0, 0]
				},
				{
					"name": "body",
					"parent": "bellsprout",
					"pivot": [0, 6.5, 0]
				},
				{
					"name": "torso",
					"parent": "body",
					"pivot": [0, 6, 0],
					"rotation": [5, 0, 0],
					"cubes": [
						{"origin": [-1, 6, 0], "size": [2, 4, 0], "uv": [28, 4]}
					]
				},
				{
					"name": "chest",
					"parent": "torso",
					"pivot": [0, 10, 0],
					"rotation": [-12.5, 0, 0],
					"cubes": [
						{"origin": [-1, 10, 0], "size": [2, 4, 0], "uv": [28, 0]}
					]
				},
				{
					"name": "arms",
					"parent": "chest",
					"pivot": [0, 12.5, 0],
					"rotation": [5, 0, 0]
				},
				{
					"name": "arm_left",
					"parent": "arms",
					"pivot": [1, 12.5, 0],
					"cubes": [
						{"origin": [1, 12.5, -4.5], "size": [3, 0, 9], "uv": [-9, 19]}
					]
				},
				{
					"name": "arm_left2",
					"parent": "arm_left",
					"pivot": [4, 12.5, 0],
					"cubes": [
						{"origin": [4, 12.5, -4.5], "size": [5, 0, 9], "uv": [3, 19]}
					]
				},
				{
					"name": "arm_left3",
					"parent": "arm_left2",
					"pivot": [9, 12.5, 0],
					"cubes": [
						{"origin": [9, 12.5, -3.5], "size": [4, 0, 7], "uv": [7, 12]}
					]
				},
				{
					"name": "arm_right",
					"parent": "arms",
					"pivot": [-1, 12.5, 0],
					"cubes": [
						{"origin": [-4, 12.5, -4.5], "size": [3, 0, 9], "uv": [-3, 19], "mirror": true}
					]
				},
				{
					"name": "arm_right2",
					"parent": "arm_right",
					"pivot": [-4, 12.5, 0],
					"cubes": [
						{"origin": [-9, 12.5, -4.5], "size": [5, 0, 9], "uv": [13, 12], "mirror": true}
					]
				},
				{
					"name": "arm_right3",
					"parent": "arm_right2",
					"pivot": [-9, 12.5, 0],
					"cubes": [
						{"origin": [-13, 12.5, -3.5], "size": [4, 0, 7], "uv": [15, 21], "mirror": true}
					]
				},
				{
					"name": "neck",
					"parent": "chest",
					"pivot": [0, 14, 0],
					"rotation": [-15, 0, 0],
					"cubes": [
						{"origin": [-0.5, 14, 0], "size": [1, 3, 0], "uv": [26, 6]}
					]
				},
				{
					"name": "neck2",
					"parent": "neck",
					"pivot": [0, 17, 0],
					"rotation": [20, 0, 0],
					"cubes": [
						{"origin": [-0.5, 17, 0], "size": [1, 3, 0], "uv": [24, 6]}
					]
				},
				{
					"name": "head",
					"parent": "neck2",
					"pivot": [0, 20, 0],
					"rotation": [10, 0, 0],
					"cubes": [
						{"origin": [-3, 19, -5], "size": [6, 6, 6], "uv": [0, 0]}
					]
				},
				{
					"name": "eyes",
					"parent": "head",
					"pivot": [0, 24.25, -5.01]
				},
				{
					"name": "eye_left",
					"parent": "eyes",
					"pivot": [3.01, 23.5, -4.49],
					"cubes": [
						{"origin": [2.01, 24.01, -5.01], "size": [1, 1, 1], "uv": [0, 4]}
					]
				},
				{
					"name": "eyelid_left",
					"parent": "eye_left",
					"pivot": [2.41, 23.9, -3.88],
					"cubes": [
						{"origin": [1.91, 22.91, -4.91], "size": [1, 2, 2], "inflate": 0.01, "uv": [0, 0]}
					]
				},
				{
					"name": "eye_right",
					"parent": "eyes",
					"pivot": [-3.01, 23.5, -4.49],
					"cubes": [
						{"origin": [-3.01, 24.01, -5.01], "size": [1, 1, 1], "uv": [26, 28], "mirror": true}
					]
				},
				{
					"name": "eyelid_right",
					"parent": "eye_right",
					"pivot": [-2.41, 23.9, -3.88],
					"cubes": [
						{"origin": [-2.91, 22.91, -4.91], "size": [1, 2, 2], "inflate": 0.01, "uv": [26, 8], "mirror": true}
					]
				},
				{
					"name": "head2",
					"parent": "head",
					"pivot": [0, 21.75, -5],
					"cubes": [
						{"origin": [-2, 19.75, -7.5], "size": [4, 4, 3], "uv": [0, 12]}
					]
				},
				{
					"name": "mouth",
					"parent": "head2",
					"pivot": [0, 21.75, -8],
					"cubes": [
						{"origin": [-2, 19.75, -8.5], "size": [4, 4, 1], "inflate": 0.1, "uv": [18, 1]},
						{"origin": [-1.5, 20.25, -8.5], "size": [3, 3, 0], "uv": [20, 28]}
					]
				},
				{
					"name": "legs",
					"parent": "body",
					"pivot": [0, 6.25, 0]
				},
				{
					"name": "leg_left",
					"parent": "legs",
					"pivot": [0.5, 6.25, 0],
					"rotation": [0, 0, -35]
				},
				{
					"name": "leg_left_rotation",
					"parent": "leg_left",
					"pivot": [0.5, 6.25, 0],
					"cubes": [
						{"origin": [0.5, 3.25, -0.5], "size": [0, 3, 1], "uv": [0, 27]}
					]
				},
				{
					"name": "leg_left2",
					"parent": "leg_left_rotation",
					"pivot": [0.5, 3.25, 0],
					"cubes": [
						{"origin": [0.5, 1.25, -0.5], "size": [0, 2, 1], "inflate": 0.01, "uv": [4, 27]}
					]
				},
				{
					"name": "foot_left",
					"parent": "leg_left2",
					"pivot": [0.5, 1.25, 0]
				},
				{
					"name": "foot_front_left",
					"parent": "foot_left",
					"pivot": [0.5, 1.25, -0.5],
					"rotation": [-45, 0, 0],
					"cubes": [
						{"origin": [0.5, -2.75, -0.5], "size": [0, 4, 1], "inflate": 0.01, "uv": [6, 27]}
					]
				},
				{
					"name": "foot_left_detail",
					"parent": "foot_front_left",
					"pivot": [0.5, -0.75, 0.5],
					"rotation": [-17.5, 0, 0],
					"cubes": [
						{"origin": [0.5, -1.75, 0.5], "size": [0, 1, 1], "uv": [18, 27]}
					]
				},
				{
					"name": "foot_middle_left",
					"parent": "foot_left",
					"pivot": [0.5, 1.25, 0],
					"cubes": [
						{"origin": [0.5, -2.75, -0.5], "size": [0, 4, 1], "inflate": 0.02, "uv": [10, 27]}
					]
				},
				{
					"name": "foot_back_left",
					"parent": "foot_left",
					"pivot": [0.5, 1.25, 0.5],
					"rotation": [45, 0, 0],
					"cubes": [
						{"origin": [0.5, -2.75, -0.5], "size": [0, 4, 1], "inflate": 0.01, "uv": [14, 27]}
					]
				},
				{
					"name": "leg_right",
					"parent": "legs",
					"pivot": [-0.5, 6.25, 0],
					"rotation": [0, 0, 35]
				},
				{
					"name": "leg_right_rotation",
					"parent": "leg_right",
					"pivot": [-0.5, 6.25, 0],
					"cubes": [
						{"origin": [-0.5, 3.25, -0.5], "size": [0, 3, 1], "uv": [2, 27], "mirror": true}
					]
				},
				{
					"name": "leg_right2",
					"parent": "leg_right_rotation",
					"pivot": [-0.5, 3.25, 0],
					"cubes": [
						{"origin": [-0.5, 1.25, -0.5], "size": [0, 2, 1], "inflate": 0.01, "uv": [4, 29], "mirror": true}
					]
				},
				{
					"name": "foot_right",
					"parent": "leg_right2",
					"pivot": [-0.5, 1.25, 0]
				},
				{
					"name": "foot_front_right",
					"parent": "foot_right",
					"pivot": [-0.5, 1.25, -0.5],
					"rotation": [-45, 0, 0],
					"cubes": [
						{"origin": [-0.5, -2.75, -0.5], "size": [0, 4, 1], "inflate": 0.01, "uv": [8, 27], "mirror": true}
					]
				},
				{
					"name": "foot_middle_right",
					"parent": "foot_right",
					"pivot": [-0.5, 1.25, 0],
					"cubes": [
						{"origin": [-0.5, -2.75, -0.5], "size": [0, 4, 1], "inflate": 0.02, "uv": [12, 27], "mirror": true}
					]
				},
				{
					"name": "foot_right_detail",
					"parent": "foot_middle_right",
					"pivot": [-0.5, -1.25, 0.5],
					"rotation": [-17.5, 0, 0],
					"cubes": [
						{"origin": [-0.5, -2.25, 0.5], "size": [0, 1, 1], "uv": [18, 28], "mirror": true}
					]
				},
				{
					"name": "foot_back_right",
					"parent": "foot_right",
					"pivot": [-0.5, 1.25, 0.5],
					"rotation": [45, 0, 0],
					"cubes": [
						{"origin": [-0.5, -2.75, -0.5], "size": [0, 4, 1], "inflate": 0.01, "uv": [16, 27], "mirror": true}
					]
				},
				{
					"name": "foot_right_detail2",
					"parent": "foot_back_right",
					"pivot": [-0.5, -0.5, 0.5],
					"rotation": [-37.5, 0, 0],
					"cubes": [
						{"origin": [-0.5, -1.5, 0.5], "size": [0, 1, 1], "uv": [18, 29], "mirror": true}
					]
				}
			]
		}
	]
}