{
  "portraitScale": 1,
  "portraitTranslation": [-0.39, 1.98, 0],
  "profileScale": 0.35,
  "profileTranslation": [-0.07, 1.13, 0.0],
  "rootBone": "rhyperior",
  "animations": {
    "cry": "q.bedrock_stateful('rhyperior', 'cry')"
  },
  "poses": {
    "standing": {
      "poseName": "standing",
      "poseTypes": ["STAND", "FLOAT", "NONE", "PORTRAIT", "PROFILE"],
      "animations": [
        "q.look('head_ai')",
        "q.bedrock('rhyperior', 'ground_idle')"
      ],
      "quirks": ["q.bedrock_quirk('rhyperior', 'blink')"]
    },
    "walking": {
      "poseName": "walking",
      "poseTypes": ["WALK", "SWIM"],
      "animations": [
        "q.look('head_ai')",
        "q.biped_walk(0.66, 0.6, 'left_upper_leg', 'right_upper_leg')",
        "q.bedrock('rhyperior', 'ground_idle')"
      ],
      "quirks": ["q.bedrock_quirk('rhyperior', 'blink')"]
    }
  }
}
