{
	"format_version": "1.12.0",
	"minecraft:geometry": [
		{
			"description": {
				"identifier": "geometry.unknown",
				"texture_width": 128,
				"texture_height": 128,
				"visible_bounds_width": 4,
				"visible_bounds_height": 2.5,
				"visible_bounds_offset": [0, 0.75, 0]
			},
			"bones": [
				{
					"name": "hatenna",
					"pivot": [0, 0, 0]
				},
				{
					"name": "body",
					"parent": "hatenna",
					"pivot": [0, 7, 0]
				},
				{
					"name": "torso",
					"parent": "body",
					"pivot": [0, 2, 1.5],
					"cubes": [
						{"origin": [-5, 2, -5.5], "size": [10, 8, 11], "uv": [0, 0]}
					]
				},
				{
					"name": "mouth_closed",
					"parent": "torso",
					"pivot": [0, 3.5, -5.5],
					"cubes": [
						{"origin": [-0.5, 2.5, -5.5], "size": [1, 1, 0], "inflate": 0.01, "uv": [0, 63]},
						{"origin": [-1.5, 3, -5.5], "size": [3, 1, 0], "inflate": 0.01, "uv": [0, 62]}
					]
				},
				{
					"name": "mouth_open",
					"parent": "torso",
					"pivot": [0, 3.5, -5.4],
					"cubes": [
						{"origin": [-1, 2, -5.4], "size": [2, 3, 0], "inflate": 0.01, "uv": [0, 64]}
					]
				},
				{
					"name": "hair",
					"parent": "torso",
					"pivot": [1, 10, 3.5],
					"rotation": [-2.5, 0, 0],
					"cubes": [
						{"origin": [-6, 7, -0.5], "size": [12, 4, 5], "inflate": 0.01, "uv": [27, 28]}
					]
				},
				{
					"name": "left_hair_arm",
					"parent": "hair",
					"pivot": [6, 10, 1.5],
					"cubes": [
						{"origin": [6, 7, -1.5], "size": [6, 3, 6], "uv": [33, 0]}
					]
				},
				{
					"name": "left_hair_elbow",
					"parent": "left_hair_arm",
					"pivot": [12, 7.5, 1.5],
					"cubes": [
						{"origin": [12, 7.5, -1.5], "size": [4, 2, 6], "inflate": 0.01, "uv": [52, 37]}
					]
				},
				{
					"name": "left_hair_hand",
					"parent": "left_hair_elbow",
					"pivot": [16, 7.5, 1.5],
					"cubes": [
						{"origin": [16, 7.5, -1.5], "size": [6, 2, 6], "inflate": 0.02, "uv": [50, 17]}
					]
				},
				{
					"name": "right_hair_arm",
					"parent": "hair",
					"pivot": [-6, 10, 1.5],
					"cubes": [
						{"origin": [-12, 7, -1.5], "size": [6, 3, 6], "uv": [61, 27]}
					]
				},
				{
					"name": "right_hair_elbow",
					"parent": "right_hair_arm",
					"pivot": [-12, 7.5, 1.5],
					"cubes": [
						{"origin": [-16, 7.5, -1.5], "size": [4, 2, 6], "inflate": 0.01, "uv": [14, 49]}
					]
				},
				{
					"name": "right_hair_hand",
					"parent": "right_hair_elbow",
					"pivot": [-16, 7.5, 1.5],
					"cubes": [
						{"origin": [-22, 7.5, -1.5], "size": [6, 2, 6], "inflate": 0.02, "uv": [44, 9]}
					]
				},
				{
					"name": "hair_bend",
					"parent": "hair",
					"pivot": [1, 10.9, -0.5],
					"rotation": [5, 0, 0],
					"cubes": [
						{"origin": [-2, 6, -6.51], "size": [4, 5, 6], "inflate": 0.01, "uv": [0, 44]},
						{"origin": [-6, 4.99, -6.5], "size": [4, 6, 6], "inflate": 0.02, "uv": [24, 37]},
						{"origin": [2, 4.99, -6.5], "size": [4, 6, 6], "inflate": 0.02, "uv": [38, 43]}
					]
				},
				{
					"name": "hat_base",
					"parent": "torso",
					"pivot": [0, 2, 5.5],
					"rotation": [50, 0, 0],
					"cubes": [
						{"origin": [-4.5, 2, 5.5], "size": [9, 7, 7], "uv": [0, 19]}
					]
				},
				{
					"name": "hat_mid",
					"parent": "hat_base",
					"pivot": [0, 5.5, 12.5],
					"cubes": [
						{"origin": [-3.5, 2.5, 11.5], "size": [7, 6, 5], "uv": [0, 33]}
					]
				},
				{
					"name": "hat__mid_bend",
					"parent": "hat_mid",
					"pivot": [0, 5.5, 15.5],
					"cubes": [
						{"origin": [-2, 3.5, 15.5], "size": [4, 4, 5], "uv": [53, 50]}
					]
				},
				{
					"name": "hat_end",
					"parent": "hat__mid_bend",
					"pivot": [0, 5.5, 20.5],
					"cubes": [
						{"origin": [-1, 4.5, 19.5], "size": [2, 2, 3], "uv": [0, 0]}
					]
				},
				{
					"name": "hat_end_bend",
					"parent": "hat_end",
					"pivot": [0, 5.5, 22.5],
					"cubes": [
						{"origin": [0, 5, 21.5], "size": [0, 1, 2], "uv": [0, 7]}
					]
				},
				{
					"name": "hat_tip",
					"parent": "hat_end_bend",
					"pivot": [0, 5.5, 23.5],
					"cubes": [
						{"origin": [-1.5, 4, 23.5], "size": [3, 3, 4], "uv": [0, 55]}
					]
				},
				{
					"name": "right_foot",
					"parent": "body",
					"pivot": [-2.75, 2, 1.5],
					"cubes": [
						{"origin": [-4.25, 0, 0.5], "size": [3, 2, 2], "uv": [14, 44]}
					]
				},
				{
					"name": "right_toe",
					"parent": "right_foot",
					"pivot": [-2.75, 0, 0.5],
					"cubes": [
						{"origin": [-4.25, 0, -2.5], "size": [3, 2, 3], "inflate": 0.01, "uv": [38, 37]}
					]
				},
				{
					"name": "left_foot",
					"parent": "body",
					"pivot": [2.75, 2, 1.5],
					"cubes": [
						{"origin": [1.25, 0, 0.5], "size": [3, 2, 2], "uv": [0, 5]}
					]
				},
				{
					"name": "left_toe",
					"parent": "left_foot",
					"pivot": [2.75, 0, 0.5],
					"cubes": [
						{"origin": [1.25, 0, -2.5], "size": [3, 2, 3], "inflate": 0.01, "uv": [25, 19]}
					]
				}
			]
		}
	]
}