{
	"format_version": "1.8.0",
	"animations": {
		"animation.cinderace.ground_idle": {
			"loop": true,
			"bones": {
				"hair": {
					"rotation": [-15, 0, 0]
				},
				"hair2": {
					"rotation": [-20, 0, 0]
				},
				"hair_left": {
					"rotation": [-20, 0, 25]
				},
				"hair_left2": {
					"rotation": [-22.5, 0, 0]
				},
				"hair_right": {
					"rotation": [-20, 0, -25]
				},
				"hair_right2": {
					"rotation": [-22.5, 0, 0]
				},
				"leg_left": {
					"rotation": [0, -10, 0]
				},
				"leg_right": {
					"rotation": [0, 10, 0]
				},
				"arm_left": {
					"rotation": [0, -10, 67.5]
				},
				"arm_left2": {
					"rotation": [0, 25, 0]
				},
				"arm_right": {
					"rotation": [-0.20995, 6.70857, -66.11015]
				},
				"arm_right2": {
					"rotation": [0, -20, 0]
				},
				"torso": {
					"rotation": [5, 0, 0]
				},
				"chest": {
					"rotation": [-7.5, 0, 0]
				},
				"neck": {
					"rotation": [2.5, 0, 0]
				},
				"head": {
					"rotation": [2.5, 0, 0]
				},
				"ear_right": {
					"rotation": [0, 0, -2.5]
				},
				"ear_right2": {
					"rotation": [0, 0, 5]
				},
				"ear_right3": {
					"rotation": [0, 0, 10]
				},
				"ear_left": {
					"rotation": [0, 0, 2.5]
				},
				"ear_left2": {
					"rotation": [0, 0, -5]
				},
				"ear_left3": {
					"rotation": [0, 0, -10]
				},
				"hand_right": {
					"rotation": [0, 0, -5]
				},
				"hand_left": {
					"rotation": [0, 0, 5]
				}
			}
		},
		"animation.cinderace.pose": {
			"loop": true,
			"bones": {
				"body": {
					"position": [0, 2, 0]
				},
				"torso": {
					"rotation": [2.5, 2.5, 0]
				},
				"neck": {
					"rotation": [10, 0, 0]
				},
				"head": {
					"rotation": [0, -10, 0]
				},
				"ear_left": {
					"rotation": [-12.5, 0, 0]
				},
				"ear_left3": {
					"rotation": [0, 0, -7.5]
				},
				"ear_right": {
					"rotation": [-7.5, 0, 0]
				},
				"ear_right2": {
					"rotation": [-4.99527, 0.21782, 2.4905]
				},
				"ear_right3": {
					"rotation": [0, 0, 12.5]
				},
				"crest": {
					"rotation": [-12.5, 0, 0]
				},
				"leg_left": {
					"rotation": [-25, -17.5, 0]
				},
				"leg_left2": {
					"rotation": [30, 0, 0]
				},
				"foot_left": {
					"rotation": [20, 0, 0]
				},
				"toes_left": {
					"rotation": [-25, 0, 0]
				},
				"leg_right": {
					"rotation": [12.5, 32.5, 0]
				},
				"leg_right2": {
					"rotation": [47.5, 0, 0]
				},
				"foot_right": {
					"rotation": [-17.5, 0, 0]
				},
				"toes_right": {
					"rotation": [2.5, 0, 0]
				},
				"arm_left": {
					"rotation": [0, 20, 42.5]
				},
				"arm_left2": {
					"rotation": [0, 27.5, 0]
				},
				"hand_left": {
					"rotation": [5.38152, 19.291, 15.91527]
				},
				"arm_right": {
					"rotation": [-18.31206, -19.51814, 15.67584]
				},
				"arm_right2": {
					"rotation": [0, -7.5, 0]
				},
				"hand_right": {
					"rotation": [-0.6574, -7.4713, 5.04292]
				},
				"tail": {
					"rotation": [17.5, 0, 0]
				}
			}
		},
		"animation.cinderace.blink": {
			"animation_length": 0.16667,
			"bones": {
				"eyelid_right": {
					"position": {
						"0.0": [0, 0, -0.1],
						"0.125": [0, 0, -0.1],
						"0.1667": [0, 0, 0]
					}
				},
				"eyelid_left": {
					"position": {
						"0.0": [0, 0, -0.1],
						"0.125": [0, 0, -0.1],
						"0.1667": [0, 0, 0]
					}
				}
			}
		},
		"animation.cinderace.cry": {
			"animation_length": 1.5,
			"bones": {
				"mouth": {
					"position": {
						"0.0": [0, 0, 0],
						"0.25": [0, -2, 0],
						"1.25": [0, -2, 0],
						"1.5": [0, 0, 0]
					}
				},
				"mouth2": {
					"position": {
						"0.0": [0, 0, 0],
						"0.25": [0, -5, 0],
						"1.25": [0, -5, 0],
						"1.5": [0, 0, 0]
					}
				},
				"jaw": {
					"position": {
						"0.0": [0, 0, 0],
						"0.25": [0, -3, 0],
						"1.25": [0, -3, 0],
						"1.5": [0, 0, 0]
					}
				},
				"head2": {
					"rotation": {
						"0.0": [0, 0, 0],
						"0.25": [-15, 0, 0],
						"1.25": [-15, 0, 0],
						"1.5": [0, 0, 0]
					}
				},
				"mouth_closed2": {
					"position": {
						"0.25": [0, 0, -0.1],
						"0.3333": [0, 0, 0],
						"1.1667": [0, 0, 0],
						"1.25": [0, 0, -0.1]
					}
				},
				"mouth_open2": {
					"position": {
						"0.0": [0, 0, 0.1],
						"0.25": [0, 0, 0],
						"1.25": [0, 0, 0],
						"1.5": [0, 0, 0.1]
					}
				},
				"head3": {
					"rotation": {
						"0.0": [0, 0, 0],
						"0.25": [-15, 0, 0],
						"1.25": [-15, 0, 0],
						"1.5": [0, 0, 0]
					}
				},
				"mouth_closed3": {
					"position": {
						"0.25": [0, 0, -0.1],
						"0.3333": [0, 0, 0],
						"1.1667": [0, 0, 0],
						"1.25": [0, 0, -0.1]
					}
				},
				"mouth_open3": {
					"position": {
						"0.0": [0, 0, 0.1],
						"0.25": [0, 0, 0],
						"1.25": [0, 0, 0],
						"1.5": [0, 0, 0.1]
					}
				},
				"neck": {
					"rotation": {
						"0.0": [0, 0, 0],
						"0.25": [10, 0, 0],
						"1.25": [10, 0, 0],
						"1.5": [0, 0, 0]
					}
				},
				"head": {
					"rotation": {
						"0.0": [0, 0, 0],
						"0.25": [-15, 0, 0],
						"1.25": [-15, 0, 0],
						"1.5": [0, 0, 0]
					}
				},
				"mouth_open": {
					"position": {
						"0.0": [0, 0, -0.1],
						"1.4167": [0, 0, -0.1],
						"1.5": [0, 0, 0]
					}
				}
			},
			"sound_effects": {
				"0.0": {
					"effect": "pokemon.cinderace.cry"
				}
			}
		}
	}
}