{
	"format_version": "1.12.0",
	"minecraft:geometry": [
		{
			"description": {
				"identifier": "geometry.rufflet",
				"texture_width": 128,
				"texture_height": 64,
				"visible_bounds_width": 4,
				"visible_bounds_height": 2.5,
				"visible_bounds_offset": [0, 0.75, 0]
			},
			"bones": [
				{
					"name": "rufflet",
					"pivot": [0, 0, 0]
				},
				{
					"name": "body",
					"parent": "rufflet",
					"pivot": [0, 0, 0]
				},
				{
					"name": "torso",
					"parent": "body",
					"pivot": [0, 4.5, 0],
					"cubes": [
						{"origin": [-4, 3.5, -5], "size": [8, 5, 8], "inflate": 0.01, "uv": [0, 20]},
						{"origin": [-1.5, 3.7, 0.5], "size": [5, 4, 5], "pivot": [0, 1.7, 4], "rotation": [0, 45, 0], "uv": [30, 0]}
					]
				},
				{
					"name": "chest_feathers_middle",
					"parent": "torso",
					"pivot": [0, 8.5, -5],
					"rotation": [-22.5, 0, 0],
					"cubes": [
						{"origin": [-4, 6.5, -5], "size": [8, 2, 0], "pivot": [0, 8.5, -5], "rotation": [-10, 0, 0], "uv": [110, 24]}
					]
				},
				{
					"name": "chest_feathers_left",
					"parent": "torso",
					"pivot": [4, 8.5, -1],
					"cubes": [
						{"origin": [0, 5.8, -9], "size": [8, 2, 0], "pivot": [0, 8.5, -5], "rotation": [0, -90, -10], "uv": [110, 16]}
					]
				},
				{
					"name": "chest_feathers_right",
					"parent": "torso",
					"pivot": [-4, 8.5, -1],
					"cubes": [
						{"origin": [-8, 5.8, -9], "size": [8, 2, 0], "pivot": [0, 8.5, -5], "rotation": [0, 90, 10], "uv": [110, 20]}
					]
				},
				{
					"name": "tail",
					"parent": "torso",
					"pivot": [0, 6, 5],
					"cubes": [
						{"origin": [-4, 6, 5], "size": [8, 0, 8], "uv": [102, 6]},
						{"origin": [-1.5, 6, 5], "size": [3, 0, 3], "inflate": 0.005, "uv": [117, 1]}
					]
				},
				{
					"name": "wings",
					"parent": "torso",
					"pivot": [0, 7, -2]
				},
				{
					"name": "wings_closed",
					"parent": "wings",
					"pivot": [0, 7, -2]
				},
				{
					"name": "wing_closed_left",
					"parent": "wings_closed",
					"pivot": [4, 7, -2],
					"cubes": [
						{"origin": [4, 3.5, -4.01], "size": [2, 5, 5], "uv": [14, 33]}
					]
				},
				{
					"name": "wing_closed_left2",
					"parent": "wing_closed_left",
					"pivot": [5.5, 6, 1],
					"cubes": [
						{"origin": [5.25, 4, -0.01], "size": [0, 4, 5], "uv": [57, 33]}
					]
				},
				{
					"name": "wing_closed_right",
					"parent": "wings_closed",
					"pivot": [-4, 7, -2],
					"cubes": [
						{"origin": [-6, 3.5, -4.01], "size": [2, 5, 5], "uv": [0, 33]}
					]
				},
				{
					"name": "wing_closed_right2",
					"parent": "wing_closed_right",
					"pivot": [-5.5, 6, 1],
					"cubes": [
						{"origin": [-5.25, 4, -0.01], "size": [0, 4, 5], "uv": [45, 33]}
					]
				},
				{
					"name": "wings_open",
					"parent": "wings",
					"pivot": [0, 7.5, -1]
				},
				{
					"name": "wing_open_left",
					"parent": "wings_open",
					"pivot": [4, 8, -1],
					"cubes": [
						{"origin": [4, 7, -4], "size": [4, 1, 4], "uv": [12, 43]},
						{"origin": [3, 7.5, -2], "size": [4, 0, 6], "pivot": [5, 7.5, 0], "rotation": [0, -37.5, 0], "uv": [49, 30]}
					]
				},
				{
					"name": "wing_open_left2",
					"parent": "wing_open_left",
					"pivot": [8, 7.5, -4],
					"cubes": [
						{"origin": [8, 7, -4.3], "size": [5, 1, 4], "inflate": 0.005, "uv": [14, 48]},
						{"origin": [8, 7.5, -0.3], "size": [5, 0, 6], "inflate": 0.005, "uv": [51, 56]}
					]
				},
				{
					"name": "wing_open_left3",
					"parent": "wing_open_left2",
					"pivot": [13, 8, -2.3],
					"cubes": [
						{"origin": [13, 7.5, -4.3], "size": [5, 0, 10], "uv": [47, 44]}
					]
				},
				{
					"name": "wing_open_left4",
					"parent": "wing_open_left3",
					"pivot": [18, 7.5, -0.3],
					"cubes": [
						{"origin": [18, 7.5, -3.3], "size": [3, 0, 5], "uv": [31, 37]}
					]
				},
				{
					"name": "wing_open_right",
					"parent": "wings_open",
					"pivot": [-4, 8, -1],
					"cubes": [
						{"origin": [-8, 7, -4], "size": [4, 1, 4], "uv": [0, 44]},
						{"origin": [-7, 7.5, -2], "size": [4, 0, 6], "pivot": [-5, 7.5, 0], "rotation": [0, 37.5, 0], "uv": [39, 30]}
					]
				},
				{
					"name": "wing_open_right2",
					"parent": "wing_open_right",
					"pivot": [-8, 7.5, -4],
					"cubes": [
						{"origin": [-13, 7, -4.3], "size": [5, 1, 4], "inflate": 0.005, "uv": [0, 49]},
						{"origin": [-13, 7.5, -0.3], "size": [5, 0, 6], "inflate": 0.005, "uv": [39, 56]}
					]
				},
				{
					"name": "wing_open_right3",
					"parent": "wing_open_right2",
					"pivot": [-13, 8, -2.3],
					"cubes": [
						{"origin": [-18, 7.5, -4.3], "size": [5, 0, 10], "uv": [35, 44]}
					]
				},
				{
					"name": "wing_open_right4",
					"parent": "wing_open_right3",
					"pivot": [-18, 7.5, -0.3],
					"cubes": [
						{"origin": [-21, 7.5, -3.3], "size": [3, 0, 5], "uv": [31, 30]}
					]
				},
				{
					"name": "neck",
					"parent": "torso",
					"pivot": [0, 8.5, 0],
					"cubes": [
						{"origin": [-3.5, 7.5, -4], "size": [7, 2, 6], "uv": [24, 20]}
					]
				},
				{
					"name": "head",
					"parent": "neck",
					"pivot": [0, 10.5, -1]
				},
				{
					"name": "head_ai",
					"parent": "head",
					"pivot": [0, 10.5, -1]
				},
				{
					"name": "head_angle",
					"parent": "head_ai",
					"pivot": [0, 10.5, -1],
					"cubes": [
						{"origin": [-5, 9, -6], "size": [10, 10, 10], "uv": [0, 0]},
						{"origin": [-0.15, 12.8, -6.01], "size": [5, 2, 0], "pivot": [2.35, 13.8, -6], "rotation": [0, 0, -35], "uv": [42, 11]},
						{"origin": [-4.85, 12.8, -6.01], "size": [5, 2, 0], "pivot": [-2.35, 13.8, -6], "rotation": [0, 0, 35], "uv": [42, 15]}
					]
				},
				{
					"name": "head_feathers",
					"parent": "head_angle",
					"pivot": [7, 14, -6]
				},
				{
					"name": "head_feathers_left",
					"parent": "head_feathers",
					"pivot": [5, 14, -1],
					"cubes": [
						{"origin": [5, 10, -6], "size": [2, 9, 0], "pivot": [5, 14, -6], "rotation": [0, -45, 0], "uv": [74, 53]},
						{"origin": [5, 9, -4], "size": [2, 10, 0], "pivot": [5, 14, -4], "rotation": [0, -45, 0], "uv": [80, 52]},
						{"origin": [5, 9, -2], "size": [2, 10, 0], "pivot": [5, 14, -2], "rotation": [0, -45, 0], "uv": [86, 52]},
						{"origin": [5, 9, 0], "size": [2, 10, 0], "pivot": [5, 14, 0], "rotation": [0, -45, 0], "uv": [92, 52]},
						{"origin": [5, 9, 2], "size": [2, 9, 0], "pivot": [5, 14, 2], "rotation": [0, -45, 0], "uv": [98, 53]}
					]
				},
				{
					"name": "head_feathers_right",
					"parent": "head_feathers",
					"pivot": [-5, 14, -1],
					"cubes": [
						{"origin": [-7, 10, -6], "size": [2, 9, 0], "pivot": [-5, 14, -6], "rotation": [0, 45, 0], "uv": [74, 41]},
						{"origin": [-7, 9, -4], "size": [2, 10, 0], "pivot": [-5, 14, -4], "rotation": [0, 45, 0], "uv": [80, 40]},
						{"origin": [-7, 9, -2], "size": [2, 10, 0], "pivot": [-5, 14, -2], "rotation": [0, 45, 0], "uv": [86, 40]},
						{"origin": [-7, 9, 0], "size": [2, 10, 0], "pivot": [-5, 14, 0], "rotation": [0, 45, 0], "uv": [92, 40]},
						{"origin": [-7, 9, 2], "size": [2, 9, 0], "pivot": [-5, 14, 2], "rotation": [0, 45, 0], "uv": [98, 41]}
					]
				},
				{
					"name": "head_feathers_top",
					"parent": "head_feathers",
					"pivot": [1, 19, -1],
					"rotation": [0, 0, -90],
					"cubes": [
						{"origin": [0.8, 15, -5.1], "size": [2, 10, 0], "pivot": [1, 20, -5.1], "rotation": [0, -45, 0], "uv": [98, 28]},
						{"origin": [0.8, 15, -3.1], "size": [2, 10, 0], "pivot": [1, 20, -3.1], "rotation": [0, -45, 0], "uv": [104, 28]},
						{"origin": [0.8, 16, -1.1], "size": [2, 8, 0], "pivot": [1, 20, -1.1], "rotation": [0, -45, 0], "uv": [110, 30]},
						{"origin": [0.8, 15, 2.9], "size": [2, 10, 0], "pivot": [1, 20, 2.9], "rotation": [0, -45, 0], "uv": [122, 28]},
						{"origin": [0.1, 15, -6], "size": [2, 10, 0], "pivot": [0.3, 20, -6], "rotation": [0, 10, 0], "uv": [92, 28]},
						{"origin": [-1.8, 15, -6], "size": [2, 10, 0], "pivot": [-1.6, 20, -6], "rotation": [0, 10, 0], "uv": [86, 28]},
						{"origin": [0.8, 15, 0.9], "size": [2, 10, 0], "pivot": [1, 20, 0.9], "rotation": [0, -45, 0], "uv": [116, 28]}
					]
				},
				{
					"name": "head_feathers_back_left",
					"parent": "head_feathers",
					"pivot": [2.5, 14, 4],
					"cubes": [
						{"origin": [5, 9, 4], "size": [2, 9, 0], "pivot": [5, 14, 4], "rotation": [0, -65, 0], "uv": [104, 53]},
						{"origin": [3.6, 9, 4.5], "size": [2, 10, 0], "pivot": [4, 14, 4], "rotation": [0, -65, 0], "uv": [110, 52]},
						{"origin": [1.6, 9, 4.5], "size": [2, 10, 0], "pivot": [2, 14, 4], "rotation": [0, -65, 0], "uv": [116, 52]},
						{"origin": [0, 9, 4], "size": [2, 10, 0], "pivot": [0, 14, 4], "rotation": [0, -65, 0], "uv": [122, 52]}
					]
				},
				{
					"name": "head_feathers_back_right",
					"parent": "head_feathers",
					"pivot": [-2.5, 14, 4],
					"cubes": [
						{"origin": [-7, 9, 4], "size": [2, 9, 0], "pivot": [-5, 14, 4], "rotation": [0, 65, 0], "uv": [104, 41]},
						{"origin": [-5.6, 9, 4.5], "size": [2, 10, 0], "pivot": [-4, 14, 4], "rotation": [0, 65, 0], "uv": [110, 40]},
						{"origin": [-3.6, 9, 4.5], "size": [2, 10, 0], "pivot": [-2, 14, 4], "rotation": [0, 65, 0], "uv": [116, 40]},
						{"origin": [-2, 9, 4], "size": [2, 10, 0], "pivot": [0, 14, 4], "rotation": [0, 65, 0], "uv": [122, 40]}
					]
				},
				{
					"name": "beak",
					"parent": "head_angle",
					"pivot": [0, 12.55, -6],
					"cubes": [
						{"origin": [-1.5, 9.75, -8], "size": [3, 2, 2], "uv": [31, 53]},
						{"origin": [-1, 10.25, -8.6], "size": [2, 2, 3], "pivot": [0.5, 11.25, -6.59], "rotation": [20, 0, 0], "uv": [33, 57]},
						{"origin": [-0.5, 9.65, -8.61], "size": [1, 1, 0], "pivot": [0.5, 11.25, -6.59], "rotation": [20, 0, 0], "uv": [0, 60]},
						{"origin": [-0.5, 12.25, -6.02], "size": [1, 1, 0], "uv": [0, 56]}
					]
				},
				{
					"name": "jaw",
					"parent": "beak",
					"pivot": [0, 9.73, -6],
					"rotation": [-5, 0, 0],
					"cubes": [
						{"origin": [-1, 9.12, -7.5], "size": [2, 1, 2], "uv": [32, 50]}
					]
				},
				{
					"name": "head_feather",
					"parent": "head_angle",
					"pivot": [0, 14, -6],
					"rotation": [10, 0, 0],
					"cubes": [
						{"origin": [-0.5, 13.9, -6.1], "size": [1, 2, 0], "uv": [31, 42]}
					]
				},
				{
					"name": "head_feather2",
					"parent": "head_feather",
					"pivot": [0, 15.9, -6.1],
					"rotation": [-7.5, 0, 0],
					"cubes": [
						{"origin": [-1, 15.9, -6.1], "size": [2, 6, 0], "uv": [30, 36]}
					]
				},
				{
					"name": "eyes",
					"parent": "head_angle",
					"pivot": [0, 13, -6]
				},
				{
					"name": "eye_left",
					"parent": "eyes",
					"pivot": [3, 11, -5],
					"rotation": [0, 0, 5],
					"cubes": [
						{"origin": [1, 11, -6.02], "size": [2, 3, 0], "uv": [5, 1]}
					]
				},
				{
					"name": "pupil_left",
					"parent": "eye_left",
					"pivot": [3, 11, -5],
					"cubes": [
						{"origin": [1.4, 11.5, -6.03], "size": [1, 2, 0], "uv": [6, 5]}
					]
				},
				{
					"name": "eyelid_left",
					"parent": "eye_left",
					"pivot": [3, 11, -5],
					"cubes": [
						{"origin": [1, 11, -5.92], "size": [2, 3, 0], "inflate": 0.015, "uv": [71, 6]}
					]
				},
				{
					"name": "eyelid_unamused_left",
					"parent": "eye_left",
					"pivot": [3, 11, -5.1],
					"cubes": [
						{"origin": [1, 11, -5.92], "size": [2, 3, 0], "inflate": 0.015, "uv": [101, 6]}
					]
				},
				{
					"name": "eyelid_sad_left",
					"parent": "eye_left",
					"pivot": [3, 11, -5.1],
					"cubes": [
						{"origin": [1, 11, -5.92], "size": [2, 3, 0], "inflate": 0.015, "uv": [95, 6]}
					]
				},
				{
					"name": "eyelid_angry_left",
					"parent": "eye_left",
					"pivot": [3, 11, -5.1],
					"cubes": [
						{"origin": [1, 11, -5.92], "size": [2, 3, 0], "inflate": 0.015, "uv": [89, 6]}
					]
				},
				{
					"name": "eyelid_happy_left",
					"parent": "eye_left",
					"pivot": [3, 11, -4.9],
					"cubes": [
						{"origin": [1, 11, -5.92], "size": [2, 3, 0], "inflate": 0.015, "uv": [83, 6]},
						{"origin": [1.5, 12.3, -5.92], "size": [1, 1, 0], "inflate": 0.02, "uv": [79, 11]},
						{"origin": [0.5, 11.8, -5.92], "size": [3, 1, 0], "inflate": 0.02, "uv": [71, 11]}
					]
				},
				{
					"name": "eyelid_recoil_left",
					"parent": "eye_left",
					"pivot": [3, 11, -4.9],
					"cubes": [
						{"origin": [1, 11, -5.92], "size": [2, 3, 0], "inflate": 0.015, "uv": [77, 6]},
						{"origin": [1, 11.3, -5.92], "size": [1, 1, 0], "inflate": 0.02, "uv": [83, 11]}
					]
				},
				{
					"name": "eye_right",
					"parent": "eyes",
					"pivot": [-3, 11, -5],
					"rotation": [0, 0, -5],
					"cubes": [
						{"origin": [-3, 11, -6.02], "size": [2, 3, 0], "uv": [0, 1], "mirror": true}
					]
				},
				{
					"name": "pupil_right",
					"parent": "eye_right",
					"pivot": [-3, 11, -5],
					"cubes": [
						{"origin": [-2.4, 11.5, -6.03], "size": [1, 2, 0], "uv": [1, 5], "mirror": true}
					]
				},
				{
					"name": "eyelid_right",
					"parent": "eye_right",
					"pivot": [-3, 11, -5],
					"cubes": [
						{"origin": [-3, 11, -5.92], "size": [2, 3, 0], "inflate": 0.015, "uv": [71, 1], "mirror": true}
					]
				},
				{
					"name": "eyelid_unamused_right",
					"parent": "eye_right",
					"pivot": [-3, 11, -5.1],
					"cubes": [
						{"origin": [-3, 11, -5.92], "size": [2, 3, 0], "inflate": 0.015, "uv": [101, 1], "mirror": true}
					]
				},
				{
					"name": "eyelid_sad_right",
					"parent": "eye_right",
					"pivot": [-3, 11, -5.1],
					"cubes": [
						{"origin": [-3, 11, -5.92], "size": [2, 3, 0], "inflate": 0.015, "uv": [95, 1], "mirror": true}
					]
				},
				{
					"name": "eyelid_angry_right",
					"parent": "eye_right",
					"pivot": [-3, 11, -5.1],
					"cubes": [
						{"origin": [-3, 11, -5.92], "size": [2, 3, 0], "inflate": 0.015, "uv": [89, 1], "mirror": true}
					]
				},
				{
					"name": "eyelid_happy_right",
					"parent": "eye_right",
					"pivot": [-3, 11, -4.9],
					"cubes": [
						{"origin": [-3, 11, -5.92], "size": [2, 3, 0], "inflate": 0.015, "uv": [83, 1], "mirror": true},
						{"origin": [-2.5, 12.3, -5.92], "size": [1, 1, 0], "inflate": 0.02, "uv": [79, 14], "mirror": true},
						{"origin": [-3.5, 11.8, -5.92], "size": [3, 1, 0], "inflate": 0.02, "uv": [71, 14], "mirror": true}
					]
				},
				{
					"name": "eyelid_recoil_right",
					"parent": "eye_right",
					"pivot": [-3, 11, -4.9],
					"cubes": [
						{"origin": [-3, 11, -5.92], "size": [2, 3, 0], "inflate": 0.015, "uv": [77, 1], "mirror": true},
						{"origin": [-2, 11.3, -5.92], "size": [1, 1, 0], "inflate": 0.02, "uv": [83, 14], "mirror": true}
					]
				},
				{
					"name": "leg_left",
					"parent": "body",
					"pivot": [2.3, 3.5, 1],
					"cubes": [
						{"origin": [0.8, 2.5, -0.5], "size": [3, 2, 3], "uv": [57, 0]}
					]
				},
				{
					"name": "leg_left2",
					"parent": "leg_left",
					"pivot": [2.3, 3, 2],
					"cubes": [
						{"origin": [1.3, 0.5, 0], "size": [2, 2, 2], "uv": [23, 54]}
					]
				},
				{
					"name": "foot_left",
					"parent": "leg_left2",
					"pivot": [2.3, 1, 1],
					"cubes": [
						{"origin": [0.8, 0, -0.5], "size": [3, 1, 3], "uv": [24, 59]}
					]
				},
				{
					"name": "toe_middle_left",
					"parent": "foot_left",
					"pivot": [2.8, 0, 0],
					"cubes": [
						{"origin": [1.8, 0, -2.5], "size": [1, 1, 3], "inflate": 0.02, "uv": [5, 58]}
					]
				},
				{
					"name": "talon_middle_left",
					"parent": "toe_middle_left",
					"pivot": [2.3, 1, -2.5],
					"cubes": [
						{"origin": [2.3, 0, -3.5], "size": [0, 1, 1], "uv": [31, 47]}
					]
				},
				{
					"name": "toe_back_left",
					"parent": "foot_left",
					"pivot": [2.3, 1, 2.5],
					"cubes": [
						{"origin": [1.8, 0, 2.5], "size": [1, 1, 1], "uv": [21, 62]}
					]
				},
				{
					"name": "talon_back_left",
					"parent": "toe_back_left",
					"pivot": [2.3, 1, 3.5],
					"cubes": [
						{"origin": [2.3, 0, 3.5], "size": [0, 1, 1], "uv": [31, 49]}
					]
				},
				{
					"name": "toe_inner_left",
					"parent": "foot_left",
					"pivot": [0.8, 1, -0.5],
					"rotation": [0, 30, 0],
					"cubes": [
						{"origin": [0.3, 0, -2.4], "size": [1, 1, 3], "inflate": 0.01, "uv": [0, 59]}
					]
				},
				{
					"name": "talon_inner_left",
					"parent": "toe_inner_left",
					"pivot": [0.8, 1, -2.4],
					"cubes": [
						{"origin": [0.8, 0, -3.4], "size": [0, 1, 1], "uv": [31, 48]}
					]
				},
				{
					"name": "toe_outer_left",
					"parent": "foot_left",
					"pivot": [3.8, 1, -0.5],
					"rotation": [0, -30, 0],
					"cubes": [
						{"origin": [3.3, 0, -2.4], "size": [1, 1, 3], "inflate": 0.01, "uv": [10, 59]}
					]
				},
				{
					"name": "talon_outer_left",
					"parent": "toe_outer_left",
					"pivot": [3.8, 1, -2.4],
					"cubes": [
						{"origin": [3.8, 0, -3.4], "size": [0, 1, 1], "uv": [31, 46]}
					]
				},
				{
					"name": "leg_right",
					"parent": "body",
					"pivot": [-2.3, 3.5, 1],
					"cubes": [
						{"origin": [-3.8, 2.5, -0.5], "size": [3, 2, 3], "uv": [45, 0]}
					]
				},
				{
					"name": "leg_right2",
					"parent": "leg_right",
					"pivot": [-2.3, 3, 2],
					"cubes": [
						{"origin": [-3.3, 0.5, 0], "size": [2, 2, 2], "uv": [15, 54]}
					]
				},
				{
					"name": "foot_right",
					"parent": "leg_right2",
					"pivot": [-2.3, 1, 1],
					"cubes": [
						{"origin": [-3.8, 0, -0.5], "size": [3, 1, 3], "uv": [15, 58]}
					]
				},
				{
					"name": "toe_middle_right",
					"parent": "foot_right",
					"pivot": [-2.8, 0, 0],
					"cubes": [
						{"origin": [-2.8, 0, -2.5], "size": [1, 1, 3], "inflate": 0.02, "uv": [5, 54]}
					]
				},
				{
					"name": "talon_middle_right",
					"parent": "toe_middle_right",
					"pivot": [-2.3, 1, -2.5],
					"cubes": [
						{"origin": [-2.3, 0, -3.5], "size": [0, 1, 1], "uv": [29, 47]}
					]
				},
				{
					"name": "toe_back_right",
					"parent": "foot_right",
					"pivot": [-2.3, 1, 2.5],
					"cubes": [
						{"origin": [-2.8, 0, 2.5], "size": [1, 1, 1], "uv": [17, 62]}
					]
				},
				{
					"name": "talon_back_right",
					"parent": "toe_back_right",
					"pivot": [-2.3, 1, 3.5],
					"cubes": [
						{"origin": [-2.3, 0, 3.5], "size": [0, 1, 1], "uv": [29, 49]}
					]
				},
				{
					"name": "toe_inner_right",
					"parent": "foot_right",
					"pivot": [-0.8, 1, -0.5],
					"rotation": [0, -30, 0],
					"cubes": [
						{"origin": [-1.3, 0, -2.4], "size": [1, 1, 3], "inflate": 0.01, "uv": [10, 55]}
					]
				},
				{
					"name": "talon_inner_right",
					"parent": "toe_inner_right",
					"pivot": [-0.8, 1, -2.4],
					"cubes": [
						{"origin": [-0.8, 0, -3.4], "size": [0, 1, 1], "uv": [29, 48]}
					]
				},
				{
					"name": "toe_outer_right",
					"parent": "foot_right",
					"pivot": [-3.8, 1, -0.5],
					"rotation": [0, 30, 0],
					"cubes": [
						{"origin": [-4.3, 0, -2.4], "size": [1, 1, 3], "inflate": 0.01, "uv": [0, 55]}
					]
				},
				{
					"name": "talon_outer_right",
					"parent": "toe_outer_right",
					"pivot": [-3.8, 1, -2.4],
					"cubes": [
						{"origin": [-3.8, 0, -3.4], "size": [0, 1, 1], "uv": [29, 46]}
					]
				}
			]
		}
	]
}