{
	"format_version": "1.8.0",
	"animations": {
		"animation.magmortar.ground_idle": {
			"loop": true,
			"bones": {
				"leg_right": {
					"rotation": [0, 10, 5]
				},
				"foot_right": {
					"rotation": [0.5, 5, -5]
				},
				"leg_left": {
					"rotation": [0, -10, -5]
				},
				"foot_left": {
					"rotation": [0.5, 0, 5]
				},
				"arm_right": {
					"rotation": [0, 0, -40]
				},
				"arm_left": {
					"rotation": [0, 0, 40]
				},
				"torso": {
					"rotation": [2, 0, 0]
				},
				"tail": {
					"rotation": [-7, 0, 0]
				},
				"head": {
					"rotation": [-2, 0, 0]
				}
			}
		},
		"animation.magmortar.blink": {
			"animation_length": 0.1667,
			"bones": {
				"eyelid_right": {
					"position": {
						"0.0": [-0.1, 0, -0.1],
						"0.125": [-0.1, 0, -0.1],
						"0.1667": [0, 0, 0]
					}
				},
				"eyelid_left": {
					"position": {
						"0.0": [0.1, 0, -0.1],
						"0.125": [0.1, 0, -0.1],
						"0.1667": [0, 0, 0]
					}
				}
			}
		},
		"animation.magmortar.cannon_test": {
			"loop": true,
			"bones": {
				"arm_right": {
					"rotation": [0, 0, -40]
				},
				"arm_left": {
					"rotation": [0, 57.5, 0]
				},
				"cannon_flap_top_left": {
					"rotation": [0, 0, -30]
				},
				"cannon_flap_front_left": {
					"rotation": [0, 30, 0]
				},
				"cannon_flap_bottom_left": {
					"rotation": [0, 0, 30]
				},
				"cannon_flap_back_left": {
					"rotation": [0, -30, 0]
				},
				"hand_left": {
					"position": [-3, 0, 0],
					"scale": [0, 1, 1]
				}
			}
		},
		"animation.magmortar.mouth_open": {
			"loop": true,
			"bones": {
				"head": {
					"rotation": [-17, 0, 0],
					"position": [0, 0.5349, -1.49939]
				},
				"lip_bottom": {
					"rotation": [38, 0, 0]
				}
			}
		},
		"animation.magmortar.angry": {
			"loop": true,
			"bones": {
				"eye_emote_right": {
					"position": [-0.5, 0, 0],
					"scale": [0.5, 1, 1]
				},
				"eye_emote_left": {
					"position": [0.5, 0, 0],
					"scale": [0.5, 1, 1]
				}
			}
		},
		"animation.magmortar.sad": {
			"loop": true,
			"bones": {
				"eye_emote_right": {
					"position": [0.5, 0, 0],
					"scale": [0.5, 1, 1]
				},
				"eye_emote_left": {
					"position": [-0.5, 0, 0],
					"scale": [0.5, 1, 1]
				}
			}
		},
		"animation.magmortar.bored": {
			"loop": true,
			"bones": {
				"eye_emote_right": {
					"position": [0.1, 0, 0.1]
				},
				"pupil_right": {
					"position": [0, -0.25, 0],
					"scale": [1, 0.5, 1]
				},
				"eye_emote_left": {
					"position": [-0.1, 0, 0.1]
				},
				"pupil_left": {
					"position": [0, -0.25, 0],
					"scale": [1, 0.5, 1]
				}
			}
		},
		"animation.magmortar.surprised": {
			"loop": true,
			"bones": {
				"eye_right": {
					"position": [0.5, 0, 0],
					"scale": [1.5, 1, 1]
				},
				"pupil_right": {
					"scale": [0.4, 0.6, 1]
				},
				"eye_left": {
					"position": [-0.5, 0, 0],
					"scale": [1.5, 1, 1]
				},
				"pupil_left": {
					"scale": [0.4, 0.6, 1]
				},
				"head_flap": {
					"rotation": [-9, 0, 0]
				}
			}
		},
		"animation.magmortar.cry": {
			"animation_length": 1.2,
			"sound_effects": {
				"0.04": {
					"effect": "pokemon.magmortar.cry"
				}
			}
		}
	}
}