{
	"format_version": "1.12.0",
	"minecraft:geometry": [
		{
			"description": {
				"identifier": "geometry.dwebble",
				"texture_width": 64,
				"texture_height": 64,
				"visible_bounds_width": 3,
				"visible_bounds_height": 2.5,
				"visible_bounds_offset": [0, 0.75, 0]
			},
			"bones": [
				{
					"name": "dwebble",
					"pivot": [0, 0, 0]
				},
				{
					"name": "body",
					"parent": "dwebble",
					"pivot": [0, 2.75, 0]
				},
				{
					"name": "torso",
					"parent": "body",
					"pivot": [0, 3, 0],
					"cubes": [
						{"origin": [-2, 1.5, -3], "size": [4, 3, 6], "uv": [0, 9]}
					]
				},
				{
					"name": "arms",
					"parent": "torso",
					"pivot": [0, 3, -2]
				},
				{
					"name": "arm_left",
					"parent": "arms",
					"pivot": [2, 3, -2],
					"cubes": [
						{"origin": [1.5, 2.5, -2], "size": [5, 1, 0], "uv": [20, 15]}
					]
				},
				{
					"name": "arm_left2",
					"parent": "arm_left",
					"pivot": [6, 3, -2],
					"cubes": [
						{"origin": [6, 0.75, -4.5], "size": [5, 5, 5], "uv": [0, 41]}
					]
				},
				{
					"name": "arm_left3",
					"parent": "arm_left2",
					"pivot": [11, 4.75, -2],
					"rotation": [0, 0, 12.5],
					"cubes": [
						{"origin": [10.25, 1.75, -3.5], "size": [3, 3, 3], "uv": [50, 13]},
						{"origin": [13.25, 1.75, -3], "size": [2, 2, 2], "pivot": [13.25, 3.75, -3], "rotation": [0, 0, 5], "uv": [56, 4]}
					]
				},
				{
					"name": "arm_right",
					"parent": "arms",
					"pivot": [-2, 3, -2],
					"cubes": [
						{"origin": [-6.5, 2.5, -2], "size": [5, 1, 0], "uv": [20, 16], "mirror": true}
					]
				},
				{
					"name": "arm_right2",
					"parent": "arm_right",
					"pivot": [-6, 3, -2],
					"cubes": [
						{"origin": [-11, 0.75, -4.5], "size": [5, 5, 5], "uv": [23, 41], "mirror": true}
					]
				},
				{
					"name": "arm_right3",
					"parent": "arm_right2",
					"pivot": [-11, 4.75, -2],
					"rotation": [0, 0, -12.5],
					"cubes": [
						{"origin": [-13.25, 1.75, -3.5], "size": [3, 3, 3], "uv": [38, 13], "mirror": true},
						{"origin": [-15.25, 1.75, -3], "size": [2, 2, 2], "pivot": [-13.25, 3.75, -3], "rotation": [0, 0, -5], "uv": [56, 0], "mirror": true}
					]
				},
				{
					"name": "head",
					"parent": "torso",
					"pivot": [0, 4.5, -3],
					"cubes": [
						{"origin": [-3, 3.5, -7.25], "size": [6, 4, 5], "uv": [0, 0]}
					]
				},
				{
					"name": "eyes",
					"parent": "head",
					"pivot": [0, 7, -4.75]
				},
				{
					"name": "eye_left",
					"parent": "eyes",
					"pivot": [0.5, 8, -4.75],
					"rotation": [-40, -2.5, 0],
					"cubes": [
						{"origin": [0.5, 5, -8.25], "size": [2, 3, 4], "uv": [18, 8]}
					]
				},
				{
					"name": "pupil_left",
					"parent": "eye_left",
					"pivot": [1.5, 7.25, -8.26],
					"cubes": [
						{"origin": [1, 6.75, -8.26], "size": [1, 1, 0], "uv": [0, 0]}
					]
				},
				{
					"name": "eyelid_left",
					"parent": "eye_left",
					"pivot": [1.5, 6.5, -7.66],
					"cubes": [
						{"origin": [0.5, 5, -8.16], "size": [2, 3, 1], "inflate": 0.01, "uv": [0, 18]}
					]
				},
				{
					"name": "eye_right",
					"parent": "eyes",
					"pivot": [-0.5, 8, -4.75],
					"rotation": [-40, 2.5, 0],
					"cubes": [
						{"origin": [-2.5, 5, -8.25], "size": [2, 3, 4], "uv": [26, 13], "mirror": true}
					]
				},
				{
					"name": "pupil_right",
					"parent": "eye_right",
					"pivot": [-1.5, 7.25, -8.26],
					"cubes": [
						{"origin": [-2, 6.75, -8.26], "size": [1, 1, 0], "uv": [0, 0], "mirror": true}
					]
				},
				{
					"name": "eyelid_right",
					"parent": "eye_right",
					"pivot": [-1.5, 6.5, -7.66],
					"cubes": [
						{"origin": [-2.5, 5, -8.16], "size": [2, 3, 1], "inflate": 0.01, "uv": [6, 18], "mirror": true}
					]
				},
				{
					"name": "mouth",
					"parent": "head",
					"pivot": [0, 5, -7.26]
				},
				{
					"name": "mouth_closed",
					"parent": "mouth",
					"pivot": [0, 5, -7.26],
					"cubes": [
						{"origin": [-0.5, 4.5, -7.26], "size": [1, 1, 0], "uv": [0, 9]},
						{"origin": [0.5, 4, -7.27], "size": [1, 1, 0], "uv": [0, 10]},
						{"origin": [-1.5, 4, -7.27], "size": [1, 1, 0], "uv": [0, 11]}
					]
				},
				{
					"name": "mouth_o",
					"parent": "mouth",
					"pivot": [0, 4.75, -7.16],
					"cubes": [
						{"origin": [-0.5, 4.25, -7.16], "size": [1, 1, 0], "uv": [4, 22]}
					]
				},
				{
					"name": "mouth_open",
					"parent": "mouth",
					"pivot": [0, 4.6, -7.16],
					"cubes": [
						{"origin": [-1, 3.6, -7.16], "size": [2, 2, 0], "uv": [0, 22]}
					]
				},
				{
					"name": "tail",
					"parent": "torso",
					"pivot": [0, 3, 3],
					"cubes": [
						{"origin": [0, 2.5, 2.5], "size": [0, 1, 4], "inflate": 0.01, "uv": [17, -4]}
					]
				},
				{
					"name": "tail2",
					"parent": "tail",
					"pivot": [0, 2.5, 6.5],
					"rotation": [47.5, 0, 0],
					"cubes": [
						{"origin": [0, 2.5, 6.5], "size": [0, 1, 2], "uv": [17, -1]}
					]
				},
				{
					"name": "tail3",
					"parent": "tail2",
					"pivot": [0, 2.5, 8.5],
					"rotation": [60, 0, 0],
					"cubes": [
						{"origin": [0, 2.5, 8.5], "size": [0, 1, 2], "inflate": 0.01, "uv": [17, 0]}
					]
				},
				{
					"name": "rock",
					"parent": "torso",
					"pivot": [0, 11.5, 2.5],
					"cubes": [
						{"origin": [-6.5, 9.5, -4.25], "size": [13, 6, 13], "uv": [0, 20]},
						{"origin": [-4, 15, -1.75], "size": [8, 5, 8], "pivot": [0, 17.5, 2.25], "rotation": [2.81797, 27.47162, 1.30078], "uv": [32, 0]}
					]
				},
				{
					"name": "legs",
					"parent": "body",
					"pivot": [0, 2.75, 0.25]
				},
				{
					"name": "leg_left",
					"parent": "legs",
					"pivot": [2, 2.5, -0.25],
					"cubes": [
						{"origin": [1.5, 2, -0.25], "size": [2, 1, 0], "uv": [2, 9]}
					]
				},
				{
					"name": "leg_left2",
					"parent": "leg_left",
					"pivot": [3.5, 2, -0.25]
				},
				{
					"name": "leg_left2_rotation",
					"parent": "leg_left2",
					"pivot": [3.5, 3, -0.25],
					"cubes": [
						{"origin": [3.5, 0, -0.75], "size": [1, 3, 1], "uv": [2, 11]}
					]
				},
				{
					"name": "leg_right",
					"parent": "legs",
					"pivot": [-2, 2.5, -0.25],
					"cubes": [
						{"origin": [-3.5, 2, -0.25], "size": [2, 1, 0], "uv": [2, 10], "mirror": true}
					]
				},
				{
					"name": "leg_right2",
					"parent": "leg_right",
					"pivot": [-3.5, 2, -0.25]
				},
				{
					"name": "leg_right2_rotation",
					"parent": "leg_right2",
					"pivot": [-3.5, 3, -0.25],
					"cubes": [
						{"origin": [-4.5, 0, -0.75], "size": [1, 3, 1], "uv": [14, 9], "mirror": true}
					]
				}
			]
		}
	]
}