{
	"format_version": "1.8.0",
	"animations": {
		"animation.servine.ground_idle": {
			"loop": true,
			"bones": {
				"arm_left": {
					"rotation": [26.03345, -50.33155, -32.39769]
				},
				"arm_left2": {
					"rotation": [0, -10, 0]
				},
				"neck_leaf_left": {
					"rotation": [0, -5, 0]
				},
				"neck_leaf_left2": {
					"rotation": [-10.34527, -14.76689, 2.66399]
				},
				"neck_leaf_left3": {
					"rotation": [-10.03742, -4.92385, 0.87038]
				},
				"neck_leaf_left4": {
					"rotation": [-15.01365, 2.41476, -0.64743]
				},
				"neck_leaf_right": {
					"rotation": [0, 5, 0]
				},
				"neck_leaf_right2": {
					"rotation": [-10.34527, 14.76689, -2.66399]
				},
				"neck_leaf_right3": {
					"rotation": [-10.03742, 4.92385, -0.87038]
				},
				"neck_leaf_right4": {
					"rotation": [-15.01365, -2.41476, 0.64743]
				},
				"head_angle": {
					"rotation": [12.5, 0, 0]
				},
				"tail": {
					"rotation": [2.5, 0, 0]
				},
				"tail2": {
					"rotation": [10, 0, 0]
				},
				"tail_leaves": {
					"rotation": [20, 0, 0]
				},
				"tail_leaf_middle2": {
					"rotation": [10, 0, 0]
				},
				"tail_leaf_left2": {
					"rotation": [5, 0, 0]
				},
				"tail_leaf_right2": {
					"rotation": [5, 0, 0]
				},
				"leg_left": {
					"rotation": [-3.87644, -12.88718, -5.10997]
				},
				"foot_left": {
					"rotation": [7.5, 0, 0]
				},
				"leg_left3": {
					"rotation": [7.5, 0, 0]
				},
				"leg_right": {
					"rotation": [-3.87644, 12.88718, 5.10997]
				},
				"leg_right3": {
					"rotation": [7.5, 0, 0]
				},
				"foot_right": {
					"rotation": [7.5, 0, 0]
				},
				"vine_left": {
					"scale": 0
				},
				"vine_right": {
					"scale": 0
				},
				"finger_middle_left": {
					"rotation": [0, -2.5, 0]
				},
				"finger_front_left": {
					"rotation": [0, -5, 15]
				},
				"finger_back_left": {
					"rotation": [0, -10, -15]
				},
				"arm_right": {
					"rotation": [26.03345, 50.33155, 32.39769]
				},
				"arm_right2": {
					"rotation": [0, 10, 0]
				},
				"finger_front_right": {
					"rotation": [0, 5, -15]
				},
				"finger_middle_right": {
					"rotation": [0, 2.5, 0]
				},
				"finger_back_right": {
					"rotation": [0, 10, 15]
				}
			}
		},
		"animation.servine.cry": {
			"animation_length": 1.2,
			"sound_effects": {
				"0.04": {
					"effect": "pokemon.servine.cry"
				}
			}
		},
		"animation.servine.blink": {
			"animation_length": 0.1667,
			"bones": {
				"eyelid_left": {
					"position": {
						"0.0": [0.1, -0.1, 0],
						"0.125": [0.1, -0.1, 0],
						"0.1667": [0, 0, 0]
					}
				},
				"eyelid_right": {
					"position": {
						"0.0": [-0.1, -0.1, 0],
						"0.125": [-0.1, -0.1, 0],
						"0.1667": [0, 0, 0]
					}
				}
			}
		},
		"animation.servine.shock": {
			"loop": true,
			"bones": {
				"pupil_left": {
					"scale": [1, 0.7, 0.7]
				},
				"pupil_right": {
					"scale": [1, 0.7, 0.7]
				},
				"mouth": {
					"position": [0, 0, 0.1]
				}
			}
		},
		"animation.servine.angry": {
			"loop": true,
			"bones": {
				"eye_angry_left": {
					"position": [0.1, -0.1, 0]
				},
				"eye_angry_right": {
					"position": [-0.1, -0.1, 0]
				}
			}
		},
		"animation.servine.sad": {
			"loop": true,
			"bones": {
				"eye_sad_left": {
					"position": [0.1, 0, 0]
				},
				"eye_sad_right": {
					"position": [-0.1, 0, 0]
				}
			}
		},
		"animation.servine.unamused": {
			"loop": true,
			"bones": {
				"eye_unamused_left": {
					"position": [0.1, -0.1, 0]
				},
				"eye_unamused_right": {
					"position": [-0.1, -0.1, 0]
				}
			}
		},
		"animation.servine.happy": {
			"loop": true,
			"bones": {
				"eyelid_happy_left": {
					"position": [0.1, -0.1, 0]
				},
				"eyelid_happy_right": {
					"position": [-0.1, -0.1, 0]
				},
				"mouth": {
					"position": [0, 0, 0.1]
				}
			}
		},
		"animation.servine.recoil": {
			"loop": true,
			"bones": {
				"eyelid_recoil_left": {
					"position": [0.1, -0.1, 0]
				},
				"eyelid_recoil_right": {
					"position": [-0.1, -0.1, 0]
				}
			}
		},
		"animation.servine.looking_back": {
			"loop": true,
			"bones": {
				"eye_front_left": {
					"position": [-0.1, 0.1, 0]
				},
				"eye_back_left": {
					"position": [0.1, -0.1, 0]
				},
				"pupil_left": {
					"position": [0, 1.5, 0]
				},
				"eye_front_right": {
					"position": [0.1, 0.1, 0]
				},
				"eye_back_right": {
					"position": [-0.1, -0.1, 0]
				},
				"pupil_right": {
					"position": [0, 1.5, 0]
				}
			}
		}
	}
}