{
	"format_version": "1.8.0",
	"animations": {
		"animation.charcadet.ground_idle_pose": {
			"loop": true,
			"bones": {
				"torso": {
					"rotation": [-2.5, 0, 0]
				},
				"waist": {
					"rotation": [2.5, 0, 0]
				},
				"arm_left": {
					"rotation": [1.30962, -7.38542, 34.91547]
				},
				"arm_left2": {
					"rotation": [0, 22.5, 0]
				},
				"hand_left": {
					"rotation": [0, 0, 7.5]
				},
				"fingers_left": {
					"rotation": [0, 0, 15]
				},
				"arm_right": {
					"rotation": [1.30962, 7.38542, -34.91547]
				},
				"arm_right2": {
					"rotation": [0, -22.5, 0]
				},
				"hand_right": {
					"rotation": [0, 0, -7.5]
				},
				"fingers_right": {
					"rotation": [0, 0, -15]
				},
				"head": {
					"rotation": [2.5, 0, 0]
				},
				"back_flame": {
					"rotation": [-5, 0, 0]
				},
				"leg_left": {
					"rotation": [9.98783, -0.00858, -12.92793]
				},
				"leg_left2": {
					"rotation": [-2.5, 0, 7.5]
				},
				"foot_left": {
					"rotation": [-7.48107, 0.43523, 4.98107]
				},
				"leg_right": {
					"rotation": [9.98783, 0.00858, 12.92793]
				},
				"leg_right2": {
					"rotation": [-2.5, 0, -7.5]
				},
				"foot_right": {
					"rotation": [-7.48107, -0.43523, -4.98107]
				},
				"eye_flame_left": {
					"rotation": [-12.68472, -19.93989, 0.57543]
				},
				"eye_flame_left2": {
					"rotation": [-49.84884, -2.22147, 21.2812]
				},
				"eye_flame_left3": {
					"rotation": [-10, 20, 0],
					"position": [0, 0, -0.5]
				},
				"eye_flame_right": {
					"rotation": [-12.68472, 19.93989, -0.57543]
				},
				"eye_flame_right2": {
					"rotation": [-49.84884, 2.22147, -21.2812]
				},
				"eye_flame_right3": {
					"rotation": [-10, -20, 0],
					"position": [0, 0, -0.5]
				},
				"head_flame": {
					"rotation": [-12.5, 0, 0]
				}
			}
		},
		"animation.charcadet.ground_idle": {
			"loop": true,
			"bones": {
				"torso": {
					"position": [0, "-0.1+Math.cos((query.anim_time) * 90 * 2) * -0.2", 0]
				},
				"chest": {
					"rotation": [-2.5, 0, 0],
					"position": [0, -0.1, 0]
				},
				"arm_left": {
					"rotation": [0, -30, "52.5+Math.cos((query.anim_time) * 90 * 2 - 50) * -3"]
				},
				"arm_left2": {
					"rotation": [0, 57.5, 0]
				},
				"fingers_left": {
					"rotation": [0, 15, 0]
				},
				"arm_right": {
					"rotation": [0, 22.5, "-45+Math.cos((query.anim_time) * 90 * 2 - 50) * 3"]
				},
				"arm_right2": {
					"rotation": [0, -70, 0]
				},
				"hand_right": {
					"rotation": [-1, 0, -7.5]
				},
				"fingers_right": {
					"rotation": [0, 0, -25]
				},
				"hips": {
					"rotation": ["2.5+Math.cos((query.anim_time) * 90 * 2 - 90) * -2", 0, 0],
					"position": [0, "-0.25+Math.cos((query.anim_time) * 90 * 2) * 0.2", 0]
				},
				"leg_left": {
					"rotation": [0.4084, -4.15886, -6.72664]
				},
				"leg_left2": {
					"rotation": [4.37082, -7.88185, 4.37082]
				},
				"foot_left": {
					"rotation": [2.5, 0, 0],
					"position": [0, 0, -0.1]
				},
				"leg_right": {
					"rotation": [5.88435, 10.04871, 5.07732]
				},
				"leg_right2": {
					"rotation": [-2.71045, 2.2701, -5.10827]
				},
				"foot_right": {
					"rotation": [-2.5, 0, 0]
				},
				"neck": {
					"rotation": ["0+Math.cos((query.anim_time) * 90 * 2 - 60) * 3", 0, 0]
				},
				"head": {
					"rotation": [10, 0, 0]
				},
				"flame_left": {
					"rotation": ["0+Math.cos((query.anim_time) * 90 * 8 - 35) * 6", 0, 0]
				},
				"flame_right": {
					"rotation": ["0+Math.cos((query.anim_time) * 90 * 8 - 35) * 6", 0, 0]
				},
				"flame_head": {
					"rotation": ["0+Math.cos((query.anim_time) * 90 * 8) * 6", 0, 0]
				},
				"back_flame": {
					"rotation": ["0+Math.cos((query.anim_time) * 90 * 8 - 35) * 6", 0, 0]
				},
				"hand_left": {
					"rotation": [-1, 0, 0]
				},
				"eye_flame_left": {
					"rotation": [-12.68472, -19.93989, 0.57543]
				},
				"eye_flame_left2": {
					"rotation": [-49.84884, -2.22147, 21.2812]
				},
				"eye_flame_left3": {
					"rotation": [-10, 20, 0],
					"position": [0, 0, -0.5]
				},
				"eye_flame_right": {
					"rotation": [-12.68472, 19.93989, -0.57543]
				},
				"eye_flame_right2": {
					"rotation": [-49.84884, 2.22147, -21.2812]
				},
				"eye_flame_right3": {
					"rotation": [-10, -20, 0],
					"position": [0, 0, -0.5]
				}
			}
		},
		"animation.charcadet.ground_walk": {
			"loop": true,
			"animation_length": 1,
			"bones": {
				"body": {
					"rotation": [2.5, 0, 0],
					"position": [0, -0.25, 0]
				},
				"hips": {
					"rotation": ["0+Math.cos((query.anim_time) * 90 * 4*2-90) * 2", "-Math.cos((query.anim_time) * 90 * 2*2-150) * 2", 0],
					"position": [0, "0+Math.cos((query.anim_time) * 90 * 4*2) * 0.2", 0]
				},
				"back_flame": {
					"rotation": ["0+Math.cos((query.anim_time) * 90 * 8 - 35) * 6", 0, 0]
				},
				"arm_left": {
					"rotation": [0, "0+Math.cos((query.anim_time) * 90 * 4) * -20", 20],
					"position": [0, 0, "0.5*math.cos((query.anim_time)*90*4-60)"]
				},
				"arm_left2": {
					"rotation": [0, "10+Math.cos((query.anim_time) * 90 * 4 - 60) * -10", 12.5]
				},
				"arm_right": {
					"rotation": [0, "0+Math.cos((query.anim_time) * 90 * 4) * -20", -20],
					"position": [0, 0, "-0.5*math.cos((query.anim_time)*90*4-60)"]
				},
				"arm_right2": {
					"rotation": [0, "-10+Math.cos((query.anim_time) * 90 * 4 - 60) * -10", -12.5]
				},
				"neck": {
					"rotation": ["5+Math.cos((query.anim_time) * 90 * 4*2-50) * -2", 0, 0]
				},
				"flame_left": {
					"rotation": ["0+Math.cos((query.anim_time) * 90 * 8 - 35) * 6", 0, 0]
				},
				"flame_right": {
					"rotation": ["0+Math.cos((query.anim_time) * 90 * 8 - 35) * 6", 0, 0]
				},
				"flame_head": {
					"rotation": ["0+Math.cos((query.anim_time) * 90 * 8) * 6", 0, 0]
				},
				"leg_left": {
					"rotation": {
						"0.0": [-40, 0, 0],
						"0.1667": [-23.75, 0, 0],
						"0.375": [17.33, 0, 0],
						"0.5": [25, 0, 0],
						"0.625": [13.75, 0, 0],
						"0.7917": [-20.75, 0, 0],
						"0.9167": [-35.5, 0, 0],
						"1.0": [-40, 0, 0]
					}
				},
				"leg_left2": {
					"rotation": {
						"0.0": [30, 0, 0],
						"0.25": [5, 0, 0],
						"0.5": [2.5, 0, 0],
						"0.75": [60, 0, 0],
						"0.8333": [42.3, 0, 0],
						"1.0": [30, 0, 0]
					}
				},
				"leg_right": {
					"rotation": {
						"0.0": [25, 0, 0],
						"0.125": [13.75, 0, 0],
						"0.2917": [-20.75, 0, 0],
						"0.4167": [-35.5, 0, 0],
						"0.5": [-40, 0, 0],
						"0.6667": [-23.75, 0, 0],
						"0.875": [17.33, 0, 0],
						"1.0": [25, 0, 0]
					}
				},
				"leg_right2": {
					"rotation": {
						"0.0": [2.5, 0, 0],
						"0.25": [60, 0, 0],
						"0.3333": [42.3, 0, 0],
						"0.5": [30, 0, 0],
						"0.75": [5, 0, 0],
						"1.0": [2.5, 0, 0]
					}
				},
				"chest": {
					"rotation": [7.5, "0+Math.cos((query.anim_time) * 90 * 2*2-150) * 2", 0]
				},
				"torso": {
					"position": [0, "0+Math.cos((query.anim_time) * 90 * 8) * 0.4", 0]
				},
				"eye_flame_left": {
					"rotation": [-12.68472, -19.93989, 0.57543]
				},
				"eye_flame_left2": {
					"rotation": [-49.84884, -2.22147, 21.2812]
				},
				"eye_flame_left3": {
					"rotation": [-10, 20, 0],
					"position": [0, 0, -0.5]
				},
				"eye_flame_right": {
					"rotation": [-12.68472, 19.93989, -0.57543]
				},
				"eye_flame_right2": {
					"rotation": [-49.84884, 2.22147, -21.2812]
				},
				"eye_flame_right3": {
					"rotation": [-10, -20, 0],
					"position": [0, 0, -0.5]
				}
			}
		},
		"animation.charcadet.sleep": {
			"loop": true,
			"bones": {
				"body": {
					"position": [0, -6, 0]
				},
				"head": {
					"rotation": ["30+Math.cos((query.anim_time) * 90 * 1 - 90) * -1", 0, 0]
				},
				"eyelid_left": {
					"position": [0.1, 0, -0.1]
				},
				"flame_left": {
					"position": [-2, 0, 1]
				},
				"eyelid_right": {
					"position": [-0.1, 0, -0.1]
				},
				"flame_right": {
					"position": [2, 0, 1]
				},
				"flame_head": {
					"rotation": ["0+Math.cos((query.anim_time) * 90 * 2) * 3", 0, 0]
				},
				"chest": {
					"rotation": [15, 0, 0]
				},
				"back_flame": {
					"rotation": ["0+Math.cos((query.anim_time) * 90 * 2 - 60) * 3", 0, 0]
				},
				"arm_left": {
					"rotation": [-37.15416, -16.45437, "52.9587+Math.cos((query.anim_time) * 90 * 1) * 1"],
					"position": [0.25, -0.5, 0]
				},
				"arm_left2": {
					"rotation": [-15.45187, 62.23634, 24.20105],
					"position": [0, 0, 0.5]
				},
				"arm_right": {
					"rotation": [-37.15416, 16.45437, "-52.9587+Math.cos((query.anim_time) * 90 * 1) * 1"],
					"position": [-0.25, -0.5, 0]
				},
				"arm_right2": {
					"rotation": [-15.45187, -62.23634, -24.20105],
					"position": [0, 0, 0.5]
				},
				"hips": {
					"rotation": ["-17.5+Math.cos((query.anim_time) * 90 * 1) * 1", 0, 0]
				},
				"leg_left": {
					"rotation": [-125, -27.5, 0],
					"position": [0, 0, 1]
				},
				"leg_left2": {
					"rotation": [62.5, 0, 0]
				},
				"leg_right": {
					"rotation": [-125, 27.5, 0],
					"position": [0, 0, 1]
				},
				"leg_right2": {
					"rotation": [62.5, 0, 0]
				},
				"torso": {
					"position": [0, 0, 0.1]
				},
				"eye_flame_left": {
					"rotation": [-12.68472, -19.93989, 0.57543]
				},
				"eye_flame_left2": {
					"rotation": [-49.84884, -2.22147, 21.2812]
				},
				"eye_flame_left3": {
					"rotation": [-10, 20, 0],
					"position": [0, 0, -0.5]
				},
				"eye_flame_right": {
					"rotation": [-12.68472, 19.93989, -0.57543]
				},
				"eye_flame_right2": {
					"rotation": [-49.84884, 2.22147, -21.2812]
				},
				"eye_flame_right3": {
					"rotation": [-10, -20, 0],
					"position": [0, 0, -0.5]
				}
			}
		},
		"animation.charcadet.cry": {
			"animation_length": 1.25,
			"bones": {
				"back_flame": {
					"rotation": {
						"0.0": [0, 0, 0],
						"0.1667": ["0+Math.cos((query.anim_time) * 90 * 24) * 6", 0, 0],
						"1.0": ["0+Math.cos((query.anim_time) * 90 * 24) * 6", 0, 0],
						"1.25": [0, 0, 0]
					}
				},
				"head": {
					"rotation": {
						"0.0": {
							"post": [0, 0, 0],
							"lerp_mode": "catmullrom"
						},
						"0.125": {
							"post": [17.5, 0, 0],
							"lerp_mode": "catmullrom"
						},
						"0.2917": {
							"post": [-10, 0, 0],
							"lerp_mode": "catmullrom"
						},
						"0.9167": {
							"post": [-10.09, 0, 0],
							"lerp_mode": "catmullrom"
						},
						"1.25": {
							"post": [0, 0, 0],
							"lerp_mode": "catmullrom"
						}
					}
				},
				"flame_head": {
					"rotation": {
						"0.0": [0, 0, 0],
						"0.1667": ["0+Math.cos((query.anim_time) * 90 * 24) * 6", 0, 0],
						"1.0": ["0+Math.cos((query.anim_time) * 90 * 24) * 6", 0, 0],
						"1.25": [0, 0, 0]
					}
				}
			}
		},
		"animation.charcadet.faint": {
			"loop": "hold_on_last_frame",
			"animation_length": 3,
			"bones": {
				"body": {
					"rotation": {
						"0.0": [0, 0, 0],
						"0.25": [0, -115, 0],
						"0.4167": [0, -151.16, 0],
						"0.7083": [0, -236.25, 0],
						"0.875": [0, -259.35, 0],
						"1.1667": [0, -333.97, 0],
						"1.3333": [-0.75, -354.55, 0],
						"1.5": [-4.32, -363.675, 0],
						"1.5833": [-13.25, -367.4, 0],
						"1.75": [-88.25, -367.4, 0],
						"1.875": [-96.175, -367.4, 0],
						"2.0417": [-93.82, -367.4, 0],
						"2.1667": [-90.75, -367.4, 0]
					},
					"position": {
						"0.0": [0, 0, 0.1],
						"0.125": [0, -0.13, 0.37],
						"0.2083": [0, 0.53, 0.55],
						"0.2917": [0, -0.13, 0.37],
						"0.4167": [0, -0.45, 1],
						"0.4583": [0, -0.84, 1.71],
						"0.5417": [0, 1.08, 3.14],
						"0.7083": [0, 1.25, 6],
						"0.875": [0, -0.45, 7],
						"0.9167": [0, -0.86, 7.63],
						"1.0": [0, 1.03, 8.9],
						"1.1667": [0, 1.25, 11.43],
						"1.3333": [0, 0, 12],
						"1.5": [0, -0.35, 12.35],
						"1.625": [0, -1.365, 13.33],
						"1.75": [0, -7, 17],
						"1.7917": [0, -7.75, 17],
						"1.875": [0, -5.75, 17],
						"2.0": [0, -5.25, 17],
						"2.0833": [0, -5.575, 17],
						"2.1667": [0, -7.245, 17],
						"2.25": [0, -7.77, 17]
					}
				},
				"head": {
					"rotation": {
						"0.0": [10, 0, 0],
						"0.2083": [22.5, 0, -20],
						"0.5833": [-10, 0, 17.5],
						"1.1667": [20, 0, -10],
						"1.5417": [0, 0, 0],
						"1.7083": [25, 0, 0],
						"1.8333": [10, 0, 0],
						"1.9583": [23, 0, 0],
						"2.0417": [25.5, 0, 0],
						"2.1667": [23.5, 0, 0],
						"2.2917": [11.5, 0, 0]
					}
				},
				"eyelid_left": {
					"position": {
						"0.0": [0, 0, 0],
						"0.125": [0.1, 0, -0.1],
						"0.1667": [0.1, 0, -0.1],
						"1.0833": [0.1, 0, -0.1],
						"1.125": [0, 0, 0],
						"1.6667": [0, 0, 0],
						"1.7083": [0.1, 0, -0.1]
					}
				},
				"flame_left": {
					"position": {
						"0.0": [0, 0, 0],
						"0.125": [-2, 0, 1],
						"0.1667": [-2, 0, 1],
						"1.0833": [-2, 0, 1],
						"1.125": [0, 0, 0],
						"1.6667": [0, 0, 0],
						"1.7083": [-2, 0, 1]
					}
				},
				"eyelid_right": {
					"position": {
						"0.0": [0, 0, 0],
						"0.125": [-0.1, 0, -0.1],
						"0.1667": [-0.1, 0, -0.1],
						"1.0833": [-0.1, 0, -0.1],
						"1.125": [0, 0, 0],
						"1.6667": [0, 0, 0],
						"1.7083": [-0.1, 0, -0.1]
					}
				},
				"flame_right": {
					"position": {
						"0.0": [0, 0, 0],
						"0.125": [2, 0, 1],
						"0.1667": [2, 0, 1],
						"1.0833": [2, 0, 1],
						"1.125": [0, 0, 0],
						"1.6667": [0, 0, 0],
						"1.7083": [2, 0, 1]
					}
				},
				"flame_head": {
					"rotation": {
						"0.0": ["0+Math.cos((query.anim_time) * 90 * 16) * 10", 0, 0],
						"1.6667": ["0+Math.cos((query.anim_time) * 90 * 16) * 10", 0, 0],
						"1.75": [45.83, 0, 0],
						"1.7917": [0, 0, 0]
					}
				},
				"back_flame": {
					"rotation": {
						"0.0": ["0+Math.cos((query.anim_time) * 90 * 16 - 100) * 10", 0, 0],
						"0.2083": ["0+Math.cos((query.anim_time) * 90 * 16 - 100) * 10", 40, 0],
						"1.0417": ["0+Math.cos((query.anim_time) * 90 * 16 - 100) * 10", 29.64, 0],
						"1.6667": ["0+Math.cos((query.anim_time) * 90 * 16 - 100) * 10", 0, 0],
						"1.7083": [0, 0, 0]
					}
				},
				"arm_left": {
					"rotation": {
						"0.0": [0, "0+Math.cos((query.anim_time) * 90 * 20) * 10", "27.5+Math.sin((query.anim_time) * 90 * 20) * 10"],
						"1.5833": [0, "0+Math.cos((query.anim_time) * 90 * 20) * 10", "0+Math.sin((query.anim_time) * 90 * 20) * 10"],
						"1.625": [0, 0, 0],
						"1.6667": [0, 40, 0],
						"1.75": [0, 52.5, 0],
						"1.8333": [0, -10, 0],
						"1.9583": [0, 22.5, 0],
						"2.0833": [0, 32.5, 0],
						"2.2083": [0, 35, 0],
						"2.3333": [0, 27.5, 0],
						"2.4167": [0, -2.5, 0]
					}
				},
				"arm_left2": {
					"rotation": {
						"1.625": [0, 0, 0],
						"1.75": [0, 32.5, 0],
						"1.9167": [0, 7.5, 37.5],
						"2.0417": [0, 15, 45],
						"2.1667": [0, 10, 47.5]
					}
				},
				"arm_right": {
					"rotation": {
						"0.0": [0, "0+Math.cos((query.anim_time) * 90 * 20) * -10", "-32.5+Math.sin((query.anim_time) * 90 * 20) * 10"],
						"1.5833": [0, "0+Math.cos((query.anim_time) * 90 * 20) * -10", "0+Math.sin((query.anim_time) * 90 * 20) * 10"],
						"1.625": [0, 0, 0],
						"1.6667": [0, -40, 0],
						"1.75": [0, -52.5, 0],
						"1.8333": [0, 10, 0],
						"1.9583": [0, -22.5, 0],
						"2.0833": [0, -32.5, 0],
						"2.2083": [0, -35, 0],
						"2.3333": [0, -27.5, 0],
						"2.4167": [0, 2.5, 0]
					}
				},
				"arm_right2": {
					"rotation": {
						"1.625": [0, 0, 0],
						"1.75": [0, -32.5, 0],
						"1.9167": [0, -7.5, -37.5],
						"2.0417": [0, -15, -45],
						"2.1667": [0, -10, -47.5]
					}
				},
				"hips": {
					"rotation": {
						"0.0": [0, 0, 0],
						"0.125": [-32.25, 0, -10],
						"0.2083": [-41.57, 0, -7],
						"0.2917": [-44.89, 0, -4],
						"0.375": [-40.96, 0, -2.33],
						"0.4167": [-25.5, 0, -1.5],
						"0.625": [28.5, 0, 0],
						"0.7083": [40.5, 0, 0],
						"0.7917": [44.5, 0, 0],
						"0.9167": [39.63, 0, 6.25],
						"1.0417": [24.75, 0, 12.5],
						"1.3333": [-10, 0, 16],
						"1.5417": [0, 0, 16],
						"1.6667": [12.5, 0, 5],
						"1.75": [12.5, 0, 0]
					},
					"position": {
						"0.0": [0, -0.75, 0],
						"0.125": [0, 0, 0],
						"0.4167": [0, 0.425, 0],
						"0.5": [0, -0.75, 0],
						"0.6667": [0, 0, 0],
						"0.9167": [0, 0.425, 0],
						"1.0": [0, -0.75, 0],
						"1.1667": [0, 0, 0]
					}
				},
				"leg_left": {
					"rotation": {
						"0.0": [5, -12.5, 0],
						"0.1667": [5, -37.5, -12.5],
						"0.4583": [-12.5, -15, -12.5],
						"0.7083": [85, 27.5, -12.5],
						"0.8333": [74, 27.5, -12.5],
						"0.9167": [-7, 27.5, -12.5],
						"1.0": [4.55, 27.5, -12.5],
						"1.0833": [0.5, 27.5, -12.5],
						"1.375": [-4.90909, -1.25261, -0.05545],
						"1.625": [-4.90909, -1.25261, -0.05545],
						"1.75": [-49.5, -2.5, -12.5],
						"1.8333": [10.5, -2.5, -12.5],
						"1.9583": [-26.375, -2.5, -12.5],
						"2.0833": [-32.75, -2.5, -12.5],
						"2.2083": [-22.35, -2.5, -12.5],
						"2.2917": [4.15, -2.5, -12.5]
					}
				},
				"leg_left2": {
					"rotation": {
						"0.0": [0, 0, 0],
						"0.2083": [27.5, 0, 0],
						"0.375": [15.83, 0, 0],
						"0.4583": [32.5, 0, 0],
						"0.625": [10, 0, 0],
						"0.7917": [30, 0, 0],
						"0.9583": [35, 0, 0],
						"1.0833": [-2.5, 0, 0],
						"1.2917": [4.32, 0, 0],
						"1.5417": [25, 0, 0],
						"1.6667": [35, 0, 0],
						"1.75": [15, 0, 0]
					}
				},
				"leg_right": {
					"rotation": {
						"0.0": [0, 7.5, 7.5],
						"0.125": [-30, 22.5, 30],
						"0.3333": [-56.33, 22.5, 17.5],
						"0.5": [5, 22.5, 7.5],
						"0.625": [21.65, 42.5, 7.5],
						"0.7917": [15, 57.5, 7.5],
						"0.9167": [-22.5, 72.5, 7.5],
						"1.125": [-55, -5, 7.5],
						"1.2917": [-72.5, -5, 7.5],
						"1.5417": [-80, -5, 7.5],
						"1.75": [-60, -5, 7.5],
						"1.8333": [10.5, 2.5, 12.5],
						"1.9583": [-26.375, 2.5, 12.5],
						"2.0833": [-32.75, 2.5, 12.5],
						"2.2083": [-22.35, 2.5, 12.5],
						"2.2917": [4.15, 2.5, 12.5]
					}
				},
				"leg_right2": {
					"rotation": {
						"0.0": [0, 0, 0],
						"0.125": [47.5, 0, 0],
						"0.375": [0, 0, 0],
						"0.5833": [7.5, 0, 0],
						"0.9167": [40, 0, 0],
						"1.2083": [37.5, 0, 0],
						"1.5833": [32.5, 0, 0],
						"1.7083": [12.5, 0, 0]
					}
				},
				"eye_flame_left": {
					"rotation": [-12.68472, -19.93989, 0.57543]
				},
				"eye_flame_left2": {
					"rotation": [-49.84884, -2.22147, 21.2812]
				},
				"eye_flame_left3": {
					"rotation": [-10, 20, 0],
					"position": [0, 0, -0.5]
				},
				"eye_flame_right": {
					"rotation": [-12.68472, 19.93989, -0.57543]
				},
				"eye_flame_right2": {
					"rotation": [-49.84884, 2.22147, -21.2812]
				},
				"eye_flame_right3": {
					"rotation": [-10, -20, 0],
					"position": [0, 0, -0.5]
				}
			}
		},
		"animation.charcadet.shoulder_left": {
			"loop": true,
			"bones": {
				"body": {
					"rotation": [0, -15, 0],
					"position": [1, -5.8, 0]
				},
				"hips": {
					"rotation": ["-7.9173+Math.cos((query.anim_time) * 90 * 2 - 90) * -1", -8.79702, 11.09676]
				},
				"chest": {
					"rotation": [17.5, 0, 0]
				},
				"arm_left": {
					"rotation": ["63.3774+Math.cos((query.anim_time) * 90 * 2 - 90) * 1", -1.87275, 27.5115]
				},
				"arm_left2": {
					"rotation": [0, 97.5, 0]
				},
				"arm_right": {
					"rotation": [43.29364, -36.30841, -62.44803],
					"position": [0, 0, -0.5]
				},
				"arm_right2": {
					"rotation": [0, "-90+Math.cos((query.anim_time) * 90 * 2 - 90) * 1", 0]
				},
				"neck": {
					"rotation": ["22.5+Math.cos((query.anim_time) * 90 * 2 - 60) * 2", 0, 0]
				},
				"head": {
					"rotation": [-27.67995, 12.39135, "-1.6575+Math.sin((query.anim_time) * 90 * 2 - 20) * -1"]
				},
				"leg_left": {
					"rotation": [-76.20217, -29.55666, -2.87398]
				},
				"leg_left2": {
					"rotation": ["67.5+Math.cos((query.anim_time) * 90 * 3 - 90) * 1", 0, 0]
				},
				"leg_right": {
					"rotation": [-87.5, 0, 0]
				},
				"leg_right2": {
					"rotation": [87.5, 0, 0]
				},
				"back_flame": {
					"rotation": ["0+Math.cos((query.anim_time) * 90 * 8 - 35) * 6", 0, 0]
				},
				"flame_left": {
					"rotation": ["0+Math.cos((query.anim_time) * 90 * 8 - 35) * 6", 0, 0]
				},
				"flame_right": {
					"rotation": ["0+Math.cos((query.anim_time) * 90 * 8 - 35) * 6", 0, 0]
				},
				"flame_head": {
					"rotation": ["0+Math.cos((query.anim_time) * 90 * 8) * 6", 0, 0]
				},
				"eye_flame_left": {
					"rotation": [-12.68472, -19.93989, 0.57543]
				},
				"eye_flame_left2": {
					"rotation": [-49.84884, -2.22147, 21.2812]
				},
				"eye_flame_left3": {
					"rotation": [-10, 20, 0],
					"position": [0, 0, -0.5]
				},
				"eye_flame_right": {
					"rotation": [-12.68472, 19.93989, -0.57543]
				},
				"eye_flame_right2": {
					"rotation": [-49.84884, 2.22147, -21.2812]
				},
				"eye_flame_right3": {
					"rotation": [-10, -20, 0],
					"position": [0, 0, -0.5]
				}
			}
		},
		"animation.charcadet.shoulder_right": {
			"loop": true,
			"bones": {
				"body": {
					"rotation": [0, 15, 0],
					"position": [-1, -5.8, 0]
				},
				"hips": {
					"rotation": ["-7.9173+Math.cos((query.anim_time) * 90 * 2 - 90) * -1", 8.79702, -11.09676]
				},
				"chest": {
					"rotation": [17.5, 0, 0]
				},
				"arm_left": {
					"rotation": [43.29364, 36.30841, 62.44803],
					"position": [0, 0, -0.5]
				},
				"arm_left2": {
					"rotation": [0, "90+Math.cos((query.anim_time) * 90 * 2 - 90) * -1", 0]
				},
				"arm_right": {
					"rotation": ["63.3774+Math.cos((query.anim_time) * 90 * 2 - 90) * 1", 1.87275, -27.5115],
					"position": [0, 0, -0.5]
				},
				"arm_right2": {
					"rotation": [0, -97.5, 0]
				},
				"neck": {
					"rotation": ["22.5+Math.cos((query.anim_time) * 90 * 2 - 60) * 2", 0, 0]
				},
				"head": {
					"rotation": [-27.67995, -12.39135, "1.6575+Math.sin((query.anim_time) * 90 * 2 - 20) * -1"]
				},
				"leg_left": {
					"rotation": [-87.5, 0, 0]
				},
				"leg_left2": {
					"rotation": [87.5, 0, 0]
				},
				"leg_right": {
					"rotation": [-76.20217, 29.55666, 2.87398]
				},
				"leg_right2": {
					"rotation": ["67.5+Math.cos((query.anim_time) * 90 * 3 - 90) * 1", 0, 0]
				},
				"back_flame": {
					"rotation": ["0+Math.cos((query.anim_time) * 90 * 8 - 35) * 6", 0, 0]
				},
				"flame_left": {
					"rotation": ["0+Math.cos((query.anim_time) * 90 * 8 - 35) * 6", 0, 0]
				},
				"flame_right": {
					"rotation": ["0+Math.cos((query.anim_time) * 90 * 8 - 35) * 6", 0, 0]
				},
				"flame_head": {
					"rotation": ["0+Math.cos((query.anim_time) * 90 * 8) * 6", 0, 0]
				},
				"eye_flame_left": {
					"rotation": [-12.68472, -19.93989, 0.57543]
				},
				"eye_flame_left2": {
					"rotation": [-49.84884, -2.22147, 21.2812]
				},
				"eye_flame_left3": {
					"rotation": [-10, 20, 0],
					"position": [0, 0, -0.5]
				},
				"eye_flame_right": {
					"rotation": [-12.68472, 19.93989, -0.57543]
				},
				"eye_flame_right2": {
					"rotation": [-49.84884, 2.22147, -21.2812]
				},
				"eye_flame_right3": {
					"rotation": [-10, -20, 0],
					"position": [0, 0, -0.5]
				}
			}
		},
		"animation.charcadet.eye_flame_overlay": {
			"loop": true,
			"bones": {
				"eye_flame_left": {
					"rotation": ["0+Math.cos((query.anim_time) * 90 * 16 - 90) * 3", "0+Math.cos((query.anim_time) * 90 * 16) * 3", 0]
				},
				"eye_flame_left2": {
					"rotation": [0, "0+Math.cos((query.anim_time) * 90 * 16 - 120) * 8", 0]
				},
				"eye_flame_left3": {
					"rotation": [0, "0+Math.cos((query.anim_time) * 90 * 16 - 240) * 8", 0]
				},
				"eye_flame_right": {
					"rotation": ["0+Math.cos((query.anim_time) * 90 * 16 - 90) * 3", "0+Math.cos((query.anim_time) * 90 * 16) * -3", 0]
				},
				"eye_flame_right2": {
					"rotation": [0, "0+Math.cos((query.anim_time) * 90 * 16 - 120) * -8", 0]
				},
				"eye_flame_right3": {
					"rotation": [0, "0+Math.cos((query.anim_time) * 90 * 16 - 240) * -8", 0]
				}
			}
		},
		"animation.charcadet.head_flame_overlay": {
			"loop": true,
			"bones": {
				"head_flame": {
					"rotation": ["0+Math.cos((query.anim_time) * 90 * 8) * 4", 0, 0]
				},
				"head_flame2": {
					"rotation": ["0+Math.cos((query.anim_time) * 90 * 8 - 90) * 9", 0, 0]
				},
				"head_flame3": {
					"rotation": ["0+Math.cos((query.anim_time) * 90 * 8 - 180) * 18", 0, 0]
				}
			}
		},
		"animation.charcadet.blink": {
			"animation_length": 0.1667,
			"bones": {
				"eye_flame_left": {
					"scale": {
						"0.0": [0, 0, 0],
						"0.125": [0, 0, 0],
						"0.1667": [1, 1, 1]
					}
				},
				"eyelid_left": {
					"position": {
						"0.0": [0.1, 0, -0.1],
						"0.125": [0.1, 0, -0.1],
						"0.1667": [0, 0, 0]
					}
				},
				"eye_flame_right": {
					"scale": {
						"0.0": [0, 0, 0],
						"0.125": [0, 0, 0],
						"0.1667": [1, 1, 1]
					}
				},
				"eyelid_right": {
					"position": {
						"0.0": [-0.1, 0, -0.1],
						"0.125": [-0.1, 0, -0.1],
						"0.1667": [0, 0, 0]
					}
				}
			}
		},
		"animation.charcadet.render": {
			"loop": true,
			"bones": {
				"torso": {
					"rotation": [-2.5, 0, 0]
				},
				"waist": {
					"rotation": [2.5, 0, 0]
				},
				"arm_left": {
					"rotation": [1.30962, -7.38542, 34.91547]
				},
				"arm_left2": {
					"rotation": [0, 55, 0]
				},
				"hand_left": {
					"rotation": [0, 0, 7.5]
				},
				"fingers_left": {
					"rotation": [0, 0, 15]
				},
				"arm_right": {
					"rotation": [1.40458, 22.38126, -34.54893]
				},
				"arm_right2": {
					"rotation": [0, -22.5, 0]
				},
				"hand_right": {
					"rotation": [0, 0, -7.5]
				},
				"fingers_right": {
					"rotation": [0, 0, -15]
				},
				"head": {
					"rotation": [2.97532, -19.82169, -2.71994]
				},
				"back_flame": {
					"rotation": [-5, 0, 0]
				},
				"leg_left": {
					"rotation": [17.48783, -0.00858, -12.92793]
				},
				"leg_left2": {
					"rotation": [7.5, 0, 7.5]
				},
				"foot_left": {
					"rotation": [-24.95393, 1.27951, 6.79435]
				},
				"leg_right": {
					"rotation": [-27.51217, 0.00858, 12.92793]
				},
				"leg_right2": {
					"rotation": [27.5, 0, -7.5]
				},
				"foot_right": {
					"rotation": [0.03411, -0.4343, -6.98113]
				},
				"eye_flame_left": {
					"rotation": [-12.68472, -19.93989, 0.57543],
					"position": [-0.25, 0, 0]
				},
				"eye_flame_left2": {
					"rotation": [-49.84884, -2.22147, 21.2812]
				},
				"eye_flame_left3": {
					"rotation": [-10, 20, 0],
					"position": [0, 0, -0.5]
				},
				"eye_flame_right": {
					"rotation": [-12.68472, 19.93989, -0.57543]
				},
				"eye_flame_right2": {
					"rotation": [-49.84884, 2.22147, -21.2812]
				},
				"eye_flame_right3": {
					"rotation": [-10, -20, 0],
					"position": [0, 0, -0.5]
				},
				"charcadet": {
					"rotation": [0, 25, 0]
				},
				"body": {
					"rotation": [0, 25, 0],
					"position": [0, -0.4, 0]
				},
				"pupil_left": {
					"position": [0.75, 0, 0]
				},
				"pupil_left2": {
					"position": [0.5, 0, 0]
				},
				"head_flame": {
					"rotation": [-10, 0, 0]
				},
				"head_flame2": {
					"rotation": [0, 0, 12.5]
				},
				"head_flame3": {
					"rotation": [0, 0, -12.5]
				}
			}
		},
		"animation.charcadet.angry": {
			"loop": true,
			"bones": {
				"eye_angry_left": {
					"position": [0.1, 0, -0.1]
				},
				"eye_angry_right": {
					"position": [-0.1, 0, -0.1]
				}
			}
		},
		"animation.charcadet.sad": {
			"loop": true,
			"bones": {
				"eye_sad_left": {
					"position": [0.1, 0, -0.1]
				},
				"eye_sad_right": {
					"position": [-0.1, 0, -0.1]
				}
			}
		},
		"animation.charcadet.unamused": {
			"loop": true,
			"bones": {
				"eye_flame_left": {
					"position": [0, -0.6, 0]
				},
				"eye_unamused_left": {
					"position": [0.1, 0, -0.1]
				},
				"eye_unamused_right": {
					"position": [-0.1, 0, -0.1]
				},
				"eye_flame_right": {
					"position": [0, -0.6, 0]
				}
			}
		},
		"animation.charcadet.happy": {
			"loop": true,
			"bones": {
				"eye_flame_left": {
					"scale": 0
				},
				"eyelid_happy_left": {
					"position": [0.1, 0, -0.1]
				},
				"eye_flame_right": {
					"scale": 0
				},
				"eyelid_happy_right": {
					"position": [-0.1, 0, -0.1]
				}
			}
		},
		"animation.charcadet.hurt": {
			"loop": true,
			"bones": {
				"eye_flame_left": {
					"scale": 0
				},
				"eyelid_recoil_left": {
					"position": [0.1, 0, -0.1]
				},
				"eye_flame_right": {
					"scale": 0
				},
				"eyelid_recoil_right": {
					"position": [-0.1, 0, -0.1]
				}
			}
		}
	}
}