{
	"format_version": "1.12.0",
	"minecraft:geometry": [
		{
			"description": {
				"identifier": "geometry.scorbunny",
				"texture_width": 64,
				"texture_height": 64,
				"visible_bounds_width": 3,
				"visible_bounds_height": 3.5,
				"visible_bounds_offset": [0, 1.25, 0]
			},
			"bones": [
				{
					"name": "scorbunny",
					"pivot": [0, 0, 0]
				},
				{
					"name": "body",
					"parent": "scorbunny",
					"pivot": [0, 9, 0]
				},
				{
					"name": "torso",
					"parent": "body",
					"pivot": [0, 6.5, 0],
					"cubes": [
						{"origin": [-2.5, 6, -2.5], "size": [5, 5, 5], "uv": [0, 16]}
					]
				},
				{
					"name": "neck",
					"parent": "torso",
					"pivot": [0, 11.25, 0],
					"cubes": [
						{"origin": [-2, 9.75, -2], "size": [4, 4, 4], "uv": [36, 0]}
					]
				},
				{
					"name": "head",
					"parent": "neck",
					"pivot": [0, 12, 0],
					"cubes": [
						{"origin": [-4.5, 12, -4], "size": [9, 8, 8], "uv": [0, 0]}
					]
				},
				{
					"name": "eye_right",
					"parent": "head",
					"pivot": [-3, 15.5, -3.51],
					"cubes": [
						{"origin": [-4, 14.5, -4.01], "size": [2, 2, 1], "uv": [0, 3]}
					]
				},
				{
					"name": "eyebrow_right",
					"parent": "eye_right",
					"pivot": [-3, 16, -3.915],
					"cubes": [
						{"origin": [-4, 15.51, -3.915], "size": [2, 1, 1], "uv": [0, 6]}
					]
				},
				{
					"name": "eyebrow_angry_right",
					"parent": "eye_right",
					"pivot": [-2.5, 16, -3.915],
					"cubes": [
						{"origin": [-4.5, 15.51, -3.915], "size": [2, 1, 0], "uv": [36, 15]}
					]
				},
				{
					"name": "eyebrow_angry_right2",
					"parent": "eyebrow_angry_right",
					"pivot": [-1.5, 16.51, -3.91],
					"cubes": [
						{"origin": [-2.5, 16.01, -3.915], "size": [1, 1, 0], "uv": [37, 15]}
					]
				},
				{
					"name": "pupil_right",
					"parent": "eye_right",
					"pivot": [-3, 15, -4.01],
					"cubes": [
						{"origin": [-3.5, 14.5, -4.012], "size": [1, 2, 1], "uv": [0, 45]}
					]
				},
				{
					"name": "pupil_shocked_right",
					"parent": "eye_right",
					"pivot": [-3, 15.5, -3.912],
					"cubes": [
						{"origin": [-3.5, 15, -3.913], "size": [1, 1, 0], "uv": [1, 46]}
					]
				},
				{
					"name": "eyelid_right",
					"parent": "eye_right",
					"pivot": [-3, 15.5, -3.41],
					"cubes": [
						{"origin": [-4, 14.5, -3.91], "size": [2, 2, 1], "inflate": 0.01, "uv": [0, 0]}
					]
				},
				{
					"name": "eyelid_happy_right",
					"parent": "eye_right",
					"pivot": [-2.9, 15.5, -3.41],
					"cubes": [
						{"origin": [-4.4, 14.5, -3.91], "size": [3, 2, 1], "inflate": 0.01, "uv": [27, 0]},
						{"origin": [-3.9, 15.5, -3.911], "size": [2, 1, 0], "inflate": 0.01, "uv": [27, 4]}
					]
				},
				{
					"name": "eye_left",
					"parent": "head",
					"pivot": [3, 15.5, -3.51],
					"cubes": [
						{"origin": [2, 14.5, -4.01], "size": [2, 2, 1], "uv": [26, 25]}
					]
				},
				{
					"name": "eyebrow_left",
					"parent": "eye_left",
					"pivot": [3, 16, -3.915],
					"cubes": [
						{"origin": [2, 15.51, -3.915], "size": [2, 1, 1], "uv": [0, 6], "mirror": true}
					]
				},
				{
					"name": "eyebrow_angry_left",
					"parent": "eye_left",
					"pivot": [2.5, 16, -3.915],
					"cubes": [
						{"origin": [2.5, 15.51, -3.915], "size": [2, 1, 0], "uv": [36, 15], "mirror": true}
					]
				},
				{
					"name": "eyebrow_angry_left2",
					"parent": "eyebrow_angry_left",
					"pivot": [1.5, 16.51, -3.91],
					"cubes": [
						{"origin": [1.5, 16.01, -3.915], "size": [1, 1, 0], "uv": [36, 14], "mirror": true}
					]
				},
				{
					"name": "pupil_left",
					"parent": "eye_left",
					"pivot": [3, 15, -4.01],
					"cubes": [
						{"origin": [2.5, 14.5, -4.012], "size": [1, 2, 1], "uv": [0, 45], "mirror": true}
					]
				},
				{
					"name": "pupil_shocked_left",
					"parent": "eye_left",
					"pivot": [3, 15.5, -3.912],
					"cubes": [
						{"origin": [2.5, 15, -3.912], "size": [1, 1, 0], "uv": [1, 46], "mirror": true}
					]
				},
				{
					"name": "eyelid_left",
					"parent": "eye_left",
					"pivot": [3, 15.5, -3.41],
					"cubes": [
						{"origin": [2, 14.5, -3.91], "size": [2, 2, 1], "inflate": 0.01, "uv": [11, 27]}
					]
				},
				{
					"name": "eyelid_happy_left",
					"parent": "eye_left",
					"pivot": [2.9, 15.5, -3.41],
					"cubes": [
						{"origin": [1.4, 14.5, -3.91], "size": [3, 2, 1], "inflate": 0.01, "uv": [27, 0], "mirror": true},
						{"origin": [1.9, 15.5, -3.911], "size": [2, 1, 0], "inflate": 0.01, "uv": [27, 4], "mirror": true}
					]
				},
				{
					"name": "ear_right",
					"parent": "head",
					"pivot": [0, 20, -0.5],
					"rotation": [0, 0, -7.5],
					"cubes": [
						{"origin": [-4.50428, 19.93474, -0.5], "size": [5, 5, 0], "inflate": 0.01, "uv": [12, 48]}
					]
				},
				{
					"name": "ear_right2",
					"parent": "ear_right",
					"pivot": [-1.50428, 24.93474, -0.5],
					"cubes": [
						{"origin": [-4.50428, 24.93474, -0.5], "size": [5, 5, 0], "uv": [12, 43]}
					]
				},
				{
					"name": "ear_right3",
					"parent": "ear_right2",
					"pivot": [-2.50428, 29.93474, -0.5],
					"cubes": [
						{"origin": [-4.50428, 29.93474, -0.5], "size": [5, 5, 0], "uv": [12, 38]}
					]
				},
				{
					"name": "ear_left",
					"parent": "head",
					"pivot": [0, 20, -0.5],
					"rotation": [0, 0, 7.5],
					"cubes": [
						{"origin": [-0.49572, 19.93474, -0.5], "size": [5, 5, 0], "inflate": 0.01, "uv": [43, 44]}
					]
				},
				{
					"name": "ear_left2",
					"parent": "ear_left",
					"pivot": [1.50428, 24.93474, -0.5],
					"cubes": [
						{"origin": [-0.49572, 24.93474, -0.5], "size": [5, 5, 0], "uv": [43, 39]}
					]
				},
				{
					"name": "ear_left3",
					"parent": "ear_left2",
					"pivot": [2.50428, 29.93474, -0.5],
					"cubes": [
						{"origin": [-0.49572, 29.93474, -0.5], "size": [5, 5, 0], "uv": [43, 34]}
					]
				},
				{
					"name": "ear_left4",
					"parent": "ear_left",
					"pivot": [3.50428, 21.93474, -0.5],
					"rotation": [0, 0, 65],
					"cubes": [
						{"origin": [1.47166, 19.27688, -0.5], "size": [3, 7, 0], "uv": [33, 44]}
					]
				},
				{
					"name": "hair_right_top",
					"parent": "head",
					"pivot": [-4.5, 15.75, -1.25],
					"rotation": [0, 0, 45],
					"cubes": [
						{"origin": [-7.23622, 14.6988, -1.25], "size": [4, 2, 0], "uv": [55, 1], "mirror": true}
					]
				},
				{
					"name": "hair_right_bottom",
					"parent": "head",
					"pivot": [-4.5, 14.5, -1],
					"rotation": [0, 0, 7.5],
					"cubes": [
						{"origin": [-8.32514, 12.98625, -1], "size": [5, 3, 0], "inflate": 0.01, "uv": [46, 13], "mirror": true}
					]
				},
				{
					"name": "hair_left_top",
					"parent": "head",
					"pivot": [4.5, 15.75, -1.25],
					"rotation": [0, 0, -45],
					"cubes": [
						{"origin": [3.23622, 14.6988, -1.25], "size": [4, 2, 0], "uv": [55, 1]}
					]
				},
				{
					"name": "hair_left_bottom",
					"parent": "head",
					"pivot": [4.5, 14.5, -1],
					"rotation": [0, 0, -7.5],
					"cubes": [
						{"origin": [3.32514, 12.98625, -1], "size": [5, 3, 0], "inflate": 0.01, "uv": [46, 13]}
					]
				},
				{
					"name": "bandage",
					"parent": "head",
					"pivot": [0, 16, -4],
					"cubes": [
						{"origin": [-1.5, 15, -4], "size": [3, 2, 0], "inflate": 0.02, "uv": [35, 9]},
						{"origin": [-0.5, 14.5, -4], "size": [1, 1, 0], "inflate": 0.01, "pivot": [0, 15, -4], "rotation": [0, 0, -45], "uv": [35, 12]}
					]
				},
				{
					"name": "mouth_closed",
					"parent": "head",
					"pivot": [0, 12.5, -3.91],
					"cubes": [
						{"origin": [-1.5, 12.5, -4.01], "size": [3, 1, 0], "uv": [37, 20]}
					]
				},
				{
					"name": "mouth_closed_right",
					"parent": "mouth_closed",
					"pivot": [1.5, 13, -3.91],
					"cubes": [
						{"origin": [1.5, 13, -4.02], "size": [1, 1, 0], "uv": [36, 19]}
					]
				},
				{
					"name": "mouth_closed_left",
					"parent": "mouth_closed",
					"pivot": [-1.5, 13, -3.91],
					"cubes": [
						{"origin": [-2.5, 13, -4.02], "size": [1, 1, 0], "uv": [36, 19]}
					]
				},
				{
					"name": "mouth_open",
					"parent": "head",
					"pivot": [0, 13, -3.91],
					"cubes": [
						{"origin": [-2.5, 13, -3.91], "size": [5, 1, 0], "uv": [46, 19]},
						{"origin": [-1, 13, -3.91], "size": [2, 1, 0], "inflate": 0.01, "uv": [46, 22]},
						{"origin": [-1.5, 12, -3.91], "size": [3, 1, 0], "uv": [47, 26]}
					]
				},
				{
					"name": "mouth_open_shocked",
					"parent": "head",
					"pivot": [0, 13, -3.91],
					"cubes": [
						{"origin": [-1.5, 13, -3.911], "size": [3, 1, 0], "uv": [47, 24]},
						{"origin": [-1, 13, -3.91], "size": [2, 1, 0], "inflate": 0.01, "uv": [46, 22]},
						{"origin": [-1.5, 12.5, -3.91], "size": [3, 1, 0], "uv": [47, 26]}
					]
				},
				{
					"name": "arms",
					"parent": "torso",
					"pivot": [0, 10, 0]
				},
				{
					"name": "arm_right",
					"parent": "arms",
					"pivot": [-2.5, 10, 0],
					"cubes": [
						{"origin": [-5.5, 8, -1], "size": [4, 2, 2], "uv": [34, 22]}
					]
				},
				{
					"name": "arm_right2",
					"parent": "arm_right",
					"pivot": [-5, 9, 1],
					"cubes": [
						{"origin": [-7, 8, -1.5], "size": [2, 2, 3], "inflate": 0.01, "uv": [30, 29]}
					]
				},
				{
					"name": "arm_right3",
					"parent": "arm_right2",
					"pivot": [-7, 10, 0],
					"cubes": [
						{"origin": [-9, 8, -1.5], "size": [2, 2, 3], "uv": [41, 28]}
					]
				},
				{
					"name": "arm_left",
					"parent": "arms",
					"pivot": [2.5, 10, 0],
					"cubes": [
						{"origin": [1.5, 8, -1], "size": [4, 2, 2], "uv": [34, 22], "mirror": true}
					]
				},
				{
					"name": "arm_left2",
					"parent": "arm_left",
					"pivot": [5, 9, 1],
					"cubes": [
						{"origin": [5, 8, -1.5], "size": [2, 2, 3], "inflate": 0.01, "uv": [30, 29], "mirror": true}
					]
				},
				{
					"name": "arm_left3",
					"parent": "arm_left2",
					"pivot": [7, 10, 0],
					"cubes": [
						{"origin": [7, 8, -1.5], "size": [2, 2, 3], "uv": [41, 28], "mirror": true}
					]
				},
				{
					"name": "tail",
					"parent": "torso",
					"pivot": [0, 7, 2.5],
					"cubes": [
						{"origin": [-1.5, 5.5, 2], "size": [3, 3, 3], "inflate": 0.1, "uv": [0, 34]}
					]
				},
				{
					"name": "legs",
					"parent": "body",
					"pivot": [0, 6, 0]
				},
				{
					"name": "leg_right",
					"parent": "legs",
					"pivot": [-1.5, 6, 0],
					"cubes": [
						{"origin": [-2, 4, -0.5], "size": [1, 3, 1], "uv": [58, 13]}
					]
				},
				{
					"name": "leg_right2",
					"parent": "leg_right",
					"pivot": [-1.5, 4, -0.5],
					"cubes": [
						{"origin": [-2, 1, -0.5], "size": [1, 3, 1], "uv": [0, 27]}
					]
				},
				{
					"name": "foot_right",
					"parent": "leg_right2",
					"pivot": [-1.5, 1.5, 0],
					"cubes": [
						{"origin": [-3, 0, -4], "size": [3, 2, 5], "uv": [0, 27]}
					]
				},
				{
					"name": "toe_right",
					"parent": "foot_right",
					"pivot": [-1.5, 0, -4],
					"cubes": [
						{"origin": [-3, 0, -6], "size": [3, 2, 2], "inflate": 0.01, "uv": [0, 40]}
					]
				},
				{
					"name": "leg_left",
					"parent": "legs",
					"pivot": [1.5, 6, 0],
					"cubes": [
						{"origin": [1, 4, -0.5], "size": [1, 3, 1], "uv": [0, 16]}
					]
				},
				{
					"name": "leg_left2",
					"parent": "leg_left",
					"pivot": [1.5, 4, -0.5],
					"cubes": [
						{"origin": [1, 1, -0.5], "size": [1, 3, 1], "uv": [15, 16]}
					]
				},
				{
					"name": "foot_left",
					"parent": "leg_left2",
					"pivot": [1.5, 1.5, 0],
					"cubes": [
						{"origin": [0, 0, -4], "size": [3, 2, 5], "uv": [15, 25]}
					]
				},
				{
					"name": "toe_left",
					"parent": "foot_left",
					"pivot": [1.5, 0, -4],
					"cubes": [
						{"origin": [0, 0, -6], "size": [3, 2, 2], "inflate": 0.01, "uv": [32, 39]}
					]
				}
			]
		}
	]
}