{
	"format_version": "1.8.0",
	"animations": {
		"animation.crustle.ground_idle": {
			"loop": true,
			"bones": {
				"torso": {
					"rotation": [-2.5, 0, 0]
				},
				"head": {
					"rotation": [5, 0, 0]
				},
				"arm_left": {
					"rotation": [-20.25153, -52.09977, 13.66341]
				},
				"arm_left2": {
					"rotation": [47.92624, 30.95595, 24.57052]
				},
				"hand_left": {
					"rotation": [7.5, 0, 0]
				},
				"claw_inner_left": {
					"rotation": [0, -7.5, 0]
				},
				"claw_outer_left": {
					"rotation": [0, 7.5, 0]
				},
				"leg_front_left": {
					"rotation": [-0.87038, 4.92385, -5.03743],
					"position": [0, 0.25, 0]
				},
				"leg_front_left2": {
					"rotation": [0, 0, -22.5]
				},
				"leg_middle_left": {
					"rotation": [0.43439, -2.462, -5.00933]
				},
				"leg_middle_left2": {
					"rotation": [0, 0, -30]
				},
				"leg_back_left": {
					"rotation": [3.03513, -9.53274, -12.75312]
				},
				"leg_back_left2": {
					"rotation": [0, 0, -10]
				},
				"leg_front_right": {
					"rotation": [-0.87038, -4.92385, 5.03743],
					"position": [0, 0.25, 0]
				},
				"leg_front_right2": {
					"rotation": [0, 0, 22.5]
				},
				"leg_middle_right": {
					"rotation": [0.43439, 2.462, 5.00933]
				},
				"leg_middle_right2": {
					"rotation": [0, 0, 30]
				},
				"leg_back_right": {
					"rotation": [3.03513, 9.53274, 12.75312]
				},
				"leg_back_right2": {
					"rotation": [0, 0, 10]
				},
				"arm_right": {
					"rotation": [-20.25153, 52.09977, -13.66341]
				},
				"arm_right2": {
					"rotation": [47.92624, -30.95595, -24.57052]
				},
				"hand_right": {
					"rotation": [7.5, 0, 0]
				},
				"claw_inner_right": {
					"rotation": [0, 7.5, 0]
				},
				"claw_outer_right": {
					"rotation": [0, -7.5, 0]
				}
			}
		},
		"animation.crustle.blink": {
			"animation_length": 0.1667,
			"bones": {
				"eyelid_left": {
					"position": {
						"0.0": [0, 0, -0.1],
						"0.125": [0, 0, -0.1],
						"0.1667": [0, 0, 0]
					}
				},
				"eyelid_right": {
					"position": {
						"0.0": [0, 0, -0.1],
						"0.125": [0, 0, -0.1],
						"0.1667": [0, 0, 0]
					}
				}
			}
		},
		"animation.crustle.cry": {
			"animation_length": 1.2,
			"sound_effects": {
				"0.04": {
					"effect": "pokemon.crustle.cry"
				}
			}
		}
	}
}